/*******************************************************************************
 * Size: 16 px
 * Bpp: 4
 * Opts: --font C:\Windows\Fonts\simhei.ttf --size 16 --bpp 4 --format lvgl --output C:\Users\longyaosi\Downloads\C3713 4.0inch_ESP32-4848S040\geek-terminal\src\app\font_zh_16.c --symbols 的一是不了在人有我他这中大来上个国和地也子时道说们要就你会对为以到生而于出想其实现后然便所间用头面话又但看被没行期次位者老因给事成可些此样动同何力理做当从把体前进门件日新最经能开方已还三主产好长本多如自里外下只都很那她它年月点分秒星周钟设置返回退确认取消关否错误警告功连接断扫描密码网络无线未入校准固版编译软屏锁解滑左右源双击待游戏贪吃蛇数高重始暂停继续浏览器址输加载刷页搜索首终端极客系统信息存储亮暗度背光级阶触摸显示驱配引脚率宽色深黑白底图标格阵渲染缓冲突读写发送收请求响应状态机活休眠醒闭启更检查测试调志打印串口波特束完失败正负寡窄粗细圆尖钝锐直弯平斜反内东西南北往导航选删增改排序筛过滤找定记签类型名值键布尔空真假季春夏秋冬温湿干冷暖凉炎热强弱快慢远近轻坏曲横竖红绿蓝黄青紫灰透明浅边框画景文题提清向区域小颜唤结零二四五六七八九十百千万亿（）全局幕指针轮询去抖：窗复果，避免风暴挤占带任按闲计初化每太让拆量批剧争抢注册构建各并条或由循环需支持容绪字号。板除　、〃々〆〇〈〉《》「」『』【】〒〓〔〕〖〗〝〞〡〢〣〤〥〦〧〨〩〾池矢运绘制意缩放创象责命跟随忆天气步参操作静员手势层省电超再段；界常切帧处换与立即钮跃联块芯片晴云雾毛雨雪雷知速析京垂水像素据降留抗饿死花通总控辨封装供单例使蔽节硬获灭幂等坐映射释
 ******************************************************************************/

#ifdef LV_LVGL_H_INCLUDE_SIMPLE
#include "lvgl.h"
#else
#include "lvgl/lvgl.h"
#endif

#ifndef FONT_ZH_16
#define FONT_ZH_16 1
#endif

#if FONT_ZH_16

/*-----------------
 *    BITMAPS
 *----------------*/

/*Store the image of the glyphs*/
static LV_ATTRIBUTE_LARGE_CONST const uint8_t glyph_bitmap[] = {
    /* U+3000 "　" */

    /* U+3001 "、" */
    0x0, 0xcf, 0x60, 0x5, 0x46, 0x2, 0x58, 0x10,
    0x91, 0x90, 0x38, 0x90,

    /* U+3002 "。" */
    0x7, 0x60, 0xa2, 0x9, 0x65, 0x65, 0xba, 0xba,
    0x78, 0x96,

    /* U+3003 "〃" */
    0x0, 0x38, 0x6, 0x69, 0x17, 0x40, 0xb8, 0x8,
    0x14, 0x16, 0x94, 0x5e, 0xf0, 0x6a, 0x8, 0x36,
    0x91, 0x2, 0x6, 0x70, 0x0,

    /* U+3005 "々" */
    0x0, 0xff, 0xe2, 0x6c, 0x0, 0x7f, 0x21, 0x70,
    0x7, 0xf7, 0x89, 0x22, 0x61, 0x0, 0x8d, 0x2,
    0xab, 0x5f, 0x8, 0x3, 0xd3, 0xbb, 0x85, 0x44,
    0x14, 0xe0, 0x3, 0x40, 0x58, 0x15, 0xb9, 0x98,
    0x0, 0x6f, 0x62, 0x0, 0x48, 0x2c, 0xc1, 0x72,
    0x28, 0x0, 0xa8, 0xb, 0x7, 0x4a, 0x80, 0x3e,
    0x3d, 0x60, 0x60, 0xf, 0xe9, 0x8b, 0x0, 0xff,
    0x3e, 0x0, 0x40,

    /* U+3006 "〆" */
    0x0, 0xff, 0x3a, 0x0, 0x7f, 0x44, 0x0, 0x3f,
    0x9d, 0xd6, 0x80, 0x1f, 0x34, 0x5a, 0x0, 0x49,
    0xbf, 0x6f, 0x34, 0x80, 0x10, 0xcc, 0xb1, 0xa1,
    0xd4, 0x3, 0x34, 0x23, 0x91, 0xa8, 0x7, 0x6a,
    0x95, 0xce, 0x78, 0x7, 0x87, 0x1d, 0x80, 0x80,
    0x32, 0x1e, 0x24, 0x0, 0x7d, 0x8c, 0x34, 0x1,
    0xf9, 0x47, 0x40, 0x3f, 0xa7, 0x44, 0x3, 0xf8,

    /* U+3007 "〇" */
    0x0, 0xff, 0xe2, 0x8c, 0x6f, 0xfb, 0x60, 0x40,
    0x38, 0xfd, 0x23, 0x75, 0x9, 0xc8, 0x1, 0x16,
    0x36, 0x29, 0x11, 0x71, 0xec, 0xc0, 0x1c, 0xb0,
    0x1, 0xe8, 0x4f, 0x3, 0x34, 0x0, 0x7e, 0xf3,
    0x25, 0x12, 0x0, 0xfc, 0x80, 0xe0, 0x1f, 0xfc,
    0x22, 0x11, 0x0, 0x7e, 0x20, 0x64, 0x7, 0x0,
    0xfd, 0x42, 0x61, 0x12, 0x60, 0x1e, 0x37, 0x90,
    0x3, 0xae, 0x38, 0x80, 0x4d, 0x8a, 0xe0, 0x15,
    0x4d, 0x77, 0x5f, 0x13, 0x40, 0x1c, 0xdb, 0xaa,
    0xa6, 0xf3, 0x0, 0x40,

    /* U+3008 "〈" */
    0x0, 0xe1, 0x0, 0xf6, 0x10, 0x6, 0x74, 0x20,
    0x8, 0xa6, 0x0, 0x34, 0xd8, 0x80, 0x4a, 0xea,
    0x1, 0xd, 0xf0, 0x6, 0xb6, 0x20, 0xc, 0xf8,
    0x1, 0xdd, 0x20, 0x1c, 0x68, 0xe0, 0x1d, 0x14,
    0x40, 0x18, 0x62, 0x40, 0x39, 0x41, 0x40, 0x3a,
    0x60, 0x40, 0x31, 0x48, 0x0,

    /* U+3009 "〉" */
    0x1, 0x0, 0xc9, 0xa0, 0x19, 0x1d, 0x80, 0x34,
    0xc0, 0x80, 0x45, 0x30, 0x1, 0x9d, 0x4c, 0x3,
    0x7f, 0x0, 0x63, 0x57, 0x0, 0xdb, 0x80, 0x1a,
    0xe4, 0x2, 0x96, 0x20, 0x1, 0xa4, 0x0, 0x5d,
    0x20, 0x13, 0xb2, 0x0, 0xa, 0x68, 0x3, 0x58,
    0x80, 0x40,

    /* U+300A "《" */
    0x0, 0xc4, 0x0, 0x30, 0xd, 0xe4, 0xb4, 0x1,
    0x2b, 0x94, 0x58, 0x5, 0x30, 0xae, 0x40, 0x4,
    0x72, 0x88, 0x0, 0x51, 0x5, 0x62, 0x0, 0x20,
    0x1c, 0xc0, 0x5, 0xf0, 0x8e, 0x60, 0x12, 0xa8,
    0xcc, 0x1, 0xa2, 0x5d, 0x40, 0x33, 0x28, 0xd3,
    0x80, 0x6a, 0x97, 0xa0, 0xc, 0xea, 0xa, 0xe0,
    0x1a, 0x9e, 0x68, 0x3, 0x35, 0xa, 0xb8, 0x4,
    0x36, 0x52, 0x20,

    /* U+300B "》" */
    0x30, 0x12, 0x0, 0xa5, 0xa, 0x40, 0x29, 0xf3,
    0x3, 0x0, 0x18, 0x1c, 0x48, 0x5, 0xf2, 0x62,
    0x40, 0x4, 0x62, 0xf8, 0x0, 0xa2, 0xd0, 0x44,
    0x0, 0x45, 0x1f, 0x80, 0x9, 0x89, 0x54, 0x0,
    0x26, 0x38, 0x90, 0x5, 0xc8, 0xaa, 0x80, 0x51,
    0x62, 0x40, 0x11, 0x1, 0x45, 0x1, 0x45, 0x8b,
    0x0, 0x4d, 0x8a, 0x30, 0x3, 0xd8, 0xa4, 0x2,

    /* U+300C "「" */
    0x1f, 0xfd, 0xc0, 0xf, 0xfb, 0x80, 0x3f, 0xfe,
    0xc2, 0xe0, 0x18,

    /* U+300D "」" */
    0x0, 0xe9, 0x0, 0xc2, 0xc0, 0x1f, 0xff, 0x61,
    0xff, 0xb8, 0x0,

    /* U+300E "『" */
    0xc9, 0x9b, 0x17, 0x0, 0xc, 0x5, 0x73, 0x40,
    0x1f, 0xfe, 0x15, 0xc0, 0x8,

    /* U+300F "』" */
    0x0, 0xae, 0x88, 0x2, 0x2f, 0x10, 0xf, 0xff,
    0x54, 0xcc, 0x1, 0xa6, 0x60, 0x2, 0xcc, 0xdc,
    0x0,

    /* U+3010 "【" */
    0x1f, 0xfe, 0x50, 0xe, 0x75, 0x0, 0xc5, 0x0,
    0x1d, 0x20, 0x1c, 0x48, 0x1, 0xc8, 0x1, 0xee,
    0x0, 0xf7, 0x80, 0x78, 0x80, 0x3c, 0xa0, 0x1f,
    0x38, 0x7, 0xa0, 0x40, 0x3d, 0xa0, 0x2c, 0xd9,
    0x4c,

    /* U+3011 "】" */
    0x5f, 0xfd, 0xca, 0xe0, 0x1d, 0x4, 0x1, 0xd0,
    0x1, 0xca, 0x1, 0xe4, 0x0, 0xe2, 0x0, 0xe3,
    0x0, 0xe7, 0x0, 0xc6, 0x40, 0x1a, 0x40, 0x31,
    0xa8, 0x4, 0x3a, 0x1, 0x95, 0xd9, 0xb0,

    /* U+3012 "〒" */
    0xff, 0xff, 0xe0, 0xef, 0x6e, 0xff, 0xf0, 0x30,
    0x48, 0xbf, 0xf8, 0x2, 0xab, 0xff, 0xc1, 0x4e,
    0x99, 0xeb, 0xb4, 0xcf, 0x75, 0xe6, 0x73, 0xbb,
    0x33, 0xa8, 0x3, 0xff, 0xfe, 0x1, 0xff, 0xcb,

    /* U+3013 "〓" */
    0xef, 0xff, 0xfe, 0x3, 0x80, 0x7f, 0xf0, 0x7c,
    0x3, 0xff, 0xa1, 0xb9, 0x9f, 0xfc, 0x9, 0x33,
    0xff, 0xe0, 0x88, 0x7, 0xff, 0x43, 0xbf, 0xff,
    0xf8, 0xe, 0x1, 0xff, 0xc1, 0xf0, 0xf, 0xfe,
    0x86, 0xe6, 0x7f, 0xf0, 0x24,

    /* U+3014 "〔" */
    0x0, 0xc4, 0x1, 0xc, 0xe8, 0x83, 0xf1, 0xf0,
    0x8a, 0x32, 0x84, 0x2, 0x30, 0xf, 0xff, 0x38,
    0x9e, 0x18, 0x5, 0x93, 0xb2, 0x20, 0x5, 0xe1,
    0x10,

    /* U+3015 "〕" */
    0x2, 0x0, 0x8f, 0x20, 0x0, 0x7e, 0x5c, 0xa0,
    0x35, 0xb6, 0x1, 0x18, 0x7, 0xff, 0x7c, 0xf1,
    0x46, 0xb6, 0x6c, 0x37, 0x94, 0x0,

    /* U+3016 "〖" */
    0xaa, 0xed, 0x70, 0x5, 0x55, 0x2a, 0xe0, 0x1d,
    0x30, 0x1, 0xd1, 0x0, 0xf, 0x9, 0x0, 0x72,
    0x68, 0x7, 0x89, 0xc0, 0x3c, 0x6e, 0x1, 0xe4,
    0xd0, 0xf, 0x8, 0x8, 0x7, 0xa2, 0x0, 0x1e,
    0x1c, 0x70, 0xa, 0xaa, 0xf9, 0x80,

    /* U+3017 "〗" */
    0x7, 0xea, 0xad, 0x0, 0xf3, 0xf5, 0x4b, 0x0,
    0x9f, 0xc4, 0x3, 0xd1, 0x20, 0x1e, 0x22, 0x0,
    0x7d, 0x86, 0x1, 0xe2, 0x70, 0xf, 0x13, 0x80,
    0x7b, 0xc, 0x3, 0x8f, 0x40, 0x3d, 0x2e, 0x1,
    0xd3, 0x0, 0x1c, 0xeb, 0x15, 0x4b, 0xf0,

    /* U+301D "〝" */
    0x0, 0x14, 0x80, 0x1d, 0xc0, 0xc8, 0x5, 0x25,
    0x1e, 0xa, 0xa6, 0x76, 0x20, 0x9b, 0x9, 0xa0,
    0x2a, 0x34, 0x90,

    /* U+301E "〞" */
    0x0, 0x48, 0x80, 0x4e, 0xe1, 0x95, 0xa, 0xb2,
    0x66, 0x2b, 0x2d, 0xb1, 0xf4, 0x82, 0x40, 0x59,
    0x2c, 0x8, 0x0,

    /* U+3021 "〡" */
    0xe6, 0x3, 0x0, 0xff, 0xe5, 0x23, 0x0,

    /* U+3022 "〢" */
    0x0, 0xf8, 0xfc, 0x5, 0x40, 0x3c, 0x20, 0xb6,
    0x1, 0xff, 0xff, 0x0, 0xff, 0xe5, 0xac, 0x0,
    0x7e, 0x16, 0x0, 0xff, 0xe1, 0x9f, 0x0,

    /* U+3023 "〣" */
    0x0, 0xff, 0x27, 0x8a, 0x78, 0x7, 0xf0, 0x88,
    0x4, 0x2, 0x4f, 0x0, 0xff, 0xe0, 0x8, 0x7,
    0xff, 0xfc, 0x3, 0xff, 0xd2, 0x9a, 0x1, 0xe5,
    0xa0, 0xc, 0x60, 0x13, 0x38, 0x0,

    /* U+3024 "〤" */
    0x0, 0xfe, 0x50, 0xf, 0xe1, 0xa6, 0x0, 0xfc,
    0xe2, 0xc0, 0x1f, 0xae, 0x40, 0x13, 0x82, 0x1,
    0x29, 0xb8, 0x2, 0x57, 0xd0, 0x1, 0x10, 0x0,
    0xd3, 0x76, 0x77, 0x3, 0x0, 0x72, 0xe4, 0xc4,
    0x80, 0x7c, 0x64, 0x1c, 0x1, 0xf4, 0x96, 0xbd,
    0x80, 0x74, 0x3e, 0x16, 0x35, 0x80, 0x52, 0xda,
    0x40, 0x3e, 0xb0, 0x36, 0xf8, 0x60, 0x11, 0x6c,
    0x8, 0xbc, 0x80, 0x38, 0xc0,

    /* U+3025 "〥" */
    0x0, 0xff, 0x8, 0x7, 0xfd, 0xa6, 0x1, 0x36,
    0x80, 0x67, 0x3, 0x0, 0x1c, 0x60, 0x4, 0xb3,
    0xa0, 0x10, 0x98, 0x80, 0x26, 0x30, 0x40, 0x22,
    0x5d, 0x7e, 0x1d, 0x20, 0xe, 0xa3, 0x93, 0xd0,
    0xf, 0x1e, 0xc7, 0x72, 0x68, 0x3, 0xe, 0xcb,
    0x1, 0xe0, 0x40, 0x5, 0x8, 0xc0, 0x1a, 0x98,
    0x40, 0x9, 0x20, 0x1e, 0x54, 0x0, 0x9c, 0x3,
    0xcc, 0xe0, 0x5, 0xf0, 0xe, 0x86, 0x20, 0x4,
    0x35, 0x98, 0x14, 0xa5, 0x0, 0x6d, 0x3e, 0xfc,
    0xec, 0x10, 0x0,

    /* U+3026 "〦" */
    0x0, 0xf2, 0x70, 0x7, 0xff, 0x8, 0xc0, 0x3f,
    0xf9, 0x51, 0x77, 0xd0, 0x57, 0x7e, 0x1a, 0x88,
    0xef, 0xc8, 0x8f, 0x8,

    /* U+3027 "〧" */
    0x0, 0xf2, 0x70, 0x7, 0xff, 0x8, 0xc0, 0x3f,
    0xf9, 0x55, 0xff, 0xd6, 0x5f, 0xfe, 0x2a, 0xff,
    0xff, 0xe0, 0x94, 0x66, 0x7f, 0xf0, 0x46, 0x7b,
    0xbf, 0xf8, 0x22,

    /* U+3028 "〨" */
    0x0, 0xf2, 0x70, 0x7, 0xff, 0x8, 0xc0, 0x3e,
    0x23, 0x3f, 0xfe, 0x8, 0x54, 0x47, 0x62, 0xc4,
    0x78, 0x62, 0xef, 0xff, 0x82, 0x35, 0xff, 0xff,
    0xc1, 0x2a, 0xff, 0xff, 0xe0, 0x90, 0x91, 0x7f,
    0xf0, 0x42, 0x7b, 0xbf, 0xf8, 0x22,

    /* U+3029 "〩" */
    0x0, 0xe4, 0x60, 0xf, 0xfe, 0x4, 0x60, 0x7,
    0xfc, 0x66, 0xb0, 0xf, 0xfb, 0xd1, 0x51, 0x3c,
    0x20, 0x12, 0x90, 0x7f, 0xea, 0xa4, 0x18, 0x0,
    0x6e, 0xae, 0xf8, 0x23, 0x8, 0x1, 0x4e, 0x40,
    0x19, 0xc1, 0x80, 0x22, 0x9, 0xdd, 0x18, 0xc,
    0x40, 0x3, 0x15, 0x85, 0xdb, 0x23, 0x51, 0x80,
    0x3f, 0x36, 0x39, 0xc0, 0x7, 0xfa, 0x85, 0x34,
    0xc0, 0x3e, 0x2c, 0x5c, 0xb4, 0xc5, 0x0, 0xc3,
    0x3a, 0x98, 0x41, 0x4d, 0x2, 0x3, 0x5c, 0x7b,
    0x0, 0x1a, 0x70, 0x40, 0x4b, 0x68, 0x80, 0x3c,
    0x20, 0x0,

    /* U+303E "〾" */
    0x61, 0x61, 0x61, 0x52, 0x22, 0x8b, 0x18, 0xb0,
    0xb0, 0xa9, 0x11, 0x44, 0xdc, 0x3, 0xfc, 0xea,
    0x0, 0x39, 0x83, 0x28, 0x0, 0x2a, 0x80, 0xd,
    0x30, 0xaa, 0x80, 0x2, 0xb8, 0x1, 0x40, 0xe,
    0x40, 0x13, 0xb0, 0x1, 0x5d, 0xd5, 0xac, 0x0,
    0x60, 0x8, 0x45, 0xe5, 0xc6, 0x1, 0x28, 0x1,
    0x11, 0xf2, 0xca, 0x0, 0x57, 0x0, 0x89, 0xc0,
    0x39, 0xd8, 0x3, 0xfc, 0xcc, 0x0, 0xff, 0x33,
    0x8b, 0xb, 0xa, 0x91, 0x14, 0x5c,

    /* U+4E00 "一" */
    0x1a, 0xa4, 0xcf, 0xfd, 0x42, 0xa, 0x8e, 0xff,
    0xf2, 0x80,

    /* U+4E03 "七" */
    0x0, 0xf7, 0xc0, 0x7, 0xff, 0xf, 0xc0, 0x3f,
    0xfb, 0x9, 0x16, 0x1, 0xfb, 0xd6, 0x73, 0xe8,
    0xcc, 0x1, 0x12, 0x3d, 0x3, 0xd9, 0xd6, 0xf5,
    0xc0, 0x27, 0xed, 0xe1, 0x4, 0x75, 0x31, 0x0,
    0x64, 0x9d, 0xfb, 0x80, 0xf, 0xf9, 0x88, 0x3,
    0xff, 0xbd, 0x12, 0x1, 0xf0, 0xe1, 0x16, 0x36,
    0x50, 0xf, 0xa5, 0x77, 0x76, 0x1c, 0x0,

    /* U+4E07 "万" */
    0x9e, 0xef, 0xfe, 0x6, 0xde, 0x65, 0x3, 0x99,
    0xed, 0xf2, 0x2c, 0x62, 0x45, 0xe3, 0x20, 0xc,
    0x66, 0x0, 0xff, 0xe0, 0x71, 0x77, 0x76, 0x80,
    0x78, 0x97, 0x77, 0x38, 0x7, 0xc9, 0x86, 0x7b,
    0x84, 0x3, 0x8c, 0x50, 0x3, 0x7b, 0x80, 0x74,
    0xa1, 0x0, 0x61, 0x10, 0x6, 0x45, 0xf0, 0xe,
    0x33, 0x0, 0x43, 0x48, 0x80, 0xe, 0x61, 0x0,
    0xe, 0x85, 0x0, 0x42, 0x8c, 0x7a, 0x0, 0x92,
    0xc1, 0x0, 0xd7, 0xe, 0xa0, 0x8, 0xf2, 0x0,
    0xc3, 0xdc, 0x80, 0x8,

    /* U+4E09 "三" */
    0x0, 0x22, 0xa2, 0x7e, 0x53, 0x0, 0xbe, 0xea,
    0xbf, 0x5c, 0x80, 0x57, 0xdd, 0xfe, 0xa0, 0xf,
    0xfe, 0xb2, 0xb2, 0xaf, 0x99, 0x0, 0x3a, 0x62,
    0xef, 0xd1, 0xa0, 0x1d, 0x9d, 0xdf, 0xa4, 0x3,
    0xff, 0xc6, 0x3f, 0xff, 0xfc, 0x21, 0xab, 0xbf,
    0xfa, 0xa8,

    /* U+4E0A "上" */
    0x0, 0xf1, 0xd8, 0x80, 0x7f, 0xf0, 0x5d, 0x0,
    0x3f, 0xfc, 0xa2, 0x3c, 0x1, 0xfe, 0xee, 0xf0,
    0x7, 0xfb, 0x33, 0xc0, 0x1f, 0xe2, 0x33, 0xe0,
    0xf, 0xff, 0xba, 0xa2, 0x63, 0x4, 0x4f, 0x28,
    0x8a, 0xab, 0xa4, 0x6e, 0xab, 0xac, 0xc0,

    /* U+4E0B "下" */
    0x0, 0xff, 0xe1, 0x7f, 0xff, 0xf0, 0x7a, 0xed,
    0x99, 0x50, 0x4e, 0x66, 0xba, 0x44, 0x19, 0xce,
    0xa, 0x67, 0x91, 0x0, 0x1f, 0xfc, 0xa1, 0x30,
    0xf, 0xfe, 0x4, 0x62, 0x0, 0x7f, 0xd2, 0xb6,
    0xa0, 0x1f, 0xf5, 0x2d, 0x28, 0x7, 0xfd, 0x49,
    0x20, 0x1f, 0xfc, 0xb, 0xd0, 0xf, 0xfe, 0x8,
    0x80, 0x7f, 0xf4, 0x40,

    /* U+4E0D "不" */
    0x0, 0xff, 0xe2, 0x5f, 0xff, 0xff, 0x4, 0x2b,
    0x77, 0xa4, 0x33, 0x77, 0x80, 0x48, 0xba, 0xdc,
    0xc8, 0xb8, 0x3, 0xd2, 0x58, 0x1, 0xff, 0x33,
    0x80, 0x17, 0x44, 0x3, 0xe6, 0x9d, 0x0, 0x2b,
    0x79, 0x0, 0x74, 0x4d, 0x98, 0x5, 0x6b, 0x86,
    0x0, 0x2c, 0x6c, 0x40, 0xe, 0xb2, 0xc3, 0xe,
    0x7f, 0x30, 0xf, 0xb0, 0xdc, 0x32, 0xc4, 0x3,
    0xfb, 0x10, 0x3, 0xff, 0xc2,

    /* U+4E0E "与" */
    0x0, 0x8, 0x80, 0x3f, 0xf8, 0x13, 0xe0, 0x1f,
    0xfc, 0x1, 0x40, 0xf, 0xfe, 0x1, 0x2f, 0x77,
    0xef, 0x50, 0x3, 0x46, 0x67, 0xf2, 0x0, 0x8,
    0xc8, 0xbf, 0x18, 0x81, 0x3, 0x0, 0x7f, 0xcc,
    0x1b, 0xff, 0xfb, 0x80, 0x9, 0xff, 0xfd, 0x4,
    0x1, 0xff, 0xc0, 0xe7, 0x4, 0x41, 0x9f, 0xc8,
    0x6, 0x41, 0x35, 0xbb, 0xf5, 0xb, 0x70, 0x6f,
    0x77, 0xf0, 0x91, 0x0, 0x3f, 0xe1, 0x13, 0x0,
    0x7f, 0x56, 0x71, 0x18, 0x7, 0xf7, 0xa5, 0x68,
    0x0,

    /* U+4E1C "东" */
    0x0, 0xe3, 0xb1, 0x0, 0xff, 0xa5, 0xc4, 0x3,
    0xe1, 0x18, 0xd6, 0x44, 0x71, 0x10, 0x13, 0xba,
    0xc0, 0xae, 0xed, 0xba, 0x14, 0xff, 0x50, 0x67,
    0xd7, 0x7f, 0xe1, 0x0, 0x15, 0xc9, 0x95, 0x10,
    0x7, 0x8f, 0x1d, 0x80, 0x3f, 0xd2, 0x2d, 0xfe,
    0xd0, 0xcf, 0xfb, 0x40, 0x17, 0xbd, 0xfe, 0xd0,
    0xcf, 0xf7, 0x60, 0x0, 0x49, 0x88, 0x3, 0x98,
    0x44, 0x1, 0x2c, 0x50, 0x6, 0x28, 0xc1, 0x0,
    0x25, 0x3c, 0x0, 0x62, 0xc2, 0xd1, 0x4b, 0x68,
    0x1, 0x70, 0x10, 0x2c, 0x2b, 0x77, 0x48, 0x3,
    0x28, 0xc8, 0x0, 0x5b, 0x67, 0x0, 0x17, 0xee,
    0x0, 0x63, 0x10,

    /* U+4E2A "个" */
    0x0, 0xfa, 0x10, 0x3, 0xff, 0x82, 0x8f, 0xa0,
    0x1f, 0xfc, 0x19, 0x46, 0x40, 0xf, 0xfa, 0xc2,
    0xe2, 0xd0, 0x3, 0xfa, 0x97, 0xc1, 0xda, 0xd4,
    0x3, 0xc5, 0x89, 0xa5, 0xed, 0x2f, 0x56, 0x40,
    0x1, 0x8d, 0x1c, 0x30, 0x10, 0x4, 0x52, 0xee,
    0x0, 0x15, 0xf4, 0x80, 0x6, 0x1, 0x2f, 0xbd,
    0x80, 0xec, 0x0, 0x7f, 0xc, 0x38, 0x7, 0xff,
    0xf0, 0xc0, 0x3f, 0xf8, 0x82, 0x1, 0xf0,

    /* U+4E2D "中" */
    0x0, 0xf7, 0xb8, 0x7, 0xff, 0x0, 0x40, 0x3f,
    0xe1, 0x0, 0xf0, 0xf7, 0x70, 0xcf, 0x76, 0x90,
    0x1b, 0xff, 0x86, 0x3f, 0xe5, 0x30, 0x0, 0x8e,
    0x1, 0x1c, 0x1, 0xff, 0xd2, 0xbf, 0xf8, 0x67,
    0xfe, 0x40, 0x2, 0x6f, 0xfc, 0x33, 0xff, 0x46,
    0x8d, 0x90, 0x7, 0xe7, 0x70, 0x7, 0xff, 0x84,
    0x44, 0x1, 0xc0,

    /* U+4E32 "串" */
    0x0, 0xef, 0x50, 0xf, 0xfe, 0x2a, 0xff, 0xe0,
    0xaf, 0xfc, 0x62, 0x1f, 0xf0, 0xd7, 0xfc, 0x0,
    0x10, 0xf, 0xfe, 0xf, 0xfc, 0x35, 0xff, 0x0,
    0x17, 0xff, 0xd, 0x7f, 0xe3, 0xcc, 0xe1, 0x8c,
    0xcd, 0x25, 0x5d, 0xd0, 0xdf, 0x74, 0xa4, 0x6,
    0x45, 0x1, 0x91, 0x42, 0x0, 0x23, 0x38, 0x48,
    0xce, 0x20, 0x3b, 0xff, 0x82, 0xbf, 0xe7, 0x1d,
    0xcc, 0xc3, 0x19, 0x96, 0xd0, 0x7, 0x8, 0x7,
    0x80,

    /* U+4E3A "为" */
    0x0, 0xf5, 0x38, 0x7, 0xeb, 0x50, 0x3, 0xf8,
    0x7, 0xe3, 0xa4, 0x3, 0xe0, 0xf, 0xd0, 0xd2,
    0x2, 0x60, 0x1f, 0x19, 0x5f, 0x10, 0x0, 0x8b,
    0x84, 0x33, 0x2d, 0xc0, 0xbc, 0xcd, 0xb2, 0x1f,
    0xdd, 0x40, 0xf7, 0x71, 0x78, 0x7, 0x63, 0x80,
    0x71, 0x10, 0x3, 0xa, 0xec, 0xd0, 0x0, 0x41,
    0x80, 0x34, 0x1a, 0x6a, 0x72, 0x18, 0x8, 0x4,
    0x6d, 0x0, 0x9e, 0x78, 0xc0, 0x40, 0x1, 0xd6,
    0x40, 0x0, 0xec, 0x8, 0x80, 0x5, 0x85, 0x20,
    0x1e, 0xd3, 0x6, 0xd1, 0xd0, 0xc, 0x6f, 0xe,
    0x80, 0x6b, 0x82, 0x1, 0x86, 0x15, 0xa0, 0x0,

    /* U+4E3B "主" */
    0x0, 0xff, 0xe4, 0xeb, 0x0, 0x7f, 0xf0, 0x6e,
    0x50, 0x3, 0xff, 0x80, 0xcc, 0x30, 0xf, 0xa3,
    0xb7, 0x72, 0x56, 0xee, 0xe2, 0xa, 0xa7, 0x76,
    0x25, 0xee, 0xd4, 0x40, 0x48, 0x67, 0x87, 0x8c,
    0xf2, 0x0, 0x7f, 0xf1, 0x8c, 0xf8, 0x78, 0xce,
    0x41, 0x0, 0xa7, 0xbb, 0x3, 0x77, 0x54, 0x40,
    0x15, 0x6e, 0xe1, 0x8d, 0xdb, 0x8c, 0x3, 0xff,
    0xa6, 0x26, 0x62, 0x2c, 0x2, 0x45, 0x8c, 0xcb,
    0xba, 0xcc, 0xc1, 0x39, 0x9b, 0x74,

    /* U+4E5D "九" */
    0x0, 0xff, 0xe3, 0xaf, 0x98, 0x7, 0xff, 0x8,
    0x40, 0x3f, 0xf8, 0x46, 0x1, 0xff, 0xc0, 0x30,
    0x33, 0x90, 0xc0, 0x31, 0x6f, 0x7c, 0x86, 0xeb,
    0xae, 0x80, 0x31, 0x46, 0xe9, 0x8b, 0xfb, 0x48,
    0x40, 0x39, 0x4c, 0x8d, 0xc0, 0x23, 0xf0, 0xf,
    0xc9, 0xa0, 0x10, 0x88, 0x3, 0xe3, 0x15, 0x0,
    0xc6, 0x1, 0xf4, 0x91, 0x0, 0x2, 0x2, 0x1,
    0xe3, 0x5b, 0x0, 0x8c, 0x1c, 0x9, 0x40, 0x3,
    0xc6, 0xc0, 0x10, 0x80, 0x83, 0x51, 0x8e, 0x9f,
    0x0, 0x79, 0x11, 0xc0, 0x76, 0x7a, 0x40, 0x18,
    0xcd, 0x36, 0xae, 0x15, 0xa6, 0x1, 0xec, 0xff,
    0xa0, 0x0,

    /* U+4E5F "也" */
    0x0, 0xfb, 0x9c, 0x3, 0xf9, 0x8, 0x3, 0xff,
    0x83, 0x4a, 0x0, 0x30, 0xf, 0xf8, 0x40, 0x31,
    0x3d, 0xf8, 0x80, 0x63, 0x0, 0x21, 0xc6, 0xd8,
    0x0, 0x40, 0x22, 0x3b, 0xfa, 0x16, 0xfc, 0xd1,
    0x0, 0xbb, 0x45, 0xf3, 0x8b, 0x80, 0x2, 0x60,
    0x15, 0xf1, 0x61, 0x80, 0x77, 0x30, 0x4, 0xa2,
    0x1, 0xf9, 0x48, 0x3, 0xf8, 0xc2, 0x3c, 0xa8,
    0x3, 0xfd, 0xf3, 0x9c, 0x68, 0x20, 0x1f, 0x64,
    0x89, 0x80, 0x23, 0x40, 0x26, 0xd3, 0x20, 0x32,
    0x28, 0xcc, 0x80, 0x14, 0x36, 0x6e, 0xfb, 0xe,
    0x80,

    /* U+4E86 "了" */
    0x0, 0xff, 0xe0, 0x5f, 0xff, 0xfd, 0x5b, 0xbf,
    0x61, 0x83, 0x9, 0x17, 0x9f, 0x47, 0x24, 0x3,
    0x8a, 0xe9, 0xb4, 0xc0, 0x3d, 0x2b, 0x90, 0x1,
    0xf8, 0x48, 0xc0, 0x3f, 0xfe, 0xe2, 0x26, 0x70,
    0xf, 0xdb, 0xc7, 0x80, 0x1f, 0xa2, 0x18, 0xe0,
    0x1c,

    /* U+4E89 "争" */
    0x0, 0xff, 0xe3, 0x1e, 0x10, 0x7, 0xff, 0x3,
    0x81, 0x91, 0x23, 0x0, 0xfa, 0x8c, 0x22, 0x13,
    0x6c, 0x1, 0xea, 0x7f, 0xcc, 0x99, 0x8a, 0x1,
    0xd2, 0xc1, 0xfd, 0xcf, 0x47, 0xee, 0x80, 0x29,
    0xcd, 0xee, 0x86, 0xfb, 0x94, 0x1, 0x88, 0x47,
    0x80, 0x47, 0x0, 0x90, 0x66, 0x78, 0x6f, 0x31,
    0x63, 0x9e, 0x5d, 0xbb, 0xc3, 0x5b, 0xaa, 0x1d,
    0xd1, 0x3, 0x7f, 0x74, 0x35, 0xdc, 0xa0, 0xe,
    0x6f, 0xee, 0x86, 0xbb, 0x9a, 0x80, 0x1f, 0xfc,
    0x13, 0xa0, 0xf, 0x84, 0xc4, 0x3, 0xff, 0x81,
    0x38, 0x2a, 0x1, 0xff, 0x4e, 0xf0, 0x80, 0x7c,

    /* U+4E8B "事" */
    0x0, 0xfb, 0x54, 0x3, 0xe2, 0xed, 0xde, 0x2b,
    0xdd, 0xdd, 0x40, 0x5b, 0xff, 0xc5, 0x1f, 0xfb,
    0x20, 0x0, 0x65, 0x9b, 0xb1, 0x4e, 0xed, 0x84,
    0x40, 0xc, 0x39, 0xfe, 0x2a, 0xff, 0x58, 0x80,
    0x7d, 0xf7, 0x62, 0x9b, 0xb4, 0x0, 0x7d, 0x91,
    0xfe, 0x1b, 0xff, 0x46, 0x0, 0x77, 0xe5, 0xdc,
    0x31, 0x77, 0x60, 0x80, 0x43, 0xbd, 0xd8, 0xab,
    0xb9, 0x80, 0x1, 0x1, 0xed, 0xee, 0xc5, 0x5d,
    0xcc, 0xe, 0xe1, 0xf, 0xf7, 0xfe, 0x2a, 0xff,
    0x68, 0x77, 0x90, 0x3, 0xbf, 0xf1, 0x57, 0xfb,
    0x40, 0x3d, 0xff, 0xc5, 0x7f, 0xee, 0x60, 0xf,
    0xc9, 0xa4, 0xc0, 0x1, 0x91, 0x0, 0xf9, 0x2b,
    0x8, 0x3, 0xe0,

    /* U+4E8C "二" */
    0x0, 0x1b, 0x37, 0xf3, 0x98, 0x6, 0xb9, 0x9f,
    0xe8, 0x50, 0xd, 0x1f, 0xff, 0xe6, 0x0, 0xff,
    0xff, 0x80, 0x7f, 0xf2, 0xc6, 0x1d, 0xff, 0xe8,
    0x80, 0x1, 0xa6, 0x7f, 0xe6, 0x60, 0x0,

    /* U+4E8E "于" */
    0x0, 0xff, 0xe2, 0xf7, 0xff, 0xf9, 0x0, 0x2c,
    0xdd, 0xc3, 0x1b, 0xb9, 0x0, 0x22, 0x2e, 0x1,
    0x22, 0xc0, 0x1f, 0xfc, 0x51, 0x33, 0xf0, 0x71,
    0x9f, 0x9b, 0x33, 0xc2, 0xf9, 0x9d, 0xaf, 0xff,
    0xe1, 0x9f, 0xfe, 0xe0, 0xf, 0xff, 0xac, 0xd0,
    0x98, 0x7, 0xfc, 0x68, 0x90, 0x7, 0x80,

    /* U+4E91 "云" */
    0x0, 0xff, 0xe2, 0x77, 0xff, 0xf2, 0x0, 0x5b,
    0xbf, 0xd8, 0x80, 0x11, 0x91, 0x7e, 0x30, 0xf,
    0xfe, 0x22, 0xaf, 0xff, 0xb, 0xbb, 0xaf, 0xbb,
    0xf5, 0xdf, 0x0, 0xdd, 0xfc, 0x1, 0x98, 0x60,
    0x3, 0xfc, 0x31, 0x2, 0x2, 0xd2, 0x0, 0xf5,
    0xab, 0x80, 0x9, 0xbc, 0x3, 0x99, 0x28, 0x3,
    0x58, 0x58, 0x4, 0xd2, 0xce, 0xe8, 0xab, 0xc3,
    0x48, 0x0, 0xcb, 0xbc, 0x19, 0xdf, 0x92, 0xc2,
    0xd, 0xfb, 0x73, 0xc, 0xa6, 0x4d, 0xe2,

    /* U+4E94 "五" */
    0x5, 0x44, 0xff, 0x28, 0x2, 0x7f, 0xe8, 0xbf,
    0xfe, 0x91, 0xc, 0xbb, 0xa8, 0xee, 0xfb, 0x4,
    0x3, 0xb9, 0x80, 0x3f, 0x84, 0x0, 0x46, 0x1,
    0xf8, 0xfb, 0xfc, 0xad, 0xff, 0x90, 0x2, 0x3f,
    0xf8, 0x2f, 0xfe, 0x0, 0xfc, 0x20, 0xc0, 0x19,
    0xc0, 0x3c, 0xa0, 0x40, 0x1f, 0xf1, 0x10, 0x2,
    0x10, 0x10, 0xf, 0x73, 0x0, 0x7e, 0xef, 0xf9,
    0xd3, 0xfe, 0xe0, 0xdf, 0xf5, 0x5e, 0x67, 0xfd,
    0x60,

    /* U+4E9B "些" */
    0x0, 0xec, 0x20, 0x1d, 0x10, 0xf, 0xe3, 0x0,
    0x88, 0x3, 0xe6, 0x40, 0xf, 0xcb, 0x82, 0x0,
    0xd3, 0x0, 0x6f, 0x90, 0x15, 0xdc, 0x20, 0x1e,
    0xdf, 0x20, 0xdc, 0xe7, 0x0, 0xff, 0xbd, 0xc0,
    0x3f, 0xc6, 0x60, 0xc, 0x84, 0x1, 0x6c, 0x86,
    0xe3, 0x82, 0x8, 0xbe, 0xc3, 0x91, 0x86, 0xb7,
    0xd5, 0xaf, 0xfc, 0xf6, 0x1f, 0xee, 0x94, 0x31,
    0x14, 0x7f, 0xb3, 0x4, 0x2, 0x2d, 0xff, 0xfd,
    0x80, 0x18, 0x7f, 0xbb, 0xf8, 0x2, 0x33, 0x11,
    0x7f, 0x8c, 0xc1, 0xdb, 0x99, 0xfe, 0xdd, 0x0,

    /* U+4EA7 "产" */
    0x0, 0xfc, 0x20, 0x1f, 0xfc, 0x25, 0xe2, 0x0,
    0xfe, 0x32, 0x29, 0x81, 0x48, 0xa3, 0x20, 0x8,
    0xb7, 0x32, 0xd1, 0x9c, 0xcb, 0x60, 0x2, 0x2e,
    0xe4, 0xc7, 0x76, 0x5b, 0xea, 0x0, 0xf7, 0xc9,
    0x0, 0xd, 0x4, 0x3, 0xf4, 0x20, 0x80, 0x25,
    0x10, 0x1, 0xc9, 0xff, 0x26, 0x7f, 0x95, 0x3f,
    0xe1, 0x0, 0xdb, 0xbf, 0xec, 0x10, 0xc, 0x45,
    0xfe, 0x30, 0x8, 0x88, 0x1, 0xff, 0xc2, 0xf7,
    0x0, 0xff, 0xe1, 0x3e, 0x0, 0x7f, 0xf0, 0x60,
    0x18, 0x3, 0xff, 0x80, 0x2f, 0x0, 0x1f, 0xfc,
    0x11, 0xd6, 0x0, 0xff, 0xe0, 0x80,

    /* U+4EAC "京" */
    0x0, 0xff, 0xe3, 0x8f, 0x98, 0x7, 0xfc, 0x2b,
    0xe0, 0x1e, 0xff, 0xf2, 0x9f, 0xff, 0xbb, 0xbf,
    0xf8, 0x42, 0x26, 0xcc, 0xfd, 0x2, 0x20, 0x7,
    0x8f, 0x77, 0x9c, 0x80, 0x3c, 0x67, 0xf0, 0x7,
    0xc2, 0x3e, 0x0, 0xf8, 0xfb, 0xbc, 0xc0, 0x1d,
    0x17, 0xdf, 0x5, 0xfd, 0xcb, 0x0, 0xc7, 0x72,
    0x1, 0xa3, 0xd0, 0x2, 0x4c, 0x68, 0x0, 0xd2,
    0x96, 0xe0, 0xd6, 0xf2, 0x1, 0x8, 0x2, 0x9e,
    0x1d, 0x62, 0x0, 0x77, 0x2c, 0x1, 0x44, 0xb1,
    0xb8, 0x0, 0xcd, 0x14, 0x1, 0x98, 0x40,

    /* U+4EAE "亮" */
    0x0, 0xf2, 0x80, 0x7f, 0xf0, 0x4a, 0x94, 0x3,
    0xe8, 0xfe, 0xeb, 0x2, 0xbb, 0xb7, 0xc0, 0x4e,
    0xff, 0xee, 0xe7, 0xfe, 0xd9, 0x1, 0x25, 0xaa,
    0xfc, 0x44, 0x10, 0x8, 0x52, 0x67, 0xbd, 0x1c,
    0x3, 0x8c, 0x26, 0x7a, 0x0, 0x3e, 0x7d, 0x99,
    0xee, 0xd4, 0x0, 0x91, 0xa, 0xcd, 0xf9, 0x12,
    0xb, 0x9f, 0xff, 0xf4, 0xd0, 0x2, 0xee, 0x99,
    0xeb, 0xbc, 0x0, 0xe6, 0x0, 0x67, 0xcc, 0xb5,
    0x80, 0xd, 0xc0, 0x20, 0x1, 0x14, 0x5d, 0x84,
    0x2, 0x10, 0xc, 0x9a, 0x4a, 0x1, 0x70, 0x1,
    0xb8, 0xb, 0xed, 0xfc, 0x2, 0x47, 0xff, 0x44,
    0x81, 0x5f, 0x59, 0x0, 0x55, 0xff, 0x9c, 0x0,

    /* U+4EBA "人" */
    0x0, 0xfb, 0x20, 0x3, 0xff, 0x84, 0x22, 0x0,
    0xff, 0xe1, 0x88, 0x7, 0xff, 0x48, 0xc4, 0x3,
    0xff, 0x82, 0x22, 0x50, 0xf, 0xfe, 0xa, 0x1,
    0x90, 0x7, 0xff, 0x3, 0xd5, 0xa0, 0x3, 0xfe,
    0x15, 0xeb, 0x53, 0x0, 0xff, 0x51, 0xa1, 0x2f,
    0x0, 0x7f, 0x32, 0x70, 0x2, 0xce, 0x80, 0x3e,
    0x59, 0x91, 0x0, 0x6, 0x96, 0xc4, 0x3, 0x4d,
    0x43, 0x0, 0x64, 0xb4, 0xf6, 0x0, 0x63, 0xdb,
    0x80, 0x79, 0x34, 0xa8, 0x1, 0xbe, 0x80, 0x1f,
    0x8b, 0x34, 0x0,

    /* U+4EBF "亿" */
    0x0, 0xd6, 0x80, 0x1f, 0xfc, 0x3, 0x40, 0x44,
    0xf1, 0x80, 0x74, 0x9b, 0x5d, 0xfb, 0x40, 0x30,
    0xad, 0x17, 0xfe, 0x80, 0xd0, 0xd, 0x60, 0x1e,
    0x38, 0xa3, 0x0, 0x8d, 0x40, 0x3d, 0xcc, 0xa0,
    0x10, 0xf3, 0x10, 0x6, 0x83, 0x90, 0xc, 0x61,
    0x20, 0x18, 0x9e, 0x80, 0x38, 0xb4, 0x3, 0xa5,
    0x50, 0x3, 0xfe, 0x34, 0x80, 0xf, 0xfe, 0x4,
    0x29, 0x0, 0x65, 0x20, 0xf, 0x27, 0x80, 0x74,
    0xc8, 0x3, 0xc3, 0x86, 0x45, 0x31, 0xe8, 0x7,
    0xa8, 0xb7, 0x6c, 0xb6, 0x60, 0x4, 0x60, 0x4,
    0xbe, 0xff, 0x76, 0xc8, 0x0,

    /* U+4ECE "从" */
    0x0, 0xc2, 0x1, 0x8d, 0x0, 0x3f, 0xb9, 0x80,
    0x24, 0xa0, 0xf, 0xf1, 0x80, 0x63, 0x0, 0xff,
    0x8, 0x7, 0xff, 0x20, 0xc0, 0x3f, 0xce, 0x1,
    0x78, 0x80, 0x7e, 0x10, 0xe, 0x20, 0x10, 0xf,
    0x88, 0x38, 0x40, 0xe, 0x8, 0x1, 0xf2, 0x13,
    0x68, 0x9, 0x37, 0x0, 0x7d, 0x6b, 0x43, 0x6c,
    0x56, 0x84, 0x1, 0xc8, 0x72, 0x3d, 0x93, 0x64,
    0x92, 0x1, 0xd2, 0xe2, 0x7, 0xc6, 0xc1, 0x8,
    0xc0, 0x15, 0x84, 0x0, 0x15, 0xb8, 0x0, 0x6d,
    0x28, 0x2, 0xfe, 0x0, 0x5a, 0x83, 0x0, 0xa4,
    0xe8, 0x7, 0x8, 0x0, 0xd0, 0xe0, 0x1d, 0x9a,
    0x0,

    /* U+4ED6 "他" */
    0x0, 0xff, 0xe3, 0x8e, 0x98, 0x5, 0xac, 0x1,
    0xf9, 0x8, 0x80, 0x10, 0x98, 0x7, 0xe9, 0x61,
    0x72, 0x0, 0xff, 0x11, 0xd0, 0x4b, 0x80, 0x63,
    0x80, 0xd, 0x0, 0x20, 0x60, 0x14, 0xf6, 0x38,
    0x4, 0x6a, 0x1, 0xbb, 0x4d, 0xea, 0xc0, 0x37,
    0xb0, 0x57, 0x10, 0xf1, 0xf2, 0x0, 0x80, 0x4d,
    0x1, 0xb4, 0x5e, 0x60, 0x10, 0x80, 0x6a, 0x10,
    0x74, 0x0, 0xc6, 0x9e, 0x40, 0x1f, 0xfc, 0x3,
    0xf0, 0xe0, 0xf, 0xfe, 0xd, 0xd1, 0x8, 0x7,
    0xfb, 0xd0, 0x0, 0x5c, 0x60, 0x1e, 0x1c, 0x21,
    0x32, 0x25, 0x89, 0x80, 0x61, 0x8, 0x4c, 0xce,
    0x4b, 0x0,

    /* U+4EE5 "以" */
    0x0, 0xc4, 0x60, 0x18, 0x48, 0x3, 0xeb, 0xd2,
    0x0, 0x97, 0x54, 0x2, 0xc6, 0x9, 0x2f, 0x0,
    0xe7, 0x0, 0x88, 0x40, 0x1a, 0x74, 0x0, 0x10,
    0x20, 0xf, 0x86, 0xdc, 0x40, 0x84, 0x3, 0xf9,
    0x74, 0x43, 0x8c, 0x3, 0xff, 0x82, 0x4e, 0x1,
    0xf8, 0x40, 0x32, 0x68, 0x7, 0xc7, 0xc8, 0x0,
    0x50, 0x50, 0xf, 0x1e, 0x2a, 0x0, 0x20, 0x88,
    0x1, 0xd9, 0x87, 0xa0, 0x4, 0x91, 0x24, 0x3,
    0xa, 0x3c, 0x0, 0xdb, 0x65, 0x34, 0x0, 0x8,
    0x22, 0x0, 0xbe, 0xb8, 0x6b, 0x4e, 0xe0, 0x2d,
    0x72, 0xea, 0x4f, 0x30, 0x2, 0xbd, 0x0, 0x8,
    0x9, 0xb2, 0x84, 0x3, 0x46, 0x80,

    /* U+4EEC "们" */
    0x0, 0xff, 0xe3, 0x17, 0x19, 0x38, 0x7, 0xf9,
    0x4c, 0xc3, 0xa, 0x2, 0x38, 0x3, 0x55, 0x81,
    0xb5, 0x87, 0xf7, 0x4a, 0x0, 0x42, 0x70, 0x28,
    0xa0, 0xde, 0xe0, 0x88, 0x1, 0x0, 0x16, 0xaa,
    0x1, 0x88, 0x80, 0x25, 0x30, 0xf, 0xfe, 0x0,
    0xda, 0x80, 0x7f, 0xf0, 0x52, 0x40, 0x3f, 0xf8,
    0x3, 0x40, 0x1f, 0xff, 0xf0, 0xf, 0xe6, 0x91,
    0x70, 0xf, 0x9c, 0x2, 0x15, 0x73,

    /* U+4EF6 "件" */
    0x0, 0xc2, 0x1, 0xff, 0xc2, 0x2e, 0x20, 0x9,
    0x3c, 0x3, 0xf5, 0x19, 0x23, 0x0, 0x7f, 0x85,
    0xe4, 0x36, 0x80, 0x3f, 0xd2, 0x8, 0x8, 0xa6,
    0x40, 0x67, 0x8, 0x0, 0x9c, 0x0, 0x64, 0x9d,
    0x1, 0xdc, 0xd5, 0x0, 0x7a, 0x0, 0x21, 0x77,
    0x54, 0x1b, 0xae, 0x40, 0x31, 0x90, 0x37, 0x80,
    0xf, 0xe3, 0xc0, 0x1, 0xe1, 0x0, 0x7f, 0xf0,
    0x57, 0xff, 0x58, 0x7f, 0xe4, 0x0, 0xcb, 0xdd,
    0xac, 0x3b, 0xb2, 0x0, 0x70, 0x8e, 0x0, 0x8,
    0xe0, 0xf, 0xff, 0x39, 0x70, 0x80, 0x64, 0xf0,
    0xe,

    /* U+4EFB "任" */
    0x0, 0xd4, 0xc0, 0x1f, 0xfc, 0x12, 0x53, 0x0,
    0xc6, 0xd3, 0x80, 0x1d, 0x8, 0xb3, 0x9d, 0xf9,
    0x41, 0x42, 0x1, 0x1a, 0xc0, 0x6c, 0xec, 0x8e,
    0x4b, 0x8, 0x5, 0xe0, 0x20, 0x8a, 0x66, 0x0,
    0xf9, 0xc8, 0x3, 0xff, 0x82, 0x71, 0x60, 0x2,
    0x2c, 0x60, 0x45, 0x18, 0x9e, 0x38, 0x3, 0xf3,
    0x28, 0x1c, 0xcc, 0xa0, 0x60, 0x16, 0xf7, 0x56,
    0x3d, 0xd7, 0xa0, 0x7, 0xff, 0xa4, 0xbf, 0xb9,
    0x63, 0xdd, 0x58, 0x7, 0x8b, 0x33, 0x6e, 0x65,
    0x20, 0x1f, 0x19, 0x17, 0xe0,

    /* U+4F11 "休" */
    0x0, 0xa6, 0x40, 0x1b, 0xd0, 0x3, 0xf3, 0x98,
    0x7, 0xff, 0x5, 0x6, 0x40, 0x3f, 0xf8, 0x3c,
    0x4, 0x41, 0x18, 0x4, 0x78, 0x0, 0x4a, 0x0,
    0xce, 0xe8, 0x2b, 0xba, 0x80, 0x4, 0x10, 0x3,
    0xbf, 0xc8, 0x3, 0xff, 0x48, 0x1a, 0xc0, 0x6,
    0x14, 0x1, 0x70, 0xc, 0x72, 0xe0, 0x1a, 0xc,
    0x16, 0x8, 0x3, 0x30, 0x6, 0x26, 0x80, 0xe2,
    0xe0, 0xf, 0xee, 0x34, 0x0, 0x71, 0xc8, 0x7,
    0xd2, 0x7c, 0x1, 0x1c, 0x35, 0x0, 0x71, 0x3c,
    0x90, 0x6, 0x77, 0x8, 0x80, 0x31, 0x73, 0x0,
    0x7a, 0x2c, 0x40, 0x2, 0x20, 0xf, 0xfe, 0x0,

    /* U+4F1A "会" */
    0x0, 0xf8, 0x40, 0x3f, 0xf8, 0x75, 0x80, 0x1f,
    0xfc, 0x17, 0x52, 0x40, 0xf, 0xf9, 0xa7, 0x6a,
    0x88, 0x1, 0xfd, 0x10, 0xd3, 0x4b, 0xb3, 0x80,
    0x78, 0xad, 0x70, 0xc0, 0xb, 0x95, 0xa8, 0x0,
    0x19, 0xd1, 0x5e, 0xcc, 0xdf, 0x9, 0x7a, 0x22,
    0x3a, 0xab, 0xff, 0xc9, 0x3b, 0x2, 0x14, 0xa0,
    0x46, 0x7e, 0x10, 0x25, 0x0, 0x1f, 0xf7, 0x7f,
    0xbc, 0x40, 0x7, 0xdd, 0x91, 0xfb, 0xbc, 0x20,
    0x10, 0x80, 0x1d, 0x70, 0x12, 0x0, 0x2, 0x1,
    0xe6, 0x8b, 0x50, 0x3, 0xb8, 0x3, 0xe8, 0x86,
    0x20, 0x1, 0x62, 0xe, 0x1, 0xce, 0xe1, 0xcf,
    0xed, 0xcb, 0x38, 0x50, 0xc, 0xd7, 0xbf, 0xee,
    0xdd, 0x66, 0x1d, 0xc0, 0x0,

    /* U+4F46 "但" */
    0x0, 0x88, 0x40, 0x3f, 0xf8, 0x51, 0xe2, 0x1,
    0xff, 0xc1, 0x56, 0x15, 0xdd, 0xf8, 0x3, 0x30,
    0x50, 0x0, 0xff, 0xf5, 0x90, 0x6, 0xb0, 0x20,
    0x8, 0x8b, 0x18, 0x6, 0x62, 0x0, 0xff, 0xe0,
    0x94, 0xa0, 0x6, 0x1e, 0xed, 0x60, 0x18, 0xfc,
    0x3, 0xf, 0xfe, 0x80, 0x8, 0xb0, 0x3, 0xc2,
    0x38, 0xc0, 0x3f, 0xf9, 0xa6, 0x3b, 0xba, 0xc0,
    0x3f, 0x9f, 0x7f, 0xf6, 0x68, 0x7, 0xe1, 0x22,
    0xf8, 0x3, 0xe4, 0x33, 0xfc, 0x82, 0x1, 0xd5,
    0xbb, 0xfa, 0x94, 0x3, 0xbb, 0xbf, 0xc8,

    /* U+4F4D "位" */
    0x0, 0x9a, 0x44, 0x0, 0x78, 0x1, 0xfd, 0xa8,
    0x20, 0x2, 0x24, 0x0, 0x7c, 0x29, 0x60, 0x22,
    0x9, 0xf1, 0x1c, 0x1, 0x30, 0x22, 0xf7, 0x51,
    0xe, 0xeb, 0x40, 0x29, 0x3, 0x5f, 0xff, 0xd8,
    0x0, 0x81, 0x0, 0x8d, 0x80, 0x25, 0xc2, 0x0,
    0x1b, 0xc0, 0x4, 0xb2, 0x1, 0x61, 0x10, 0x0,
    0x4c, 0xa0, 0x13, 0x82, 0x0, 0x15, 0x0, 0x21,
    0x90, 0xc, 0x29, 0xa0, 0x3, 0xf0, 0xf, 0xf6,
    0xb8, 0x18, 0x20, 0x7, 0xf9, 0x4, 0x94, 0x84,
    0x3, 0xfc, 0x56, 0x5a, 0x80, 0x1f, 0xdd, 0xfe,
    0xbf, 0x46, 0xff, 0x8c, 0x3, 0xb7, 0x7f, 0xb0,
    0xc0, 0x2, 0x0, 0x32, 0x2f, 0xc6, 0x0,

    /* U+4F53 "体" */
    0x0, 0x9a, 0x40, 0x37, 0x20, 0x7, 0xed, 0x10,
    0xc, 0x60, 0x1f, 0x85, 0x2c, 0x3, 0xff, 0x82,
    0xc0, 0x7d, 0xbb, 0x15, 0x6e, 0xd6, 0x1, 0x48,
    0x86, 0xfc, 0x90, 0x82, 0xff, 0xa4, 0x0, 0xe2,
    0x0, 0x32, 0x21, 0x99, 0x10, 0x45, 0x0, 0xc4,
    0x0, 0x35, 0x58, 0x79, 0x20, 0x4, 0x34, 0x80,
    0x12, 0x93, 0x80, 0xcc, 0x80, 0x32, 0x80, 0x45,
    0x50, 0x1, 0x38, 0xd8, 0x7, 0x8f, 0x15, 0x80,
    0x36, 0xae, 0x90, 0x6, 0xa4, 0x9d, 0xc2, 0x9c,
    0x9f, 0x52, 0x0, 0xd3, 0x45, 0x3e, 0x37, 0xf4,
    0x30, 0x1, 0xf0, 0xa1, 0x81, 0x19, 0x0, 0x7f,
    0xf0, 0x44, 0x3, 0x80,

    /* U+4F55 "何" */
    0x0, 0x84, 0x40, 0x1f, 0xfc, 0x29, 0xe1, 0x0,
    0xff, 0xe0, 0xab, 0x27, 0xff, 0xf5, 0x0, 0x10,
    0xa1, 0x37, 0x5d, 0xda, 0x87, 0x60, 0x1, 0x2,
    0x31, 0x10, 0x47, 0x80, 0x88, 0x8, 0x60, 0x1,
    0xcc, 0xc6, 0x1, 0xc3, 0x4c, 0x0, 0x13, 0x98,
    0x30, 0xf, 0x92, 0x80, 0x32, 0x20, 0x40, 0x3c,
    0x34, 0x1, 0xff, 0xd9, 0xef, 0x10, 0xf, 0xf8,
    0x43, 0x39, 0xc4, 0x3, 0xfc, 0x3e, 0x63, 0x4,
    0x1, 0xf3, 0x80, 0x7c, 0x4b, 0xc6, 0x1, 0x84,
    0x40, 0x1f, 0x52, 0x58, 0x6, 0x5f, 0x0, 0xf1,
    0x77, 0x18, 0x0,

    /* U+4F5C "作" */
    0x0, 0xff, 0xe4, 0x62, 0x0, 0x2a, 0x80, 0x1f,
    0xca, 0x62, 0x2, 0xa4, 0x1, 0xfd, 0x26, 0xa1,
    0x21, 0x20, 0x18, 0x40, 0x24, 0x3a, 0x2, 0x70,
    0xef, 0xfd, 0xc2, 0x0, 0x90, 0xa, 0x4b, 0x43,
    0xbf, 0xf0, 0x84, 0x18, 0x1, 0xd3, 0x80, 0x3f,
    0x1b, 0xd8, 0x1, 0xf4, 0xc0, 0x1d, 0xff, 0x28,
    0x1c, 0x28, 0x4, 0x40, 0x16, 0xf7, 0x35, 0x40,
    0xe, 0x1, 0xf8, 0xc4, 0x44, 0x1, 0xff, 0xd0,
    0xef, 0xfb, 0x0, 0x3f, 0xed, 0xee, 0xc0, 0x1f,
    0xf1, 0x88, 0xc4, 0x1, 0xff, 0xd5,

    /* U+4F60 "你" */
    0x0, 0x86, 0x88, 0x6, 0x8, 0x3, 0xf9, 0xd4,
    0xc1, 0x1c, 0x3, 0xfd, 0x70, 0x21, 0x26, 0xc8,
    0x9c, 0x1, 0x31, 0x38, 0x29, 0x84, 0x46, 0xa8,
    0x0, 0xc, 0x0, 0x50, 0xd9, 0x9c, 0x14, 0x0,
    0xd3, 0x0, 0x51, 0xc8, 0x2e, 0x81, 0x99, 0x80,
    0x5a, 0x40, 0x1f, 0xa0, 0x1c, 0x7a, 0x0, 0x1a,
    0x70, 0x2, 0x9b, 0x18, 0x5, 0x24, 0x1, 0xf8,
    0xe5, 0x40, 0x23, 0xe0, 0xf, 0x87, 0x95, 0x80,
    0x2b, 0x28, 0x0, 0xf6, 0x8d, 0x0, 0x61, 0xb7,
    0x30, 0xe, 0x9d, 0x0, 0xf2, 0xd1, 0x80, 0x72,
    0x88, 0x93, 0xc0, 0x32, 0x80, 0x7f, 0x5b, 0xc0,
    0x7, 0xc7, 0xe0, 0x10, 0xfe, 0xa8, 0x7, 0x0,

    /* U+4F7F "使" */
    0x0, 0xfe, 0x10, 0xf, 0xe9, 0x70, 0xd, 0xb0,
    0x1, 0xf9, 0xc4, 0x3, 0xbc, 0x3, 0xe5, 0x14,
    0xff, 0xc7, 0x1f, 0xf7, 0x0, 0x52, 0x25, 0xdf,
    0xf1, 0xc7, 0xfb, 0xbc, 0x0, 0x86, 0x0, 0x2c,
    0xc8, 0xeb, 0x31, 0xa4, 0x0, 0x95, 0x0, 0x39,
    0x77, 0xd, 0x7b, 0x84, 0xe0, 0x22, 0x90, 0xc,
    0x44, 0xe, 0x22, 0x0, 0x43, 0x80, 0x10, 0x8b,
    0xfc, 0x73, 0xfe, 0x10, 0xf, 0x96, 0xb7, 0xc6,
    0xbf, 0xe4, 0x0, 0xfb, 0xe4, 0x5, 0xc0, 0x3f,
    0xea, 0x7d, 0x12, 0x0, 0xff, 0xe0, 0x71, 0x1,
    0x80, 0x7e, 0x10, 0x2, 0x7b, 0xb6, 0x5b, 0xa1,
    0x0, 0x4e, 0x3, 0x73, 0x28, 0x87, 0x1d, 0xdb,
    0xc0, 0x24, 0xf1, 0xad, 0x40, 0x0, 0xc6, 0x7e,
    0x80,

    /* U+4F8B "例" */
    0x0, 0x91, 0x40, 0x3f, 0x13, 0x80, 0x6e, 0xf8,
    0x99, 0xa8, 0x2, 0x18, 0x0, 0x85, 0x7b, 0x49,
    0x3f, 0x45, 0x44, 0x4, 0x2, 0x60, 0x45, 0x27,
    0x67, 0xa, 0x50, 0xe, 0x91, 0x0, 0x29, 0x91,
    0x0, 0xe, 0x1, 0xa0, 0x40, 0x23, 0x4f, 0xd3,
    0x0, 0xe3, 0x77, 0x0, 0x18, 0x77, 0x80, 0x80,
    0x38, 0xee, 0xc0, 0x8, 0x60, 0x61, 0x0, 0xf9,
    0x0, 0xa, 0x63, 0x9c, 0x80, 0x1f, 0xe5, 0xc9,
    0x54, 0xc0, 0xf, 0xf8, 0x43, 0x1, 0xc4, 0x40,
    0x1f, 0xf4, 0x28, 0x8b, 0x8c, 0x3, 0xfa, 0x8a,
    0x0, 0x3f, 0xc2, 0x2b, 0x5b, 0x20, 0x1, 0x57,
    0x18, 0x4, 0xe0, 0x22, 0xb4, 0x0, 0x89, 0xc6,
    0x0,

    /* U+4F9B "供" */
    0x0, 0x85, 0x0, 0x3f, 0xf8, 0x2d, 0x68, 0x9,
    0xa0, 0x3e, 0x80, 0x1d, 0x6a, 0x80, 0x1e, 0x70,
    0xc, 0x66, 0x80, 0x21, 0x2, 0x30, 0x72, 0x10,
    0x4, 0x1, 0xae, 0xd1, 0x6e, 0x82, 0xf6, 0x41,
    0x90, 0x0, 0xbf, 0x65, 0xfc, 0x19, 0xf0, 0x52,
    0xe0, 0x1f, 0xfc, 0x2, 0xab, 0x0, 0xff, 0xe0,
    0xa8, 0x4, 0x88, 0x33, 0x22, 0x1, 0x51, 0x40,
    0x3b, 0xea, 0x42, 0xac, 0x62, 0xa8, 0x1, 0xd7,
    0xdb, 0xae, 0xe6, 0xd7, 0x78, 0x7, 0x8b, 0x64,
    0x1, 0x76, 0x50, 0xf, 0x26, 0x25, 0x0, 0x21,
    0xe9, 0x0, 0x31, 0xc2, 0x50, 0x6, 0x86, 0x30,
    0x1, 0xf9, 0x65, 0x0, 0x7a, 0x5c,

    /* U+4FBF "便" */
    0x0, 0xda, 0x80, 0x1f, 0xfc, 0x15, 0x23, 0xff,
    0xfe, 0x20, 0xb, 0xa1, 0xff, 0xec, 0x1f, 0xfc,
    0x40, 0x2, 0x47, 0xd, 0xee, 0x68, 0xf7, 0x48,
    0x1, 0x40, 0x80, 0xe, 0xf2, 0xc7, 0x30, 0x1,
    0x91, 0x40, 0x30, 0x98, 0x81, 0x98, 0x2, 0x1a,
    0x60, 0xd, 0x59, 0x43, 0x98, 0x10, 0x0, 0xdd,
    0x0, 0x6a, 0xdd, 0xe, 0xe8, 0x40, 0x25, 0x0,
    0xeb, 0xfc, 0x1f, 0xf0, 0x80, 0x7e, 0x8a, 0xfa,
    0x4f, 0xf9, 0x0, 0x3f, 0x52, 0x79, 0x80, 0x7f,
    0xcc, 0xf6, 0xb4, 0x1, 0xff, 0xc0, 0xc0, 0x4,
    0xa0, 0x7, 0xc2, 0x7, 0x57, 0x3a, 0x37, 0xf9,
    0x46, 0x0, 0x70, 0x1d, 0x1d, 0x62, 0xae, 0x96,
    0x13, 0x0, 0x27, 0x8f, 0xd9, 0x0, 0x42, 0xd5,
    0x60,

    /* U+4FE1 "信" */
    0x0, 0xff, 0xe3, 0xae, 0x0, 0x6e, 0x30, 0xf,
    0xde, 0xc0, 0x19, 0x94, 0x3, 0xf2, 0xf6, 0xff,
    0xcf, 0x3f, 0xf8, 0x40, 0xc, 0xd, 0x9d, 0xff,
    0xee, 0xe0, 0x80, 0x2c, 0x0, 0x2a, 0x89, 0xf0,
    0x80, 0x18, 0xc0, 0x2e, 0xef, 0xc2, 0x3, 0x12,
    0x1, 0x45, 0xdf, 0xa4, 0x40, 0x8, 0xe0, 0x17,
    0xe6, 0x7c, 0x40, 0x34, 0x1, 0xb7, 0x7e, 0xe2,
    0x0, 0xfa, 0xfb, 0xbe, 0x0, 0xfe, 0x9e, 0xed,
    0x82, 0x1, 0xff, 0xcd, 0x8f, 0xfd, 0xa0, 0x1f,
    0xcf, 0x1f, 0xfb, 0x0, 0x38, 0x80, 0x2c, 0x70,
    0xc, 0x7e, 0x0,

    /* U+503C "值" */
    0x0, 0xc2, 0x1, 0x84, 0x3, 0xf8, 0xf8, 0xc0,
    0x2f, 0x80, 0x0, 0x80, 0x74, 0xad, 0xff, 0xc2,
    0xff, 0xee, 0x90, 0x8, 0xd6, 0x63, 0xfe, 0xb,
    0xff, 0xa4, 0x2, 0xe0, 0x10, 0x4e, 0xe0, 0x57,
    0x70, 0xc0, 0x29, 0x30, 0xe, 0xef, 0xee, 0x0,
    0x62, 0x6b, 0x0, 0xc3, 0xbb, 0x84, 0x2, 0x2d,
    0x40, 0xc, 0x39, 0x98, 0x40, 0x31, 0x0, 0x70,
    0xee, 0xe1, 0x0, 0xff, 0xf, 0x76, 0x10, 0xf,
    0xf0, 0xcc, 0xe1, 0x0, 0xff, 0xc, 0x46, 0x10,
    0xf, 0xc6, 0x40, 0x23, 0x81, 0x8c, 0x3, 0x87,
    0x6c, 0xff, 0xf1, 0xc6, 0x80,

    /* U+5047 "假" */
    0x0, 0x8c, 0xc0, 0x1f, 0xfc, 0x29, 0xad, 0xff,
    0xb6, 0xbf, 0xe5, 0x0, 0xc9, 0x43, 0x9f, 0x81,
    0x5f, 0xe3, 0x0, 0xca, 0x26, 0x1, 0xfc, 0x20,
    0x17, 0x8, 0x3, 0x7b, 0x42, 0xf7, 0x46, 0x20,
    0x3, 0x40, 0xa, 0xbf, 0xd9, 0x59, 0x8e, 0x50,
    0x7, 0x38, 0x4, 0xe2, 0x33, 0xa2, 0x44, 0x0,
    0xba, 0x0, 0xb3, 0xfc, 0x13, 0xdc, 0xa6, 0x0,
    0x30, 0x6, 0xcf, 0xf0, 0x2f, 0xd8, 0x28, 0x7,
    0xf0, 0x86, 0x60, 0xc8, 0x40, 0x3e, 0xcf, 0xe1,
    0x76, 0x9b, 0x0, 0xfd, 0x9f, 0xe1, 0x12, 0x2b,
    0x0, 0x7c, 0x20, 0x19, 0xd0, 0xe8, 0x40, 0x30,
    0x80, 0x76, 0xeb, 0xf0, 0xfc, 0x40, 0x5, 0xe1,
    0xa6, 0x0, 0xca, 0x10, 0x9f, 0x10,

    /* U+505A "做" */
    0x0, 0xca, 0x1, 0xe3, 0x0, 0xf9, 0x2c, 0x17,
    0x0, 0x5, 0x8c, 0x1, 0xee, 0x90, 0xe, 0x41,
    0x60, 0xe, 0x25, 0x50, 0x98, 0x8, 0x69, 0x3b,
    0xc0, 0x14, 0x81, 0xf4, 0x9f, 0x3a, 0x5f, 0xc0,
    0x80, 0x15, 0x0, 0x1f, 0x47, 0xfc, 0x6f, 0x62,
    0xc0, 0xb, 0x80, 0xf, 0x21, 0x8b, 0x98, 0x5,
    0xac, 0x0, 0xda, 0x3f, 0x82, 0x52, 0x10, 0x8,
    0xc0, 0x23, 0xcf, 0x21, 0x7c, 0xf5, 0x0, 0xff,
    0xe0, 0x62, 0x2f, 0x80, 0x7e, 0x53, 0x30, 0x39,
    0x99, 0xc0, 0x3f, 0x54, 0x8, 0x0, 0x40, 0x3f,
    0x93, 0xaf, 0x47, 0xdd, 0xbd, 0x40, 0x3d, 0x44,
    0x15, 0x76, 0x99, 0xbc, 0x2, 0x1f, 0x10, 0xa,
    0x39, 0x40, 0xf, 0x40,

    /* U+505C "停" */
    0x0, 0x88, 0x3, 0x88, 0x80, 0x1f, 0xa6, 0x80,
    0x34, 0xc8, 0x3, 0xf2, 0x4c, 0xbb, 0xa5, 0x4e,
    0xec, 0x20, 0x6, 0x3, 0x8f, 0xfd, 0xdf, 0xf8,
    0x40, 0x16, 0x20, 0x31, 0xdd, 0xe6, 0x10, 0x2,
    0x90, 0x6, 0x7f, 0xfc, 0xc0, 0x1a, 0xd8, 0x3,
    0x36, 0x66, 0x70, 0x8, 0x8e, 0x80, 0x2b, 0xdf,
    0xfd, 0xac, 0x0, 0x2d, 0x10, 0x2f, 0xdc, 0xcf,
    0x77, 0xa0, 0x7, 0xf, 0xff, 0xe3, 0x0, 0xe2,
    0xf7, 0xee, 0xf4, 0xea, 0x0, 0x70, 0xbf, 0x72,
    0xcb, 0xb9, 0x22, 0x1, 0xff, 0xc8, 0x10, 0xc,
    0x44, 0x0, 0xfc, 0x20, 0x1d, 0xd0, 0x80, 0x1f,
    0x1f, 0x80, 0x6e, 0xe4, 0x0, 0x70,

    /* U+50A8 "储" */
    0x0, 0xa5, 0xc0, 0x3a, 0xd8, 0x3, 0xe7, 0xf1,
    0xb0, 0x0, 0x80, 0x5, 0x8, 0x2, 0x41, 0x91,
    0x52, 0x7f, 0x48, 0xb9, 0xa0, 0xb, 0xc8, 0x41,
    0x1d, 0xdc, 0x91, 0xe7, 0x0, 0x3, 0x41, 0x0,
    0x52, 0x80, 0x68, 0x80, 0x5, 0x2, 0xd, 0xda,
    0x9d, 0xc4, 0x92, 0x8e, 0x51, 0x6b, 0x7, 0xa3,
    0x4f, 0xf4, 0xe, 0x7f, 0x94, 0x74, 0x40, 0x58,
    0x0, 0x3d, 0x1, 0xfa, 0x60, 0x1f, 0xd2, 0x15,
    0x9c, 0x42, 0x1, 0xf9, 0xdc, 0xc, 0x44, 0x0,
    0xff, 0x2e, 0xe, 0x7f, 0x84, 0x3, 0xe1, 0x17,
    0x10, 0x67, 0xf8, 0x40, 0x30, 0x80, 0x1d, 0x30,
    0x1, 0xdb, 0xa1, 0x0, 0xc6, 0x20, 0x96, 0x0,
    0x19, 0xcc, 0xb, 0x80,

    /* U+50CF "像" */
    0x0, 0x84, 0x3, 0x10, 0x7, 0xfa, 0x74, 0x0,
    0xfa, 0x40, 0x1f, 0xc8, 0xa0, 0x50, 0x51, 0x54,
    0x20, 0xe, 0x23, 0xa1, 0xc5, 0xe9, 0x27, 0x20,
    0xe, 0xa1, 0xc, 0x11, 0x44, 0x18, 0x2e, 0xc4,
    0x1, 0x30, 0x12, 0x8f, 0x48, 0x37, 0xca, 0x88,
    0x2, 0x0, 0x28, 0x6, 0x26, 0xc2, 0x20, 0x4,
    0x2f, 0x0, 0x11, 0x77, 0x94, 0xee, 0x8c, 0x0,
    0x38, 0x80, 0x17, 0x38, 0x36, 0xe9, 0x78, 0xc0,
    0x6, 0x1, 0x5e, 0x6c, 0x34, 0x6a, 0x0, 0x7e,
    0x8c, 0xec, 0xa7, 0x56, 0x30, 0xf, 0xab, 0x3f,
    0xd6, 0x38, 0xea, 0x1, 0xf6, 0xe7, 0xce, 0xa8,
    0xf5, 0xb8, 0x7, 0xb3, 0x3, 0xa6, 0xa2, 0x7a,
    0x60, 0x10, 0x88, 0x27, 0xe1, 0xbd, 0x50, 0xd,
    0x0, 0x23, 0xf0, 0x11, 0x3, 0xe5, 0x80, 0x70,

    /* U+5149 "光" */
    0x0, 0xfa, 0xb0, 0x3, 0xfc, 0x20, 0x19, 0xc0,
    0x25, 0x0, 0xe2, 0xe5, 0x0, 0xf2, 0x53, 0x0,
    0x62, 0x4a, 0x10, 0xe, 0x95, 0x60, 0xe, 0x90,
    0x90, 0xc, 0xe7, 0x60, 0x1e, 0x2c, 0x80, 0xc,
    0xfe, 0x20, 0x10, 0xff, 0xd9, 0xfe, 0x54, 0xff,
    0x77, 0xfc, 0x43, 0xbd, 0xd4, 0x8f, 0x60, 0x67,
    0x75, 0xa4, 0x4, 0x23, 0x8c, 0x44, 0x2, 0x38,
    0x80, 0x3d, 0x8e, 0x1, 0xff, 0xc1, 0x24, 0xf0,
    0xf, 0xfe, 0x0, 0xf9, 0xa8, 0x7, 0x96, 0x84,
    0x5, 0xf8, 0x34, 0x0, 0x60, 0x82, 0x5e, 0x82,
    0x5d, 0xf, 0xa2, 0x0, 0x14, 0x9e, 0xd4, 0xb0,
    0x2b, 0xe8, 0x0, 0xeb, 0xff, 0xb9, 0x40,

    /* U+514D "免" */
    0x0, 0xe7, 0x80, 0xf, 0xfe, 0x9, 0xc7, 0x80,
    0x7f, 0xf0, 0xf, 0x46, 0x7b, 0x9f, 0xe2, 0x0,
    0xf3, 0x63, 0x77, 0x58, 0x36, 0x40, 0x1d, 0x72,
    0x9, 0x99, 0x86, 0x33, 0x6, 0x1, 0x76, 0x4,
    0xff, 0x81, 0xf3, 0xfc, 0x6e, 0x1, 0x29, 0x83,
    0x19, 0x87, 0xc, 0xe1, 0x0, 0xff, 0x13, 0x80,
    0x7f, 0xd9, 0xfe, 0xd, 0xff, 0x84, 0x3, 0xd3,
    0xde, 0xae, 0x55, 0xff, 0x20, 0x7, 0x30, 0xb2,
    0x48, 0x7, 0xff, 0x2, 0x27, 0x44, 0x3, 0x8d,
    0x80, 0x2, 0xfc, 0xba, 0x60, 0xd, 0x11, 0xae,
    0x40, 0x9, 0x13, 0xa4, 0x0, 0xa7, 0xee, 0x9a,
    0x40, 0xb, 0xee, 0x1, 0x9f, 0xff, 0x73, 0x0,

    /* U+5165 "入" */
    0x0, 0xe8, 0x10, 0xf, 0xfe, 0x9, 0xb6, 0x8,
    0x7, 0xff, 0x0, 0xfc, 0x30, 0x40, 0x3f, 0xf8,
    0x3, 0x87, 0x60, 0x1f, 0xfc, 0x11, 0x55, 0x10,
    0x7, 0xff, 0x0, 0x90, 0xa0, 0x3, 0xff, 0x81,
    0x9, 0xa, 0x20, 0x1f, 0xe3, 0x5f, 0x51, 0x90,
    0xf, 0xf7, 0xa2, 0x2, 0x5c, 0x40, 0x3f, 0x41,
    0xc8, 0x1, 0xc6, 0x80, 0x3e, 0x57, 0x92, 0x0,
    0xa1, 0x28, 0x3, 0x9a, 0x9d, 0x80, 0x33, 0x31,
    0x70, 0x80, 0x6a, 0x5a, 0x0, 0x3d, 0x2c, 0x78,
    0x22, 0x68, 0x90, 0xf, 0xd3, 0x16, 0x21, 0x8e,
    0x1, 0xfe, 0x75, 0x0,

    /* U+5168 "全" */
    0x0, 0xf9, 0xdc, 0x1, 0xff, 0xc1, 0x38, 0x81,
    0x0, 0x7f, 0xc3, 0xcb, 0x3e, 0x20, 0x1f, 0xc3,
    0x81, 0x6c, 0xcc, 0x20, 0xf, 0x8f, 0x3, 0x4,
    0x2d, 0xb6, 0x0, 0x31, 0x56, 0xf, 0x80, 0x8d,
    0x4e, 0xef, 0xa2, 0x9, 0x7a, 0x3d, 0xee, 0xe7,
    0x58, 0x72, 0xa, 0xd5, 0xff, 0xa8, 0x7f, 0xea,
    0x7d, 0x0, 0x8, 0x7, 0xff, 0x17, 0x7f, 0xea,
    0x1f, 0xfc, 0xc0, 0x1d, 0x9f, 0xf5, 0xf, 0xfd,
    0xcc, 0x1, 0xc2, 0x1, 0xf8, 0x40, 0x38, 0x47,
    0x80, 0x2, 0x3e, 0x0, 0x1f, 0x77, 0x50, 0xf7,
    0x73, 0x80, 0xf, 0xff, 0xff, 0x80, 0xc0,

    /* U+516B "八" */
    0x0, 0xfe, 0x54, 0x0, 0xff, 0x41, 0x80, 0x3e,
    0x0, 0x3f, 0xce, 0x80, 0xd, 0x10, 0xf, 0xe1,
    0x3, 0x0, 0x11, 0x80, 0x7f, 0x18, 0x28, 0x1,
    0x84, 0x40, 0x1f, 0x90, 0x44, 0x0, 0x30, 0x50,
    0xf, 0xde, 0x80, 0x18, 0x8c, 0x3, 0xf2, 0x60,
    0x6, 0x4c, 0x0, 0xf8, 0xc9, 0x0, 0x36, 0xa0,
    0x7, 0xd4, 0x64, 0x1, 0x90, 0x5c, 0x3, 0x89,
    0xa4, 0x3, 0xcd, 0x22, 0x1, 0xb9, 0x14, 0x3,
    0xd2, 0x16, 0x1, 0x59, 0x48, 0x7, 0xc3, 0x6b,
    0x0, 0x22, 0xa2, 0x0, 0xfc, 0xaa, 0x10, 0x1a,
    0x40, 0xf, 0xf5, 0x48, 0x0,

    /* U+516D "六" */
    0x0, 0xe1, 0x20, 0xf, 0xfe, 0x5, 0xe0, 0x80,
    0x7f, 0xd6, 0x14, 0x1, 0xff, 0xc, 0x29, 0x0,
    0x73, 0x31, 0x57, 0x1c, 0x3a, 0xac, 0xcc, 0xa8,
    0xbb, 0xe8, 0xbb, 0xd1, 0x79, 0xdd, 0xff, 0xc0,
    0xd0, 0xc, 0xa0, 0x19, 0x80, 0x3e, 0x1a, 0xc0,
    0x3, 0x4b, 0x0, 0x7a, 0xc3, 0xc0, 0xc, 0x92,
    0x40, 0x19, 0x55, 0x6, 0x1, 0x50, 0xf8, 0x4,
    0x54, 0x6e, 0x1, 0x86, 0x8a, 0x0, 0xb0, 0x74,
    0x3, 0xc8, 0xae, 0x74, 0x34, 0x20, 0x1f, 0x59,
    0x84, 0x6a, 0x0, 0x7e, 0x1c, 0x30,

    /* U+5173 "关" */
    0x0, 0xff, 0xe2, 0xc3, 0x80, 0x47, 0xa4, 0x1,
    0xed, 0x83, 0x0, 0x50, 0x10, 0x7, 0x95, 0x14,
    0x0, 0xd0, 0x1, 0xd9, 0x93, 0xd6, 0x68, 0x4e,
    0x62, 0x0, 0x13, 0x11, 0x8a, 0xae, 0x22, 0xb0,
    0x2, 0xa2, 0x60, 0x34, 0x4c, 0x60, 0x1f, 0xfc,
    0x31, 0x1f, 0x1, 0x17, 0x18, 0xdf, 0xff, 0xc,
    0xe6, 0x6d, 0x6a, 0xee, 0xd6, 0x3, 0xfd, 0xd9,
    0xc0, 0x30, 0xc3, 0xae, 0x88, 0x7, 0xc3, 0xa3,
    0x14, 0x38, 0x60, 0x1c, 0xde, 0xfa, 0x3, 0x83,
    0x96, 0xa2, 0xfd, 0x10, 0xb1, 0x0, 0xe, 0x42,
    0xd3, 0x2c, 0xf3, 0x0, 0x79, 0xfa, 0x9c,

    /* U+5176 "其" */
    0x0, 0xde, 0xe0, 0x19, 0xb8, 0x3, 0xf0, 0x88,
    0x3, 0xfe, 0x5f, 0xf0, 0xcf, 0xfe, 0x91, 0xff,
    0x20, 0x1, 0x7f, 0xc3, 0x3f, 0xfa, 0x47, 0xfc,
    0x80, 0x1e, 0x12, 0x2c, 0x20, 0x1f, 0xea, 0x99,
    0xd4, 0x1, 0xfe, 0xbb, 0xf0, 0x7, 0xfa, 0x7f,
    0xf4, 0x80, 0x7f, 0xa7, 0xff, 0x48, 0x7, 0xa,
    0x19, 0x87, 0x8c, 0xf7, 0x9, 0x99, 0x0, 0xfa,
    0x64, 0xa5, 0x33, 0x89, 0x66, 0x5e, 0x25, 0x55,
    0x61, 0xd5, 0x56, 0x3f, 0x54, 0xb1, 0x0, 0xa6,
    0x5c, 0x1, 0x9, 0xd5, 0x4, 0x2, 0x3d, 0x4c,
    0x70, 0xd, 0x18, 0xfe, 0x40, 0x12, 0x69, 0x80,
    0x78, 0xf1, 0x88, 0x0,

    /* U+5185 "内" */
    0x0, 0xff, 0xe4, 0x56, 0x0, 0x7f, 0xf0, 0x54,
    0x3, 0xc2, 0x67, 0xc2, 0x67, 0xe1, 0x5c, 0xee,
    0xc8, 0x8e, 0xed, 0x8e, 0x0, 0xcd, 0xd8, 0xe3,
    0x77, 0x1, 0x80, 0x78, 0xcc, 0x1, 0xff, 0x30,
    0x41, 0x80, 0x7f, 0xc, 0x35, 0x63, 0x80, 0x7c,
    0x38, 0x72, 0xf7, 0x14, 0x1, 0xc7, 0xe1, 0x80,
    0x4, 0xc1, 0x10, 0x6, 0x3c, 0xc0, 0x80, 0x47,
    0x62, 0x1, 0xc4, 0x20, 0x1f, 0xfc, 0x73, 0x50,
    0x11, 0x0, 0x7f, 0x75, 0x22, 0xab, 0xc4, 0x3,
    0xed, 0xfb, 0x10,

    /* U+518C "册" */
    0x0, 0x2f, 0xfe, 0x10, 0xff, 0xca, 0x1, 0xc3,
    0xb8, 0x1, 0xaf, 0x44, 0x40, 0x1e, 0x21, 0x0,
    0xce, 0x40, 0x1f, 0xfd, 0x81, 0x33, 0x1, 0x30,
    0x11, 0x1, 0x88, 0x8, 0xc1, 0x76, 0x7, 0x28,
    0x37, 0x2, 0xf0, 0x63, 0x49, 0x3a, 0xb, 0xb0,
    0x3f, 0xc1, 0xfc, 0x35, 0xc4, 0x0, 0x11, 0x0,
    0x63, 0x1, 0x0, 0xfb, 0x54, 0x3, 0x38, 0x80,
    0x7e, 0x4f, 0x0, 0xda, 0xa0, 0x1f, 0x18, 0xa0,
    0x6, 0x5c, 0x0, 0x8, 0x6, 0x83, 0x24, 0xf0,
    0x42, 0x52, 0xd0, 0x60, 0xb, 0x3c, 0x11, 0x71,
    0xa0, 0x88, 0x96, 0x40, 0x0,

    /* U+518D "再" */
    0x0, 0xff, 0xe2, 0xdf, 0xff, 0xff, 0x0, 0xc0,
    0x15, 0xdd, 0xc5, 0x1d, 0xdc, 0x60, 0x1, 0x1f,
    0x0, 0x8f, 0x80, 0x31, 0x7f, 0x74, 0x53, 0xdd,
    0x78, 0x7, 0x18, 0x6f, 0x70, 0xa7, 0xb9, 0x40,
    0x1f, 0xfc, 0xcc, 0xff, 0x14, 0xff, 0xac, 0x3,
    0xf6, 0x7f, 0x8a, 0x7f, 0xd6, 0x1, 0x84, 0x40,
    0x1f, 0xfc, 0x1, 0x13, 0x77, 0x3, 0x3f, 0xc5,
    0x3f, 0xeb, 0xf, 0xe6, 0x7f, 0xe0, 0xcf, 0xff,
    0x58, 0x7f, 0x9c, 0x3, 0xff, 0x9c, 0xbc, 0x1,
    0xe3, 0x0, 0xfb, 0x91, 0xc0, 0x38, 0xbc, 0xc0,
    0x3a, 0xfa, 0x0, 0x20,

    /* U+5199 "写" */
    0x6f, 0xff, 0xfe, 0x7, 0x19, 0x76, 0xeb, 0xbb,
    0xe9, 0x33, 0x0, 0xc4, 0x88, 0xfc, 0x4c, 0xcc,
    0x1, 0x21, 0x1f, 0x12, 0x58, 0x8, 0x3b, 0x7f,
    0xfc, 0x1, 0xc3, 0x3d, 0xde, 0xd0, 0xe, 0x23,
    0x11, 0xfc, 0x1, 0x86, 0xff, 0xfd, 0xdc, 0x0,
    0xdd, 0xdf, 0xa4, 0x40, 0x8, 0x67, 0xf8, 0x0,
    0x60, 0x75, 0xdd, 0xf4, 0x87, 0x8, 0x1f, 0x6e,
    0xfd, 0x40, 0x6a, 0x1, 0xfc, 0x75, 0xa9, 0xa0,
    0x1f, 0xc6, 0x6a, 0xd4, 0x0,

    /* U+51AC "冬" */
    0x0, 0xea, 0x60, 0xf, 0xfe, 0x9, 0xa8, 0x11,
    0x78, 0x3, 0xee, 0x1b, 0xff, 0xdb, 0x20, 0x1e,
    0xa3, 0xf, 0xdd, 0x90, 0x68, 0x3, 0xa5, 0x31,
    0xb0, 0x81, 0xdb, 0x44, 0x3, 0x1b, 0xe9, 0x42,
    0x65, 0x45, 0x98, 0x7, 0x1f, 0x18, 0x3, 0xc5,
    0x56, 0x0, 0xfc, 0x71, 0xd7, 0x16, 0xfd, 0x6c,
    0x60, 0x15, 0xfe, 0x1d, 0xd9, 0x93, 0x6c, 0x67,
    0x3c, 0x43, 0x67, 0xad, 0x2b, 0xb6, 0x5e, 0xbe,
    0xa8, 0x20, 0xcc, 0x10, 0x1f, 0xc5, 0x4f, 0x0,
    0x2a, 0x80, 0x39, 0x1c, 0xcd, 0x1b, 0x80, 0x1f,
    0xc7, 0x19, 0xd4, 0xa2, 0x1, 0xfc, 0xff, 0x92,
    0x35, 0xca, 0x1, 0xfe, 0x37, 0xbf, 0xa5, 0x0,
    0xc0,

    /* U+51B2 "冲" */
    0x0, 0xfe, 0x6f, 0x0, 0xe1, 0x10, 0x7, 0x8c,
    0x40, 0x3b, 0x70, 0x40, 0x3f, 0xf8, 0x1c, 0x78,
    0x2b, 0xff, 0x50, 0xff, 0xda, 0x5, 0x86, 0xe0,
    0x3d, 0xca, 0x1e, 0xe4, 0x8, 0x0, 0xbd, 0x80,
    0x2, 0x20, 0x0, 0x88, 0x3, 0x84, 0x3, 0xff,
    0x84, 0xd2, 0x1, 0xff, 0xc1, 0xb3, 0x1, 0xff,
    0x50, 0xff, 0xa0, 0x2, 0x62, 0xb0, 0x1e, 0xe4,
    0x8f, 0x71, 0xc4, 0x6, 0x1c, 0x5e, 0x44, 0x46,
    0x2, 0x2a, 0x80, 0xa0, 0x90, 0x27, 0x0, 0xf1,
    0x28, 0xbc, 0x8, 0x7, 0x84, 0x3, 0xe, 0x30,
    0x7, 0xff, 0x0,

    /* U+51B7 "冷" */
    0x0, 0xff, 0xe6, 0xe, 0x98, 0x7, 0x8d, 0x0,
    0x39, 0xc9, 0x40, 0x3d, 0x76, 0x30, 0xd, 0xd,
    0x24, 0x1, 0xd0, 0xba, 0x40, 0x9, 0x29, 0x7f,
    0x10, 0xe, 0xa5, 0x60, 0x66, 0x72, 0xc3, 0xf9,
    0x80, 0x75, 0xa3, 0x4d, 0x85, 0x2d, 0x26, 0x40,
    0x80, 0x48, 0xb3, 0x68, 0x53, 0x43, 0x50, 0xa0,
    0x1a, 0x8f, 0x1c, 0x88, 0x92, 0x64, 0xba, 0x20,
    0x6, 0x6, 0x4d, 0xcc, 0xa3, 0x36, 0x0, 0x35,
    0xc0, 0x3f, 0x77, 0x39, 0x50, 0x5, 0x6, 0xc0,
    0x13, 0x10, 0x2b, 0x78, 0x4, 0x4f, 0x20, 0x1b,
    0x35, 0xaa, 0x48, 0x2, 0x36, 0x70, 0xd, 0x51,
    0x26, 0xc0, 0x18, 0x64, 0x3, 0xcf, 0x67, 0x40,
    0x1f, 0xfc, 0x14, 0xcf, 0x0, 0xc0,

    /* U+51C6 "准" */
    0x0, 0xf0, 0xc9, 0x1d, 0x0, 0x79, 0xc8, 0x2,
    0x76, 0x32, 0x7a, 0x0, 0xed, 0xc2, 0x0, 0x52,
    0x0, 0x27, 0x4, 0x84, 0x1, 0x49, 0x82, 0x86,
    0xbf, 0xeb, 0x8f, 0xcb, 0x0, 0xa9, 0x86, 0x2,
    0x3b, 0x81, 0x7d, 0xca, 0x0, 0xd0, 0xe6, 0x2,
    0x30, 0x18, 0x90, 0x7, 0x86, 0x6, 0x7f, 0xc1,
    0x1f, 0x86, 0x1, 0x9d, 0x9c, 0x23, 0xb8, 0x17,
    0xdc, 0x30, 0x9, 0x64, 0x3, 0xff, 0x85, 0x2c,
    0x1, 0x4f, 0xf8, 0x2b, 0xfc, 0x60, 0x3, 0x35,
    0x0, 0x53, 0xfe, 0xa, 0xff, 0x18, 0x3, 0xd0,
    0x80, 0x3f, 0xf8, 0x2, 0x5c, 0x1, 0xa7, 0xfc,
    0x15, 0xff, 0x10, 0xfa, 0x80, 0x68, 0xdd, 0xf6,
    0x10, 0x8, 0x7, 0x9, 0x17, 0x8c, 0x0,

    /* U+51C9 "凉" */
    0x0, 0xfe, 0x20, 0xf, 0xfe, 0x11, 0xe9, 0x80,
    0x79, 0x4, 0x3, 0x8d, 0x94, 0x3, 0xd1, 0xa0,
    0x3f, 0xf9, 0xa7, 0xff, 0x0, 0x34, 0xa8, 0x77,
    0x5d, 0xde, 0xdd, 0x0, 0x6, 0x9c, 0x8, 0x82,
    0x3e, 0x22, 0x0, 0x49, 0xa0, 0xd, 0xff, 0xf6,
    0x80, 0x7f, 0x4f, 0xfe, 0x80, 0xf, 0x3b, 0x0,
    0x4, 0x78, 0x3, 0xc3, 0x20, 0x14, 0x77, 0x68,
    0x0, 0xe8, 0x26, 0xd, 0xff, 0x2b, 0x7f, 0xb4,
    0x2, 0x46, 0xe0, 0x6, 0x40, 0x4, 0x5a, 0x60,
    0x1, 0xa7, 0x20, 0x72, 0xa0, 0x8, 0x9b, 0x48,
    0x6, 0x60, 0x12, 0x28, 0x80, 0x2, 0x16, 0x5e,
    0x0, 0x70, 0x1, 0x3a, 0x2f, 0xaf, 0x80, 0x37,
    0xc0, 0x39, 0xa0, 0x15, 0xe9, 0xc0, 0x2, 0x40,

    /* U+51FA "出" */
    0x0, 0xf7, 0xa8, 0x7, 0x84, 0x40, 0x10, 0x88,
    0x2, 0x10, 0x4, 0x58, 0x7, 0xee, 0x40, 0x1,
    0x80, 0x7e, 0x10, 0xf, 0xfe, 0x21, 0x91, 0x40,
    0x45, 0x80, 0x21, 0x4c, 0xc8, 0x63, 0x32, 0x0,
    0xa7, 0xbb, 0xd, 0x77, 0x64, 0x47, 0x0, 0x7f,
    0x36, 0x80, 0x7f, 0xc6, 0x1, 0xff, 0xd1, 0xcc,
    0xc3, 0x39, 0x94, 0x2, 0xdc, 0x46, 0xb9, 0x88,
    0x94, 0x5, 0x13, 0xfd, 0xa0,

    /* U+51FB "击" */
    0x0, 0xfb, 0x98, 0x3, 0xff, 0x84, 0x66, 0x0,
    0xfe, 0x32, 0x11, 0x80, 0xc4, 0x62, 0x10, 0xd,
    0x9b, 0xdd, 0x14, 0xf7, 0x5b, 0x0, 0x1b, 0xff,
    0x8a, 0xbf, 0xf4, 0x80, 0x7f, 0xf1, 0x8d, 0x13,
    0xc7, 0xa8, 0x9e, 0x4, 0xff, 0xf0, 0xaf, 0xff,
    0x85, 0xee, 0xfc, 0x51, 0x77, 0xe1, 0x0, 0x2f,
    0x0, 0x7e, 0xf5, 0x0, 0xe1, 0x0, 0xff, 0xea,
    0x22, 0x47, 0xa8, 0x90, 0x7, 0x85, 0x3f, 0xe5,
    0x3f, 0xf8, 0x3, 0x0,

    /* U+5206 "分" */
    0x0, 0xff, 0xe3, 0xb9, 0x80, 0xe9, 0x0, 0x7e,
    0x28, 0x50, 0x11, 0x40, 0x7, 0xeb, 0x26, 0x0,
    0x7a, 0xa8, 0x3, 0xc6, 0xd0, 0x1, 0x1b, 0x51,
    0x0, 0x77, 0x2a, 0x80, 0x34, 0x9e, 0xa0, 0x5,
    0x67, 0x60, 0x1e, 0xc4, 0xb9, 0x1a, 0x49, 0xef,
    0xff, 0xb1, 0xd0, 0x23, 0x1a, 0xec, 0x11, 0x99,
    0x8, 0xa3, 0x44, 0x8c, 0x51, 0x81, 0x4c, 0xe1,
    0x20, 0xf, 0x90, 0x48, 0x0, 0x20, 0xc0, 0x1f,
    0x5b, 0x80, 0x44, 0x4, 0x1, 0xeb, 0x38, 0x0,
    0x98, 0x3, 0xc9, 0x8b, 0x82, 0x6, 0xf0, 0x80,
    0x18, 0xed, 0xfc, 0x80, 0x29, 0x69, 0x0, 0xc7,
    0xd6, 0x20, 0x11, 0xf5, 0x90, 0x6,

    /* U+5207 "切" */
    0x0, 0xf, 0x88, 0xa, 0x19, 0xf8, 0x40, 0x3c,
    0x93, 0xf9, 0xbf, 0xed, 0x90, 0xf, 0x2e, 0xe1,
    0xce, 0x61, 0x7c, 0x3, 0x88, 0xc0, 0x3c, 0xe2,
    0x57, 0x81, 0xd9, 0x40, 0x1, 0x10, 0x6, 0x3c,
    0x80, 0xee, 0x48, 0x0, 0xcc, 0x0, 0x13, 0x17,
    0x40, 0xf, 0xb, 0x80, 0xc, 0x40, 0x3f, 0x20,
    0x10, 0x0, 0x40, 0x3c, 0xd8, 0x1c, 0xa0, 0x19,
    0xc0, 0x35, 0x44, 0x92, 0xf0, 0x6, 0x10, 0x3,
    0x0, 0xfa, 0xc9, 0xa0, 0x0, 0x40, 0xc0, 0xd,
    0x34, 0x34, 0xba, 0x0, 0x16, 0x1, 0x0, 0xb,
    0x6, 0x26, 0x88, 0x2f, 0x42, 0x0, 0x7a, 0x34,
    0xc0, 0xb, 0x39, 0x60,

    /* U+521B "创" */
    0x0, 0xe2, 0x0, 0xff, 0xe0, 0xae, 0x90, 0x7,
    0xb9, 0x0, 0x34, 0x5, 0x80, 0x7f, 0xd2, 0x78,
    0xba, 0x41, 0x44, 0x6, 0x1, 0x2b, 0x51, 0xe3,
    0x61, 0x28, 0x80, 0x65, 0xa9, 0x40, 0x5, 0xa1,
    0x80, 0x80, 0x43, 0x69, 0x1d, 0xda, 0x84, 0x3,
    0x87, 0xe0, 0x77, 0x50, 0x20, 0x1f, 0x84, 0x4,
    0xcc, 0xa0, 0x1f, 0xfc, 0x27, 0x0, 0xff, 0xe0,
    0xc4, 0x98, 0x7, 0xff, 0x5, 0x38, 0x4, 0x4,
    0x3, 0xf4, 0x49, 0x49, 0xf9, 0x80, 0x78, 0x48,
    0x44, 0x6c, 0xc0, 0x8, 0xc0, 0x23, 0x2d, 0xee,
    0x62, 0x20, 0x13, 0xc5, 0x40, 0x2d, 0xff, 0xd6,
    0x0, 0x49, 0xd1,

    /* U+521D "初" */
    0x0, 0xc2, 0x1, 0xff, 0xc1, 0x5f, 0x0, 0xff,
    0xe0, 0xa8, 0x38, 0x56, 0x67, 0xa0, 0x3, 0x63,
    0x87, 0xd2, 0x1c, 0xc9, 0xc8, 0x1b, 0xfd, 0xbe,
    0xea, 0xd8, 0x2a, 0xa2, 0x30, 0x7c, 0xd9, 0x6,
    0x0, 0x9, 0x80, 0xc, 0x40, 0x4c, 0xa9, 0xc4,
    0x40, 0x62, 0x0, 0x1f, 0x0, 0x98, 0xea, 0x74,
    0x5, 0xc0, 0xe, 0x1, 0x1c, 0x87, 0xbf, 0x7,
    0x18, 0x4, 0x20, 0x98, 0x62, 0x4, 0x40, 0x5e,
    0x0, 0x9, 0x8d, 0xb4, 0x6, 0x14, 0x9, 0xa8,
    0x0, 0xc4, 0x59, 0x20, 0x1, 0xd8, 0x61, 0x30,
    0x0, 0x80, 0xc, 0x3, 0x18, 0x4c, 0x80, 0x33,
    0x80, 0x7d, 0x40, 0xe0, 0x2, 0x1, 0x0, 0xf3,
    0xad, 0x0, 0xe6, 0x4, 0x80, 0x21, 0x10, 0x74,
    0x20, 0xb, 0xa6, 0x80,

    /* U+5220 "删" */
    0x0, 0xff, 0xe0, 0xa7, 0x80, 0x3f, 0xe4, 0x47,
    0xfc, 0x6, 0x2e, 0x20, 0x17, 0x13, 0x81, 0x70,
    0x3, 0x50, 0x3, 0xf3, 0x80, 0x63, 0x10, 0xf,
    0xfe, 0x30, 0x80, 0x4e, 0xe0, 0x8, 0x40, 0x31,
    0xf0, 0x71, 0x5d, 0x8b, 0x83, 0x0, 0x31, 0xf8,
    0x79, 0x66, 0xb, 0x83, 0x40, 0x38, 0x40, 0x3f,
    0xf8, 0x46, 0x1, 0x9c, 0x40, 0x3f, 0x31, 0x0,
    0x42, 0xe0, 0x18, 0x40, 0x23, 0x70, 0xb, 0x44,
    0x2, 0xd5, 0x0, 0xaf, 0xc0, 0x25, 0xd0, 0xf,
    0x90, 0xd6, 0x89, 0x9, 0x60, 0x2, 0x98, 0x34,
    0xb0, 0xeb, 0x7f, 0x2e, 0xb0, 0x0, 0x8b, 0x80,

    /* U+5230 "到" */
    0x0, 0xff, 0xe0, 0xfb, 0x7, 0x7f, 0xfc, 0x20,
    0x10, 0x80, 0x3f, 0xb0, 0x6f, 0xba, 0x1e, 0x50,
    0x1, 0x80, 0x8a, 0x4d, 0x5e, 0x4, 0x0, 0x20,
    0x1c, 0xc9, 0x82, 0x4c, 0x80, 0x1f, 0x54, 0xa3,
    0x46, 0x8d, 0x8, 0x7, 0x8c, 0xc1, 0x4b, 0xd6,
    0x44, 0x0, 0xf4, 0xe5, 0x3b, 0x3a, 0xe1, 0x80,
    0x78, 0xd5, 0x42, 0xea, 0xa4, 0x0, 0xf9, 0x3b,
    0xd4, 0xbf, 0xb0, 0x3, 0xe7, 0xba, 0x45, 0xab,
    0x80, 0x10, 0xf, 0xf1, 0x23, 0x96, 0xa0, 0x4,
    0x33, 0x78, 0xa9, 0xb3, 0x80, 0x40, 0x1, 0x1,
    0x51, 0xbb, 0x6f, 0xed, 0x90, 0x57, 0x3, 0x6,
    0x53, 0xa1, 0x0, 0x77, 0xce, 0x18,

    /* U+5236 "制" */
    0x0, 0xde, 0xe0, 0x1f, 0x6a, 0x84, 0x58, 0x8,
    0x80, 0x3e, 0x30, 0x2, 0xbb, 0xe, 0x33, 0x41,
    0x88, 0x1, 0x21, 0x2f, 0x83, 0x7f, 0xc0, 0x40,
    0x1c, 0xf3, 0x21, 0xa9, 0x98, 0x3, 0xc4, 0x33,
    0x21, 0xd9, 0x98, 0x80, 0x38, 0xbf, 0xe0, 0x1f,
    0xf8, 0xc0, 0x39, 0x19, 0xa1, 0xc6, 0x68, 0x40,
    0x3d, 0xbd, 0xc1, 0x8e, 0xe8, 0x3, 0xe3, 0x8f,
    0x19, 0xfb, 0x10, 0x10, 0xf, 0x18, 0x80, 0x8c,
    0x1, 0xff, 0xc1, 0x3e, 0x0, 0x7a, 0x0, 0x61,
    0x0, 0xcc, 0x8e, 0x1, 0x8, 0xc1, 0xea, 0x2,
    0xb, 0xd0, 0x0, 0x8f, 0x55, 0x0, 0x6f, 0x60,
    0xe, 0x8e, 0xa1,

    /* U+5237 "刷" */
    0x0, 0xff, 0xe0, 0xea, 0x0, 0x3b, 0xff, 0xc6,
    0x8, 0x0, 0x70, 0x1, 0xdf, 0xfe, 0x10, 0x2b,
    0x0, 0xf1, 0xaa, 0xe1, 0x0, 0x8, 0x7, 0x1e,
    0x7f, 0xe5, 0x10, 0xf, 0x86, 0x6a, 0xc2, 0xa8,
    0x40, 0x1f, 0x8c, 0x0, 0xa0, 0x1f, 0xc4, 0x13,
    0xfc, 0x1f, 0xe8, 0x0, 0xf3, 0x90, 0x37, 0x7,
    0xaf, 0x80, 0x78, 0x9c, 0x3, 0xff, 0x83, 0x7a,
    0x1, 0xf8, 0x40, 0x23, 0x32, 0x80, 0x61, 0x60,
    0x2c, 0x0, 0x98, 0xc8, 0x40, 0x27, 0x14, 0x3,
    0x0, 0x97, 0x2, 0xec, 0x60, 0xda, 0x60, 0x58,
    0x40, 0x18, 0x88, 0x0, 0x10, 0x8, 0x9d, 0xc6,

    /* U+524D "前" */
    0x0, 0xe4, 0x0, 0xe4, 0x0, 0xfc, 0x56, 0xc0,
    0x12, 0x59, 0x80, 0x7c, 0x51, 0x80, 0x17, 0xb1,
    0x80, 0x45, 0xb9, 0x95, 0xb6, 0x64, 0x88, 0xcc,
    0xa0, 0xa7, 0xff, 0xf6, 0x77, 0xfa, 0x2c, 0x11,
    0x91, 0x38, 0x8c, 0xe1, 0x84, 0x30, 0x7, 0x58,
    0x3, 0xe0, 0xd3, 0x40, 0x8, 0x1, 0x85, 0x1d,
    0xd2, 0x6, 0x6, 0x1, 0xf9, 0xb7, 0x58, 0x1,
    0xff, 0xc0, 0x7c, 0xc7, 0x80, 0x7f, 0xf0, 0x9,
    0x12, 0x0, 0xff, 0xe0, 0x3e, 0x64, 0x0, 0x10,
    0xf, 0xe4, 0x99, 0x58, 0x1, 0x2c, 0x3, 0xff,
    0x84, 0x2a, 0x1, 0xfe, 0x5a, 0x0, 0xcf, 0xc0,
    0x1c, 0x20, 0x6, 0x77, 0x8, 0x0, 0x82, 0x40,
    0x0,

    /* U+5267 "剧" */
    0x0, 0xff, 0xe0, 0xf2, 0x80, 0x3f, 0xfe, 0x30,
    0x8, 0xc4, 0x2, 0xde, 0xec, 0x20, 0x7c, 0x1,
    0xe9, 0xaa, 0xc2, 0x1, 0xfd, 0x9d, 0x89, 0xd4,
    0x40, 0x1f, 0x95, 0x48, 0xa, 0xa1, 0x0, 0xfd,
    0xfb, 0xc1, 0xba, 0xa0, 0xf, 0xd3, 0xd6, 0x1d,
    0xc9, 0x0, 0xf1, 0xa, 0x1a, 0x81, 0x9c, 0x1,
    0xe7, 0x25, 0xfc, 0xf, 0xf1, 0x80, 0x80, 0x6c,
    0x50, 0x2e, 0xe8, 0x40, 0xa4, 0x3, 0x3e, 0x0,
    0x4, 0x60, 0x0, 0xb0, 0x4, 0xa2, 0x80, 0x57,
    0x70, 0x80, 0x63, 0x5, 0x91, 0x2, 0x88, 0x88,
    0x0, 0x7e, 0x20, 0x6, 0x0, 0x8c, 0xed, 0x30,
    0x30, 0x15, 0x0, 0x97, 0x40, 0x3e, 0xee, 0x8,

    /* U+529B "力" */
    0x0, 0xe2, 0xd3, 0x0, 0xff, 0xe0, 0x10, 0x7,
    0xff, 0x24, 0x50, 0xce, 0x70, 0x53, 0x3e, 0x25,
    0xad, 0xda, 0xc2, 0x37, 0x76, 0x52, 0x77, 0x6a,
    0xf, 0xee, 0xc1, 0xc0, 0x1c, 0x40, 0x20, 0x1c,
    0x60, 0x1d, 0xe4, 0x1, 0x84, 0x4, 0x3, 0x91,
    0x0, 0x18, 0xc1, 0xc0, 0x32, 0x15, 0x0, 0x61,
    0x1, 0x0, 0xd2, 0x86, 0x1, 0x9c, 0xc, 0x2,
    0xb2, 0x90, 0xe, 0x20, 0x10, 0x2c, 0x4b, 0x20,
    0x0, 0x92, 0x59, 0x3, 0xe9, 0x62, 0x0, 0x45,
    0xb6, 0x50, 0xc, 0xfe, 0x60, 0x18, 0xe6, 0xfd,
    0x40,

    /* U+529F "功" */
    0x0, 0xfe, 0x5b, 0x0, 0xff, 0xe1, 0xa8, 0x7,
    0xa3, 0x33, 0x80, 0x23, 0x0, 0xf5, 0xc2, 0x14,
    0x49, 0x98, 0x8c, 0xf8, 0x0, 0x69, 0xa0, 0x8b,
    0x1d, 0x23, 0xdc, 0xdc, 0x10, 0xf, 0xaf, 0x60,
    0xf7, 0x60, 0x10, 0xf, 0xe1, 0x70, 0x3, 0x80,
    0x7f, 0xde, 0x40, 0x1, 0x10, 0x7, 0xf8, 0xf8,
    0x0, 0x66, 0x0, 0xf0, 0xa9, 0x8a, 0x20, 0x0,
    0x22, 0x0, 0x23, 0xc8, 0xf4, 0xbc, 0x91, 0x80,
    0x39, 0xc0, 0x11, 0x4b, 0x7f, 0x8c, 0xf2, 0x1,
    0x18, 0x80, 0x33, 0x65, 0x0, 0xbd, 0x50, 0xd,
    0x11, 0xa0, 0x1e, 0x3d, 0x6a, 0x0, 0x75, 0xab,
    0x0, 0x78, 0xe6, 0xc0, 0x2c, 0xfb, 0x10,

    /* U+52A0 "加" */
    0x0, 0x8f, 0x4c, 0x3, 0xff, 0x82, 0x44, 0x0,
    0xff, 0xe1, 0x8, 0x5, 0x13, 0x38, 0x82, 0x7b,
    0x43, 0x76, 0x46, 0x31, 0x13, 0x8, 0x5e, 0xc8,
    0xf7, 0xc, 0x1, 0xd1, 0x0, 0x8, 0x8c, 0x4c,
    0xe1, 0x73, 0x0, 0xfc, 0x22, 0x0, 0x84, 0x3,
    0xfb, 0x94, 0x4, 0xc, 0x3, 0xf9, 0x78, 0x2,
    0x10, 0xf, 0xe3, 0x40, 0x30, 0xf, 0xf2, 0x89,
    0x80, 0x88, 0x3, 0xfa, 0x18, 0x0, 0xe6, 0x0,
    0xbf, 0xf0, 0x4, 0xe5, 0x22, 0xf0, 0xc0, 0x71,
    0x76, 0x0, 0xc, 0xc0, 0x8a, 0x9e, 0x40, 0x6,
    0x88, 0x20, 0x1f, 0x70, 0x6, 0xd9, 0x7, 0x20,
    0x3, 0x4c,

    /* U+52A8 "动" */
    0x0, 0xff, 0x3a, 0x80, 0x7f, 0xf0, 0xb3, 0x0,
    0x1c, 0xbb, 0xbb, 0x90, 0x2, 0xe0, 0xe, 0x49,
    0xee, 0xa9, 0x88, 0x81, 0xc4, 0x50, 0x0, 0x50,
    0xce, 0x44, 0x6e, 0x23, 0x66, 0x34, 0x85, 0x13,
    0xc5, 0xfc, 0x91, 0xde, 0x4, 0x4f, 0xf5, 0x53,
    0xfe, 0x0, 0x38, 0x81, 0x80, 0xe, 0xec, 0x77,
    0x78, 0x0, 0x44, 0x1, 0x0, 0xc6, 0x65, 0x48,
    0x0, 0x85, 0x81, 0xc4, 0x2, 0x96, 0x6, 0x73,
    0x3, 0x2, 0x0, 0xe3, 0x59, 0x16, 0x2f, 0xb,
    0x40, 0x0, 0x98, 0x3, 0x83, 0xb9, 0xe, 0x6a,
    0xdc, 0x0, 0x31, 0x0, 0x4d, 0x6f, 0xe5, 0x53,
    0x89, 0x40, 0x1c, 0xe0, 0x4, 0x52, 0x0, 0xbd,
    0x38, 0x22, 0xdf, 0x0, 0x3f, 0x1d, 0x90, 0x69,
    0xdb, 0x80,

    /* U+52BF "势" */
    0x0, 0xff, 0xe3, 0x9f, 0x80, 0x6f, 0x40, 0xf,
    0x8, 0x9c, 0x4, 0x0, 0x20, 0x2, 0x20, 0x6,
    0xce, 0xb0, 0xe7, 0xac, 0x9, 0xed, 0x20, 0xb,
    0x7f, 0x7, 0x9a, 0xb4, 0x33, 0x80, 0xc0, 0x2,
    0x8f, 0x3, 0x8b, 0x1a, 0x2, 0x20, 0x10, 0xa,
    0x3f, 0x7, 0x52, 0x0, 0x16, 0x1, 0x10, 0xe,
    0x42, 0x0, 0xa, 0xc7, 0xa0, 0xc1, 0xb4, 0xc0,
    0x15, 0x8a, 0xa, 0x38, 0x26, 0x13, 0x21, 0x30,
    0x4, 0xe5, 0x82, 0xa0, 0x80, 0x4d, 0x7a, 0x0,
    0x5c, 0xc7, 0xfb, 0x47, 0xbf, 0xf0, 0x18, 0x1,
    0x7b, 0xfe, 0x35, 0xff, 0xb8, 0x1c, 0x3, 0x8,
    0x2, 0x4e, 0x0, 0x22, 0x2, 0x0, 0xc4, 0xfc,
    0x98, 0x40, 0x66, 0x92, 0x10, 0xa, 0x36, 0xe3,
    0x4c, 0x1, 0x58, 0xf2, 0x1, 0xa3, 0x71, 0x80,
    0x34, 0xfe, 0xa0, 0x4,

    /* U+5316 "化" */
    0x0, 0xff, 0xe3, 0xf3, 0x0, 0x3d, 0x40, 0x3f,
    0x28, 0xb8, 0x0, 0x40, 0x30, 0x80, 0x68, 0x71,
    0x0, 0xf3, 0x78, 0x80, 0x1c, 0xb4, 0x3, 0xc9,
    0x32, 0x10, 0x38, 0x0, 0xf9, 0x6e, 0x1c, 0xb,
    0x5c, 0x80, 0x3b, 0xaa, 0x5c, 0x0, 0x6d, 0x0,
    0x18, 0x44, 0xb8, 0xc0, 0x10, 0xc0, 0x6, 0x4f,
    0xb, 0x30, 0xf, 0xeb, 0xb4, 0x8, 0x7, 0xfd,
    0xba, 0x60, 0xf, 0xfe, 0x3, 0x10, 0x7, 0xa2,
    0x0, 0x1f, 0xd8, 0x45, 0x29, 0x80, 0x46, 0x60,
    0x9, 0x99, 0xbb, 0x1c, 0x0,

    /* U+5317 "北" */
    0x0, 0xe5, 0xe0, 0x7, 0x28, 0x7, 0xfc, 0x60,
    0x3, 0x0, 0xff, 0xe4, 0x8, 0x4, 0x23, 0x18,
    0x7, 0x8f, 0x74, 0x0, 0x4e, 0xea, 0x40, 0x31,
    0x56, 0x2e, 0x80, 0x13, 0xfe, 0xa0, 0xd, 0x5,
    0xd0, 0x20, 0x1f, 0xf5, 0x40, 0x80, 0x7f, 0xf7,
    0x8, 0x3, 0xfe, 0x47, 0xbf, 0x80, 0xf, 0xd4,
    0x61, 0xd5, 0x98, 0xa0, 0xd, 0xe2, 0x24, 0x57,
    0xa, 0xd7, 0x33, 0x80, 0x10, 0x9d, 0xca, 0x64,

    /* U+533A "区" */
    0x6f, 0xff, 0xfe, 0x5, 0x1, 0x8f, 0x77, 0xfd,
    0x60, 0x10, 0x88, 0x4, 0x79, 0x10, 0x22, 0x0,
    0xed, 0xc2, 0x0, 0xd, 0x70, 0x7, 0xdc, 0xfa,
    0xc1, 0x45, 0x60, 0x1f, 0x15, 0xcc, 0xb1, 0x3c,
    0x3, 0xfc, 0xce, 0x64, 0x60, 0x1f, 0xe5, 0x78,
    0xf, 0x30, 0xf, 0xcd, 0x54, 0x7c, 0x2c, 0x30,
    0xe, 0x3c, 0x8b, 0x50, 0x1c, 0x3f, 0x0, 0xe7,
    0x6f, 0x40, 0xd, 0xba, 0x0, 0xe4, 0xa1, 0x0,
    0xe1, 0x10, 0x4, 0x3f, 0xff, 0xfc, 0x1, 0x5f,
    0xff, 0xfe, 0x8, 0x80,

    /* U+5341 "十" */
    0x0, 0xfb, 0xa0, 0x3, 0xff, 0x84, 0x60, 0x1f,
    0xfe, 0xc1, 0x33, 0xf8, 0x4c, 0xfc, 0x9, 0x99,
    0xe1, 0x6c, 0xcf, 0xa, 0xff, 0xf8, 0x9f, 0xff,
    0xc2, 0x1, 0xff, 0xfb, 0x30, 0xf, 0xfe, 0x20,
    0x80, 0x7c,

    /* U+5343 "千" */
    0x0, 0xff, 0x25, 0x18, 0x6, 0x23, 0x46, 0x89,
    0xcf, 0xb6, 0xb0, 0xd, 0xf9, 0x3a, 0x2e, 0x9d,
    0xf9, 0x0, 0x1b, 0x7f, 0x6e, 0x4f, 0x84, 0x3,
    0xff, 0xae, 0x28, 0x67, 0xee, 0x33, 0xf1, 0x57,
    0x77, 0xb, 0x77, 0x74, 0x1f, 0x6e, 0xf1, 0x46,
    0xef, 0x58, 0x7, 0xff, 0xdc, 0xc0, 0x3f, 0xf8,
    0x62, 0x1, 0xe0,

    /* U+5355 "单" */
    0x0, 0xff, 0xe3, 0xb3, 0x80, 0x45, 0xa8, 0x1,
    0xf2, 0x41, 0x0, 0x2c, 0xd4, 0x3, 0xc2, 0x6c,
    0xc1, 0x26, 0x90, 0x10, 0xc, 0x5d, 0xc6, 0xbe,
    0xd0, 0x8e, 0xe1, 0x80, 0x77, 0x7f, 0x86, 0xff,
    0xdc, 0x1, 0xf2, 0x24, 0x6, 0x89, 0x0, 0x7d,
    0xdf, 0xe1, 0xbf, 0xf7, 0x0, 0x7d, 0x57, 0x61,
    0x8b, 0xb5, 0x0, 0x7d, 0xdf, 0xe1, 0xbf, 0xf7,
    0x0, 0x71, 0x7f, 0xe1, 0xaf, 0xfc, 0x60, 0x4,
    0x33, 0xe0, 0x23, 0x3f, 0x15, 0x6e, 0xf0, 0xce,
    0xef, 0x41, 0x77, 0x78, 0x6b, 0xbb, 0xac, 0x3,
    0xff, 0x94, 0x22, 0x0, 0xf0,

    /* U+5357 "南" */
    0x0, 0xf3, 0xd8, 0x7, 0xc4, 0x41, 0x1d, 0xa0,
    0x23, 0xc4, 0x19, 0x9e, 0x55, 0x66, 0x78, 0x3b,
    0x9b, 0xb8, 0x2b, 0x77, 0xb8, 0x1f, 0x77, 0x82,
    0x77, 0x79, 0x43, 0xc3, 0x31, 0x1f, 0xd9, 0x3f,
    0x98, 0x20, 0x7, 0x80, 0x8b, 0xa0, 0x45, 0x12,
    0x22, 0x0, 0xfa, 0x8c, 0x10, 0xe8, 0x3, 0xf7,
    0x71, 0xbe, 0xc3, 0xb8, 0x1, 0xf7, 0x7f, 0x95,
    0x5f, 0xee, 0x0, 0xf3, 0xff, 0xca, 0xaf, 0xf9,
    0x40, 0x39, 0xfb, 0xfc, 0xaa, 0xff, 0x72, 0x80,
    0x78, 0x40, 0x3c, 0x20, 0x1, 0xf, 0x0, 0xed,
    0xd0, 0x1, 0xfc, 0x1c, 0x3, 0xe7, 0x70, 0x1,
    0x45, 0xcc, 0x23, 0x40, 0x3f, 0x17, 0x40, 0x0,

    /* U+5360 "占" */
    0x0, 0xcb, 0x62, 0x1, 0xff, 0x12, 0x0, 0x7f,
    0xf4, 0x3b, 0xff, 0xc2, 0x1, 0xec, 0xdd, 0xf0,
    0x80, 0x78, 0x8b, 0xe0, 0xf, 0xfe, 0x1e, 0xff,
    0xd0, 0x1d, 0xff, 0x98, 0x2, 0x5d, 0xdf, 0xc0,
    0x1c, 0x64, 0x5f, 0x80, 0x3f, 0xf9, 0x2, 0x3f,
    0x80, 0x39, 0xbb, 0xbf, 0x0, 0x63, 0x6e, 0xef,
    0xc0, 0x20, 0x0,

    /* U+5370 "印" */
    0x0, 0x89, 0xac, 0x3, 0xf1, 0xe7, 0x6d, 0x9,
    0x9b, 0xff, 0x91, 0xcf, 0xfd, 0x94, 0x60, 0xe,
    0xe8, 0x3, 0x8, 0x7, 0x84, 0x60, 0xf, 0xfe,
    0x36, 0xed, 0xc2, 0x1, 0xfd, 0xff, 0x68, 0x80,
    0x7f, 0x11, 0x46, 0x1, 0xff, 0xc1, 0x10, 0xf,
    0xf8, 0x67, 0x80, 0x3e, 0x70, 0x4, 0x72, 0xd8,
    0x6, 0x7f, 0x2, 0x30, 0x4b, 0xc4, 0x0, 0xcb,
    0x5c, 0x2f, 0x58, 0x80, 0x1e, 0x25, 0x10, 0x2,
    0x80, 0x7f, 0xf0, 0x0,

    /* U+5373 "即" */
    0x4f, 0xff, 0x6, 0x77, 0x64, 0x0, 0x7f, 0xd4,
    0x0, 0x2b, 0xff, 0x0, 0x7f, 0x8c, 0x4, 0x40,
    0x1b, 0xfe, 0xa0, 0xf, 0xf7, 0xfd, 0x40, 0x1f,
    0xfc, 0xcf, 0xfa, 0x80, 0x3f, 0xdf, 0xf6, 0xf8,
    0x7, 0xfd, 0x1c, 0x1, 0xff, 0xc0, 0xc3, 0x50,
    0xc, 0x22, 0x0, 0x8a, 0x6c, 0xac, 0x2, 0x6e,
    0x5, 0xd0, 0xd3, 0xdd, 0x3, 0x80, 0x1e, 0x78,
    0x78, 0xf2, 0x88, 0x29, 0xcc, 0x5, 0x84, 0x1f,
    0xc, 0x2, 0x40, 0xf, 0x80,

    /* U+53BB "去" */
    0x0, 0xf9, 0xfc, 0x3, 0xff, 0x84, 0x20, 0x1f,
    0xfc, 0x41, 0x0, 0xfe, 0x6f, 0xfd, 0x23, 0xff,
    0xac, 0x3, 0x37, 0x7f, 0xd2, 0x3f, 0xee, 0xe5,
    0x0, 0x70, 0x80, 0x7c, 0x23, 0x0, 0x7f, 0xf1,
    0x8f, 0xff, 0xd2, 0x3f, 0xfe, 0x93, 0xef, 0xfd,
    0x25, 0xbf, 0xfb, 0xb9, 0x0, 0x20, 0x1a, 0x4,
    0x81, 0xc0, 0x2, 0x30, 0x7, 0x51, 0xe0, 0x14,
    0xd0, 0x7, 0xe9, 0x4c, 0x0, 0x16, 0xac, 0x80,
    0x70, 0xd3, 0xd2, 0xa9, 0xe6, 0x5, 0x9c, 0x3,
    0x22, 0x8d, 0x7e, 0x6, 0x47, 0xb4, 0x20, 0x4,
    0xb5, 0xdc, 0xb9, 0x75, 0x31, 0x9b, 0x40,

    /* U+53C2 "参" */
    0x0, 0xff, 0xe5, 0x2d, 0x88, 0x7, 0xff, 0x1,
    0x2b, 0x6, 0x5c, 0x3, 0xf9, 0x6a, 0xdc, 0x36,
    0x6c, 0x40, 0x3d, 0x14, 0x13, 0xbd, 0x40, 0x98,
    0x20, 0x1d, 0x57, 0xac, 0xce, 0xed, 0x62, 0x0,
    0x1f, 0xf6, 0xde, 0x22, 0x3f, 0xee, 0x9f, 0xd0,
    0x1e, 0xe7, 0xd0, 0x57, 0xe6, 0x6, 0x7f, 0xd8,
    0x0, 0x13, 0xab, 0xc4, 0x8c, 0x5d, 0x89, 0x11,
    0x0, 0xd6, 0x84, 0x4f, 0x1e, 0x2d, 0xe1, 0x75,
    0x8, 0xbb, 0x6b, 0x76, 0xaa, 0x61, 0x1d, 0x53,
    0xc4, 0x10, 0x86, 0x6, 0x78, 0xf6, 0xed, 0xe8,
    0xa0, 0x19, 0xb7, 0x37, 0xa9, 0x7d, 0xa8, 0x40,
    0x39, 0xfa, 0xe, 0xff, 0x2b, 0x10, 0x3, 0x97,
    0x7f, 0x7b, 0x3a, 0xd0, 0x3, 0xe5, 0x9d, 0xfb,
    0x61, 0x0, 0xf8,

    /* U+53C8 "又" */
    0x1, 0xfe, 0xef, 0xf2, 0x0, 0x43, 0x64, 0x4d,
    0xdf, 0x38, 0xa0, 0x6, 0x49, 0x32, 0x33, 0xe5,
    0x40, 0xf, 0x28, 0x30, 0x6, 0x23, 0xf0, 0xf,
    0x9a, 0x80, 0x35, 0x92, 0x0, 0x7d, 0x64, 0xa0,
    0x2, 0x68, 0x0, 0xfc, 0x4d, 0x0, 0xe, 0x35,
    0x0, 0xfe, 0x83, 0x98, 0x3e, 0x0, 0xff, 0xd,
    0xb3, 0xd1, 0x0, 0x7f, 0xda, 0x0, 0xd0, 0xf,
    0xf2, 0x6b, 0x5d, 0x9b, 0x54, 0x3, 0xcb, 0x96,
    0xfe, 0x88, 0xf4, 0xae, 0x85, 0x0, 0x6d, 0x3e,
    0x50, 0x80, 0x6, 0x79, 0x99, 0x2, 0x1f, 0xb6,
    0x60, 0x1e, 0x18, 0xec, 0x10,

    /* U+53CC "双" */
    0x0, 0xfc, 0x23, 0xe0, 0xb, 0x3f, 0xf9, 0xfb,
    0xbc, 0x20, 0xe, 0xdd, 0xa4, 0x1d, 0x1f, 0xfd,
    0x40, 0x20, 0x2, 0x2c, 0x4, 0x4, 0x20, 0x2,
    0x30, 0x9, 0x74, 0x43, 0x98, 0x38, 0xc0, 0x1a,
    0xa0, 0x12, 0x8e, 0x81, 0xe0, 0x13, 0x80, 0x1f,
    0xc0, 0x36, 0x8d, 0xa2, 0x1, 0xc8, 0x48, 0x88,
    0x1, 0x87, 0xd4, 0xc, 0x8, 0x52, 0x8c, 0x80,
    0x38, 0x8c, 0x24, 0x0, 0xf2, 0xd4, 0x1, 0xe4,
    0x3a, 0x66, 0x5, 0x18, 0x30, 0x7, 0xa6, 0x15,
    0xa4, 0x58, 0xc, 0x3, 0xd6, 0x2c, 0x13, 0x69,
    0x50, 0x18, 0x20, 0x15, 0x2f, 0x0, 0x59, 0x52,
    0xf8, 0x3e, 0xa0, 0xe, 0xd2, 0x1, 0xd6, 0xb6,
    0x1, 0xc5, 0x82, 0x4, 0x30, 0x0, 0xcf, 0xa0,
    0x4, 0x37, 0xa4,

    /* U+53CD "反" */
    0x0, 0xfe, 0x13, 0x69, 0x20, 0xd, 0x79, 0x8d,
    0xef, 0xed, 0xb5, 0x40, 0xc, 0xb7, 0xfd, 0x9d,
    0xfd, 0xb8, 0xc0, 0x1c, 0x46, 0x62, 0x10, 0xf,
    0xf1, 0x91, 0x7e, 0x0, 0xe1, 0x9d, 0xdf, 0xc4,
    0x1, 0xd6, 0x8d, 0xff, 0x94, 0xc8, 0x2, 0x10,
    0x6e, 0x60, 0x8, 0x56, 0x40, 0x32, 0x81, 0x29,
    0x40, 0x2, 0x9, 0x40, 0x36, 0x8, 0x2, 0x5c,
    0xd1, 0xa4, 0x3, 0x91, 0x0, 0x4, 0x7d, 0xa6,
    0x40, 0xc, 0x47, 0xc0, 0x16, 0x8, 0xb0, 0x3,
    0xa4, 0x90, 0x12, 0xec, 0xee, 0xac, 0x61, 0x1,
    0x68, 0x9e, 0xb2, 0xd8, 0x86, 0xb4, 0xf3, 0xe,
    0xae, 0xc7, 0x49, 0x0, 0xa, 0xba, 0x98,

    /* U+53D1 "发" */
    0x0, 0xfa, 0x10, 0x10, 0xc0, 0x3d, 0x90, 0x0,
    0x72, 0xc, 0xd2, 0x0, 0xe3, 0xb0, 0x30, 0x70,
    0x85, 0xf0, 0xc, 0xa4, 0x60, 0xa4, 0x20, 0xa,
    0xe0, 0xd, 0x65, 0xfe, 0x92, 0xff, 0xbb, 0x3e,
    0x0, 0x1b, 0x9b, 0xa0, 0xae, 0xee, 0xd9, 0x0,
    0x19, 0x89, 0x9, 0x44, 0x78, 0x84, 0x3, 0xa0,
    0xbf, 0xfb, 0x80, 0x3d, 0x20, 0x3d, 0xff, 0x1c,
    0x80, 0x73, 0x33, 0x5e, 0x80, 0xc, 0x2e, 0x1,
    0x9a, 0x64, 0x72, 0xd2, 0x91, 0xe0, 0x1a, 0x65,
    0x4c, 0x0, 0xf6, 0xba, 0x20, 0xd, 0xd8, 0xa0,
    0x6, 0xf2, 0x24, 0xb0, 0x80, 0x4e, 0x6f, 0x7f,
    0x51, 0xba, 0xbb, 0x76, 0xb8, 0x4, 0x59, 0xb8,
    0xa0, 0x6, 0xdd, 0x52, 0x0,

    /* U+53D6 "取" */
    0x0, 0xff, 0xe2, 0x17, 0xff, 0xd5, 0xdb, 0xb8,
    0xc0, 0xbc, 0x73, 0xfc, 0x39, 0x63, 0x1f, 0xc4,
    0x20, 0x1f, 0xc2, 0x31, 0x8, 0x10, 0x6, 0xdd,
    0x84, 0x0, 0x42, 0xc, 0x20, 0x1d, 0x59, 0x81,
    0x0, 0x39, 0x81, 0x90, 0x7, 0x38, 0x88, 0x2,
    0x2f, 0xc, 0x40, 0xe, 0x44, 0x80, 0x2c, 0x50,
    0x4c, 0x0, 0xeb, 0xff, 0x8, 0x1, 0xd, 0xc5,
    0x0, 0x3b, 0xee, 0xc2, 0x0, 0x14, 0x89, 0x0,
    0xfc, 0x41, 0xf6, 0x6, 0x6, 0x1, 0x90, 0x7f,
    0xbc, 0x6e, 0x89, 0xce, 0x44, 0x0, 0x36, 0x95,
    0xfa, 0x28, 0x7e, 0xb8, 0xde, 0x80, 0x3d, 0x6c,
    0x20, 0x7, 0xc1, 0xa0, 0xb2, 0xa1, 0x1, 0x0,
    0xc2, 0x19, 0x80, 0xb, 0x30, 0x20,

    /* U+53E3 "口" */
    0x5f, 0xff, 0xf3, 0x0, 0xf7, 0x7e, 0x20, 0x8,
    0x47, 0xf0, 0x7, 0xff, 0xfc, 0x4, 0x7f, 0x0,
    0x43, 0xdd, 0xf8, 0x80, 0x3, 0xff, 0xf8, 0x84,

    /* U+53EA "只" */
    0x0, 0xbb, 0xff, 0xf8, 0x3, 0xd1, 0xdd, 0xe9,
    0x10, 0xf, 0x84, 0x7c, 0x1, 0xff, 0xe2, 0x10,
    0xf, 0x47, 0xff, 0xa4, 0x3, 0xd9, 0xb9, 0xbb,
    0xf0, 0x7, 0x10, 0x70, 0x11, 0x7, 0xc0, 0x80,
    0x38, 0x7c, 0x48, 0x0, 0x63, 0x84, 0x1, 0xda,
    0x1a, 0x1, 0xb4, 0xb0, 0x80, 0x2c, 0x1c, 0x10,
    0xc, 0x3a, 0x78, 0x41, 0x85, 0xe2, 0x1, 0xe1,
    0xf0, 0xb0, 0xec, 0x20, 0xf, 0xc5, 0x92,

    /* U+53EF "可" */
    0x5f, 0xee, 0xff, 0xe0, 0x6a, 0x66, 0x7f, 0x81,
    0xb3, 0xc4, 0xc8, 0xbf, 0x83, 0xc8, 0x80, 0x1,
    0xff, 0xee, 0x0, 0xff, 0x67, 0x72, 0x44, 0x3,
    0xfc, 0x23, 0x18, 0x7, 0xff, 0x38, 0x46, 0x30,
    0xf, 0xfb, 0x3b, 0x92, 0x1, 0xff, 0x6f, 0xfb,
    0x10, 0x3, 0xf0, 0xd9, 0x0, 0xe, 0xc0, 0x3f,
    0x90, 0x3, 0xc2, 0x20, 0xf, 0xfe, 0x7, 0xf0,
    0x20, 0x7, 0xfd, 0x54, 0xe3, 0x0, 0x0,

    /* U+53F3 "右" */
    0x0, 0xf0, 0xea, 0x0, 0x7f, 0xf0, 0x14, 0x98,
    0x3, 0xff, 0x81, 0x82, 0x40, 0x1f, 0x7f, 0xf3,
    0x8f, 0xff, 0xb8, 0x37, 0x75, 0x85, 0xee, 0xfb,
    0x0, 0x8b, 0x69, 0xa1, 0x17, 0xc0, 0x18, 0x9b,
    0xc0, 0x3f, 0xf8, 0x1c, 0x19, 0xff, 0xe4, 0x0,
    0xd0, 0x6b, 0xbb, 0xd8, 0x1, 0xd0, 0xe2, 0x64,
    0x5e, 0x0, 0xd2, 0xf0, 0xa0, 0x1f, 0xe2, 0x77,
    0x80, 0x3f, 0xe2, 0xf8, 0x0, 0x12, 0xaf, 0x38,
    0x6, 0x10, 0x9, 0x66, 0x7a, 0x80, 0x3f, 0x3e,
    0x67, 0x68, 0x4,

    /* U+53F7 "号" */
    0x0, 0x9f, 0xff, 0xf4, 0x0, 0x7c, 0x7f, 0xfe,
    0x40, 0xf, 0xfe, 0x61, 0xff, 0xf9, 0x0, 0x3e,
    0x7f, 0xff, 0xd0, 0x1, 0xb7, 0x33, 0xff, 0x81,
    0xa0, 0x9, 0xff, 0x51, 0xff, 0xfe, 0x90, 0x2,
    0x19, 0xb8, 0xcf, 0xf9, 0x0, 0x39, 0xb, 0x77,
    0xd6, 0x1, 0xf7, 0xef, 0x77, 0x30, 0x7, 0xe3,
    0x3f, 0x80, 0x80, 0x3f, 0xf8, 0x4b, 0xc0, 0x1f,
    0xe2, 0x55, 0x40, 0xa0, 0x7, 0xfd, 0x54, 0x48,
    0x30, 0xf, 0xf1, 0x7f, 0xb1, 0xc0, 0x30,

    /* U+5403 "吃" */
    0x0, 0xf9, 0xc8, 0x3, 0xfe, 0x28, 0x60, 0xe,
    0xcd, 0xd8, 0xc2, 0xc9, 0x88, 0xa3, 0x12, 0x8f,
    0x30, 0x26, 0x3c, 0xcd, 0xae, 0x62, 0x40, 0x32,
    0x9d, 0xde, 0x60, 0xd, 0x69, 0xc6, 0x45, 0x80,
    0x3d, 0x59, 0x1b, 0x98, 0xdd, 0x18, 0x7, 0x9,
    0xef, 0x72, 0x2, 0x8c, 0x3, 0xf9, 0xe3, 0x14,
    0x2, 0xbf, 0x10, 0x9, 0xa7, 0xc, 0x3, 0x5f,
    0x88, 0x81, 0x27, 0x48, 0x3, 0x18, 0x1, 0x4,
    0x2a, 0x86, 0x1, 0x2b, 0x3b, 0x5, 0x11, 0x8b,
    0x88, 0xe9, 0xc9, 0x20, 0x8, 0xd7, 0x3b, 0xaf,
    0x8,

    /* U+5404 "各" */
    0x0, 0xff, 0xe4, 0xdb, 0x0, 0x7f, 0xf0, 0x49,
    0x14, 0x3, 0xff, 0x83, 0x1, 0x9f, 0xfc, 0x80,
    0x1e, 0x45, 0x46, 0xff, 0x8d, 0x90, 0x3, 0x8a,
    0xa6, 0x9d, 0x2, 0x82, 0x40, 0x3c, 0xae, 0xc3,
    0x54, 0xb6, 0xc0, 0xf, 0x9e, 0x40, 0x4, 0x8,
    0xc4, 0x1, 0xf8, 0xe7, 0xb7, 0x5c, 0x7b, 0xa9,
    0x64, 0x1, 0xbe, 0xe1, 0xd5, 0x8, 0x23, 0x6c,
    0xef, 0x40, 0x7b, 0x30, 0xb7, 0xdd, 0xb6, 0x7b,
    0x64, 0x0, 0xa4, 0x0, 0xdf, 0xfe, 0x10, 0xf,
    0xfe, 0x6b, 0xa2, 0x70, 0x80, 0x7f, 0x4c, 0x47,
    0x0, 0x7e, 0x1d, 0xcc, 0xf7, 0xa0, 0x4,

    /* U+540C "同" */
    0x6f, 0xff, 0xfe, 0x3, 0x0, 0xe6, 0x7f, 0x84,
    0xc0, 0x6, 0x2, 0x3e, 0x3, 0x0, 0xec, 0xdd,
    0xf6, 0x8, 0x7, 0x7f, 0xfe, 0x10, 0xf, 0x11,
    0x78, 0x3, 0xf7, 0xe7, 0xfb, 0x30, 0x1, 0xfd,
    0x7b, 0xaa, 0x30, 0xf, 0xfe, 0x9, 0x80, 0x7f,
    0x57, 0xfa, 0xc0, 0x3f, 0xb3, 0xbb, 0x78, 0x7,
    0xe1, 0x1f, 0x0, 0x7f, 0xf0, 0x96, 0xc4, 0x60,
    0xf, 0xe6, 0x43, 0x57, 0xe0, 0xf, 0xc7, 0xf8,
    0x20,

    /* U+540D "名" */
    0x0, 0xff, 0xe3, 0x9e, 0x90, 0x7, 0xfd, 0x2,
    0x40, 0x1f, 0xe6, 0x43, 0xff, 0xf1, 0x80, 0x49,
    0x35, 0xff, 0xb8, 0xa0, 0xc0, 0xd, 0x73, 0xb6,
    0x20, 0xa, 0x67, 0x0, 0xb2, 0x5a, 0x5f, 0xd3,
    0x1e, 0xc0, 0x35, 0x30, 0xe, 0x2d, 0xbe, 0x0,
    0x7e, 0x29, 0x48, 0xb0, 0xf, 0x92, 0xb5, 0x82,
    0x3f, 0xf8, 0x27, 0xe8, 0x4b, 0xff, 0xd4, 0x0,
    0xab, 0xee, 0x0, 0x7e, 0x10, 0x34, 0x0, 0xff,
    0xe2, 0x17, 0xff, 0xa8, 0x3, 0xc5, 0xff, 0xea,
    0x10, 0xc, 0x60, 0x1f, 0xfc, 0x16, 0xd0, 0xf,
    0x2f, 0x80,

    /* U+540E "后" */
    0x0, 0xff, 0x85, 0x8, 0x2, 0x14, 0x42, 0xbc,
    0x56, 0x77, 0x2e, 0x40, 0x24, 0xb8, 0xed, 0x1d,
    0x9a, 0xdf, 0xb0, 0xe, 0xcb, 0xa9, 0x75, 0x42,
    0x0, 0xf8, 0xcf, 0xf9, 0x10, 0x1, 0xb7, 0x7f,
    0xaa, 0x80, 0x3, 0x1e, 0xef, 0xf8, 0x0, 0x24,
    0x4, 0x5f, 0xc0, 0x17, 0x38, 0x66, 0x7d, 0xb8,
    0x1, 0x29, 0x80, 0x2f, 0xbb, 0xa8, 0xc0, 0x23,
    0xc0, 0xf, 0xfe, 0x3, 0x2, 0x0, 0x7f, 0xc3,
    0xc, 0x1, 0x57, 0xff, 0x50, 0x5, 0x10, 0x0,
    0xab, 0xff, 0xa8, 0xc0, 0x58, 0x40, 0x1e, 0xa0,
    0x1c, 0xbc, 0x0,

    /* U+5411 "向" */
    0x0, 0xc8, 0xe2, 0x1, 0xff, 0x6c, 0x88, 0x7,
    0xe2, 0x29, 0x1c, 0x8b, 0xe1, 0x2d, 0xd8, 0x9b,
    0x77, 0xe7, 0x0, 0x6f, 0xff, 0xf0, 0x98, 0x7,
    0xff, 0x1b, 0xff, 0xc2, 0x1, 0xf0, 0xd7, 0xfa,
    0xc0, 0x3f, 0xfb, 0x55, 0xfe, 0xb0, 0xf, 0xee,
    0xff, 0xe1, 0x0, 0xff, 0xe0, 0xab, 0x8, 0x80,
    0x6, 0x1, 0xf1, 0x42, 0x20,

    /* U+5426 "否" */
    0x0, 0xff, 0xe2, 0x8f, 0xff, 0xff, 0x2, 0x0,
    0x3, 0xba, 0xee, 0x69, 0x8e, 0x77, 0x5b, 0x20,
    0x11, 0x10, 0x43, 0x8d, 0x8c, 0xc2, 0x22, 0x10,
    0xe, 0x5f, 0x21, 0x1, 0xdd, 0x28, 0x7, 0x2e,
    0xd3, 0xf9, 0x80, 0xe3, 0xd6, 0xa8, 0x3, 0x69,
    0xf6, 0x44, 0x2, 0x3a, 0xc1, 0xa3, 0xe, 0xda,
    0x20, 0xf, 0x8f, 0x30, 0x60, 0x65, 0x9f, 0xf1,
    0x3f, 0xfe, 0x23, 0x0, 0xe6, 0xdd, 0xf5, 0x1,
    0x80, 0x78, 0x48, 0xbc, 0xc0, 0x1f, 0xfc, 0xc7,
    0xff, 0xf6, 0x0, 0x7e, 0x6d, 0xdf, 0x50, 0x18,
    0x7, 0x6c, 0x11, 0x79, 0x7c, 0x80, 0x0,

    /* U+542F "启" */
    0x0, 0xfc, 0x20, 0x1f, 0xfc, 0x8, 0xc0, 0xf,
    0xfe, 0x5, 0x93, 0x0, 0x7d, 0xdf, 0xf6, 0x4,
    0xff, 0xcc, 0x1, 0xb3, 0xff, 0xe1, 0x0, 0xff,
    0xe3, 0xaa, 0x27, 0xc2, 0x1, 0x86, 0xe2, 0x3e,
    0x33, 0x0, 0x6c, 0xcf, 0xe5, 0x0, 0x20, 0x3e,
    0xef, 0xe8, 0x0, 0x18, 0x81, 0xff, 0xf8, 0x44,
    0x0, 0xc4, 0x0, 0x11, 0x79, 0xc0, 0x2, 0x98,
    0x1, 0xff, 0x40, 0x30, 0xf, 0xff, 0x90, 0x9,
    0x9c, 0x0, 0x3d, 0xde, 0x30, 0x2a, 0x90, 0x1,
    0x88, 0xf9, 0xc0,

    /* U+544A "告" */
    0x0, 0x84, 0x80, 0xd, 0xe0, 0x1f, 0xe9, 0xc0,
    0xf, 0xfe, 0x13, 0x38, 0x88, 0x0, 0x23, 0xc0,
    0x1a, 0x5, 0xff, 0xd2, 0x1f, 0xfa, 0xc0, 0x21,
    0x78, 0xee, 0xa4, 0x3b, 0xb5, 0x0, 0x43, 0xae,
    0x1, 0xff, 0xc0, 0x2f, 0xdf, 0xfd, 0x21, 0xff,
    0xe2, 0x27, 0xff, 0xff, 0x8, 0x80, 0x2d, 0xdf,
    0xf0, 0x80, 0x71, 0x57, 0x77, 0xac, 0x80, 0x3e,
    0x23, 0x3f, 0x10, 0x7, 0xff, 0x32, 0xbf, 0xfd,
    0x60, 0x1f, 0xa7, 0xbb, 0xd4, 0x1, 0xf7, 0xb0,
    0x8f, 0x97, 0x84, 0x0,

    /* U+5458 "员" */
    0x0, 0xb7, 0xff, 0xf8, 0x3, 0xe8, 0xee, 0xf5,
    0x0, 0x7f, 0x8, 0xf8, 0x3, 0xfa, 0x3f, 0xfd,
    0x40, 0x1f, 0x6f, 0xff, 0xf0, 0x7, 0x3f, 0xff,
    0xfa, 0x0, 0x3d, 0xff, 0xf8, 0x40, 0x3f, 0xd3,
    0x60, 0x1f, 0xfc, 0x22, 0x10, 0xf, 0xfe, 0x12,
    0x68, 0x6, 0x10, 0xc, 0xda, 0x0, 0x91, 0x78,
    0xd6, 0xf9, 0x0, 0xc2, 0x49, 0x8f, 0xa1, 0x4b,
    0x1e, 0xe0, 0x15, 0x77, 0xd2, 0xf9, 0x81, 0x47,
    0x4c, 0x68, 0x3, 0xa6, 0xfa, 0x44, 0x3, 0x9f,
    0xb8, 0x0,

    /* U+5468 "周" */
    0x0, 0x3f, 0xff, 0xfc, 0x1, 0x8f, 0xfe, 0xb7,
    0xff, 0xb0, 0x3, 0x8, 0x1, 0x11, 0x8a, 0x88,
    0x10, 0xf, 0xd1, 0x2a, 0x51, 0x5, 0x0, 0xf3,
    0x86, 0x6c, 0x1e, 0x61, 0x0, 0x3e, 0x8f, 0xf5,
    0x1f, 0x7f, 0x94, 0x3, 0x70, 0xc7, 0xfe, 0xef,
    0xe2, 0x0, 0xc2, 0x61, 0xdf, 0xfc, 0xe, 0x1,
    0x97, 0x80, 0x17, 0xfe, 0xd0, 0xf, 0x8c, 0xc0,
    0x1c, 0x60, 0x1e, 0x50, 0x50, 0x5, 0xff, 0xb8,
    0x3, 0xd0, 0x82, 0x1d, 0xff, 0xb4, 0x90, 0x40,
    0x5b, 0xc0, 0x3e, 0x1c, 0x96, 0x1, 0xb4, 0x0,
    0xf8, 0xff, 0xa0, 0x0,

    /* U+547D "命" */
    0x0, 0xff, 0xe5, 0xcc, 0x80, 0x3f, 0xf8, 0x28,
    0xce, 0x20, 0x1f, 0xf1, 0xdd, 0x36, 0x8, 0x7,
    0xf2, 0x6c, 0xac, 0x27, 0xa0, 0x7, 0x86, 0x6a,
    0x50, 0x89, 0x6f, 0x76, 0x40, 0xa, 0x78, 0xff,
    0x7f, 0xf3, 0xe8, 0xdd, 0x80, 0x3, 0x72, 0x53,
    0xd9, 0x8e, 0xd1, 0x9c, 0x90, 0x4, 0x3e, 0x44,
    0x31, 0x17, 0x22, 0x18, 0xe4, 0x1, 0xd7, 0x62,
    0x0, 0xd, 0xd8, 0x80, 0x3f, 0xf9, 0x73, 0x23,
    0x0, 0xe3, 0x0, 0xfb, 0x30, 0x1, 0x8b, 0x85,
    0x40, 0x30, 0xba, 0xab, 0x50, 0x0, 0x57, 0xc2,
    0x1, 0x8a, 0x0, 0x6, 0x20, 0x12, 0x88, 0x7,
    0xff, 0x1c,

    /* U+548C "和" */
    0x0, 0xf8, 0x80, 0x3f, 0x91, 0x5e, 0xb7, 0x46,
    0x1, 0xfa, 0x65, 0x89, 0x1a, 0x62, 0x89, 0xc0,
    0xd, 0xcf, 0x35, 0x20, 0x5b, 0x88, 0x4d, 0x80,
    0x7f, 0x87, 0x31, 0x22, 0x15, 0xfe, 0xb2, 0xff,
    0x80, 0x3e, 0xaf, 0xf2, 0x97, 0xfc, 0x1, 0xfc,
    0x4a, 0x10, 0xc0, 0x1f, 0xe8, 0x10, 0xe9, 0x30,
    0xf, 0xc8, 0xb0, 0xc, 0x9c, 0x1, 0xf0, 0xd4,
    0x10, 0x2, 0x60, 0x0, 0x66, 0x20, 0x6, 0xab,
    0x80, 0x44, 0xa0, 0x3f, 0xeb, 0x0, 0x7d, 0x0,
    0x7c, 0x39, 0x89, 0x10, 0x31, 0x1, 0x30, 0x9,
    0x6c, 0x0, 0xb6,

    /* U+54CD "响" */
    0x0, 0xf8, 0x40, 0x3f, 0xf8, 0x35, 0x80, 0x1c,
    0xac, 0xd0, 0x4, 0xb4, 0x1, 0xd7, 0x9f, 0x21,
    0xfe, 0x19, 0xff, 0xca, 0x13, 0x20, 0xb, 0x3f,
    0xf8, 0x40, 0xc0, 0x3f, 0xf9, 0x19, 0xff, 0x0,
    0x7f, 0x86, 0xb8, 0x3, 0xff, 0x80, 0x22, 0x0,
    0xff, 0xe3, 0xa2, 0x80, 0x7f, 0xc7, 0xb8, 0x1,
    0x86, 0xfc, 0x3, 0xa6, 0x4e, 0x1, 0x67, 0xfc,
    0x1, 0x51, 0x4, 0x0, 0x78, 0x50, 0x41, 0x4,
    0x3, 0xf1, 0x4a, 0xa8,

    /* U+5524 "唤" */
    0x0, 0xf8, 0x48, 0x3, 0xff, 0x83, 0x18, 0x20,
    0x1d, 0x79, 0x90, 0x81, 0xb0, 0x6e, 0x60, 0x40,
    0xb, 0x50, 0x60, 0x5a, 0xdb, 0xec, 0xe2, 0x0,
    0x35, 0x40, 0x3c, 0x49, 0x33, 0x27, 0x80, 0x7c,
    0x76, 0xd9, 0x8d, 0x18, 0xc1, 0x0, 0xf3, 0x17,
    0x41, 0x6f, 0x98, 0x7, 0xf1, 0x28, 0x11, 0x80,
    0x7f, 0xf1, 0xd8, 0xc0, 0x98, 0x9, 0x40, 0x8c,
    0x8, 0x42, 0x3c, 0x2e, 0x4b, 0xa4, 0x33, 0xcf,
    0xd0, 0xfb, 0x16, 0x73, 0x26, 0x60, 0x66, 0x4a,
    0x42, 0x14, 0x20, 0x8, 0x59, 0x4a, 0x0, 0xb0,
    0x80, 0x25, 0xc6, 0xc0, 0xb7, 0xd6, 0x0, 0xe9,
    0xa5, 0xf2, 0x1, 0xd4, 0xa0, 0xe, 0x9f, 0x91,
    0x0, 0xd3, 0x80,

    /* U+5668 "器" */
    0x0, 0x4f, 0xf7, 0x3d, 0x17, 0xfb, 0xb0, 0x6,
    0x17, 0xee, 0x1b, 0x89, 0xf7, 0x34, 0xc0, 0x39,
    0xbb, 0x84, 0x0, 0x2e, 0xe6, 0x80, 0x74, 0x77,
    0x6a, 0x3e, 0xd6, 0xed, 0x0, 0x89, 0x51, 0x33,
    0xea, 0x2a, 0xc8, 0x80, 0x3, 0x77, 0x69, 0x15,
    0x9c, 0x7f, 0xee, 0x0, 0x12, 0xed, 0xc6, 0x17,
    0xa2, 0x2c, 0x9b, 0xb0, 0x2, 0xff, 0xdd, 0x9a,
    0x85, 0x9f, 0xf7, 0x70, 0x42, 0x9c, 0x9a, 0x70,
    0xcd, 0x90, 0xa0, 0x9e, 0x20, 0x20, 0xbd, 0xc1,
    0x0, 0xf, 0x72, 0x58, 0x3, 0x84, 0x88, 0x20,
    0x1, 0x22, 0x30, 0x7, 0x9b, 0x74, 0x60, 0x3,
    0xdd, 0x80, 0x38, 0x5b, 0x74, 0x6e, 0xe3, 0xdd,
    0x80, 0x3a, 0x60, 0x1, 0x88, 0x8c, 0x0, 0x1e,
    0x80, 0x0,

    /* U+56DB "四" */
    0x5f, 0xff, 0xfe, 0x2, 0x80, 0xff, 0xb8, 0x33,
    0x1, 0xff, 0x8, 0x7, 0x8, 0x10, 0x7, 0xfc,
    0x40, 0x20, 0x1f, 0xf3, 0x90, 0x7, 0xff, 0x3,
    0x90, 0x3, 0xfe, 0x34, 0xb0, 0x8, 0x40, 0x3c,
    0x5a, 0xe4, 0x4, 0x1d, 0xec, 0x1, 0x99, 0xe0,
    0x0, 0x3d, 0xba, 0x60, 0xc, 0x92, 0x1, 0x84,
    0x88, 0x1, 0xc2, 0x3f, 0xe0, 0x8, 0x7b, 0xbf,
    0xc2, 0x6, 0x3f, 0xff, 0xe1, 0x36, 0xf0, 0xf,
    0xf7, 0x30,

    /* U+56DE "回" */
    0x3f, 0xff, 0xfe, 0x0, 0x80, 0x3b, 0xbf, 0xb4,
    0x3, 0x8, 0xff, 0x0, 0x7d, 0xdf, 0xfb, 0x80,
    0x3f, 0xaf, 0xfd, 0x60, 0x1f, 0xfd, 0xa9, 0xcc,
    0x48, 0x80, 0x7e, 0xa9, 0x88, 0x4d, 0x80, 0x7e,
    0x44, 0xf0, 0x7, 0xff, 0x23, 0xff, 0xfb, 0x40,
    0x37, 0xff, 0xf6, 0x80, 0xf, 0xc0, 0x3f, 0x8b,
    0x84,

    /* U+56E0 "因" */
    0x5f, 0xff, 0xfe, 0x2, 0x88, 0xbf, 0xf6, 0x4f,
    0xfe, 0x11, 0x0, 0x79, 0x2c, 0x3, 0xf8, 0xcc,
    0x5e, 0x24, 0x43, 0x10, 0xe, 0xcd, 0xc7, 0x3c,
    0xc6, 0xb0, 0x7, 0x7f, 0x71, 0x1b, 0xba, 0x70,
    0xf, 0x85, 0x10, 0x60, 0x1f, 0xeb, 0x38, 0xc8,
    0x0, 0xf8, 0xad, 0xf5, 0x71, 0xb0, 0x40, 0x3a,
    0x43, 0x4, 0xf, 0x18, 0x40, 0x3a, 0xec, 0x20,
    0x11, 0x50, 0x6, 0x1f, 0xff, 0xf0, 0x80, 0x8b,
    0xbb, 0xfc, 0x22, 0x5f, 0x11, 0xff, 0x72, 0x80,

    /* U+56FA "固" */
    0x5f, 0xff, 0xfe, 0x7, 0x0, 0xee, 0xec, 0xad,
    0xdd, 0x20, 0x20, 0x45, 0x9e, 0x88, 0xb1, 0x80,
    0x6d, 0xee, 0x50, 0x77, 0x4a, 0x1, 0xdf, 0x98,
    0x81, 0xcc, 0x90, 0x3, 0x88, 0xb0, 0x11, 0x42,
    0x1, 0xef, 0xf5, 0x8f, 0xf9, 0x80, 0x3f, 0x67,
    0x74, 0x40, 0x1f, 0xc2, 0x38, 0x3, 0xfd, 0x9d,
    0xd1, 0x0, 0x7e, 0xdc, 0xcd, 0xae, 0x1, 0x8,
    0x22, 0x19, 0xbc, 0xa9, 0xa0, 0x1, 0x99, 0xff,
    0x30, 0x2f, 0x6e, 0xff, 0xbb, 0x80,

    /* U+56FD "国" */
    0x5f, 0xff, 0xfe, 0x2, 0x8, 0xbf, 0xff, 0xc2,
    0x1, 0xbf, 0xfe, 0xd0, 0xf, 0x77, 0x3c, 0xaf,
    0xfb, 0x0, 0x3c, 0x22, 0x0, 0xc2, 0x20, 0xf,
    0x5f, 0xf8, 0xaf, 0xfd, 0x0, 0x1e, 0xae, 0xf2,
    0xbd, 0xc8, 0x0, 0xf0, 0x88, 0x2, 0xbe, 0x0,
    0xff, 0xe0, 0x4d, 0x80, 0x79, 0x7f, 0xe2, 0xbf,
    0x9f, 0x20, 0xc, 0xbd, 0xff, 0xee, 0x20, 0xe,
    0x10, 0xf, 0x8, 0x6, 0x1e, 0xef, 0xf0, 0x80,
    0x8b, 0xbb, 0xfc, 0x22, 0x5e, 0x0, 0xff, 0x72,
    0x80,

    /* U+56FE "图" */
    0x5f, 0xff, 0xfe, 0x2, 0x88, 0xbf, 0xe9, 0x7f,
    0xfe, 0x20, 0xe, 0x29, 0x7f, 0xf8, 0xc0, 0x3c,
    0x3e, 0x5d, 0xe8, 0xa6, 0x1, 0xed, 0x57, 0xa8,
    0x7a, 0x0, 0xfb, 0x62, 0x51, 0xe8, 0x3, 0xe1,
    0x7b, 0xd8, 0xa8, 0xe9, 0x30, 0xc, 0x35, 0x98,
    0x9c, 0xdb, 0x22, 0x0, 0x76, 0x39, 0x69, 0x6a,
    0xd8, 0x80, 0x78, 0x7a, 0x7b, 0xc0, 0x3f, 0x87,
    0x4e, 0xbc, 0x3, 0xe2, 0x28, 0x6f, 0x20, 0x8a,
    0x30, 0x0, 0xe6, 0x76, 0xc6, 0x64, 0x20, 0x22,
    0xee, 0xff, 0x11, 0xaf, 0x80, 0x7f, 0xb5, 0x80,

    /* U+5706 "圆" */
    0x4f, 0xff, 0xfe, 0x2, 0xb8, 0xff, 0x9d, 0x13,
    0xbb, 0xcc, 0x3, 0x8f, 0x22, 0x24, 0x10, 0xf,
    0xd5, 0xff, 0x0, 0x80, 0x7d, 0x5f, 0xdd, 0x68,
    0x80, 0x78, 0xf3, 0xff, 0x9c, 0x3, 0xe3, 0xc9,
    0x96, 0x27, 0x80, 0x7e, 0x1e, 0xd1, 0x0, 0xfe,
    0x20, 0x4c, 0x4c, 0xd0, 0xf, 0x1e, 0x40, 0x35,
    0xfa, 0x80, 0x7a, 0x75, 0xb4, 0xf5, 0xb4, 0x40,
    0x38, 0x6f, 0xcc, 0xb, 0x6c, 0x40, 0x21, 0xf7,
    0x9e, 0xff, 0xba, 0x7c, 0xc1, 0xc7, 0xff, 0xfc,
    0x66, 0x4e, 0x0, 0xff, 0x63, 0x0,

    /* U+5728 "在" */
    0x0, 0xf2, 0x58, 0x80, 0x7f, 0xf0, 0x75, 0x84,
    0x3, 0xf1, 0x2a, 0x24, 0xee, 0x44, 0xf8, 0x0,
    0xf3, 0x10, 0x91, 0x68, 0x8f, 0x80, 0xb, 0x99,
    0x3a, 0xe6, 0x16, 0xb3, 0x30, 0x7, 0x12, 0xc0,
    0x1, 0x78, 0x3, 0xf3, 0x7c, 0x90, 0x7, 0xfc,
    0x50, 0xcf, 0xdb, 0xa3, 0x6d, 0xd7, 0x0, 0x47,
    0x82, 0x43, 0x5d, 0xc3, 0x7e, 0xe5, 0x0, 0xb,
    0x11, 0x80, 0x8, 0x66, 0x1, 0x33, 0x20, 0x0,
    0xae, 0x80, 0x3f, 0xf8, 0x48, 0x1, 0xff, 0xc7,
    0x22, 0xc0, 0x24, 0x51, 0x80, 0x63, 0x8, 0xff,
    0x85, 0x3f, 0xed, 0x0, 0xe3, 0xad, 0xdf, 0xdc,
    0x0,

    /* U+5730 "地" */
    0x0, 0x1f, 0x8, 0x6, 0x2f, 0x10, 0xf, 0x84,
    0x0, 0x2a, 0x1, 0xff, 0xc2, 0x3a, 0x0, 0xff,
    0xe3, 0x93, 0x5a, 0x0, 0xe7, 0x6, 0xd8, 0x0,
    0xa8, 0x33, 0x50, 0x0, 0x33, 0x61, 0x3b, 0x41,
    0xa8, 0x1d, 0x60, 0x19, 0x54, 0x9, 0xca, 0x1d,
    0xc0, 0xf, 0xfa, 0x3c, 0x4, 0x3, 0x9c, 0x3,
    0xff, 0x82, 0x20, 0x1f, 0xfc, 0x27, 0xe2, 0x30,
    0xe, 0x6d, 0x0, 0xe4, 0xad, 0x0, 0xc, 0x70,
    0x65, 0x80, 0x46, 0xe4, 0xa1, 0x44, 0x27, 0x5d,
    0x6c, 0x60, 0x81, 0x22, 0x27, 0x50, 0x5, 0xb8,
    0x80, 0x5, 0x6f, 0xbb, 0x4b, 0x90,

    /* U+5740 "址" */
    0x0, 0xff, 0x73, 0x80, 0x79, 0x7c, 0x3, 0xc6,
    0x20, 0x1f, 0xfc, 0xf8, 0x30, 0xf, 0x8a, 0x78,
    0x26, 0x1, 0xd8, 0x0, 0x24, 0x41, 0x0, 0x8,
    0x83, 0xb8, 0x0, 0x10, 0x4, 0x6e, 0xa4, 0xa,
    0x3c, 0x1d, 0x80, 0x3a, 0x7f, 0xd0, 0x1, 0xff,
    0xe9, 0xae, 0x0, 0xff, 0x1e, 0x50, 0x2, 0x80,
    0x3f, 0xc2, 0x29, 0xfb, 0x3, 0x2, 0x33, 0x71,
    0x99, 0x0, 0xb5, 0x80, 0xab, 0x8a, 0xf8, 0xd7,
    0xb9, 0x44,

    /* U+574F "坏" */
    0x0, 0xf, 0x90, 0x2a, 0x27, 0xca, 0x1, 0xf4,
    0x46, 0xba, 0x88, 0x84, 0x3, 0xdb, 0x99, 0x6,
    0xe6, 0x34, 0x4f, 0xf8, 0x37, 0xd0, 0x0, 0x80,
    0x60, 0x18, 0xf7, 0x41, 0x9a, 0x80, 0xd, 0x0,
    0x28, 0x6, 0x23, 0x1, 0x20, 0x0, 0xb0, 0x25,
    0x18, 0x7, 0xfa, 0xc, 0x11, 0x78, 0x3, 0xe2,
    0x3, 0x78, 0x0, 0x59, 0x38, 0x7, 0x4e, 0x9f,
    0x43, 0x80, 0x5, 0xe0, 0x45, 0x1e, 0x5, 0x9e,
    0xec, 0x1, 0xa5, 0x40, 0xdd, 0xdd, 0x36, 0x14,
    0x1, 0xc3, 0x42, 0x5d, 0x22, 0x11, 0xa0, 0x1f,
    0xe1, 0x0, 0xc2, 0x1, 0xff, 0xcd,

    /* U+5750 "坐" */
    0x0, 0xfb, 0xd8, 0x3, 0xf9, 0x90, 0x0, 0x26,
    0x0, 0x95, 0x0, 0xe8, 0xc0, 0xf, 0x30, 0x7,
    0x18, 0xd0, 0x7, 0x28, 0x28, 0x6, 0xa0, 0x80,
    0xe, 0x90, 0xa0, 0x8, 0x5a, 0x9e, 0x80, 0x23,
    0x35, 0xbd, 0x0, 0x2c, 0xd7, 0xd5, 0x0, 0x1e,
    0xc9, 0xe8, 0xc2, 0xfc, 0x5, 0xa8, 0x4, 0xf0,
    0x5, 0x8c, 0x3a, 0x40, 0x2, 0x0, 0x15, 0x88,
    0x0, 0x80, 0x2d, 0xff, 0xc3, 0x5f, 0xf9, 0x80,
    0x2c, 0xef, 0xf8, 0x6b, 0xfe, 0xe6, 0x0, 0x84,
    0x40, 0x1f, 0x84, 0x2, 0x22, 0x8, 0xe0, 0x31,
    0x1c, 0x42, 0x7b, 0x9f, 0xf8, 0x23, 0xff, 0x65,
    0x80,

    /* U+5757 "块" */
    0x0, 0xfe, 0x20, 0xf, 0xc7, 0xe0, 0x18, 0xb4,
    0x40, 0x3f, 0xf9, 0xf5, 0x9c, 0x1b, 0x9e, 0xa0,
    0x2, 0xed, 0xd, 0xca, 0xce, 0xd, 0xc1, 0x10,
    0x0, 0xbe, 0x83, 0x34, 0x3, 0xfe, 0x17, 0x1,
    0x10, 0x7, 0xff, 0xc, 0xd1, 0xe, 0x8, 0x80,
    0x35, 0x0, 0xf5, 0xf7, 0x24, 0x2f, 0x93, 0x78,
    0x3, 0xdb, 0x75, 0x62, 0x17, 0x54, 0xb0, 0x1,
    0xd8, 0x7f, 0x0, 0x2a, 0x12, 0x40, 0x32, 0x62,
    0xc7, 0x58, 0xc0, 0x34, 0x3a, 0x0, 0x49, 0x9a,
    0xe2, 0x10, 0xfe, 0x5, 0x36, 0x80, 0x11, 0x80,
    0x6, 0xde, 0xc8, 0x0, 0xd1, 0x72, 0x1, 0xf6,
    0xa0, 0x6, 0x7a, 0xe0,

    /* U+5782 "垂" */
    0x0, 0xf8, 0x49, 0x1a, 0x64, 0x1, 0xc9, 0xff,
    0xbb, 0x7f, 0xc3, 0xc2, 0x1, 0x93, 0x7b, 0xfd,
    0x45, 0x73, 0xe, 0x20, 0x18, 0x8c, 0x4, 0x46,
    0x2, 0x38, 0x80, 0x24, 0xcf, 0xef, 0xf4, 0x17,
    0xfb, 0xbf, 0x10, 0x0, 0x9d, 0xe1, 0x9d, 0x65,
    0xdc, 0xa, 0xe4, 0x0, 0x10, 0x98, 0x8, 0x8c,
    0x4, 0x40, 0x22, 0x20, 0x3c, 0xfc, 0xd, 0xf8,
    0x2f, 0xf0, 0x5f, 0xe0, 0x9f, 0x73, 0xc3, 0x3a,
    0xcb, 0xb8, 0x15, 0xdc, 0x10, 0xf, 0xfe, 0x2a,
    0x7f, 0x6, 0xfd, 0x17, 0xf8, 0x2f, 0xd4, 0x0,
    0x9b, 0xdd, 0xa4, 0xbb, 0xb6, 0xa8, 0x4, 0x42,
    0x38, 0xc0, 0x47, 0x10, 0x6, 0x3f, 0xfd, 0x45,
    0xff, 0xac, 0x0,

    /* U+578B "型" */
    0x0, 0xff, 0xe0, 0x63, 0x0, 0x3f, 0xfe, 0x53,
    0xc0, 0xe, 0xfc, 0x1f, 0xd0, 0xf5, 0x72, 0x0,
    0xf3, 0x98, 0x7, 0xfc, 0xee, 0xd3, 0x7a, 0x8,
    0x60, 0xf, 0x7f, 0x28, 0x71, 0x0, 0x88, 0x3,
    0xd1, 0x20, 0xd3, 0x1, 0x2e, 0x1, 0x8c, 0x1,
    0x7, 0x20, 0x1c, 0x9c, 0x64, 0x0, 0x87, 0xa1,
    0x3, 0x55, 0x0, 0x50, 0x68, 0x11, 0xaa, 0x0,
    0x1e, 0xb0, 0xa, 0xf4, 0x40, 0x3, 0xff, 0xac,
    0x7f, 0xf4, 0x80, 0x47, 0xba, 0xee, 0x50, 0xf7,
    0x5b, 0x0, 0x2, 0x20, 0x0, 0xcc, 0x0, 0x33,
    0x80, 0xc8, 0x3b, 0x77, 0xa8, 0x77, 0x7c, 0x60,

    /* U+57DF "域" */
    0x0, 0xfe, 0x11, 0x0, 0x7d, 0xac, 0x1, 0xc9,
    0xc5, 0x2e, 0x1, 0x84, 0xc0, 0x39, 0x80, 0xb6,
    0x40, 0x3e, 0x33, 0x11, 0x18, 0xd, 0xa8, 0xc0,
    0x3d, 0x9b, 0x98, 0xb0, 0xdc, 0xae, 0x2, 0x61,
    0xc4, 0xfe, 0xec, 0x19, 0xdc, 0xd0, 0x11, 0x19,
    0x8b, 0x3b, 0xa3, 0x1, 0x4e, 0x20, 0x37, 0x2f,
    0x61, 0x8e, 0x0, 0xb, 0x90, 0x10, 0x7, 0xfc,
    0x44, 0xf4, 0x0, 0xff, 0xe0, 0x37, 0xa7, 0x80,
    0x78, 0x42, 0x7c, 0x43, 0x1c, 0x94, 0x3, 0xa3,
    0x75, 0xff, 0x1a, 0xa, 0x80, 0x49, 0xc4, 0xba,
    0x4, 0xfa, 0x68, 0x1, 0x40, 0xac, 0xf4, 0x1e,
    0xe7, 0x71, 0xe6, 0x16, 0x9c, 0x85, 0xc0, 0x5,
    0x1d, 0x2d, 0x70, 0xf6, 0x8c, 0x60, 0x1c, 0xa0,
    0x5, 0xb7, 0x4, 0xe9, 0x0,

    /* U+589E "增" */
    0x0, 0xf8, 0xd4, 0x2, 0x81, 0x0, 0x8b, 0xc4,
    0x0, 0xf4, 0x60, 0x8c, 0x60, 0x1f, 0x5c, 0x17,
    0xe5, 0x7, 0x50, 0x7, 0x9a, 0x73, 0x8f, 0x31,
    0x4e, 0x28, 0xe0, 0xa6, 0x1b, 0x46, 0x0, 0xce,
    0x5, 0x98, 0x8, 0x90, 0xe4, 0x50, 0xa3, 0xd0,
    0x4d, 0xf0, 0xda, 0x32, 0xc5, 0xa, 0xe0, 0xf,
    0xcb, 0x3d, 0x85, 0xfd, 0xc, 0x1, 0xeb, 0xff,
    0xfa, 0xc0, 0x3c, 0x7b, 0xff, 0xda, 0x80, 0x1a,
    0x34, 0x1, 0xbb, 0xc2, 0x7, 0x7a, 0x43, 0xc2,
    0x1f, 0xfc, 0x20, 0x44, 0xcd, 0x83, 0x0, 0x7f,
    0xf0, 0x80, 0xc9, 0x80, 0x77, 0xff, 0x8, 0x7,
    0xc2, 0x1f, 0xfc, 0x20,

    /* U+5904 "处" */
    0x0, 0xff, 0xe3, 0x9f, 0x18, 0x6, 0xf3, 0x0,
    0xf9, 0x44, 0xc0, 0x3f, 0xf8, 0x38, 0x82, 0x30,
    0x7, 0xfc, 0xa9, 0xdd, 0x38, 0x7, 0xf2, 0x87,
    0xfc, 0x24, 0x0, 0x5e, 0x20, 0xd, 0x0, 0x18,
    0x5c, 0x0, 0xa9, 0xe2, 0x0, 0x63, 0x25, 0x4,
    0x12, 0x0, 0xa8, 0x70, 0x45, 0x31, 0x52, 0x18,
    0x80, 0x1d, 0xce, 0x22, 0xb6, 0x61, 0xb3, 0x3c,
    0x3, 0x8a, 0x80, 0x8, 0x3, 0x12, 0xa, 0x1,
    0xff, 0xc0, 0x40, 0x21, 0x0, 0xff, 0x9b, 0x21,
    0xfd, 0x85, 0x44, 0x3, 0x93, 0x22, 0xde, 0xe6,
    0x5c, 0xd0, 0xef, 0x11, 0x29, 0xbd, 0x0, 0xf,
    0xf4, 0xad, 0x31, 0x44, 0x4e, 0xa1, 0x0, 0xe5,
    0x9c, 0xef, 0xd0,

    /* U+590D "复" */
    0x0, 0xc5, 0x20, 0x1f, 0xfc, 0x2e, 0x54, 0x4f,
    0xc4, 0x1, 0xac, 0x9b, 0xbb, 0xef, 0x70, 0x1,
    0xeb, 0x39, 0x17, 0xea, 0x50, 0x5, 0x53, 0x9b,
    0x33, 0xe7, 0x30, 0xa, 0x5c, 0x1, 0x55, 0xf0,
    0x18, 0x7, 0x87, 0xbb, 0xe0, 0xf, 0xc3, 0xff,
    0xf0, 0x18, 0x7, 0x1f, 0x14, 0x7f, 0xf8, 0x80,
    0x3d, 0x65, 0x1f, 0xfd, 0x0, 0x1c, 0x36, 0xc6,
    0xff, 0xf3, 0x14, 0x0, 0x75, 0xe, 0x7b, 0x59,
    0x4a, 0xe0, 0x7, 0xae, 0x80, 0xf1, 0x75, 0xa4,
    0x3, 0xc9, 0x13, 0x7d, 0xed, 0x6f, 0x1d, 0xcc,
    0xa2, 0x6, 0x1e, 0xe7, 0xec, 0x24, 0x6f, 0x55,
    0x8, 0x80,

    /* U+590F "夏" */
    0xe, 0xef, 0xfe, 0xe, 0x80, 0x3f, 0xbb, 0x60,
    0xd7, 0x76, 0xfc, 0x0, 0x8, 0x7f, 0xda, 0x17,
    0xff, 0x88, 0x40, 0x3a, 0xbf, 0xfd, 0xc0, 0x1f,
    0xaf, 0xbb, 0xde, 0x1, 0xfa, 0x3f, 0xfd, 0x80,
    0x1f, 0xaf, 0x77, 0xdc, 0x1, 0xf9, 0xee, 0xfc,
    0x80, 0x1f, 0x56, 0x47, 0x91, 0x6d, 0xa2, 0x0,
    0xe7, 0xb0, 0x6b, 0xbe, 0x31, 0x0, 0x86, 0x35,
    0xc6, 0xbb, 0x9e, 0x6e, 0xc0, 0x1c, 0x5b, 0x55,
    0x42, 0xfa, 0xc8, 0x7, 0xd, 0x10, 0x2b, 0x3d,
    0x16, 0x0, 0x7a, 0x2b, 0x3b, 0x87, 0x5a, 0x93,
    0xfd, 0xb6, 0x21, 0xc5, 0x5b, 0xf6, 0xa5, 0x1b,
    0xd5, 0x7a, 0x20,

    /* U+5916 "外" */
    0x0, 0x92, 0x44, 0x2, 0xe6, 0x0, 0xfd, 0xa8,
    0x20, 0x11, 0x80, 0x7f, 0x3d, 0x80, 0x7f, 0xf0,
    0x50, 0x67, 0xfd, 0xc0, 0x1f, 0xe8, 0x5e, 0xe3,
    0x98, 0x4, 0xc0, 0x1c, 0xa7, 0x62, 0x22, 0x40,
    0x0, 0xc4, 0x80, 0x47, 0x51, 0x22, 0xb, 0xa0,
    0x1, 0xc6, 0x70, 0x0, 0xbb, 0x8b, 0xe4, 0x50,
    0x2, 0x2b, 0x84, 0x2, 0x80, 0xa6, 0x64, 0x80,
    0x72, 0x3c, 0x80, 0x78, 0x9c, 0x3, 0xd1, 0x80,
    0x19, 0x9f, 0xc0, 0x3f, 0x8, 0x5, 0x13, 0x64,
    0x1, 0xfe, 0x3c, 0x6c, 0x40, 0xc, 0x60, 0x1e,
    0x3b, 0xf3, 0x0, 0xf0, 0x80, 0x70,

    /* U+591A "多" */
    0x0, 0xe9, 0x20, 0xf, 0xfa, 0x5c, 0x48, 0xb8,
    0x3, 0xd, 0xb9, 0x7f, 0x75, 0xb4, 0x1, 0x37,
    0x96, 0xc6, 0x64, 0xeb, 0x0, 0x1, 0xcd, 0x96,
    0xb5, 0x2c, 0x2a, 0x0, 0x86, 0x8c, 0x16, 0x2b,
    0xd6, 0x40, 0x38, 0x96, 0x32, 0xa6, 0xd9, 0x0,
    0x31, 0x6c, 0x7, 0xe8, 0xc8, 0x57, 0x75, 0x5,
    0xfb, 0x1, 0x95, 0x9f, 0xdc, 0xb1, 0xa0, 0x2,
    0xde, 0x5c, 0xc8, 0x0, 0x37, 0x4, 0x0, 0x23,
    0xe7, 0x57, 0xa2, 0xc4, 0x70, 0x9, 0xe0, 0x40,
    0x7d, 0x75, 0x28, 0x3, 0xc6, 0xd7, 0xa9, 0x92,
    0x1, 0x16, 0xf7, 0xe5, 0x66, 0xd9, 0x80, 0x62,
    0x8b, 0xcf, 0xc7, 0x20, 0xf, 0x0,

    /* U+5927 "大" */
    0x0, 0xfa, 0x18, 0x3, 0xff, 0x84, 0x98, 0x1,
    0xff, 0xc2, 0x73, 0x0, 0xff, 0xe1, 0x88, 0x7,
    0xe4, 0x54, 0x4c, 0xc4, 0x89, 0x2a, 0xc0, 0xd,
    0xba, 0xac, 0x4b, 0x55, 0x5d, 0xa4, 0x1, 0x3d,
    0xdc, 0x9, 0xdd, 0xd8, 0x1, 0xf1, 0x82, 0x10,
    0x7, 0xff, 0x2, 0x55, 0xa4, 0x3, 0xfe, 0x45,
    0x88, 0x23, 0x0, 0x7f, 0x15, 0x39, 0xc, 0xc8,
    0xc0, 0x3e, 0x3c, 0x28, 0x0, 0x33, 0x31, 0x0,
    0x30, 0xce, 0x2e, 0x0, 0x69, 0x5b, 0x80, 0x1,
    0x73, 0x45, 0x80, 0x7a, 0x9d, 0xd6, 0x5, 0x5a,
    0xe0, 0x1f, 0xa3, 0x24, 0x0,

    /* U+5929 "天" */
    0x0, 0xff, 0xe3, 0x5f, 0xff, 0xf8, 0xc0, 0x34,
    0xe6, 0x62, 0x7c, 0xcc, 0x60, 0x18, 0x8c, 0xf0,
    0x71, 0x9e, 0x0, 0xff, 0xe4, 0x5f, 0x77, 0x14,
    0xf7, 0x74, 0x0, 0x3e, 0xab, 0x40, 0x15, 0x57,
    0x80, 0x8, 0x9c, 0x22, 0x26, 0x44, 0xc4, 0x1,
    0xf4, 0xc9, 0x24, 0x3, 0xfe, 0x81, 0x69, 0x47,
    0x0, 0xfe, 0x67, 0x91, 0x28, 0x82, 0x0, 0x7d,
    0x32, 0x76, 0x0, 0x3b, 0x5c, 0x0, 0x66, 0xe6,
    0xa8, 0x0, 0xd3, 0x27, 0xe9, 0x3, 0x84, 0xd5,
    0x0, 0xf3, 0x73, 0xf0, 0x1f, 0x51, 0x0, 0x7e,
    0x19, 0x70,

    /* U+592A "太" */
    0x0, 0xf8, 0x40, 0x3f, 0xf8, 0x7d, 0x20, 0x1f,
    0xfc, 0x3f, 0x0, 0xff, 0xe0, 0x88, 0x18, 0x7,
    0xff, 0x32, 0xff, 0xf7, 0x5, 0x7f, 0xf3, 0x80,
    0x27, 0x37, 0x69, 0x3, 0xdd, 0xd8, 0xc0, 0x2,
    0x32, 0x28, 0x40, 0xcc, 0x45, 0x18, 0x80, 0x7d,
    0x6e, 0x72, 0x1, 0xff, 0x21, 0xd4, 0xb9, 0x0,
    0x7f, 0xa5, 0x89, 0x53, 0xc0, 0x3f, 0xac, 0xf4,
    0x1, 0x47, 0x60, 0x1e, 0x1c, 0x66, 0x5a, 0x0,
    0xea, 0xe1, 0x0, 0x4b, 0xe1, 0x90, 0xd6, 0x40,
    0x78, 0x3b, 0x20, 0x56, 0xd8, 0x21, 0x2a, 0x20,
    0x2, 0xd7, 0x10, 0x2e, 0x80, 0xd, 0x46, 0x1,
    0xa2, 0x0,

    /* U+5931 "失" */
    0x0, 0xf9, 0x54, 0x1, 0xfe, 0x22, 0x0, 0x3f,
    0xc0, 0x1f, 0xeb, 0xe0, 0x8, 0xc0, 0x3f, 0xcf,
    0x64, 0x41, 0x32, 0x28, 0xc8, 0x3, 0x38, 0xce,
    0x61, 0x17, 0x32, 0xda, 0x0, 0x86, 0x6b, 0xba,
    0x47, 0xee, 0xd0, 0x1, 0x32, 0xa8, 0x2, 0x7f,
    0x0, 0xfc, 0x7c, 0x89, 0x87, 0x91, 0x38, 0xc0,
    0x11, 0x31, 0x18, 0x9a, 0x23, 0xac, 0x1, 0x99,
    0xd4, 0x22, 0x9c, 0xcd, 0x0, 0x1e, 0x18, 0x85,
    0xd1, 0x80, 0x7f, 0x16, 0x23, 0x2b, 0xe3, 0x80,
    0x7c, 0xfa, 0xf4, 0x0, 0x89, 0x8e, 0x83, 0x0,
    0x47, 0x44, 0x28, 0x3, 0x37, 0x23, 0xc0, 0x3,
    0x5b, 0x9c, 0x3, 0xc3, 0x5d, 0x40,

    /* U+5934 "头" */
    0x0, 0xfc, 0x5a, 0x60, 0x1f, 0x97, 0x90, 0x0,
    0x24, 0x40, 0xf, 0xcb, 0x37, 0x42, 0x0, 0x10,
    0xf, 0xe7, 0xc6, 0x0, 0xff, 0xe, 0xb8, 0x1e,
    0xb, 0x80, 0x7e, 0x1a, 0x8d, 0x30, 0x0, 0x90,
    0x7, 0xe7, 0xe6, 0x60, 0x0, 0xc4, 0x3, 0xe5,
    0x45, 0xf1, 0x44, 0x60, 0x22, 0x65, 0x10, 0xaa,
    0xf9, 0x4a, 0xab, 0x59, 0x7, 0xf7, 0x76, 0x6,
    0x77, 0x71, 0x80, 0x7d, 0xec, 0x10, 0x1, 0xfe,
    0x2d, 0x19, 0x16, 0xe4, 0x0, 0xfa, 0x35, 0x30,
    0xf, 0x9a, 0xe8, 0x2, 0x39, 0xf5, 0xb9, 0x0,
    0xd1, 0x69, 0x60, 0x3, 0x35, 0x6a, 0x0, 0x79,
    0x3e, 0x80,

    /* U+5979 "她" */
    0x0, 0x3a, 0x0, 0x71, 0x78, 0x80, 0x7a, 0xb4,
    0x3, 0x8c, 0x4, 0x3, 0xc7, 0x80, 0x13, 0x8,
    0x7, 0xe1, 0x13, 0x8, 0x2, 0x8, 0x3, 0x18,
    0x84, 0x70, 0x67, 0x48, 0x18, 0x5, 0x3d, 0x86,
    0x11, 0x45, 0xe9, 0xc4, 0x7f, 0xc0, 0x34, 0x1,
    0xb5, 0x1, 0x77, 0x43, 0x7a, 0x10, 0xa0, 0x60,
    0x4, 0xf0, 0x19, 0xf2, 0x43, 0x0, 0x18, 0x8,
    0x0, 0xd1, 0x0, 0x60, 0x1e, 0x70, 0x8, 0x86,
    0x39, 0x40, 0x3c, 0xd4, 0xe0, 0x2, 0xed, 0x50,
    0xf, 0x93, 0x60, 0x40, 0x2f, 0x36, 0xe1, 0x0,
    0xd, 0x11, 0x7, 0x88, 0xd, 0xff, 0x5c, 0x41,
    0x81, 0x40, 0x58, 0x48, 0x9a, 0xe6, 0x32, 0x15,
    0x7f, 0xf7, 0x55, 0x81, 0xc4, 0x0, 0x33, 0xf7,
    0xfe, 0xd5, 0x0,

    /* U+597D "好" */
    0x0, 0x96, 0x0, 0x3f, 0xf8, 0x58, 0x60, 0x1,
    0x44, 0xf8, 0x3, 0x16, 0x80, 0xf, 0xff, 0xae,
    0x80, 0x8, 0x6a, 0x6, 0x62, 0xbb, 0xc2, 0x2d,
    0x0, 0x4f, 0xd, 0x76, 0x10, 0x0, 0x70, 0x7c,
    0xc0, 0x1b, 0x49, 0x92, 0x4, 0x0, 0x53, 0xb1,
    0x0, 0xd7, 0xa1, 0x88, 0x23, 0x0, 0x4, 0x60,
    0x1, 0x1b, 0x82, 0x6f, 0xf7, 0x2c, 0x3b, 0xa7,
    0x4, 0x4, 0x23, 0x7e, 0xff, 0x60, 0x7f, 0xce,
    0xd, 0x54, 0xc5, 0x10, 0xf, 0xf9, 0x64, 0x58,
    0x40, 0x3f, 0xe3, 0x89, 0xf, 0x20, 0xf, 0xe5,
    0xc8, 0x6c, 0x25, 0x0, 0x30, 0x7, 0x1d, 0x4b,
    0x0, 0x31, 0xc7, 0xe9, 0x40, 0x31, 0xf3, 0x0,
    0x70, 0xd6, 0x50, 0x6,

    /* U+5982 "如" */
    0x0, 0xc6, 0x1, 0xff, 0xc2, 0xc5, 0x0, 0xff,
    0xe0, 0x18, 0x28, 0x7, 0xff, 0x1, 0x48, 0x3,
    0x44, 0xce, 0x30, 0xfe, 0x92, 0xee, 0x50, 0x30,
    0x77, 0x19, 0xc3, 0x7c, 0x67, 0xdc, 0xc0, 0xf5,
    0xdc, 0x20, 0x2, 0x31, 0x61, 0x21, 0x0, 0xfe,
    0x53, 0x0, 0x36, 0x80, 0x7f, 0x5d, 0x80, 0x4,
    0xe0, 0x1f, 0x88, 0xc8, 0x10, 0x48, 0x3, 0xf1,
    0xbd, 0x5f, 0xa0, 0x7, 0xf0, 0xc7, 0x2, 0x8,
    0x80, 0x2, 0x30, 0x7, 0x1a, 0xa9, 0xfc, 0xc2,
    0xbb, 0x82, 0x0, 0x18, 0xd9, 0xac, 0x92, 0x3b,
    0xff, 0x8, 0xde, 0xd6, 0xe0, 0x7, 0x10, 0xd,
    0x2e, 0x39, 0xc8, 0x1, 0xdc, 0x80, 0x7, 0x20,

    /* U+59CB "始" */
    0x0, 0xff, 0xe3, 0x26, 0x80, 0x75, 0xa8, 0x7,
    0xc4, 0x20, 0x18, 0xd1, 0x80, 0x3e, 0xe5, 0x0,
    0xd2, 0xc6, 0x8, 0x1, 0x25, 0xb2, 0x5d, 0x84,
    0xd2, 0x1, 0x6c, 0xc0, 0xf, 0x82, 0xa6, 0x81,
    0xd6, 0x20, 0xad, 0xa2, 0x6, 0xe1, 0x16, 0x32,
    0x57, 0xdf, 0xc8, 0x1a, 0x0, 0x42, 0x5, 0x55,
    0x4e, 0xff, 0xbb, 0x7e, 0x0, 0x18, 0x81, 0x86,
    0x4e, 0x26, 0x45, 0x1a, 0x0, 0x10, 0x41, 0x2c,
    0x33, 0x77, 0xc2, 0x0, 0xa6, 0xc0, 0x30, 0x19,
    0xff, 0xb0, 0x4, 0x0, 0xde, 0x60, 0x40, 0x1f,
    0xfc, 0x4, 0x16, 0xd3, 0x0, 0xff, 0x15, 0xc4,
    0x24, 0x82, 0x7f, 0xec, 0x0, 0x8b, 0x15, 0x81,
    0x84, 0x23, 0xba, 0xb0, 0x8, 0xd6, 0x80, 0x30,
    0x8f, 0x38, 0x8, 0xd, 0x88, 0x6, 0xd6, 0x0,
    0x8f, 0xc4, 0x0,

    /* U+5B50 "子" */
    0x0, 0xff, 0xe3, 0x5f, 0xff, 0xf9, 0x0, 0x35,
    0xff, 0xfb, 0x90, 0x21, 0x0, 0x3f, 0xcd, 0xe5,
    0xce, 0x1, 0xfe, 0xc8, 0xa9, 0x10, 0xf, 0xf8,
    0x61, 0x0, 0x3e, 0x54, 0x4e, 0x3f, 0x44, 0xe5,
    0x11, 0x4f, 0xff, 0xa, 0x7f, 0xf7, 0x18, 0xe5,
    0xdf, 0x15, 0xdf, 0xc4, 0x1, 0xff, 0xeb, 0x30,
    0xf, 0xfe, 0xd, 0x70, 0xa8, 0x7, 0xff, 0x3,
    0xe7, 0xc, 0x3, 0xe0,

    /* U+5B57 "字" */
    0x0, 0xff, 0xe4, 0x26, 0x0, 0x7f, 0xf0, 0x54,
    0x64, 0x3, 0xe4, 0xff, 0xdc, 0x4d, 0xff, 0xca,
    0x0, 0x1f, 0xff, 0xf1, 0x0, 0x1d, 0x0, 0x84,
    0x7e, 0x5, 0x60, 0x3a, 0x5d, 0xee, 0xf9, 0x60,
    0xc0, 0x25, 0xff, 0xe8, 0x8, 0x50, 0xf, 0xe2,
    0xca, 0xd7, 0x0, 0xc2, 0x42, 0x3a, 0x8f, 0xcc,
    0x46, 0x20, 0xad, 0xee, 0xce, 0x1b, 0xdd, 0xb4,
    0xaf, 0xff, 0xa4, 0x7f, 0xfc, 0x40, 0x1f, 0xfd,
    0x63, 0x8a, 0x30, 0xf, 0xf8, 0x55, 0xe4, 0x3,
    0xe0,

    /* U+5B58 "存" */
    0x0, 0xff, 0xe5, 0x37, 0x90, 0x7, 0xff, 0x6,
    0x94, 0x80, 0x3f, 0xf, 0xfe, 0x35, 0xff, 0xf5,
    0x80, 0x7, 0x75, 0xc8, 0xbd, 0xde, 0xda, 0x0,
    0x88, 0xd9, 0x20, 0x47, 0xc4, 0x20, 0x19, 0x22,
    0xd, 0xff, 0xf2, 0x0, 0x68, 0x27, 0x4d, 0xee,
    0xa4, 0x11, 0x40, 0x2b, 0x26, 0x0, 0x10, 0x8a,
    0xe2, 0xac, 0x40, 0x14, 0xb0, 0x2, 0x45, 0x96,
    0x1c, 0x88, 0x0, 0x9d, 0x20, 0x4d, 0xdc, 0x13,
    0xbb, 0x10, 0x19, 0x80, 0xb, 0xff, 0x86, 0xbf,
    0xe2, 0x0, 0xff, 0xec, 0x38, 0x4, 0x6c, 0x22,
    0x0, 0xf9, 0x70, 0x2, 0x5b, 0x64, 0x0, 0xc0,

    /* U+5B63 "季" */
    0x0, 0xf0, 0x91, 0xab, 0xcc, 0x80, 0x39, 0xbf,
    0xdd, 0x9b, 0xf9, 0xfd, 0x80, 0x1c, 0xdf, 0xee,
    0xd5, 0xa9, 0x87, 0x50, 0xd, 0x7f, 0xfc, 0xb3,
    0xff, 0xd4, 0x0, 0xbf, 0xf9, 0x9, 0x25, 0x17,
    0xfe, 0xa0, 0xc, 0x58, 0x18, 0x21, 0x63, 0x88,
    0x1, 0x8e, 0x76, 0xec, 0x22, 0x0, 0x5d, 0xdd,
    0x22, 0x1c, 0x7b, 0x5b, 0xa6, 0xbd, 0xd2, 0xfc,
    0x0, 0x86, 0xd1, 0x77, 0xfc, 0xa4, 0x84, 0xd,
    0x20, 0x1c, 0x64, 0x47, 0x75, 0x48, 0x7, 0xa3,
    0xff, 0xa8, 0x2b, 0xff, 0x60, 0x2, 0x3b, 0xff,
    0x50, 0xff, 0xf6, 0x80, 0x42, 0x1, 0xff, 0x8,
    0x7, 0xd7, 0x62, 0x0, 0xff, 0xe0, 0xec, 0x68,
    0x7, 0xc0,

    /* U+5B83 "它" */
    0x0, 0xf1, 0x0, 0x7f, 0xf0, 0x7, 0x58, 0x3,
    0xfe, 0x17, 0xa0, 0xf, 0x26, 0xef, 0x30, 0xee,
    0xf2, 0x1, 0x4c, 0xea, 0x99, 0xe2, 0x0, 0xa,
    0x28, 0x22, 0x7c, 0x20, 0xe8, 0x9, 0x60, 0x1c,
    0x27, 0x6c, 0x74, 0x0, 0x10, 0x8, 0x63, 0xbd,
    0x48, 0x3, 0x85, 0x6b, 0x92, 0x34, 0x3, 0xc3,
    0xd3, 0xba, 0xc7, 0x10, 0xf, 0xf, 0x63, 0x90,
    0x7, 0xf8, 0x40, 0x38, 0x44, 0x1, 0xff, 0xc0,
    0x5e, 0x0, 0xe1, 0x32, 0x2e, 0xe2, 0x0, 0xc8,
    0x39, 0xbb, 0xcf, 0x20,

    /* U+5B8C "完" */
    0x0, 0xff, 0xe5, 0x16, 0x88, 0x7, 0xe1, 0x1e,
    0x3, 0xa1, 0x1f, 0x0, 0x37, 0xbb, 0x68, 0xa7,
    0x77, 0x78, 0x4, 0xdf, 0xff, 0xea, 0x0, 0x9c,
    0x44, 0x86, 0x7e, 0x40, 0x1, 0x80, 0x2e, 0x12,
    0xb7, 0x7d, 0x44, 0xba, 0x1, 0x97, 0xbb, 0xf1,
    0x0, 0x43, 0xdb, 0xbf, 0xfc, 0xe, 0x11, 0x57,
    0x74, 0xf, 0xd0, 0x51, 0xdd, 0x50, 0x82, 0x19,
    0xc5, 0xa6, 0xe0, 0xe6, 0x72, 0x0, 0x72, 0x2,
    0x0, 0x7f, 0xf0, 0x60, 0xcc, 0x1, 0xe3, 0x70,
    0x8, 0xf4, 0xb8, 0x3, 0x21, 0x12, 0xa4, 0x7,
    0x30, 0x38, 0x40, 0x2, 0x39, 0xdd, 0x35, 0x80,
    0xcd, 0xe1, 0x0, 0x6c, 0xff, 0xca, 0x0,

    /* U+5B9A "定" */
    0x0, 0xf9, 0x0, 0x3f, 0xf8, 0x43, 0x6e, 0x1,
    0xff, 0xc1, 0x18, 0xe0, 0xf, 0xc7, 0xdd, 0xd2,
    0xfd, 0xdc, 0xa0, 0x10, 0xe7, 0xff, 0xf0, 0x80,
    0x42, 0xc4, 0x23, 0xfc, 0xec, 0x0, 0x29, 0x7f,
    0xff, 0xe8, 0x30, 0xc, 0xdb, 0xdc, 0x91, 0xee,
    0xb4, 0x3, 0xe1, 0x18, 0xc0, 0x46, 0x20, 0xf,
    0x26, 0x10, 0x4, 0x45, 0x18, 0x80, 0x77, 0x21,
    0x0, 0x7, 0x32, 0xd6, 0x0, 0xc4, 0x80, 0x18,
    0x7b, 0xb3, 0x80, 0x69, 0x20, 0xb1, 0x0, 0xff,
    0x42, 0x75, 0x97, 0x48, 0xa1, 0x91, 0xa2, 0x81,
    0xbc, 0x98, 0x4e, 0x29, 0xd6, 0x6e, 0x5f, 0x1,
    0xf3, 0x0, 0x47, 0x39, 0xdf, 0xfa, 0xc0,

    /* U+5B9E "实" */
    0x0, 0xff, 0xe3, 0x8f, 0x30, 0x7, 0xfc, 0x2b,
    0x40, 0x1e, 0x4f, 0xfe, 0x43, 0xff, 0xe6, 0x0,
    0x77, 0xfe, 0xef, 0xfc, 0x1, 0x8, 0x95, 0xc0,
    0x5, 0xe6, 0x0, 0x33, 0x27, 0x0, 0xd6, 0xa0,
    0x0, 0x80, 0x18, 0xa0, 0xb2, 0xbb, 0x44, 0xe0,
    0x20, 0x1c, 0xe5, 0xcc, 0xec, 0x24, 0x1, 0xe2,
    0xba, 0x30, 0x1, 0x30, 0x7, 0x77, 0xfa, 0xa9,
    0xfe, 0x84, 0xff, 0xdd, 0x9b, 0xdd, 0xa4, 0x33,
    0x7b, 0x9b, 0x84, 0x41, 0x19, 0x26, 0x49, 0xe8,
    0x24, 0x40, 0x0, 0xb6, 0x55, 0x19, 0x8b, 0x58,
    0x80, 0x99, 0xd0, 0x9c, 0xa0, 0x31, 0xcd, 0x6e,
    0x97, 0x6e, 0x81, 0x0, 0xc3, 0x56, 0xc0,

    /* U+5BA2 "客" */
    0x0, 0xf8, 0xcc, 0x1, 0xff, 0xc2, 0xfe, 0x0,
    0xfd, 0xbf, 0xfc, 0x65, 0xff, 0xda, 0x1, 0x3e,
    0xea, 0x21, 0xbb, 0xe8, 0x0, 0x8f, 0xc8, 0x93,
    0x46, 0x45, 0xc2, 0x60, 0xe, 0x70, 0xb1, 0x2e,
    0xff, 0xc8, 0xdc, 0x1, 0xa9, 0xf, 0xbf, 0xda,
    0x2e, 0x80, 0x1d, 0x69, 0x8b, 0xec, 0x98, 0xd0,
    0x1, 0xea, 0xc3, 0x99, 0xad, 0x20, 0x3, 0xe1,
    0x6, 0xb8, 0x56, 0x5f, 0xa7, 0x43, 0x15, 0xcf,
    0xda, 0x3d, 0xa9, 0xe9, 0x9, 0xbc, 0x27, 0x6a,
    0xa1, 0xbe, 0xff, 0xba, 0x54, 0x3a, 0x8c, 0xa9,
    0x58, 0x3f, 0xfd, 0x46, 0x2a, 0x1, 0xe1, 0x1f,
    0x18, 0x7, 0xf6, 0x67, 0xa0, 0xc0, 0x3c, 0xe1,
    0xbb, 0xeb, 0x10, 0xf, 0x27, 0x0, 0x79, 0x7c,
    0x2,

    /* U+5BB9 "容" */
    0x0, 0xf8, 0x40, 0x3f, 0xf8, 0x45, 0xc8, 0x1,
    0xff, 0xc1, 0x25, 0xd0, 0xf, 0xc7, 0xdd, 0xc8,
    0xfd, 0xdc, 0x80, 0x10, 0xf7, 0x7d, 0xfd, 0xc0,
    0xc, 0x2c, 0x9, 0xca, 0x0, 0x5e, 0x70, 0x96,
    0x0, 0x15, 0x5d, 0x5a, 0xcd, 0xae, 0x5f, 0x11,
    0x0, 0x2b, 0xce, 0x57, 0x67, 0x23, 0xc8, 0x10,
    0xd, 0xe, 0x13, 0x5d, 0x78, 0xc0, 0xc8, 0x1,
    0xcd, 0xc1, 0xa2, 0xfb, 0x5d, 0x4, 0x0, 0x2a,
    0xfb, 0x2, 0xbb, 0xa1, 0xc1, 0x37, 0x0, 0x8e,
    0xf4, 0x7a, 0x23, 0x87, 0xb9, 0xe0, 0x9, 0x40,
    0x3, 0x99, 0xf0, 0x0, 0x4c, 0x3, 0xcc, 0x45,
    0xc0, 0x1f, 0xe8, 0xee, 0xe0, 0xf, 0xf7, 0x66,
    0x77, 0x90, 0x4,

    /* U+5BBD "宽" */
    0x0, 0xff, 0xe4, 0xdc, 0x0, 0x7c, 0x67, 0xe1,
    0x63, 0x3f, 0x6, 0xf7, 0xfe, 0x62, 0xff, 0xdd,
    0xa0, 0xb, 0xcc, 0x48, 0x66, 0x6, 0x33, 0x10,
    0x0, 0x42, 0xdf, 0xa3, 0xff, 0x15, 0xfd, 0xa6,
    0x5, 0x27, 0xf4, 0x9f, 0xf8, 0xaf, 0x64, 0x48,
    0x2, 0x21, 0x30, 0xc, 0xe4, 0x40, 0xe, 0xaf,
    0xa3, 0xff, 0x16, 0x7a, 0x80, 0x71, 0xb7, 0xea,
    0xef, 0xf8, 0x44, 0x1, 0xf9, 0xd4, 0x58, 0x3,
    0xf1, 0x80, 0x31, 0x1a, 0x40, 0x2, 0x1, 0xd3,
    0x68, 0xd0, 0x2, 0x1c, 0xa0, 0x40, 0x26, 0xd1,
    0x70, 0x60, 0x23, 0x8f, 0x57, 0x72, 0x83, 0x1c,
    0x10, 0xbb, 0xad, 0x75, 0xfb, 0xfa, 0x30, 0x0,
    0xef, 0xfd, 0xd0, 0x0,

    /* U+5BC6 "密" */
    0x0, 0xfa, 0x1c, 0x3, 0xf0, 0x99, 0xf2, 0x49,
    0x9f, 0x80, 0xf, 0x9d, 0xd8, 0x4f, 0xbb, 0x6e,
    0x0, 0x43, 0xbb, 0x71, 0xce, 0xee, 0xb0, 0x9,
    0x25, 0x41, 0xc1, 0xa0, 0x2f, 0x1, 0xac, 0x0,
    0x5f, 0x61, 0xd, 0x1b, 0x8f, 0xc3, 0x86, 0x0,
    0x16, 0x90, 0x1, 0xbf, 0xde, 0x8, 0x44, 0xc,
    0x7, 0x58, 0x42, 0x73, 0x58, 0x7f, 0xcf, 0x66,
    0x8, 0x8a, 0xe1, 0x4, 0xce, 0xe1, 0x50, 0x20,
    0x2, 0x2f, 0x37, 0xbf, 0x63, 0xfd, 0xc8, 0x1,
    0xb3, 0x16, 0xe0, 0x6, 0x80, 0x9, 0x7c, 0x3,
    0x88, 0x3, 0xf8, 0x40, 0x3f, 0xf9, 0x55, 0xfe,
    0xb0, 0xff, 0xa8, 0x3, 0xdd, 0xff, 0xfa, 0x84,
    0x0,

    /* U+5BE1 "寡" */
    0x0, 0xf8, 0x80, 0x3f, 0xf8, 0x7a, 0xa0, 0x1f,
    0xbf, 0xfc, 0x15, 0xff, 0xc8, 0x0, 0x1c, 0xef,
    0xff, 0xbb, 0xc4, 0x2, 0x82, 0xce, 0xeb, 0xfb,
    0xaf, 0x28, 0x60, 0x3, 0xc, 0x5d, 0xa0, 0x22,
    0xee, 0x36, 0x20, 0xd, 0x44, 0x61, 0x20, 0x66,
    0xa3, 0x0, 0xf0, 0xdd, 0x57, 0x80, 0x3f, 0x92,
    0xef, 0xc0, 0x1f, 0xdc, 0x67, 0xe0, 0xe, 0x7e,
    0xe0, 0x4d, 0xd5, 0x6b, 0x1c, 0xea, 0x7, 0xee,
    0x40, 0x5f, 0x76, 0x54, 0xee, 0x50, 0xa, 0xe4,
    0x1d, 0xff, 0xe5, 0x57, 0x4a, 0x80, 0x2d, 0x7f,
    0x30, 0x1b, 0xfe, 0x48, 0xa2, 0x20, 0xf, 0x6b,
    0x5e, 0x49, 0x12, 0x10, 0xd2, 0xdc, 0x2, 0x7c,
    0xc7, 0x30, 0x19, 0x4a, 0x0, 0x60,

    /* U+5BF9 "对" */
    0x0, 0xff, 0xe0, 0x7a, 0x80, 0x7f, 0xf1, 0xda,
    0x67, 0x80, 0x3f, 0xe1, 0x18, 0xdc, 0x48, 0x46,
    0x3, 0x20, 0x3, 0x44, 0x5a, 0xb7, 0x9f, 0xf0,
    0x46, 0x28, 0x25, 0x0, 0x37, 0x2b, 0xbb, 0x5,
    0xf2, 0x82, 0xbc, 0x82, 0x20, 0x5c, 0x3, 0xf0,
    0xe3, 0xd8, 0x18, 0x42, 0x0, 0x7e, 0x1d, 0x47,
    0x1, 0x78, 0x0, 0xfe, 0x70, 0x61, 0x9, 0x33,
    0x0, 0x7e, 0x98, 0x5a, 0x1, 0xd3, 0x0, 0xfa,
    0x85, 0xed, 0x58, 0x8, 0x3, 0xeb, 0x7d, 0x1,
    0x83, 0x0, 0xe1, 0x0, 0x10, 0x60, 0x80, 0x19,
    0x40, 0x11, 0x80, 0xc0, 0x2, 0xb1, 0x0, 0xfb,
    0x53, 0x8, 0x0,

    /* U+5BFC "导" */
    0x5, 0xff, 0xff, 0x0, 0x61, 0xf, 0xff, 0xac,
    0x40, 0x3f, 0xf9, 0x3f, 0xff, 0x58, 0x80, 0x7b,
    0xbb, 0xf9, 0x4c, 0x0, 0xe0, 0xa0, 0x1f, 0x1c,
    0xf8, 0x0, 0xcd, 0x7d, 0xdf, 0x69, 0x78, 0x5,
    0x9f, 0xfe, 0xc7, 0xfe, 0x30, 0x22, 0x8, 0xfc,
    0xae, 0x22, 0x21, 0xcc, 0x7f, 0xfd, 0x1, 0xfe,
    0xc7, 0xee, 0x6e, 0xbb, 0xba, 0xc7, 0xba, 0x60,
    0x5, 0x68, 0x80, 0x7f, 0xf0, 0x24, 0xe8, 0x3,
    0xff, 0x83, 0xd0, 0x0, 0x4b, 0xb2, 0x80, 0x7c,
    0x66, 0x0, 0x30, 0x4d, 0x0, 0x60,

    /* U+5C01 "封" */
    0x0, 0xdc, 0xa0, 0x1e, 0xf5, 0x0, 0xff, 0xe1,
    0x8, 0x6, 0xbf, 0xf0, 0xd7, 0xe8, 0x7, 0xf5,
    0x7f, 0x86, 0xbf, 0x17, 0x32, 0x18, 0xc3, 0x1,
    0x0, 0xe1, 0x79, 0x88, 0x2, 0xc1, 0x37, 0x74,
    0x37, 0xde, 0x2a, 0x88, 0x1d, 0x41, 0x6f, 0xfb,
    0xbf, 0xdc, 0x72, 0x40, 0x1e, 0x11, 0xb1, 0x4,
    0x40, 0x96, 0x1, 0xe2, 0x2f, 0x82, 0xd8, 0x40,
    0x3a, 0xfb, 0x81, 0x5d, 0xc0, 0x69, 0x10, 0xe,
    0x9c, 0xc0, 0xc6, 0x60, 0x0, 0xc0, 0x1f, 0xfc,
    0x1, 0x0, 0xfc, 0x4c, 0xf2, 0x37, 0xfc, 0x1,
    0x84, 0x3, 0x5e, 0xc, 0xd7, 0x78, 0x2, 0x78,
    0x1c, 0x0, 0x5b, 0x70, 0xc8, 0x20, 0x16, 0x36,
    0x10, 0x0,

    /* U+5C04 "射" */
    0x0, 0xff, 0xe3, 0xb7, 0x88, 0x7, 0xbc, 0xc0,
    0x3b, 0x94, 0x40, 0x3f, 0xf8, 0x1e, 0xeb, 0xff,
    0x0, 0x61, 0x0, 0xf6, 0xff, 0xb4, 0x3, 0xff,
    0x81, 0xbf, 0xed, 0xa, 0xff, 0x87, 0x3d, 0x0,
    0x2d, 0xff, 0x68, 0x5f, 0x7f, 0x86, 0xf9, 0x0,
    0x2e, 0xcc, 0x70, 0x2, 0x0, 0x27, 0x10, 0xd,
    0x3f, 0xe9, 0x1, 0x63, 0x0, 0xf1, 0x3, 0x11,
    0x18, 0x0, 0x96, 0x1, 0xcb, 0xa1, 0x9d, 0xcc,
    0x0, 0x76, 0x80, 0x72, 0xff, 0xce, 0x5a, 0x0,
    0x55, 0x0, 0x7e, 0x67, 0xe0, 0xf, 0xf8, 0x66,
    0x56, 0x60, 0x1e, 0x10, 0x8, 0xb9, 0x35, 0x1f,
    0x80, 0x28, 0xd0, 0x30, 0x1, 0x6e, 0x88, 0x9,
    0x70, 0x1, 0x89, 0xa0, 0x10,

    /* U+5C0F "小" */
    0x0, 0xf3, 0x78, 0x7, 0xff, 0x0, 0xc4, 0x3,
    0xff, 0xb0, 0x5a, 0x60, 0x1d, 0xa6, 0x1, 0x94,
    0x8c, 0x3, 0x9b, 0xc0, 0x35, 0xa8, 0x7, 0xa0,
    0xd4, 0x0, 0x47, 0xc0, 0x1e, 0x35, 0x80, 0x5,
    0x8a, 0x0, 0x7d, 0x24, 0x82, 0xd2, 0x1, 0xf8,
    0xcd, 0xe4, 0x6c, 0x1, 0xfd, 0xf2, 0x78, 0x20,
    0x1f, 0xc6, 0x40, 0x1c, 0x24, 0x1, 0xff, 0x17,
    0x43, 0x80, 0x7f, 0x8a, 0xf6, 0x40, 0x3c,

    /* U+5C14 "尔" */
    0x0, 0xff, 0xe4, 0xd3, 0x80, 0x7f, 0xf0, 0x4d,
    0x50, 0x3, 0xff, 0x83, 0xe8, 0x24, 0x5f, 0x80,
    0x34, 0x1a, 0x6e, 0xfe, 0x80, 0x9, 0x5e, 0xbf,
    0xfe, 0xc0, 0x90, 0x2, 0x54, 0x28, 0x1, 0xbc,
    0x2, 0x93, 0x30, 0x1, 0x2d, 0xc0, 0x30, 0x80,
    0x55, 0xa0, 0x19, 0x2, 0x10, 0x3, 0x98, 0x4,
    0x3, 0x91, 0xf0, 0x3, 0x14, 0xc0, 0x7, 0xa9,
    0x20, 0x3, 0x15, 0x3a, 0x80, 0x6b, 0x3b, 0x0,
    0xf2, 0xb5, 0x18, 0x2, 0xd7, 0xc0, 0x3f, 0x49,
    0xe8, 0x87, 0xe9, 0x0, 0x42, 0x1, 0xdc, 0xc2,
    0x8, 0x60, 0x5, 0xd8, 0x70, 0xc, 0x50, 0x1,
    0xe4, 0x5b, 0x90, 0xf, 0x80,

    /* U+5C16 "尖" */
    0x0, 0xfa, 0xec, 0x1, 0xfe, 0x14, 0x0, 0xf2,
    0x0, 0x7d, 0x16, 0x20, 0x19, 0x2d, 0x80, 0x38,
    0x5a, 0x4, 0x3, 0x23, 0xc9, 0x80, 0x6a, 0x37,
    0x0, 0xf4, 0x27, 0x8, 0x1, 0x11, 0xe0, 0x11,
    0x98, 0x2, 0xa1, 0x30, 0x2, 0x69, 0x80, 0x59,
    0x40, 0x10, 0xe1, 0x0, 0x44, 0x1, 0xad, 0x40,
    0x3e, 0x4f, 0xff, 0x4, 0x7f, 0xf9, 0x53, 0x31,
    0xbb, 0x40, 0x2, 0x37, 0x6c, 0xc2, 0x1, 0x98,
    0x8a, 0xa7, 0x69, 0x2, 0x21, 0x98, 0x40, 0x30,
    0xe0, 0xc4, 0xae, 0x20, 0x7, 0x8e, 0x79, 0xb0,
    0x1, 0x69, 0x78, 0xe4, 0x3, 0xd8, 0x95, 0x40,
    0xd, 0x58, 0xf1, 0xa4, 0x35, 0x7a, 0xa0, 0x1e,
    0x3b, 0xeb, 0x20,

    /* U+5C31 "就" */
    0x0, 0x92, 0x0, 0x3a, 0x50, 0x3, 0xe6, 0x63,
    0x80, 0x64, 0x24, 0x20, 0x9, 0x51, 0x99, 0xe8,
    0x83, 0x0, 0x1e, 0xf8, 0x5, 0xdd, 0x11, 0x3b,
    0x96, 0x0, 0x19, 0x36, 0x0, 0x5c, 0x47, 0x5d,
    0x10, 0x11, 0x29, 0x40, 0x3, 0xbd, 0xd6, 0x5c,
    0x79, 0x47, 0xcf, 0x0, 0x6c, 0xca, 0x4e, 0xb4,
    0x77, 0x70, 0x6, 0x21, 0x17, 0x98, 0x0, 0x62,
    0x0, 0x1c, 0x5f, 0xf2, 0x90, 0x8, 0x8, 0x80,
    0x30, 0xf6, 0xbc, 0xd4, 0x2, 0x89, 0x88, 0x6,
    0x1c, 0x50, 0x5, 0xc8, 0x6a, 0x0, 0x7a, 0xd1,
    0x40, 0x1c, 0xc6, 0xdc, 0x1, 0x8, 0xb, 0xc8,
    0x4, 0x5b, 0x26, 0x80, 0x16, 0xa8, 0xe8, 0x43,
    0x88, 0x52, 0xf0, 0x73, 0x51, 0xb8, 0x0, 0x8d,
    0x98, 0x3, 0x64, 0xf, 0x1b, 0x64,

    /* U+5C40 "局" */
    0x0, 0xf, 0xff, 0xfc, 0x1, 0xec, 0xee, 0xfa,
    0xc4, 0x3, 0xdb, 0xff, 0xf5, 0x8, 0x7, 0xaf,
    0x33, 0xf6, 0x80, 0x7f, 0xf1, 0x8, 0x3, 0xaf,
    0x33, 0xfb, 0x44, 0x0, 0x61, 0xdd, 0xfd, 0xa0,
    0x20, 0x6, 0x0, 0x6f, 0x77, 0x18, 0x7, 0x8c,
    0xc0, 0x71, 0x99, 0x8, 0x1, 0xc0, 0x36, 0x20,
    0x19, 0x88, 0xa0, 0xc, 0x20, 0x2, 0x4b, 0x3,
    0xd4, 0x48, 0x2, 0x10, 0xa, 0x4c, 0xc0, 0x87,
    0xff, 0x20, 0x81, 0x18, 0x8, 0x78, 0x2, 0xae,
    0xf8, 0x3e, 0xa0, 0x0,

    /* U+5C42 "层" */
    0x0, 0x27, 0xff, 0xfc, 0x1, 0xc3, 0xdd, 0xfb,
    0x4, 0x3, 0x38, 0xe6, 0x7e, 0xe1, 0x0, 0xe1,
    0xee, 0xfe, 0xc0, 0xc, 0xe0, 0x67, 0xfe, 0x0,
    0xe3, 0x6, 0xff, 0xfb, 0x80, 0x30, 0x88, 0x1f,
    0x7b, 0xbd, 0x80, 0x18, 0xdc, 0x4, 0x84, 0x7c,
    0x40, 0x1b, 0x86, 0xff, 0xff, 0xc4, 0x0, 0x3d,
    0xad, 0xe8, 0x1d, 0xed, 0xce, 0xd2, 0x0, 0x2a,
    0x9, 0x4, 0xd1, 0xd, 0xf0, 0x10, 0x1, 0x0,
    0xc0, 0x76, 0x50, 0x1, 0x61, 0xa0, 0x14, 0xb0,
    0x2, 0xce, 0x3f, 0xec, 0x2, 0xc0, 0x4, 0xc8,
    0x1, 0x15, 0x9d, 0xfe, 0xed, 0xca, 0x0,

    /* U+5C4F "屏" */
    0x0, 0x2f, 0xff, 0xfc, 0x1, 0xc5, 0xff, 0xfb,
    0x44, 0x3, 0x9, 0x7f, 0xfe, 0xd1, 0x0, 0xe2,
    0xff, 0x6d, 0x7f, 0xd5, 0xbe, 0x1, 0xc2, 0x0,
    0x7b, 0x10, 0x5, 0xa0, 0x7, 0x8, 0xa, 0xa,
    0xba, 0x38, 0x12, 0x18, 0x4, 0x6e, 0xbf, 0xe4,
    0xaf, 0xc1, 0x88, 0x20, 0x5, 0xc2, 0x97, 0x62,
    0xfb, 0xb0, 0x6e, 0x38, 0x4, 0x7b, 0x9b, 0xa2,
    0xdd, 0x83, 0x37, 0x88, 0x5, 0xf, 0x73, 0x1,
    0xb9, 0x80, 0xfc, 0xf2, 0x6, 0x14, 0x11, 0x20,
    0x98, 0x88, 0xc, 0x44, 0x0, 0x96, 0x0, 0x25,
    0x40, 0x7, 0xf7, 0xc8, 0x15, 0xc3, 0x0, 0x4,
    0xc, 0x3, 0x8, 0x80, 0xbd, 0xc0, 0x21, 0xf2,
    0x0, 0x80,

    /* U+5DE6 "左" */
    0x0, 0xf0, 0x80, 0x7f, 0xf0, 0xef, 0x40, 0x3f,
    0xf8, 0x42, 0xe0, 0x1f, 0xe4, 0x32, 0x23, 0x19,
    0x17, 0x19, 0x80, 0x3, 0x5b, 0x98, 0x27, 0xcc,
    0xed, 0xf0, 0x0, 0xf7, 0x56, 0x1d, 0xdf, 0x60,
    0x7, 0xbd, 0x40, 0x3f, 0xf8, 0x22, 0xb2, 0x1,
    0xff, 0xc1, 0x90, 0xcf, 0xff, 0x58, 0x7, 0x13,
    0xd6, 0xe9, 0x8b, 0x75, 0x92, 0x1, 0xdc, 0xca,
    0x44, 0x10, 0x22, 0x19, 0x0, 0x6a, 0x19, 0x0,
    0xff, 0xe0, 0x5a, 0x78, 0x7, 0xff, 0x7, 0x74,
    0x6, 0x78, 0x40, 0xcf, 0x80, 0xc, 0x71, 0x99,
    0x98, 0xb3, 0x38, 0x40,

    /* U+5DF2 "已" */
    0x0, 0xff, 0xe1, 0x3f, 0xff, 0xfc, 0x0, 0x6c,
    0xdd, 0xfd, 0x20, 0x10, 0x99, 0x17, 0xf0, 0x6,
    0xa6, 0x0, 0xff, 0xe0, 0x27, 0x0, 0x7f, 0xf0,
    0xd, 0xff, 0xfe, 0xb0, 0xe, 0x7e, 0xef, 0xa8,
    0x4, 0x2, 0xf1, 0x1f, 0x97, 0x84, 0x3, 0xff,
    0x80, 0x20, 0x1f, 0xfc, 0x26, 0x20, 0xf, 0xfe,
    0x4, 0x48, 0xd, 0x22, 0x7e, 0x81, 0xd0, 0x80,
    0xab, 0xbf, 0x99, 0x58,

    /* U+5E03 "布" */
    0x0, 0xf9, 0x0, 0x3f, 0xf8, 0x4b, 0x66, 0x1,
    0xff, 0xc1, 0x94, 0x30, 0xf, 0xdb, 0x99, 0x8d,
    0xb3, 0x3d, 0xa0, 0x8, 0x98, 0x81, 0x24, 0xd4,
    0xc4, 0x69, 0x0, 0x2a, 0x90, 0x86, 0x92, 0xcd,
    0x13, 0x80, 0x31, 0x4d, 0x8, 0x7, 0xfc, 0x3e,
    0x17, 0xdc, 0x29, 0xee, 0xa8, 0x2, 0x2f, 0x10,
    0xbc, 0xc1, 0x46, 0x61, 0xc4, 0x0, 0x7a, 0x58,
    0x2, 0x44, 0x1, 0x22, 0x8, 0x4, 0x75, 0x80,
    0x1f, 0xfc, 0x25, 0x0, 0xff, 0x84, 0x3, 0xff,
    0x80, 0x54, 0xc6, 0x1, 0xe3, 0x70, 0xc, 0x4c,
    0xf0, 0x1, 0xec, 0x30, 0xe, 0xc9, 0x10, 0xf,
    0xfe, 0x30,

    /* U+5E26 "带" */
    0x0, 0xbc, 0x83, 0x1c, 0x7, 0xc0, 0x22, 0x11,
    0x0, 0x88, 0x3c, 0x48, 0x4, 0x45, 0xbd, 0xc0,
    0xce, 0x37, 0xec, 0xe, 0xe6, 0x7f, 0xc1, 0xbe,
    0x71, 0xfa, 0x1f, 0xee, 0x0, 0x90, 0xc2, 0xcc,
    0xd, 0x80, 0x2d, 0xff, 0x27, 0x7c, 0x5f, 0xf3,
    0x7f, 0xb4, 0x27, 0xbb, 0x35, 0x77, 0x6a, 0x1,
    0x21, 0x1c, 0xe6, 0x23, 0x98, 0x71, 0x7b, 0xb0,
    0xcf, 0x76, 0x2c, 0x0, 0xd, 0xe6, 0x6, 0x33,
    0x16, 0x22, 0x0, 0xcc, 0x44, 0x31, 0x22, 0x8,
    0x7, 0xff, 0x2c, 0xc0, 0x17, 0x46, 0x1, 0xf,
    0x18, 0x4, 0x21, 0xf5, 0x80, 0x0,

    /* U+5E27 "帧" */
    0x0, 0xb9, 0x0, 0x31, 0xf8, 0x7, 0xe3, 0x0,
    0xfa, 0xef, 0x8, 0x22, 0xc, 0xc8, 0x20, 0x1a,
    0x22, 0xf1, 0xb, 0xd1, 0xca, 0x40, 0xc, 0x67,
    0x20, 0x5, 0x5, 0xe6, 0x39, 0x8e, 0xc, 0xc9,
    0x0, 0x3f, 0x15, 0x67, 0x6e, 0x88, 0x3, 0xfc,
    0x66, 0xe5, 0x10, 0xf, 0xfe, 0x13, 0x0, 0x7f,
    0xf0, 0xcc, 0x3, 0xf0, 0x98, 0x8, 0x8, 0x8,
    0x7, 0xee, 0x15, 0x53, 0x29, 0x89, 0x4b, 0x0,
    0x10, 0x43, 0xb8, 0x34, 0x31, 0x2d, 0xa2, 0x40,
    0xb, 0x3, 0x11, 0x3, 0x63, 0xab, 0xb4, 0xd0,
    0x7, 0xd5, 0x17, 0x20, 0x9, 0x93, 0x90, 0x5,
    0xc8, 0x15, 0xca, 0x1, 0x9b, 0x48,

    /* U+5E38 "常" */
    0x0, 0x38, 0x5, 0xca, 0x0, 0x72, 0x0, 0xd5,
    0x0, 0x1c, 0x50, 0x20, 0x1a, 0x8, 0x0, 0x60,
    0x8, 0x53, 0x0, 0x7f, 0xa9, 0x7f, 0xc5, 0x5e,
    0xaa, 0xff, 0x28, 0xdf, 0xff, 0xf8, 0x40, 0x2e,
    0xff, 0xfc, 0x64, 0x3c, 0x81, 0x7f, 0xfe, 0x10,
    0xc4, 0x0, 0xab, 0xbb, 0xc2, 0x1, 0xdf, 0xf8,
    0xe3, 0xfd, 0xc6, 0x1, 0x22, 0xae, 0x3e, 0x55,
    0x90, 0x40, 0x15, 0xff, 0x85, 0x3f, 0xea, 0x70,
    0xa, 0xae, 0xe2, 0x9b, 0xb9, 0x0, 0x3f, 0xe1,
    0x26, 0x30, 0x1, 0x0, 0x63, 0x0, 0x46, 0x82,
    0x0, 0x30, 0x40, 0x3d, 0x3f, 0x82, 0x0,

    /* U+5E42 "幂" */
    0x8, 0xff, 0xff, 0xe0, 0x38, 0x4, 0x9f, 0xdd,
    0xfb, 0xd0, 0x2, 0xec, 0x7e, 0xdd, 0xf7, 0xce,
    0x98, 0x1, 0x9c, 0xa, 0xab, 0xc4, 0xc, 0x80,
    0x1e, 0x33, 0xf3, 0x80, 0x7e, 0x38, 0x8f, 0x28,
    0x7, 0x8, 0x3f, 0x23, 0x6e, 0xee, 0x90, 0x10,
    0x7, 0xee, 0xb9, 0x99, 0xbb, 0x7f, 0x6e, 0xbc,
    0x1, 0xdb, 0x41, 0x5a, 0xaa, 0xd9, 0x3b, 0xce,
    0x2, 0xae, 0xa0, 0x8d, 0x66, 0x6d, 0x9c, 0x77,
    0x8, 0x87, 0xb4, 0x5b, 0xa7, 0x76, 0xe9, 0x5f,
    0xa8, 0x82, 0x4c, 0x3, 0xc5, 0xa, 0x22, 0x40,
    0xc, 0x76, 0x1, 0x89, 0x52, 0x40, 0x3c, 0x8e,
    0x1, 0xdb, 0x42, 0x1, 0x0,

    /* U+5E55 "幕" */
    0x0, 0xee, 0x40, 0x4, 0xc8, 0x3, 0xcf, 0xbb,
    0xc, 0xee, 0x9d, 0xdb, 0xb2, 0x0, 0x1f, 0x76,
    0x19, 0xdd, 0x3b, 0xb7, 0x64, 0x0, 0xd9, 0x83,
    0x8c, 0xc2, 0x23, 0x60, 0x3, 0xc5, 0x3b, 0x99,
    0x6e, 0x9c, 0x40, 0x3e, 0x9b, 0xbf, 0x20, 0x7,
    0xe6, 0xcc, 0xf1, 0x0, 0x7d, 0xbc, 0x50, 0x6,
    0x74, 0x58, 0x6, 0xdd, 0x74, 0xd1, 0x54, 0xd5,
    0xcf, 0xec, 0x80, 0x37, 0x52, 0x2d, 0xb7, 0x6f,
    0x46, 0x9d, 0x90, 0x2b, 0xe8, 0x35, 0xc8, 0x86,
    0xba, 0x57, 0xe8, 0x96, 0xfc, 0x6, 0x61, 0xdd,
    0x98, 0x49, 0xe9, 0x10, 0x61, 0x0, 0xf8, 0x9c,
    0x44, 0x80, 0x19, 0xd4, 0x3, 0xb8, 0xd0, 0x3,
    0xc7, 0x40, 0x1d, 0xbe, 0x40, 0x10,

    /* U+5E72 "干" */
    0x0, 0xff, 0xe2, 0xf7, 0xff, 0xfa, 0x0, 0x2d,
    0xcd, 0xd8, 0x9f, 0x76, 0xc9, 0x0, 0x8c, 0xc4,
    0x50, 0x79, 0x14, 0x62, 0x1, 0xff, 0xd4, 0x32,
    0x2e, 0xf, 0x22, 0xf1, 0xe6, 0xef, 0x13, 0xee,
    0xf7, 0x1f, 0xff, 0x8a, 0x3f, 0xfb, 0x0, 0x3f,
    0xff, 0xe0, 0x1f, 0x1f, 0x80, 0x78,

    /* U+5E73 "平" */
    0x0, 0xff, 0xe2, 0xff, 0xff, 0xcc, 0x1, 0x77,
    0x71, 0x3f, 0x75, 0xac, 0x1, 0x2e, 0x88, 0xc1,
    0xe2, 0x27, 0xc1, 0x0, 0x94, 0xa8, 0x3, 0xd0,
    0xe2, 0x1, 0xd, 0x2b, 0x0, 0x6a, 0x9, 0x0,
    0xe4, 0x51, 0x0, 0x89, 0x74, 0x3, 0x8, 0xd6,
    0xc2, 0x1e, 0x7a, 0x42, 0x32, 0x77, 0x78, 0x9f,
    0xb7, 0xba, 0xc4, 0xff, 0xf1, 0x47, 0xff, 0x68,
    0x7, 0xff, 0xa0, 0xc0, 0x3f, 0xf8, 0x7e, 0x1,
    0xe0,

    /* U+5E74 "年" */
    0x0, 0xe1, 0x0, 0xff, 0xe1, 0x37, 0x18, 0x7,
    0xff, 0x6, 0xd4, 0xc0, 0x3f, 0xf8, 0xe, 0x4b,
    0xff, 0xf9, 0x0, 0x22, 0x88, 0x7f, 0xc5, 0x3f,
    0xf9, 0x0, 0x2e, 0x27, 0x0, 0xff, 0xe0, 0x51,
    0xf0, 0x8e, 0x1, 0x18, 0x84, 0x2, 0xba, 0x6e,
    0xcc, 0x8a, 0x73, 0x29, 0x0, 0x85, 0x44, 0x5b,
    0xb1, 0x46, 0xeb, 0xa0, 0x3, 0xff, 0x8e, 0x86,
    0x42, 0x67, 0xb8, 0xcf, 0x20, 0x14, 0x7e, 0xa4,
    0x44, 0x2b, 0x11, 0xc2, 0x59, 0x8b, 0xbe, 0x2b,
    0xbe, 0xc1, 0x0, 0xff, 0xe6, 0x18, 0x7, 0xff,
    0x2c,

    /* U+5E76 "并" */
    0x0, 0xff, 0x8, 0x7, 0xf6, 0x28, 0x6, 0xcc,
    0x0, 0x7e, 0x6a, 0x10, 0x0, 0x95, 0x0, 0x7e,
    0xb1, 0x40, 0x3, 0x83, 0x0, 0x71, 0xff, 0xb8,
    0x6b, 0xfd, 0x21, 0xff, 0x8, 0x0, 0xf3, 0x1a,
    0x15, 0xba, 0xa0, 0xdd, 0x60, 0x80, 0x46, 0x62,
    0x6, 0x22, 0x30, 0x11, 0xc, 0x3, 0xff, 0x8e,
    0x86, 0x70, 0x29, 0x99, 0x40, 0xce, 0x40, 0x2a,
    0xdd, 0x82, 0x37, 0x50, 0x1b, 0xb5, 0x11, 0x3b,
    0xaa, 0xe, 0xeb, 0x43, 0xbb, 0x10, 0x6, 0xd3,
    0x0, 0xff, 0xe0, 0xab, 0x40, 0x7, 0xff, 0x2,
    0x29, 0xd0, 0x3, 0xfe, 0x57, 0x98, 0x0, 0xff,
    0xe0, 0x2f, 0x30, 0x7, 0x1f, 0x80, 0x70,

    /* U+5E8F "序" */
    0x0, 0xfd, 0x8e, 0x1, 0xf0, 0x8f, 0x82, 0xc4,
    0x71, 0x0, 0x3f, 0xd9, 0x98, 0x45, 0x99, 0x7f,
    0x80, 0x29, 0xdf, 0xcc, 0xfb, 0xb4, 0x0, 0x60,
    0x39, 0xff, 0xdd, 0xc8, 0x0, 0xc2, 0x2e, 0xe6,
    0x5f, 0x48, 0x34, 0x80, 0x46, 0x1, 0x92, 0xb6,
    0xf2, 0x44, 0x3, 0x18, 0x4, 0xd4, 0x54, 0x60,
    0x1c, 0x2d, 0x9f, 0xf5, 0x4, 0xff, 0xd6, 0x4,
    0x5, 0x9f, 0xf8, 0x37, 0xf8, 0x38, 0x10, 0x4,
    0x3, 0xf0, 0xd2, 0x85, 0x20, 0x7, 0xf9, 0x40,
    0xcd, 0xc0, 0x18, 0xd4, 0x3, 0xc7, 0x4a, 0x1,
    0xbe, 0xd4, 0x80, 0x30,

    /* U+5E94 "应" */
    0x0, 0xff, 0xe5, 0x1f, 0x90, 0x7, 0xff, 0x0,
    0xc2, 0x80, 0x3e, 0x6f, 0xfe, 0x7, 0xff, 0xd6,
    0x1, 0x1f, 0xff, 0xfa, 0xc0, 0x3e, 0x13, 0x0,
    0x84, 0x3, 0x9c, 0x2, 0x6e, 0x0, 0xa7, 0x80,
    0x39, 0x68, 0x1c, 0xd8, 0x0, 0x88, 0x0, 0x84,
    0x4e, 0xa6, 0x13, 0x60, 0x27, 0x20, 0x17, 0x99,
    0x37, 0x83, 0x12, 0xb9, 0x18, 0x4, 0x7c, 0x10,
    0x68, 0x36, 0xb5, 0x40, 0xc, 0xc4, 0x2, 0xd8,
    0x8, 0x66, 0x60, 0x8, 0x88, 0xe0, 0x9, 0x80,
    0x5, 0x28, 0x80, 0x4a, 0x26, 0xca, 0xbc, 0xc6,
    0xab, 0x4, 0xb2, 0xc4, 0x78, 0x92, 0x21, 0x21,
    0x12, 0x9d, 0xbb, 0xfd, 0x80,

    /* U+5E95 "底" */
    0x0, 0xf9, 0xf4, 0x3, 0xf8, 0x48, 0xb0, 0x93,
    0x91, 0x46, 0x60, 0x9, 0x37, 0x32, 0x81, 0x9c,
    0xcb, 0x78, 0x3, 0xf, 0x77, 0xb2, 0xa7, 0xb4,
    0x3, 0xd9, 0xdc, 0xff, 0x6d, 0xc3, 0x0, 0x7c,
    0x51, 0xde, 0x8f, 0xdc, 0x70, 0xf, 0x8c, 0xc0,
    0x1, 0x1e, 0x0, 0xc6, 0x60, 0x1, 0x14, 0x4,
    0x51, 0x88, 0x4, 0x22, 0x0, 0x4e, 0x61, 0x11,
    0x98, 0xd7, 0x0, 0xb9, 0x80, 0x17, 0xdc, 0xd1,
    0xee, 0x98, 0x2, 0x4d, 0x0, 0xc8, 0x60, 0x80,
    0x1c, 0x64, 0x80, 0xc, 0xdf, 0x6, 0xf0, 0x22,
    0x0, 0x24, 0x4c, 0x49, 0x9c, 0x82, 0x16, 0x2f,
    0x48, 0x8b, 0x20, 0x29, 0x76, 0x7a, 0xd, 0x66,
    0x21, 0x13, 0x1c, 0x1, 0x68, 0x35, 0x20, 0x7d,
    0x54, 0x0,

    /* U+5EA6 "度" */
    0x0, 0xf9, 0x2c, 0x3, 0xf8, 0x47, 0x81, 0x14,
    0x46, 0x20, 0xd, 0xbd, 0xff, 0x50, 0xdf, 0xfd,
    0x86, 0x1, 0xa7, 0xb8, 0xd5, 0xdc, 0xd4, 0xee,
    0x18, 0x7, 0x8, 0x29, 0x0, 0x1d, 0x40, 0x40,
    0x3d, 0xfc, 0x51, 0xdc, 0xa0, 0xef, 0x40, 0xe,
    0xee, 0x14, 0x77, 0x28, 0x3b, 0x88, 0x1, 0x9,
    0x80, 0x57, 0x74, 0x0, 0x7c, 0x62, 0x3, 0x32,
    0xff, 0x45, 0x80, 0x78, 0x5a, 0x7e, 0xea, 0xb5,
    0xc8, 0x6, 0x20, 0x29, 0xe6, 0x4e, 0xe4, 0xc,
    0x80, 0x64, 0x20, 0xa, 0x5e, 0x16, 0x34, 0x3,
    0xb5, 0x40, 0x34, 0xbd, 0x49, 0x80, 0x62, 0x4a,
    0x46, 0x9d, 0x97, 0x75, 0x7e, 0x5c, 0x81, 0x61,
    0x6, 0x7f, 0x6c, 0x43, 0x75, 0x27, 0xc0,

    /* U+5EFA "建" */
    0x0, 0xfe, 0xf3, 0x0, 0xf4, 0xe6, 0x2c, 0x2f,
    0xb8, 0x1b, 0xdc, 0x50, 0xa, 0xfd, 0x8c, 0x2f,
    0xb8, 0x3b, 0xc6, 0x20, 0x11, 0x1a, 0x53, 0xf6,
    0xe8, 0x77, 0x45, 0x58, 0x1, 0x2a, 0x89, 0xb3,
    0x21, 0xac, 0x2b, 0xd0, 0x0, 0xc1, 0x28, 0x55,
    0x43, 0x14, 0x40, 0x20, 0x7, 0x24, 0xa3, 0xa8,
    0x80, 0x54, 0x62, 0x0, 0x4d, 0xfe, 0x2, 0x1,
    0x18, 0xc4, 0x60, 0x9, 0x91, 0xc8, 0x3f, 0xdc,
    0x31, 0xde, 0x60, 0x1a, 0x71, 0x7, 0xf3, 0x46,
    0x77, 0x4, 0x2, 0x61, 0x6d, 0x7c, 0xff, 0xd,
    0x7f, 0xb1, 0x0, 0x24, 0xd, 0x6e, 0xe8, 0x77,
    0xba, 0x40, 0x3, 0x3d, 0x17, 0xd3, 0x20, 0x31,
    0x10, 0xcc, 0x5, 0x16, 0xb7, 0x85, 0xb2, 0x15,
    0xba, 0xc8, 0x2, 0xe4, 0x0, 0x1c, 0x5e, 0xf7,
    0xfe, 0xb0,

    /* U+5F00 "开" */
    0x0, 0xff, 0xe3, 0x77, 0xff, 0xfc, 0xc0, 0x16,
    0x6e, 0xa0, 0x77, 0x60, 0x8d, 0xd3, 0x80, 0x44,
    0x50, 0x81, 0x14, 0x4, 0x50, 0x80, 0x7f, 0xf5,
    0x95, 0x12, 0xe1, 0x44, 0x83, 0x51, 0xa, 0x21,
    0x73, 0x28, 0x60, 0x88, 0x81, 0x62, 0x60, 0x83,
    0xb7, 0x58, 0xe9, 0x99, 0x4, 0x66, 0xe8, 0xc0,
    0x39, 0xf0, 0x3, 0xff, 0x82, 0xe2, 0xa0, 0x1f,
    0xfc, 0x4, 0x87, 0x20, 0xf, 0xf0, 0xc5, 0xac,
    0x0, 0x71, 0x80, 0x71, 0x99, 0xe8, 0x3, 0xfe,

    /* U+5F15 "引" */
    0x0, 0xff, 0xe6, 0x73, 0x7, 0xff, 0x98, 0x3,
    0xdd, 0xdc, 0x20, 0x18, 0xc0, 0x2, 0x3c, 0x6,
    0x1, 0xea, 0xdd, 0xc2, 0x60, 0x1e, 0x75, 0xff,
    0xb5, 0xc0, 0x3e, 0xe2, 0x2c, 0x20, 0x1e, 0x30,
    0xf, 0xfe, 0xc, 0xff, 0xe7, 0x0, 0xf7, 0x7f,
    0xe0, 0x20, 0xf, 0xf0, 0x80, 0x80, 0x7f, 0x8c,
    0x18, 0x3, 0xfc, 0xc0, 0x40, 0x11, 0x80, 0x46,
    0xcf, 0x24, 0x1, 0xc2, 0x1, 0x4c, 0x9b, 0x80,
    0x37, 0x38, 0x0, 0xff, 0xac, 0xc0, 0x3c,

    /* U+5F2F "弯" */
    0x0, 0xff, 0xe5, 0xdd, 0x0, 0x7e, 0xcc, 0xf2,
    0xab, 0x33, 0xc0, 0x8, 0xff, 0xa8, 0xf7, 0xe,
    0x7f, 0xe8, 0x0, 0x20, 0x71, 0x10, 0x4c, 0xc0,
    0xcf, 0xc2, 0x80, 0x1, 0xd5, 0x10, 0x10, 0xc,
    0x8f, 0xaa, 0x3, 0xe9, 0x0, 0xe8, 0x0, 0x41,
    0xa, 0x5a, 0x31, 0x89, 0x43, 0x8, 0x33, 0x40,
    0x99, 0xaa, 0x86, 0xd, 0x32, 0xff, 0xfb, 0xb0,
    0x14, 0x2, 0xa9, 0x88, 0xfa, 0xc0, 0x3c, 0x37,
    0xff, 0xf6, 0xa0, 0x7, 0xd1, 0x1f, 0xc4, 0x1,
    0x8c, 0xdf, 0xff, 0xb6, 0x0, 0x31, 0x66, 0x7f,
    0x29, 0x0, 0x7f, 0xc6, 0x65, 0x4c, 0x0, 0xff,
    0xbb, 0x26, 0x10, 0x3, 0xfe, 0xdf, 0xc7, 0x0,
    0x80,

    /* U+5F31 "弱" */
    0x0, 0xff, 0xe1, 0x17, 0xff, 0x1a, 0xff, 0xf1,
    0x97, 0xfe, 0x10, 0x5f, 0xfc, 0x40, 0xc, 0xee,
    0x84, 0xb, 0xbb, 0x10, 0x0, 0xeb, 0x31, 0xa6,
    0x3, 0x99, 0x69, 0x80, 0x14, 0x8a, 0x1, 0x11,
    0x16, 0x1, 0xe, 0xff, 0x8d, 0xc7, 0xff, 0x28,
    0xe6, 0xff, 0x84, 0x12, 0xbb, 0xfc, 0x42, 0xd,
    0x82, 0x1, 0xb7, 0x40, 0x13, 0x82, 0xc9, 0x30,
    0x88, 0x21, 0x55, 0x24, 0x0, 0x3e, 0xdd, 0x0,
    0x12, 0x52, 0x38, 0x45, 0x38, 0x19, 0x60, 0xd,
    0x29, 0xd7, 0x0, 0x47, 0x49, 0x10, 0xe, 0x6d,
    0x0, 0x44, 0x62, 0x20, 0xbd, 0x51, 0x0, 0xa7,
    0x8c, 0x40, 0x29, 0xea, 0x0, 0xd7, 0x98, 0x0,

    /* U+5F3A "强" */
    0x0, 0xff, 0xe1, 0x77, 0xfc, 0xc9, 0xff, 0xe5,
    0xe, 0xff, 0x21, 0x80, 0x3f, 0xf1, 0x0, 0x7f,
    0x4c, 0xe3, 0x0, 0x5f, 0xf9, 0xd, 0x6f, 0x7d,
    0xb6, 0x90, 0x1e, 0x3f, 0xcc, 0x28, 0x85, 0x14,
    0x40, 0x80, 0x88, 0x2, 0xdf, 0xf6, 0xf, 0xfb,
    0x80, 0x18, 0xee, 0x10, 0xaf, 0xc1, 0xfa, 0x0,
    0x5e, 0x84, 0x0, 0x7f, 0x99, 0xd8, 0x4, 0x2b,
    0xf0, 0x7e, 0x80, 0x31, 0x80, 0x1f, 0x3f, 0x7,
    0xfd, 0xc0, 0x10, 0x88, 0x28, 0xc0, 0x34, 0x50,
    0x4, 0xc6, 0x0, 0x13, 0x41, 0x95, 0x51, 0xb6,
    0x52, 0xa7, 0xf6, 0xea, 0x37, 0x4d, 0xe8, 0x8b,
    0x84, 0x9d, 0xea, 0x74, 0x8, 0xd0,

    /* U+5F53 "当" */
    0x0, 0xf3, 0xf8, 0x7, 0xcb, 0xa2, 0x0, 0x11,
    0x0, 0x4d, 0xc2, 0xe, 0x54, 0x1, 0xe1, 0x85,
    0x10, 0x29, 0x46, 0x0, 0xed, 0x3a, 0x0, 0x99,
    0x48, 0x3, 0x8, 0x70, 0x80, 0xc, 0xd0, 0xc4,
    0x20, 0x47, 0xc2, 0x40, 0xc, 0xdc, 0xca, 0x43,
    0x33, 0x69, 0x7, 0xf7, 0x7f, 0x68, 0x18, 0x9,
    0x17, 0xf3, 0x80, 0x57, 0xbb, 0xfd, 0x60, 0x15,
    0x7f, 0xff, 0x60, 0x7, 0xff, 0x10, 0xff, 0xff,
    0xd8, 0x0, 0x3d, 0xd7, 0x77, 0xeb, 0x0, 0x88,
    0x82, 0x3f, 0x9c, 0xc,

    /* U+5F80 "往" */
    0x0, 0xff, 0xe3, 0x2d, 0x0, 0x49, 0xa0, 0x1f,
    0xd, 0xe0, 0x4, 0xa4, 0xe0, 0x1e, 0xd7, 0x61,
    0x32, 0x38, 0x42, 0x21, 0x88, 0x60, 0x49, 0x3e,
    0xe6, 0x23, 0x73, 0x1a, 0x81, 0x7a, 0xde, 0xdd,
    0xd1, 0x47, 0x74, 0xa0, 0xe1, 0x10, 0x0, 0xff,
    0xe0, 0x50, 0xa0, 0x7, 0xfd, 0x28, 0x1, 0x77,
    0xf8, 0xa7, 0xfd, 0x20, 0x6d, 0x40, 0x16, 0x6f,
    0x14, 0x76, 0xc0, 0x1f, 0x38, 0x4, 0x44, 0x10,
    0x11, 0x10, 0x80, 0x4, 0x3, 0xff, 0xaa, 0x64,
    0x50, 0x71, 0x16, 0x0, 0xed, 0xcc, 0x8d, 0xb3,
    0x29, 0x0, 0xee, 0xef, 0xeb,

    /* U+5F85 "待" */
    0x0, 0xd8, 0x60, 0x16, 0x38, 0x7, 0xea, 0x73,
    0x0, 0xc2, 0x1, 0xf4, 0xbd, 0x6, 0x77, 0xe,
    0x7b, 0xec, 0x2, 0xa7, 0xc5, 0x2d, 0xcf, 0x38,
    0xfe, 0xa0, 0xb, 0x30, 0x35, 0x41, 0x21, 0x1,
    0x1c, 0x1, 0x31, 0x51, 0xff, 0x6e, 0x8e, 0x37,
    0x72, 0x80, 0x15, 0x50, 0xdb, 0xdf, 0xb9, 0x67,
    0xfc, 0x80, 0x74, 0x0, 0x13, 0x31, 0x16, 0x2,
    0x31, 0x2c, 0x81, 0x9, 0xff, 0xeb, 0x1f, 0xf1,
    0x12, 0x9c, 0x1, 0x1b, 0x5d, 0xd5, 0xf, 0x69,
    0x2, 0x80, 0x42, 0x14, 0xe2, 0x30, 0x9, 0x0,
    0x7c, 0x4b, 0x22, 0x1, 0xff, 0xc1, 0xb8, 0x10,
    0x10, 0xf, 0xf8, 0x5c, 0xb2, 0x88, 0x3, 0xff,
    0x80, 0x4e, 0xed, 0x0, 0x80,

    /* U+5F88 "很" */
    0x0, 0xca, 0x1, 0xff, 0xc2, 0x6a, 0x64, 0xff,
    0xf2, 0x80, 0x69, 0x95, 0x30, 0x3, 0xbb, 0x8,
    0x80, 0x3, 0xaf, 0x8a, 0xe, 0x6, 0x78, 0x3,
    0xd, 0xf9, 0xcd, 0x0, 0x33, 0x30, 0x80, 0x66,
    0x16, 0x67, 0x0, 0x3b, 0xb0, 0x80, 0x73, 0x4d,
    0x20, 0x3, 0x33, 0x8, 0x80, 0x29, 0x81, 0x10,
    0x5, 0x0, 0x91, 0x6c, 0x0, 0x37, 0xd3, 0x0,
    0xc9, 0x60, 0x85, 0xa2, 0x7, 0xe6, 0x1, 0xe4,
    0x57, 0x98, 0x10, 0x0, 0x80, 0x7c, 0x61, 0x38,
    0xc0, 0x1f, 0xfc, 0x8, 0x2, 0x0, 0xff, 0x97,
    0x15, 0x58, 0x60, 0x1c, 0x60, 0x5, 0xb, 0xb0,
    0x5b, 0x65, 0x0, 0x70, 0x82, 0xa7, 0xb8, 0x2,
    0xe3, 0x80,

    /* U+5FAA "循" */
    0x0, 0x9e, 0x0, 0x46, 0x24, 0x69, 0xc1, 0x0,
    0x8a, 0x38, 0x3b, 0xac, 0xb8, 0x34, 0x20, 0xb,
    0xd5, 0x80, 0x1f, 0xee, 0x46, 0xa8, 0x30, 0x5,
    0x8d, 0x41, 0x5, 0xdc, 0xaa, 0xbb, 0x88, 0x3b,
    0x55, 0xc0, 0x11, 0x32, 0xa, 0x99, 0x41, 0x2,
    0x8d, 0xb9, 0x1, 0x91, 0x0, 0xc8, 0x86, 0x1,
    0x50, 0xc0, 0x5, 0xbc, 0x15, 0xdc, 0x20, 0x4,
    0x28, 0x80, 0x88, 0xe, 0xbb, 0xa0, 0xc, 0x92,
    0x0, 0x32, 0x3, 0x9d, 0xd8, 0x40, 0x2c, 0x50,
    0x3, 0xb8, 0x1, 0x3b, 0xb0, 0x80, 0x7d, 0xa4,
    0x0, 0x9c, 0xc8, 0x40, 0x3e, 0x5c, 0x0, 0x4e,
    0x64, 0x20, 0x1c, 0x28, 0x48, 0x7, 0x5b, 0xb0,
    0x80, 0x67, 0x4, 0x81, 0x0, 0x5e, 0x64, 0x20,
    0x19, 0x38, 0x1c, 0x1, 0xea, 0x23, 0x71, 0x0,

    /* U+5FC6 "忆" */
    0x0, 0xba, 0x0, 0x3f, 0xf8, 0x47, 0xe0, 0x2,
    0x11, 0xf0, 0x7, 0xe2, 0xde, 0xee, 0xf0, 0x9,
    0x88, 0x0, 0xe1, 0xff, 0x90, 0x28, 0x2, 0x87,
    0x0, 0x65, 0x80, 0x4c, 0x98, 0x80, 0x10, 0xb0,
    0x3, 0x9c, 0x0, 0x53, 0x6, 0x1, 0x10, 0x10,
    0x1, 0x7c, 0x1, 0xc8, 0xe0, 0x19, 0x8c, 0x40,
    0x21, 0x6, 0x3a, 0x0, 0xe4, 0xc0, 0xe, 0x19,
    0xa1, 0x0, 0xff, 0xe0, 0x42, 0x28, 0x7, 0xff,
    0x0, 0x5a, 0x0, 0x31, 0x10, 0x3, 0xe7, 0x13,
    0x0, 0xd7, 0xa0, 0x18, 0xc0, 0x6, 0x30, 0xab,
    0x33, 0xb0, 0x7, 0x78, 0x2c, 0x1c, 0xcd, 0x4f,
    0x0,

    /* U+5FD7 "志" */
    0x0, 0xfb, 0xdc, 0x3, 0xff, 0x84, 0x22, 0x0,
    0xfc, 0xa6, 0x7c, 0x1c, 0x67, 0x90, 0x80, 0xa3,
    0xff, 0x85, 0x7f, 0xf4, 0x28, 0x16, 0xe6, 0x70,
    0xde, 0x67, 0x38, 0x7, 0xff, 0x1e, 0xff, 0xf0,
    0xcf, 0xfe, 0x50, 0xd, 0x5b, 0xdd, 0x6f, 0x76,
    0xd5, 0x0, 0xc2, 0x42, 0x37, 0xb0, 0x8e, 0x0,
    0xec, 0x84, 0xe1, 0x88, 0x18, 0x26, 0x20, 0x4,
    0x87, 0x60, 0x20, 0xaa, 0x70, 0x47, 0xb3, 0x0,
    0x42, 0x18, 0x6, 0xa4, 0x43, 0xc2, 0x70, 0x21,
    0xc0, 0x38, 0x29, 0x15, 0xf2, 0x15, 0xe0, 0x9a,
    0x60, 0x44, 0xbd, 0xd9, 0x68, 0x4, 0x80, 0x4,
    0x0, 0x1d, 0xff, 0xdc, 0x80, 0x18,

    /* U+5FEB "快" */
    0x0, 0x84, 0x3, 0xff, 0x84, 0x3c, 0x20, 0x10,
    0xf9, 0x0, 0x7f, 0xf0, 0xcc, 0x3, 0xff, 0x94,
    0xa4, 0x12, 0xf5, 0xfc, 0x1d, 0xfe, 0x30, 0xa,
    0x50, 0x32, 0x6b, 0xf8, 0x3b, 0xc4, 0x3, 0x19,
    0x81, 0x41, 0x0, 0x3f, 0x88, 0x14, 0x1, 0x88,
    0x1, 0xfc, 0x2c, 0x1, 0x3e, 0xe6, 0x86, 0xe0,
    0xf6, 0x1, 0xc8, 0x4, 0x9d, 0xcb, 0x2, 0xed,
    0xef, 0x0, 0xf0, 0x99, 0x73, 0x93, 0x91, 0x98,
    0x3, 0xf0, 0xb5, 0x45, 0x88, 0x7, 0xfa, 0x94,
    0x91, 0x6c, 0x3, 0xfa, 0x16, 0xc0, 0x14, 0x92,
    0x1, 0xe3, 0xa7, 0xd1, 0x0, 0xd, 0x35, 0x80,
    0x78, 0x6c, 0xc0, 0x32, 0x59, 0x0,

    /* U+6001 "态" */
    0x0, 0xf8, 0x40, 0x3f, 0xf8, 0x4b, 0xc4, 0x1,
    0xff, 0xc1, 0xd2, 0x20, 0x7, 0xee, 0xff, 0xce,
    0x5f, 0xfe, 0x80, 0x6, 0xe6, 0xea, 0x42, 0xec,
    0x17, 0xba, 0xc9, 0x0, 0x19, 0x88, 0x94, 0xa8,
    0x85, 0xe2, 0x21, 0x88, 0x7, 0x58, 0x91, 0x2,
    0xd2, 0x40, 0x3c, 0x7a, 0xde, 0x5a, 0x63, 0x8f,
    0x8a, 0x1, 0x5e, 0x3e, 0x15, 0x30, 0x0, 0xbd,
    0x6a, 0xc0, 0x1d, 0x54, 0x10, 0x4, 0x38, 0x0,
    0x67, 0xa8, 0x0, 0xa4, 0x22, 0x92, 0x7a, 0x0,
    0xad, 0x44, 0x0, 0x50, 0xa6, 0xc2, 0xc6, 0x80,
    0x3, 0xa1, 0x0, 0x29, 0x21, 0x80, 0x5a, 0x83,
    0x12, 0x74, 0x0, 0x9a, 0x0, 0x90, 0xce, 0x87,
    0x3e, 0xd0, 0x4, 0x30, 0xa, 0x4e, 0x64, 0xf0,
    0x46, 0xc0,

    /* U+603B "总" */
    0x0, 0xd0, 0x20, 0x10, 0xd9, 0x80, 0x7e, 0x2c,
    0x0, 0x9d, 0x8, 0x3, 0xf5, 0x1, 0x80, 0x29,
    0xc4, 0x3, 0xef, 0xf1, 0x67, 0xf8, 0xdf, 0xf8,
    0x3, 0xed, 0xff, 0xf5, 0x80, 0x7f, 0xf3, 0x4,
    0x7f, 0x0, 0x7e, 0xce, 0xef, 0x50, 0x7, 0xdf,
    0xfa, 0xbf, 0xf7, 0x0, 0x75, 0x13, 0x40, 0x44,
    0x0, 0x3, 0x86, 0x1, 0x12, 0x9f, 0x18, 0x7b,
    0xa0, 0xa, 0x69, 0x0, 0x14, 0xc7, 0xc4, 0xb,
    0x10, 0x12, 0x13, 0x0, 0x15, 0x40, 0x3, 0x0,
    0xc, 0xa, 0xd6, 0xac, 0x1, 0x2e, 0x6, 0x6f,
    0xfd, 0xa8, 0xa0, 0xa0, 0x4, 0x10, 0x4f, 0xff,
    0x58, 0x6,

    /* U+606F "息" */
    0x0, 0xf5, 0xb0, 0x7, 0xfc, 0x22, 0x24, 0x51,
    0x1e, 0x0, 0xe1, 0xed, 0xe3, 0xfd, 0xdd, 0xc6,
    0x1, 0xef, 0xdd, 0xf8, 0x3, 0xf7, 0xee, 0xfc,
    0x1, 0xfb, 0xf7, 0x7e, 0x0, 0xfd, 0xfb, 0xbf,
    0x0, 0x7e, 0xfd, 0xdf, 0x80, 0x3e, 0x3f, 0xdd,
    0xf8, 0xc4, 0x3, 0xe, 0x7d, 0x67, 0xd6, 0x65,
    0xc0, 0x18, 0xb8, 0x16, 0xc1, 0xe4, 0x80, 0x11,
    0xe2, 0x0, 0x52, 0x0, 0xc9, 0x6, 0x5, 0x43,
    0xa0, 0x9, 0xa0, 0xe, 0x71, 0x4d, 0x1e, 0x71,
    0xb, 0x60, 0x53, 0xff, 0xd6, 0xc2, 0x56, 0x20,

    /* U+60F3 "想" */
    0x0, 0x97, 0xc0, 0x3f, 0xf8, 0x42, 0x20, 0x2,
    0x7f, 0xf9, 0x0, 0xd, 0x3c, 0x32, 0xee, 0xf,
    0xfc, 0x1, 0x9e, 0x4, 0x50, 0xc0, 0xf, 0xfc,
    0x1, 0x84, 0xd0, 0x11, 0x0, 0xf, 0xfc, 0xe,
    0x1, 0x49, 0x0, 0xd3, 0x6, 0xee, 0x0, 0xca,
    0xa8, 0x4, 0x71, 0xc, 0xcc, 0x1, 0xd, 0xc0,
    0x88, 0x21, 0xc0, 0x47, 0x3, 0x80, 0xe3, 0x0,
    0x80, 0x45, 0xbb, 0x89, 0xc0, 0x4, 0x9, 0xc4,
    0x43, 0xbc, 0xdd, 0x66, 0xc, 0x2, 0x6f, 0xb,
    0x80, 0xdb, 0x0, 0x5e, 0x0, 0x6c, 0x40, 0x1,
    0x84, 0x98, 0x15, 0x85, 0x80, 0x4b, 0xa0, 0x24,
    0x5, 0x21, 0xd1, 0xc8, 0x60, 0x84, 0xe1, 0xa9,
    0xff, 0x8a, 0xcf, 0x8c,

    /* U+610F "意" */
    0x0, 0xf8, 0x4c, 0x3, 0xff, 0x85, 0x3a, 0x1,
    0xf9, 0x77, 0x33, 0x28, 0xe6, 0x6d, 0x10, 0x2,
    0x77, 0x20, 0x3b, 0xf7, 0xde, 0x3b, 0x82, 0x1,
    0x11, 0x14, 0x44, 0x44, 0x64, 0x52, 0x20, 0x81,
    0x77, 0xf7, 0x9e, 0xf7, 0x2c, 0x7f, 0xbf, 0x88,
    0x9f, 0xdd, 0xff, 0xc0, 0xf2, 0x0, 0xbf, 0xb7,
    0x7d, 0xdc, 0x0, 0xf9, 0xa2, 0x3c, 0xe0, 0x1f,
    0x88, 0xbe, 0x30, 0xf, 0xcf, 0x77, 0xe7, 0x0,
    0xfb, 0x7b, 0xfa, 0x6f, 0xb9, 0xf8, 0x40, 0x11,
    0xf1, 0x57, 0x90, 0x40, 0x19, 0xe, 0x98, 0x2,
    0x90, 0x38, 0x0, 0xb4, 0x51, 0xa6, 0xfa, 0x22,
    0x79, 0x2, 0x3f, 0xf5, 0x7b, 0x50, 0x44, 0x88,
    0xb8, 0xc1, 0x7f, 0xfc, 0xe0, 0x7, 0x0,

    /* U+6162 "慢" */
    0x0, 0xbc, 0x80, 0x3f, 0xf8, 0xa3, 0xfd, 0xdd,
    0xa0, 0x1e, 0x12, 0x10, 0xf, 0x8, 0x4, 0xa8,
    0x11, 0xc0, 0x55, 0x59, 0xc0, 0x34, 0x98, 0x41,
    0x99, 0x73, 0x30, 0xd8, 0x4, 0x68, 0x3, 0x7a,
    0xcd, 0xe9, 0xd0, 0x41, 0x30, 0x2, 0x87, 0x7,
    0xf8, 0x7b, 0xc, 0x13, 0x80, 0x23, 0x18, 0x18,
    0x90, 0x8b, 0x10, 0xf, 0x15, 0x6d, 0x66, 0xd6,
    0xe5, 0x0, 0x7d, 0x95, 0x77, 0xe6, 0x0, 0xfa,
    0x64, 0x5d, 0xcc, 0x6, 0x30, 0xf, 0xcc, 0xf6,
    0xb8, 0xf0, 0x1, 0xfe, 0xe4, 0xa2, 0x80, 0xf,
    0xc9, 0x1b, 0x4d, 0x4f, 0xd9, 0x24, 0x1, 0xc4,
    0xaa, 0xe9, 0x5b, 0xdb, 0x22, 0x0,

    /* U+620F "戏" */
    0x0, 0xff, 0xe6, 0x64, 0x1, 0x0, 0x7f, 0xf0,
    0xfe, 0x80, 0x23, 0xff, 0xe1, 0x7, 0xf0, 0xe4,
    0x20, 0x1, 0xff, 0xda, 0x2, 0x3, 0xe0, 0x7c,
    0x4, 0x1, 0xcc, 0x20, 0x3, 0x26, 0xae, 0xda,
    0x0, 0x3c, 0x81, 0x11, 0xad, 0x97, 0x75, 0x5d,
    0x0, 0x5, 0x76, 0xf5, 0xc, 0x82, 0xb7, 0xd3,
    0x0, 0x8a, 0xa5, 0xf1, 0x9d, 0x48, 0x15, 0x80,
    0x39, 0x14, 0x5c, 0x0, 0x42, 0x72, 0xc4, 0x1,
    0xc2, 0x16, 0x1, 0x27, 0x1c, 0x0, 0x72, 0x22,
    0x58, 0xc0, 0x18, 0x50, 0x20, 0x18, 0x69, 0xd9,
    0x9e, 0x7, 0x3, 0xc0, 0x2, 0x2, 0xc2, 0x80,
    0x8f, 0x4c, 0x9c, 0x68, 0x2d, 0x23, 0x1e, 0x0,
    0xa, 0xdc, 0x39, 0x63, 0xe9, 0x90, 0xe1, 0x0,
    0x4d, 0x6e, 0x0, 0x3d, 0x6e, 0x0,

    /* U+6210 "成" */
    0x0, 0xff, 0xe6, 0x2f, 0x85, 0x40, 0x7, 0xff,
    0xa, 0x5a, 0x40, 0x3f, 0xc2, 0x0, 0x3a, 0xe0,
    0xd, 0x9f, 0xfd, 0x61, 0xfe, 0xb8, 0xa0, 0xc,
    0xfd, 0xdb, 0x43, 0x7b, 0xab, 0x0, 0x9f, 0xc4,
    0x71, 0x0, 0x5, 0xa0, 0x40, 0x34, 0x7f, 0xce,
    0x4, 0xc1, 0x46, 0x1, 0x9d, 0xdb, 0xa2, 0x10,
    0x6c, 0x42, 0x80, 0xe, 0xe2, 0x20, 0x18, 0x19,
    0xa5, 0x88, 0x3, 0x11, 0x80, 0xd, 0x82, 0xd0,
    0xe0, 0x3, 0x8, 0x98, 0x0, 0x22, 0x7, 0x7,
    0x10, 0x30, 0x2, 0x1, 0xce, 0x81, 0x25, 0xab,
    0x10, 0xe1, 0x84, 0xa8, 0x7a, 0xdc, 0x5c, 0xd2,
    0xe4, 0x81, 0x19, 0xa0, 0x1a, 0x20, 0xb8, 0xc1,
    0x64, 0xe6, 0x27, 0xe4, 0x1, 0x76, 0x98, 0x0,
    0x73, 0x1a, 0x0,

    /* U+6211 "我" */
    0x0, 0xff, 0xe5, 0x20, 0x2f, 0x80, 0x7f, 0x1b,
    0xe5, 0xc8, 0x80, 0x35, 0x80, 0x35, 0x7e, 0x43,
    0x5c, 0x80, 0x85, 0xca, 0x80, 0x53, 0xbe, 0x5e,
    0x80, 0x19, 0xa3, 0x0, 0x21, 0x31, 0x3, 0x11,
    0x80, 0x44, 0xd0, 0x40, 0x79, 0xfe, 0x28, 0xff,
    0x58, 0xff, 0xf0, 0x1f, 0x74, 0x57, 0xdc, 0xc0,
    0xee, 0xb3, 0x40, 0x3f, 0x11, 0x0, 0x81, 0xb4,
    0x40, 0x21, 0x43, 0x8e, 0x90, 0x16, 0xb, 0x81,
    0x2, 0xee, 0x50, 0xa6, 0x58, 0x2e, 0x48, 0xb8,
    0x0, 0xa7, 0x38, 0xb0, 0x80, 0x1c, 0xee, 0xe0,
    0xc, 0xe6, 0x1, 0xc3, 0xc0, 0xe4, 0x8, 0x1,
    0xc6, 0x2, 0xfe, 0xf2, 0xcc, 0x1b, 0x30, 0x4,
    0x68, 0xbc, 0x4c, 0x63, 0x54, 0xf9, 0x18, 0x3,
    0x2b, 0x4a, 0x7d, 0x80, 0xb, 0xb3, 0xc0,

    /* U+6216 "或" */
    0x0, 0xff, 0xe5, 0x27, 0x85, 0xa0, 0x7, 0xff,
    0x7, 0x6c, 0xc0, 0x2, 0x42, 0x3f, 0x9d, 0xc0,
    0x21, 0x59, 0xff, 0xd6, 0x3f, 0xe6, 0xda, 0xb,
    0xee, 0xf6, 0x7, 0x76, 0xb0, 0x6, 0xff, 0xe1,
    0x30, 0x10, 0x38, 0x0, 0x8e, 0xff, 0x80, 0x2,
    0x4, 0x16, 0xa0, 0x1f, 0xe3, 0x50, 0x68, 0x0,
    0xff, 0x2f, 0xb1, 0xa8, 0x6, 0xbf, 0xe0, 0xb,
    0x1e, 0x20, 0x1, 0xbb, 0xff, 0x10, 0x28, 0xaa,
    0x80, 0x30, 0xa3, 0xdf, 0xe8, 0x48, 0x38, 0x0,
    0x82, 0xba, 0xbb, 0x9b, 0xf6, 0x9a, 0x4e, 0x3a,
    0x73, 0xbd, 0x2b, 0x5c, 0x38, 0x55, 0x18, 0x46,
    0x62, 0x0, 0xbe, 0xe8, 0x41, 0x2d, 0xf8, 0x0,

    /* U+6240 "所" */
    0x0, 0xe3, 0x60, 0xe, 0x37, 0x0, 0xab, 0x7f,
    0xb4, 0x6b, 0x3b, 0xf6, 0xcc, 0x0, 0x97, 0xfb,
    0x62, 0x95, 0xfe, 0xec, 0x30, 0x8, 0xc0, 0x31,
    0x90, 0x80, 0x7d, 0x35, 0x49, 0x0, 0xff, 0x1a,
    0x7e, 0xb8, 0x1c, 0xe6, 0x6b, 0x0, 0xb5, 0x50,
    0x2, 0xbf, 0xa3, 0xf8, 0x0, 0x18, 0x4, 0x60,
    0x28, 0x64, 0x26, 0x60, 0x0, 0x99, 0x30, 0x4,
    0x60, 0x1f, 0xa3, 0x2c, 0x48, 0x44, 0x1, 0xe2,
    0xc, 0xee, 0x62, 0x28, 0x7, 0xc8, 0x4, 0x1,
    0x56, 0x80, 0x7d, 0x4e, 0x1, 0x29, 0xb8, 0x4,
    0x20, 0x1, 0x9, 0x0, 0xa2, 0x2, 0x0, 0x10,
    0x8, 0x70, 0x40, 0x2c, 0x70, 0x9, 0x7c, 0x0,

    /* U+624B "手" */
    0x0, 0xff, 0xe0, 0x8, 0x7, 0x11, 0x99, 0x15,
    0x9e, 0x6f, 0xb8, 0xe0, 0x1a, 0xb7, 0x53, 0x2b,
    0x81, 0xcb, 0xb2, 0x80, 0x68, 0xee, 0x6e, 0x58,
    0xc3, 0xaa, 0x10, 0x6, 0x12, 0x2c, 0x20, 0x45,
    0xc0, 0x19, 0xb7, 0x74, 0xe, 0xee, 0xf0, 0xc,
    0xff, 0xfa, 0x47, 0xff, 0x68, 0x7, 0xff, 0x1f,
    0xff, 0xd2, 0x3f, 0xfe, 0x40, 0xdd, 0x77, 0x68,
    0x1e, 0xee, 0xd4, 0x2, 0x20, 0x8f, 0x0, 0x8f,
    0x10, 0x7, 0xff, 0x28, 0x4f, 0x0, 0x3f, 0xf8,
    0x27, 0x8a, 0xc0, 0x1f, 0xfc, 0x2, 0xce, 0x80,
    0xf, 0x80,

    /* U+6253 "打" */
    0x0, 0x9b, 0xc0, 0x3f, 0xf8, 0x46, 0x1, 0x2b,
    0xbf, 0xc6, 0x1, 0x84, 0x0, 0x7d, 0xd4, 0x67,
    0x71, 0xc2, 0xf6, 0xc7, 0x74, 0x73, 0x30, 0x7c,
    0xc9, 0x3, 0xe6, 0x41, 0xdc, 0x40, 0xf, 0xe4,
    0x41, 0x9, 0x98, 0x40, 0x3f, 0xf8, 0x27, 0x22,
    0x1, 0xfe, 0x4f, 0x1d, 0x1, 0x0, 0xfe, 0xea,
    0x61, 0xe9, 0x0, 0xff, 0x6f, 0x48, 0x7, 0xff,
    0x4, 0xc0, 0x3f, 0xfa, 0x87, 0x80, 0x1c, 0x2a,
    0x1, 0xf6, 0xb4, 0x80, 0x6d, 0xa2, 0x40, 0xe,
    0xff, 0x38, 0x6, 0xed, 0xd0, 0x6,

    /* U+626B "扫" */
    0x0, 0x9f, 0xc0, 0x3f, 0xf8, 0x22, 0x20, 0x4,
    0x7f, 0xfc, 0x1, 0xf5, 0x66, 0x74, 0x0, 0x3f,
    0xa0, 0x77, 0x80, 0xcf, 0x88, 0x42, 0xe9, 0x82,
    0x68, 0x80, 0x3f, 0x22, 0x38, 0x51, 0x40, 0x3f,
    0xf8, 0x3, 0x1e, 0x19, 0xff, 0xa8, 0x2, 0x2d,
    0x2, 0xc0, 0xed, 0xee, 0xa4, 0x1, 0x5a, 0xc3,
    0x44, 0x4, 0x41, 0x18, 0xc0, 0x1b, 0x96, 0x1,
    0xff, 0xc0, 0x73, 0x0, 0xff, 0xe3, 0xaa, 0x27,
    0x68, 0x7, 0xe8, 0x99, 0xe6, 0x10, 0x5, 0xc3,
    0x0, 0x37, 0x7d, 0x60, 0x14, 0xf4, 0x0, 0x7e,
    0x5f,

    /* U+6279 "批" */
    0x0, 0xff, 0x84, 0x3, 0xef, 0x50, 0xe, 0x1e,
    0x20, 0xf, 0x84, 0xf, 0xc0, 0x2, 0x1, 0xf8,
    0x40, 0x2, 0x1, 0xfe, 0x33, 0x9, 0x18, 0x7,
    0xfd, 0xbc, 0x11, 0xe0, 0x1f, 0x14, 0x80, 0x3b,
    0x46, 0xb0, 0x0, 0x88, 0x10, 0x6f, 0x21, 0x0,
    0xfd, 0x12, 0x0, 0xba, 0xb1, 0x0, 0xdb, 0x20,
    0xc, 0xd1, 0xb, 0x70, 0x0, 0xb6, 0x9, 0x50,
    0x7, 0x98, 0x3, 0x5d, 0xf, 0x98, 0x7, 0xf8,
    0x75, 0x80, 0x3f, 0xf9, 0x4e, 0x1, 0x94, 0x3,
    0x8, 0x1, 0x83, 0x74, 0x1, 0xa8, 0xc1, 0x3c,
    0x18, 0x8, 0x9d, 0x40, 0x79, 0xc6, 0x60, 0x49,
    0xe2, 0x6, 0xd3, 0x0, 0x67, 0x73, 0x0,

    /* U+627E "找" */
    0x0, 0xfc, 0x40, 0x1f, 0xde, 0xa0, 0x17, 0xc0,
    0xa8, 0x7, 0xc2, 0x1, 0xbc, 0xaa, 0x0, 0x38,
    0x40, 0x30, 0x81, 0xe3, 0xa8, 0x0, 0x88, 0x4,
    0x40, 0xb, 0xc0, 0xf1, 0x40, 0x19, 0xe3, 0x18,
    0x0, 0x72, 0x69, 0xff, 0x8, 0x76, 0x8d, 0x7c,
    0xe2, 0x2d, 0x85, 0x58, 0x80, 0x71, 0x1d, 0xa9,
    0xec, 0x9a, 0x0, 0x74, 0xc5, 0x3f, 0x90, 0xd,
    0x30, 0xb, 0x68, 0xad, 0x80, 0x18, 0x45, 0x66,
    0xc0, 0x71, 0x63, 0x80, 0x11, 0x85, 0xaf, 0x0,
    0xb, 0x98, 0x3, 0xc8, 0xb4, 0x40, 0x1f, 0xe4,
    0x40, 0x20, 0x18, 0x7, 0xe8, 0xb8, 0x3b, 0x8,
    0xa0, 0x36, 0x17, 0x3e, 0x6b, 0x7e, 0x5c, 0x4c,
    0x5, 0x94, 0x33, 0x47, 0x20, 0x16, 0x11, 0xb0,
    0x37, 0xd8, 0x1, 0x80, 0x31, 0xf6, 0x0,

    /* U+628A "把" */
    0x0, 0xb9, 0x0, 0x3f, 0xf8, 0xa3, 0xbb, 0xf0,
    0x80, 0x63, 0x0, 0x9, 0x7f, 0x16, 0x71, 0x0,
    0x17, 0xf8, 0xab, 0x9c, 0xc, 0x80, 0x48, 0x2,
    0x5e, 0xe1, 0x57, 0x30, 0x7, 0xf8, 0x40, 0x30,
    0x80, 0x7f, 0xf0, 0x73, 0xa, 0x1, 0xfe, 0x17,
    0x25, 0x94, 0xf, 0xf0, 0x77, 0x80, 0x4b, 0xd6,
    0x32, 0xa2, 0x19, 0xfd, 0xfa, 0x1, 0x2c, 0xe1,
    0x80, 0x63, 0x11, 0x8e, 0x84, 0x0, 0xc0, 0x1f,
    0xf2, 0x80, 0x7f, 0xf0, 0xc6, 0x4, 0x0, 0x24,
    0xe0, 0x12, 0x80, 0x66, 0x71, 0xa, 0xe3, 0x30,
    0x1, 0xaf, 0xff, 0x44, 0x80, 0x2f, 0xb0, 0x2,
    0x9f, 0xff, 0x30, 0x0,

    /* U+6296 "抖" */
    0x0, 0x9b, 0xc0, 0x3c, 0x5e, 0x60, 0x1c, 0x60,
    0x19, 0x98, 0x6, 0x2, 0x1, 0xe1, 0x0, 0xba,
    0x44, 0x3, 0xc6, 0x9a, 0x8, 0xa1, 0x3, 0x0,
    0x1e, 0xa9, 0x51, 0x88, 0x10, 0x6c, 0x80, 0x7a,
    0x76, 0x7, 0x34, 0x84, 0xc0, 0x3f, 0xf8, 0x5e,
    0xc0, 0x1f, 0xc6, 0x35, 0xa1, 0x32, 0x30, 0xf,
    0x4e, 0xc8, 0x6e, 0x3, 0xc1, 0x80, 0x78, 0x96,
    0x5, 0xc4, 0x0, 0xe0, 0x41, 0x52, 0xc1, 0x70,
    0x40, 0x3, 0x8a, 0xdf, 0xc0, 0x31, 0x50, 0xf,
    0x32, 0x1d, 0xe6, 0x84, 0xc1, 0x80, 0x79, 0x72,
    0x58, 0xcc, 0x1, 0xe8, 0x81, 0x80, 0x7e, 0x10,
    0xc, 0x4f, 0xe0, 0x1e, 0x30, 0xc,

    /* U+6297 "抗" */
    0x0, 0x17, 0x90, 0x6, 0x87, 0x0, 0xf8, 0xc0,
    0x3d, 0xf2, 0x1, 0xff, 0xc2, 0x6b, 0x0, 0xe1,
    0x32, 0x6, 0x2b, 0xed, 0xc8, 0xdd, 0x77, 0x81,
    0x77, 0x2, 0x6a, 0x37, 0xff, 0xb6, 0xc0, 0xf7,
    0x3, 0xe0, 0xcc, 0x45, 0xc6, 0x80, 0x1f, 0x8f,
    0xff, 0x48, 0x7, 0xd3, 0xc2, 0x0, 0xff, 0x18,
    0x80, 0x47, 0x9c, 0x7, 0xe2, 0x1, 0xfc, 0x4f,
    0x41, 0x42, 0xe, 0x20, 0x1f, 0xd, 0xa0, 0x6,
    0x32, 0x0, 0xff, 0xe1, 0x52, 0x0, 0x72, 0x80,
    0x5, 0x40, 0xc2, 0xa, 0x40, 0xe, 0x25, 0x46,
    0xd, 0x66, 0x2c, 0xf4, 0x20, 0xc, 0x6d, 0x33,
    0x3, 0x66, 0x1, 0xad, 0x40, 0x27, 0xff, 0x60,
    0x0,

    /* U+62A2 "抢" */
    0x0, 0xff, 0xe3, 0xf9, 0x0, 0x6b, 0xb0, 0x7,
    0xff, 0x4, 0x51, 0x2, 0x1, 0xf0, 0x80, 0x68,
    0x24, 0x90, 0xe, 0x11, 0x0, 0x88, 0xd, 0xa2,
    0x5d, 0x0, 0x37, 0x78, 0xef, 0x7, 0x22, 0x94,
    0xd2, 0x0, 0x5f, 0xc3, 0x9d, 0x85, 0xe4, 0x44,
    0x45, 0xc0, 0x80, 0x71, 0x2c, 0x5f, 0x73, 0xd6,
    0x50, 0x40, 0x4, 0x39, 0x72, 0xa3, 0x98, 0xe0,
    0x6c, 0x2, 0xcd, 0xd, 0x80, 0xf, 0xf1, 0x5f,
    0x8, 0x80, 0x39, 0x24, 0x40, 0x33, 0x88, 0x7,
    0xf5, 0x0, 0x7f, 0xf0, 0x52, 0x90, 0xc0, 0x21,
    0x31, 0x0, 0xc2, 0x20, 0xb, 0x64, 0x0, 0x78,
    0x44, 0x0, 0x11, 0x3b, 0xfe, 0xb, 0x0, 0x17,
    0x68, 0x6, 0xdf, 0xfd, 0xc4, 0x0,

    /* U+62C6 "拆" */
    0x0, 0xb9, 0x40, 0x3e, 0x46, 0x0, 0xfe, 0x79,
    0xbe, 0xfb, 0xb1, 0x0, 0x7e, 0x91, 0xfc, 0xff,
    0x69, 0x1, 0x5d, 0x86, 0x6c, 0xcd, 0x88, 0x40,
    0x1c, 0x7b, 0xc2, 0xba, 0x20, 0x1f, 0xc2, 0xca,
    0x78, 0xc4, 0x17, 0xff, 0xe0, 0xf, 0x31, 0x9a,
    0xbb, 0x83, 0x5b, 0xa0, 0x8, 0xcd, 0x54, 0x10,
    0x61, 0x10, 0x9, 0x10, 0xf, 0x70, 0x67, 0x8,
    0x43, 0x60, 0x3, 0x8d, 0x78, 0x8c, 0x4, 0xa,
    0x9c, 0x48, 0x3, 0x40, 0x80, 0x44, 0x2, 0xfc,
    0x13, 0x20, 0xf, 0xd6, 0x80, 0x1, 0x13, 0xbb,
    0x40, 0x3e, 0x6c, 0x0, 0xd9, 0x8b, 0x0, 0x1c,
    0x90, 0xc0, 0xb0, 0x7, 0x13, 0x0, 0x5, 0x95,
    0x32, 0x44, 0x2, 0x10, 0xe, 0x2f, 0xa0, 0x46,
    0x0, 0xde, 0x80, 0x10,

    /* U+6301 "持" */
    0x0, 0xb5, 0x40, 0x33, 0x68, 0x7, 0xe2, 0x10,
    0xc, 0x60, 0x1f, 0xc2, 0x0, 0x27, 0x6c, 0x36,
    0x63, 0x80, 0x5, 0x54, 0x38, 0xc3, 0xb8, 0xa3,
    0x99, 0x0, 0xa, 0x24, 0x16, 0xca, 0xa9, 0x25,
    0x54, 0xb0, 0x1, 0xee, 0xc, 0xea, 0x99, 0x88,
    0xc, 0xf0, 0x80, 0x70, 0xc7, 0xfa, 0xc7, 0xb3,
    0xf8, 0x80, 0x4, 0x35, 0x79, 0x9d, 0x67, 0x9a,
    0x69, 0xda, 0x17, 0x53, 0xbb, 0xa0, 0xf7, 0x40,
    0xaf, 0xc2, 0x20, 0xbe, 0xff, 0x98, 0xff, 0x80,
    0x64, 0x40, 0x23, 0xd6, 0x22, 0x70, 0x11, 0x80,
    0x7c, 0x2b, 0x20, 0x1f, 0xfc, 0x28, 0x22, 0x0,
    0x7c, 0x90, 0x2e, 0x0, 0x3e, 0x35, 0xd7, 0x0,
    0xc4, 0xb0, 0x60, 0x10, 0x8a, 0xdb, 0xc0, 0x20,

    /* U+6307 "指" */
    0x0, 0xbd, 0x0, 0x3f, 0xf8, 0x42, 0x0, 0x1f,
    0x20, 0x8, 0x80, 0x3f, 0x84, 0x19, 0x23, 0x30,
    0xc0, 0x11, 0x10, 0x8, 0x80, 0x8, 0xcd, 0xee,
    0x30, 0x5, 0x9e, 0x31, 0xe0, 0xe, 0x85, 0x20,
    0x47, 0x0, 0x76, 0x8d, 0x68, 0x1, 0x57, 0xa3,
    0x0, 0x38, 0x54, 0x2b, 0xf3, 0x35, 0xd0, 0x4,
    0xa3, 0x58, 0x32, 0x8a, 0xba, 0xc4, 0x17, 0xec,
    0x2e, 0x44, 0xe7, 0xfe, 0xa2, 0x0, 0x23, 0x70,
    0x80, 0x67, 0x33, 0x88, 0x2, 0x19, 0x0, 0xf6,
    0xff, 0xd6, 0x1, 0xff, 0x6f, 0xfd, 0x60, 0x18,
    0xd0, 0x5c, 0x2, 0xce, 0xea, 0x80, 0x35, 0x51,
    0x4c, 0x2, 0xdf, 0xfa, 0xc4, 0x2, 0x9e, 0xa0,
    0x0, 0x80, 0x8e, 0x5f, 0x0, 0x0,

    /* U+6309 "按" */
    0x0, 0xfe, 0x11, 0x0, 0x7e, 0xf2, 0x0, 0xd5,
    0x60, 0x1f, 0xfc, 0x29, 0x41, 0x0, 0xff, 0x46,
    0x63, 0x8b, 0x73, 0xe, 0x7, 0xb8, 0x1e, 0xa4,
    0xbf, 0xfc, 0xdc, 0x7, 0xfc, 0x12, 0x80, 0x27,
    0x34, 0x66, 0x20, 0x8, 0x88, 0xc, 0x33, 0x60,
    0xb8, 0x0, 0xaa, 0x0, 0x78, 0x84, 0x4c, 0x2e,
    0x44, 0x1, 0x0, 0x84, 0x3e, 0xbb, 0xe4, 0x3f,
    0xdb, 0x9e, 0x25, 0x5c, 0x13, 0x19, 0x23, 0xfb,
    0x81, 0x9a, 0x24, 0x7a, 0xc, 0x0, 0x99, 0x8,
    0x4a, 0x10, 0x5, 0x24, 0x1, 0xb, 0x4b, 0x9b,
    0xc0, 0x7, 0xf0, 0xde, 0x5e, 0x11, 0x80, 0x7c,
    0x60, 0x2, 0xa3, 0x71, 0xe6, 0x0, 0x9b, 0x80,
    0x5f, 0x74, 0x5b, 0x19, 0x32, 0xa0, 0x3, 0xc7,
    0x2, 0xc7, 0x51, 0x0, 0x1f, 0x60, 0x0,

    /* U+6324 "挤" */
    0x0, 0xff, 0x8, 0x7, 0xc9, 0xe0, 0x1d, 0x54,
    0x0, 0xf9, 0xc4, 0x0, 0x64, 0x4d, 0x43, 0x22,
    0x18, 0x7, 0xdf, 0x9b, 0x45, 0xdb, 0x9c, 0x7,
    0xda, 0x3d, 0x19, 0x43, 0x9b, 0xe1, 0x9a, 0x7,
    0x96, 0x39, 0x20, 0x8b, 0x43, 0xcc, 0x40, 0x11,
    0x30, 0x10, 0x5, 0x6d, 0xe1, 0x20, 0x1e, 0x1c,
    0x90, 0x2, 0x98, 0x93, 0x90, 0x4, 0x32, 0x9,
    0x6f, 0x95, 0x3f, 0x32, 0xdf, 0x42, 0xe7, 0x18,
    0x69, 0x46, 0x50, 0x66, 0x5b, 0xa1, 0x4f, 0x0,
    0x17, 0xa1, 0x98, 0x6, 0xe9, 0x0, 0x6, 0x0,
    0xe1, 0x6, 0x0, 0xff, 0xe0, 0xa8, 0x10, 0x7,
    0xff, 0x0, 0x65, 0x40, 0x3f, 0x2f, 0x98, 0x26,
    0x5, 0x80, 0x7e, 0x17, 0xe0, 0x16, 0xc1, 0x0,
    0xc2, 0x0,

    /* U+6362 "换" */
    0x0, 0xbc, 0xc0, 0x27, 0x70, 0x7, 0xf8, 0x40,
    0x29, 0x20, 0xf, 0xfe, 0xc, 0xd, 0xf7, 0xf0,
    0x80, 0x5, 0x54, 0xa, 0x88, 0x7c, 0xee, 0xd,
    0x8, 0x0, 0xff, 0xc1, 0x9d, 0x6c, 0x43, 0xa,
    0xa1, 0x0, 0x15, 0x50, 0x26, 0x99, 0x99, 0x87,
    0x6c, 0xe0, 0xf, 0x8a, 0xc7, 0x78, 0x77, 0x0,
    0x3e, 0xca, 0x0, 0x9c, 0xc0, 0x38, 0x67, 0x82,
    0xa0, 0x40, 0x2, 0x1, 0x84, 0x4, 0x30, 0x1a,
    0x34, 0x3a, 0x8b, 0xbc, 0x7d, 0x42, 0x48, 0x1,
    0x1d, 0xd1, 0xb, 0xf7, 0x4a, 0x1, 0xfa, 0x43,
    0xdd, 0x40, 0x3e, 0x30, 0x1b, 0x4c, 0x1a, 0xa3,
    0x80, 0x4b, 0x80, 0x33, 0xc3, 0x82, 0x9, 0x51,
    0xa2, 0xf, 0x7a, 0x1b, 0x94, 0x20, 0x12, 0xec,
    0x8,

    /* U+636E "据" */
    0x0, 0xa8, 0x80, 0x3f, 0xf8, 0x4a, 0x20, 0x7f,
    0xff, 0x8, 0x6, 0x10, 0x8, 0xbf, 0xf8, 0x2,
    0x16, 0x60, 0xdb, 0x38, 0x7, 0xf1, 0xff, 0x80,
    0xbc, 0xb, 0xff, 0x80, 0x22, 0x99, 0xc, 0xc9,
    0xcb, 0xfd, 0x8d, 0xfe, 0x10, 0xe, 0x6a, 0x70,
    0x9, 0xd0, 0x0, 0x20, 0x11, 0x8d, 0xe0, 0x17,
    0xfa, 0xcb, 0xfd, 0xca, 0x5b, 0xe1, 0xac, 0x29,
    0xfe, 0xb3, 0xff, 0x94, 0xa7, 0x4, 0x0, 0x43,
    0x59, 0x27, 0x98, 0x20, 0x2, 0x0, 0x6c, 0xc3,
    0x4e, 0x76, 0x90, 0x7, 0xe4, 0x40, 0x8, 0xe0,
    0xf, 0x8, 0x99, 0x8, 0x8, 0xb0, 0x6, 0x4a,
    0x62, 0xa8, 0x0, 0x5f, 0x74, 0x22, 0x0, 0x25,
    0x48, 0x61, 0x86, 0x6e, 0x65, 0xe6, 0x0,

    /* U+6392 "排" */
    0x0, 0x17, 0x90, 0x4, 0x9c, 0x18, 0xa0, 0x1f,
    0x18, 0x7, 0x84, 0x3, 0xfc, 0x66, 0x20, 0x8,
    0x8d, 0x0, 0x77, 0x83, 0x66, 0xbe, 0xc0, 0x2a,
    0xf9, 0x1, 0x99, 0x4, 0x5c, 0xe4, 0x80, 0x51,
    0x9a, 0x0, 0x47, 0x5, 0x20, 0xf, 0xfe, 0x19,
    0xb6, 0x48, 0x5, 0x19, 0x0, 0x13, 0x87, 0x52,
    0xcd, 0x0, 0x4b, 0x16, 0x7, 0xf0, 0x1b, 0x26,
    0xa6, 0x1, 0x6a, 0x18, 0x1d, 0x78, 0x18, 0x7,
    0xff, 0x1, 0x40, 0x23, 0xed, 0xa0, 0xa, 0xf7,
    0x88, 0x3, 0x8b, 0x7a, 0x0, 0x29, 0xed, 0x20,
    0xe, 0x13, 0x31, 0x0, 0x44, 0x66, 0x0, 0x34,
    0x0, 0x80, 0x7f, 0xf0, 0x55, 0x80, 0x30, 0x80,
    0x46, 0x1, 0x9b, 0xe4, 0x3, 0x2f, 0x6, 0xb0,
    0x4,

    /* U+63A5 "接" */
    0x0, 0xff, 0x20, 0x7, 0xc3, 0xe2, 0x1, 0x8e,
    0xc8, 0x3, 0xfc, 0xb1, 0xb, 0x9, 0x88, 0x48,
    0x7, 0xfc, 0xe6, 0x20, 0x11, 0xff, 0x83, 0xe5,
    0x64, 0xa2, 0x26, 0xc9, 0x3, 0xcd, 0xd, 0xb0,
    0x14, 0x70, 0x40, 0x40, 0x8, 0xc8, 0x8, 0xb3,
    0x9, 0x72, 0x11, 0x80, 0x78, 0xaf, 0xd6, 0xfd,
    0xdb, 0xf8, 0x0, 0x28, 0x1e, 0xf3, 0xba, 0x8,
    0xdd, 0xc0, 0x7d, 0x21, 0xe9, 0xff, 0x15, 0x7f,
    0xe8, 0x3b, 0xd0, 0x0, 0xf7, 0x6, 0x7f, 0x3,
    0xbe, 0x1, 0x0, 0x30, 0xb8, 0x8d, 0x2e, 0x20,
    0x1f, 0xcd, 0x79, 0xcb, 0x60, 0x18, 0x48, 0x4,
    0x0, 0x22, 0x72, 0x5c, 0xa2, 0x0, 0x46, 0x18,
    0x16, 0xf4, 0x56, 0xd6, 0x36, 0x8, 0x5e, 0x60,
    0xa, 0x77, 0x4c, 0x0, 0x3c, 0xc0, 0x80,

    /* U+63A7 "控" */
    0x0, 0xff, 0xe3, 0x2f, 0x80, 0x74, 0xe0, 0x7,
    0xc2, 0x1, 0x11, 0x5c, 0x64, 0x58, 0x3, 0xed,
    0xda, 0x3, 0x77, 0x8, 0x10, 0x81, 0x8, 0x5f,
    0x77, 0x60, 0x0, 0xbe, 0xc3, 0xd0, 0xda, 0x1c,
    0x52, 0x48, 0xc0, 0xb6, 0x83, 0x57, 0x15, 0x88,
    0x1d, 0xa7, 0x4, 0x3, 0x85, 0xe2, 0x90, 0xb,
    0x5d, 0x80, 0x22, 0xe, 0x52, 0x94, 0x11, 0x8a,
    0x50, 0xf, 0xa4, 0x31, 0x36, 0x7b, 0xba, 0x40,
    0x5, 0x36, 0x4, 0x11, 0xfe, 0xc0, 0xff, 0x88,
    0x5, 0xc0, 0x3f, 0xfa, 0xa2, 0x0, 0x21, 0x13,
    0x80, 0x88, 0x8c, 0x41, 0xe8, 0x80, 0xf3, 0xfd,
    0x43, 0xfe, 0xcd, 0x50, 0x49, 0xe0, 0x3e, 0xef,
    0xe4,

    /* U+63CF "描" */
    0x0, 0x17, 0x88, 0x5, 0x88, 0x11, 0x40, 0x1f,
    0xfc, 0x2f, 0x0, 0xfe, 0x1a, 0x92, 0xf9, 0xb7,
    0x99, 0x20, 0x9b, 0x1, 0x14, 0x20, 0x22, 0x70,
    0x11, 0x3a, 0xec, 0x87, 0x5c, 0x40, 0xba, 0x31,
    0xe2, 0x6, 0x9d, 0xe1, 0x90, 0x0, 0xd4, 0x7,
    0xb0, 0xf, 0x91, 0xd, 0xfd, 0xff, 0x77, 0xa8,
    0x1, 0x20, 0x25, 0xc8, 0x7f, 0x83, 0xbc, 0x44,
    0x5, 0x40, 0xd, 0x30, 0xf, 0xf1, 0x74, 0x0,
    0x61, 0xef, 0xf, 0xe1, 0x0, 0xfe, 0x1f, 0xc0,
    0xcf, 0x10, 0xf, 0xf0, 0x98, 0x18, 0x80, 0x70,
    0x80, 0x80, 0x44, 0x40, 0x22, 0x0, 0x65, 0xe1,
    0x0, 0x87, 0xbc, 0xff, 0x84, 0x2, 0x10, 0xa0,
    0x1, 0xe, 0x67, 0x8, 0x4, 0x9a, 0x80, 0x6,
    0xe0, 0xe, 0xe4, 0x0,

    /* U+63D0 "提" */
    0x0, 0x1f, 0x80, 0x7f, 0xf1, 0x87, 0xff, 0xe0,
    0xf, 0xf5, 0xe6, 0x54, 0x1, 0x95, 0x1, 0x54,
    0x0, 0xad, 0xda, 0xc0, 0x21, 0xcd, 0xd, 0xd0,
    0x3, 0xfb, 0xad, 0x0, 0x86, 0x64, 0x11, 0x0,
    0x7, 0x7f, 0xd8, 0x20, 0x1e, 0x13, 0x1f, 0xff,
    0x70, 0x6, 0x60, 0xf4, 0xff, 0xfe, 0x33, 0x65,
    0x6, 0x3f, 0x73, 0xf0, 0x3f, 0xee, 0x32, 0x4c,
    0x2, 0x3, 0xe2, 0x0, 0x8, 0x88, 0x40, 0x60,
    0x3, 0x38, 0x10, 0x3, 0xfd, 0xa0, 0x1f, 0xbc,
    0xc, 0x1, 0xdc, 0xf0, 0x8, 0x58, 0x0, 0x8a,
    0xd9, 0xe0, 0x67, 0x20, 0x84, 0xd2, 0x1d, 0xbc,
    0xea, 0x96, 0x65, 0x62, 0x13, 0xb6, 0x77, 0x0,
    0x53, 0xbf, 0xf8, 0x0,

    /* U+641C "搜" */
    0x0, 0x17, 0x88, 0x4, 0x29, 0xe0, 0x1f, 0xc2,
    0x17, 0xd4, 0xe2, 0xdf, 0xe3, 0x0, 0xf9, 0x76,
    0xc0, 0xd, 0xe2, 0x0, 0x1f, 0xd0, 0xf5, 0xd,
    0x80, 0x3, 0x68, 0x80, 0x7, 0xb0, 0x39, 0x42,
    0x24, 0x0, 0xfc, 0x1, 0x84, 0x40, 0x20, 0x2,
    0x7, 0x0, 0x10, 0x80, 0x79, 0x94, 0x2f, 0xac,
    0x7b, 0x82, 0x0, 0x17, 0x90, 0xf7, 0xef, 0xf6,
    0xf, 0xfc, 0x60, 0xa, 0xc0, 0x92, 0xef, 0xf6,
    0xf, 0xfb, 0x40, 0x3, 0xaa, 0x1, 0x7a, 0x37,
    0x73, 0x46, 0xc0, 0x3f, 0xf, 0xb1, 0xd, 0x13,
    0x0, 0x7f, 0x23, 0x6b, 0xb7, 0x0, 0x61, 0x60,
    0xe, 0xd1, 0x87, 0x30, 0xd, 0x16, 0x80, 0xd9,
    0xf4, 0xf6, 0x5d, 0xcc, 0x10, 0x8e, 0xb0, 0x4b,
    0xce, 0x84, 0xbe, 0xb9, 0x10,

    /* U+6478 "摸" */
    0x0, 0xf, 0x88, 0x5, 0x4e, 0x14, 0xe0, 0x1f,
    0xc2, 0x1, 0xf0, 0x80, 0x78, 0xbb, 0xd6, 0x3d,
    0x63, 0xf8, 0x5, 0x9c, 0x1d, 0xbf, 0xcb, 0x1e,
    0xb1, 0xfe, 0x3, 0xff, 0x7, 0x93, 0x7a, 0x4f,
    0x24, 0xfa, 0x1, 0x4c, 0x4, 0x30, 0x1f, 0x77,
    0x0, 0x7c, 0x88, 0x3, 0xee, 0xe0, 0xe, 0x50,
    0xb0, 0x1, 0xf7, 0x70, 0x4, 0x7b, 0x61, 0xe8,
    0x65, 0xdc, 0xfe, 0xe0, 0x80, 0xd, 0x34, 0x2,
    0x4e, 0xe4, 0x9f, 0x73, 0xd8, 0x1, 0x26, 0x0,
    0x9f, 0xee, 0x41, 0xf7, 0x3f, 0x44, 0x3, 0xa7,
    0xb9, 0x80, 0x85, 0xdc, 0xf1, 0x0, 0xc2, 0x0,
    0x4c, 0x7b, 0x7c, 0x30, 0xa, 0xb8, 0x81, 0xf2,
    0xe6, 0x2, 0xd3, 0x3c, 0x83, 0xa3, 0x0, 0x6b,
    0x9c, 0x2, 0x8e, 0xa2,

    /* U+64CD "操" */
    0x0, 0xbc, 0x40, 0x11, 0xfd, 0xd7, 0x88, 0x7,
    0x84, 0x2, 0x5e, 0xe8, 0x3, 0xff, 0x82, 0x45,
    0x0, 0x61, 0x98, 0x9, 0x60, 0xe6, 0xee, 0x8c,
    0x3, 0xf, 0x80, 0x99, 0x27, 0x73, 0x3b, 0x86,
    0x20, 0x30, 0xe1, 0x2b, 0xbd, 0xcd, 0x1d, 0xef,
    0xa0, 0xe, 0x54, 0xc, 0xd1, 0x3, 0xc8, 0x0,
    0x8d, 0xc2, 0x4, 0x3f, 0x84, 0x8f, 0xe8, 0x0,
    0x59, 0xe1, 0xab, 0xff, 0x76, 0x7f, 0xd6, 0x5,
    0xd0, 0x0, 0x7f, 0xfb, 0x83, 0xff, 0x28, 0x8,
    0x4, 0xdd, 0xc6, 0x21, 0x2c, 0xfe, 0x50, 0xe,
    0x11, 0x23, 0x70, 0x5f, 0x8, 0x80, 0x38, 0x41,
    0xaa, 0x4c, 0x19, 0x9e, 0xc0, 0x7, 0xe0, 0x4,
    0xca, 0x18, 0x4, 0x2d, 0x20, 0x40, 0xd2, 0xc2,
    0x29, 0xc0, 0x40, 0x2a, 0xc1,

    /* U+652F "支" */
    0x0, 0xfb, 0x94, 0x3, 0xe3, 0x3f, 0x1, 0x19,
    0xe4, 0x10, 0x9d, 0xee, 0xc3, 0x3d, 0xda, 0x94,
    0x2b, 0xb7, 0x71, 0x56, 0xee, 0xe4, 0x0, 0xff,
    0xe2, 0xa7, 0xfe, 0x2b, 0xff, 0x68, 0x7, 0x27,
    0xba, 0xff, 0xe3, 0x50, 0xf, 0xa5, 0x4c, 0x0,
    0xa5, 0x0, 0x1f, 0xc, 0x70, 0x8a, 0xec, 0x1,
    0xfc, 0xed, 0xb8, 0xca, 0x1, 0xfe, 0x33, 0x17,
    0x0, 0x7c, 0x2b, 0x3c, 0x5b, 0x57, 0xd2, 0xc8,
    0x41, 0x5d, 0x3, 0x94, 0x4b, 0xb4, 0x17, 0x67,
    0xa, 0xed, 0x82, 0x0, 0xc9, 0x3b, 0xea,

    /* U+6536 "收" */
    0x0, 0xfe, 0x10, 0xf, 0xf7, 0x28, 0x1, 0x39,
    0x0, 0x3f, 0x8c, 0x40, 0x1a, 0x48, 0x1, 0xeb,
    0x30, 0xe, 0x65, 0x22, 0xe0, 0x2, 0x38, 0x6,
    0x70, 0x7d, 0xde, 0x40, 0x10, 0xe, 0x98, 0xff,
    0x83, 0x7d, 0x0, 0x3d, 0x1, 0x48, 0x4, 0x4,
    0x1, 0xf0, 0xb5, 0xb6, 0x3, 0x90, 0x7, 0xe1,
    0xe5, 0xd5, 0xc, 0x40, 0xc, 0x24, 0xa6, 0x1,
    0x39, 0x23, 0xe8, 0x4, 0x81, 0x18, 0x1, 0x85,
    0x6c, 0xd0, 0x2, 0x4b, 0xe9, 0x30, 0xd, 0xa0,
    0xa0, 0x1c, 0x80, 0x1e, 0x88, 0x2b, 0xb8, 0x3,
    0xf9, 0x31, 0xea, 0x97, 0x3a, 0xc2, 0x1, 0xc7,
    0x2f, 0xaa, 0x9, 0xe9, 0xa2, 0x1, 0xb5, 0xf6,
    0xc8, 0x2, 0x19, 0xb0,

    /* U+6539 "改" */
    0x0, 0xfe, 0x52, 0x0, 0xf0, 0x80, 0x7d, 0x4a,
    0x1, 0xee, 0xff, 0xcc, 0xa, 0x2e, 0x1, 0xef,
    0xfc, 0x66, 0x9, 0x53, 0x3e, 0x0, 0xfc, 0x86,
    0xff, 0xec, 0xea, 0x0, 0xf8, 0xe5, 0xf3, 0x1c,
    0x1b, 0x20, 0x4, 0xee, 0x8f, 0x85, 0x84, 0x18,
    0x80, 0x3d, 0xfe, 0xe8, 0xc4, 0x90, 0xc7, 0x0,
    0xf0, 0x8c, 0x0, 0x87, 0x15, 0xf0, 0xf, 0xf8,
    0x9b, 0xd, 0x40, 0x3e, 0x1a, 0x50, 0x6, 0x93,
    0x80, 0x7c, 0xbe, 0x8, 0xb, 0x68, 0xcc, 0x0,
    0xdc, 0x37, 0x54, 0x5b, 0xaa, 0x5d, 0x4d, 0x8,
    0x3, 0xd7, 0xd2, 0xec, 0x3c, 0xa0, 0xb8, 0xfe,
    0x20, 0xb4, 0x21, 0x3b, 0x42, 0x1, 0x1e, 0xe8,
    0x40,

    /* U+653E "放" */
    0x0, 0x88, 0x3, 0xc2, 0x1, 0xfb, 0x18, 0x3,
    0x2f, 0x18, 0x7, 0xd3, 0x0, 0x1b, 0x4c, 0xc0,
    0x1f, 0x34, 0x0, 0x65, 0xa0, 0xe, 0x3f, 0xf7,
    0x4f, 0xfb, 0x4c, 0xa7, 0xff, 0x11, 0xf6, 0x87,
    0x7f, 0x65, 0x2f, 0x71, 0x97, 0x48, 0x4, 0xc0,
    0x21, 0x36, 0x41, 0x11, 0x91, 0x0, 0x23, 0xc,
    0xdd, 0x52, 0x82, 0x3, 0x70, 0x7, 0xbf, 0xc3,
    0xb4, 0x98, 0x6, 0x40, 0x19, 0x88, 0xa0, 0x10,
    0xf5, 0x30, 0x40, 0xc, 0x6c, 0x0, 0x17, 0x5,
    0x2f, 0x30, 0xe, 0xbc, 0x0, 0x18, 0x4, 0xc7,
    0x20, 0x18, 0x8d, 0x40, 0x2, 0x40, 0x28, 0x18,
    0x1, 0xb9, 0x9, 0x68, 0x5, 0xbd, 0xf5, 0xec,
    0xc0, 0xca, 0x40, 0x9a, 0xa6, 0x51, 0x45, 0x8f,
    0x84, 0x7c, 0x40, 0xf8, 0xb1, 0xcc, 0x0, 0x2c,
    0xd2,

    /* U+6570 "数" */
    0x3, 0x50, 0xd6, 0x18, 0x6, 0xa0, 0xf, 0x59,
    0x1, 0xb1, 0x7, 0x80, 0x78, 0x60, 0x44, 0x7f,
    0xc0, 0x9e, 0x1, 0xd9, 0x18, 0x72, 0xd4, 0xc5,
    0x19, 0x93, 0x7, 0x60, 0x8a, 0x2f, 0x84, 0xbb,
    0xc1, 0x10, 0xb, 0x90, 0x5f, 0x6b, 0x62, 0x66,
    0x1d, 0x22, 0x45, 0x3b, 0x65, 0x69, 0x98, 0x0,
    0x6c, 0x5, 0xa9, 0x22, 0x88, 0xe7, 0x23, 0x11,
    0x18, 0x17, 0xf9, 0xd3, 0xfd, 0xb0, 0x96, 0xa4,
    0x0, 0x2e, 0xa2, 0xff, 0x1e, 0x86, 0xb7, 0x28,
    0x4, 0x30, 0x2a, 0xc4, 0xc0, 0x86, 0xb4, 0x1,
    0xb2, 0x7a, 0x41, 0xc0, 0x40, 0xc, 0x1, 0x84,
    0xd6, 0x6b, 0x8f, 0x12, 0x2d, 0x40, 0x13, 0xdb,
    0x8c, 0x87, 0x95, 0x2f, 0x14, 0xa1, 0x59, 0x64,
    0x0, 0x9e, 0x70, 0x3, 0xea, 0x80,

    /* U+6587 "文" */
    0x0, 0xf8, 0x40, 0x3f, 0xf8, 0x57, 0x60, 0xf,
    0xfe, 0x14, 0x29, 0x80, 0x7f, 0xf0, 0x4d, 0x98,
    0x1, 0xf1, 0x7f, 0xf9, 0xab, 0xff, 0xc2, 0x59,
    0x8b, 0xa, 0xcc, 0xc2, 0xd9, 0x76, 0x10, 0x33,
    0x20, 0x81, 0x9e, 0x1d, 0x34, 0x40, 0x7, 0x37,
    0x80, 0x4a, 0x28, 0x1, 0xfa, 0x94, 0x80, 0x12,
    0xe0, 0x1f, 0xc4, 0xb2, 0xa, 0x70, 0x1, 0xfe,
    0xb5, 0x9b, 0x81, 0x0, 0xff, 0xc, 0x30, 0x38,
    0x7, 0xfc, 0xd2, 0xc5, 0xa8, 0x1, 0xf1, 0x3f,
    0x45, 0xce, 0x2d, 0xec, 0x20, 0x80, 0x33, 0x6a,
    0x39, 0x0, 0x11, 0xd4, 0xb7, 0x40, 0xf, 0xcd,
    0x60, 0xe, 0x17, 0xdd, 0x50, 0x0,

    /* U+659C "斜" */
    0x0, 0xff, 0xe3, 0x97, 0xa8, 0x7, 0xb9, 0x0,
    0x3a, 0x46, 0xc, 0x1, 0x22, 0x1, 0xf3, 0x2f,
    0xde, 0x48, 0x96, 0x81, 0x80, 0x64, 0x9d, 0x16,
    0xc4, 0x2a, 0x14, 0x0, 0xc7, 0x67, 0xbd, 0xcd,
    0xc3, 0x1d, 0x40, 0xc, 0x77, 0x9e, 0x77, 0xe2,
    0x6c, 0x1, 0xf2, 0x0, 0x80, 0x88, 0x6, 0x50,
    0x3, 0xd5, 0xba, 0x2a, 0xdd, 0x14, 0xc8, 0x3,
    0xd1, 0xfe, 0x1b, 0xff, 0x3, 0x60, 0x0, 0xd8,
    0x40, 0xa8, 0x8c, 0x44, 0x49, 0x35, 0xa5, 0x16,
    0x60, 0xac, 0x1, 0x73, 0x99, 0xd0, 0x37, 0xa4,
    0x1d, 0x20, 0x15, 0x4b, 0xd4, 0x29, 0x80, 0x66,
    0x60, 0x4, 0xca, 0x40, 0x1f, 0xb4, 0xac, 0x9c,
    0x6c, 0x80, 0x23, 0x0, 0xe2, 0x78, 0x30, 0xf,
    0x84, 0x0,

    /* U+65AD "断" */
    0x0, 0xdc, 0x80, 0x1e, 0x22, 0x6, 0x37, 0x89,
    0x84, 0x42, 0x73, 0x7f, 0x20, 0x8, 0xc5, 0x40,
    0xd, 0x65, 0x79, 0xfd, 0x40, 0x60, 0xc0, 0x3,
    0x43, 0x2, 0x10, 0xf, 0x68, 0x18, 0x79, 0x0,
    0x7e, 0x3e, 0x81, 0xbe, 0x60, 0xbd, 0xdc, 0x60,
    0x76, 0xe1, 0x50, 0x81, 0x3f, 0x61, 0xc6, 0x0,
    0x14, 0x1f, 0xe0, 0x1, 0x14, 0x26, 0x1, 0x5b,
    0x1e, 0x8b, 0x38, 0x80, 0x7b, 0x16, 0xcc, 0x24,
    0x9, 0x80, 0x3d, 0x96, 0x40, 0x5, 0x71, 0x20,
    0xf, 0x90, 0x21, 0xc5, 0xc8, 0x3, 0xea, 0xff,
    0x4e, 0x74, 0x58, 0x4, 0x20, 0xd, 0xff, 0xeb,
    0x36, 0x0, 0x9, 0x80, 0x7e, 0x4d, 0x0, 0x97,
    0x80, 0x0,

    /* U+65B0 "新" */
    0x0, 0xd8, 0xa0, 0x1c, 0x49, 0x12, 0x0, 0x34,
    0x31, 0xf4, 0x40, 0xaf, 0xfc, 0x40, 0x21, 0xf5,
    0xa6, 0x95, 0x45, 0x2, 0xdb, 0xa9, 0x10, 0xc9,
    0xae, 0xf5, 0xf4, 0x0, 0xfe, 0x1e, 0x6, 0x11,
    0x0, 0xc, 0xf8, 0x4b, 0xad, 0xf6, 0x13, 0x60,
    0x7, 0xfb, 0x3d, 0xe, 0xe6, 0x40, 0xd5, 0x36,
    0x5, 0x92, 0x38, 0xa2, 0xa8, 0x81, 0xf4, 0x41,
    0x80, 0x80, 0x7b, 0xbf, 0xc7, 0x3f, 0xe7, 0x37,
    0x0, 0xf6, 0xd6, 0x14, 0x66, 0x1b, 0x84, 0x3,
    0xc7, 0x76, 0x11, 0x68, 0x9, 0xe8, 0x7, 0xa0,
    0x24, 0x0, 0xdc, 0x8, 0x60, 0x1c, 0x6f, 0xa2,
    0x0, 0x9a, 0x50, 0x40, 0xe, 0x3b, 0x19, 0x33,
    0xb, 0xc3, 0x0, 0x42, 0x1, 0x21, 0x2a, 0xc0,
    0x61, 0x60, 0x1, 0x0, 0xf6, 0x50, 0x0, 0xf4,
    0x80, 0xb, 0xe0, 0x0,

    /* U+65B9 "方" */
    0x0, 0xf8, 0x40, 0x3f, 0xf8, 0x2b, 0xe2, 0x1,
    0xff, 0xc0, 0x50, 0x80, 0xf, 0xfe, 0xd, 0xe8,
    0x7, 0xdd, 0xff, 0xd5, 0x7f, 0xfe, 0xd, 0xdc,
    0x13, 0xbb, 0xf6, 0x1, 0x91, 0x40, 0x45, 0xf8,
    0xc0, 0x3c, 0x45, 0xf0, 0x7, 0x84, 0x27, 0x77,
    0xc4, 0x1, 0xc4, 0x1d, 0xff, 0xb0, 0x8, 0x3,
    0xac, 0x84, 0x3, 0x30, 0x7, 0xcc, 0xa0, 0x1c,
    0x64, 0x1, 0xd0, 0x32, 0x1, 0xdc, 0xc0, 0x19,
    0x5e, 0x44, 0x3, 0x90, 0x80, 0x26, 0xa8, 0x60,
    0x9, 0xb3, 0xcf, 0x40, 0x23, 0x97, 0x0, 0xc8,
    0x89, 0xe4, 0x0, 0x0,

    /* U+65E0 "无" */
    0x0, 0xff, 0xe3, 0x2f, 0xff, 0xf9, 0x0, 0x32,
    0xee, 0xba, 0x47, 0xbb, 0x6a, 0x0, 0x71, 0x10,
    0x4c, 0x4, 0x71, 0x0, 0x7f, 0xf3, 0x8c, 0x3,
    0xfa, 0x3f, 0xf5, 0x17, 0xff, 0xac, 0x1, 0x1d,
    0xd9, 0x5a, 0xc7, 0xbb, 0x50, 0x4, 0x23, 0x93,
    0x0, 0x2, 0x3c, 0x1, 0xe4, 0x15, 0x0, 0xff,
    0xe0, 0xc, 0xb8, 0x7, 0xff, 0x0, 0x74, 0x20,
    0x3, 0xcb, 0x60, 0x11, 0xe1, 0x78, 0x1, 0xc5,
    0x8, 0x9e, 0xc0, 0x9, 0xc1, 0xf2, 0x0, 0x1a,
    0x5e, 0xe9, 0x20, 0x1, 0x73, 0x82, 0x1, 0xaf,
    0xfe, 0xe5, 0x0,

    /* U+65E5 "日" */
    0xef, 0xff, 0xe6, 0x7, 0xdd, 0xf8, 0xc, 0x3c,
    0x8b, 0xe0, 0xf, 0xfe, 0x9, 0x80, 0x7f, 0xd1,
    0xff, 0xf0, 0x5, 0x1d, 0xdf, 0x0, 0x61, 0x1f,
    0x80, 0x3f, 0xf9, 0x87, 0xc8, 0x9e, 0x50, 0x9,
    0xe2, 0x3d, 0x20, 0x14, 0xe6, 0x7c, 0x6,

    /* U+65F6 "时" */
    0x0, 0xff, 0xbd, 0x80, 0x6, 0x7c, 0x1, 0xf1,
    0x80, 0x37, 0x5d, 0xcc, 0x30, 0xf, 0xf4, 0x6e,
    0x0, 0x19, 0x57, 0x6, 0x31, 0x0, 0x73, 0xd4,
    0xf7, 0x40, 0x94, 0xc7, 0xc6, 0xa0, 0xd9, 0x8b,
    0xb8, 0x63, 0x10, 0x1b, 0xa4, 0x2, 0x60, 0xf,
    0xd1, 0xb8, 0x0, 0x29, 0x60, 0xf, 0xfe, 0x1,
    0x3c, 0x0, 0x78, 0xc4, 0x44, 0x1, 0x4b, 0x8,
    0x7, 0xa3, 0xb0, 0x2, 0x18, 0x10, 0xf, 0x4f,
    0xf0, 0x7, 0xff, 0x8, 0x70, 0x80, 0x38, 0x40,
    0x2f, 0x60, 0x1, 0x80, 0x68, 0xc0, 0x60, 0x0,
    0x80, 0x7e, 0xc4, 0xb3, 0x0, 0x0,

    /* U+660E "明" */
    0xcf, 0xfc, 0x61, 0xff, 0xe3, 0x18, 0xee, 0x0,
    0x80, 0x2f, 0xb9, 0xa0, 0x23, 0xc0, 0x1c, 0x22,
    0x30, 0xf, 0xf4, 0x5d, 0xb4, 0x2, 0x9f, 0xf0,
    0x6, 0x4e, 0xe5, 0x0, 0x53, 0xfe, 0x0, 0xd8,
    0xaa, 0x70, 0xf, 0xf0, 0x91, 0x40, 0x1f, 0xea,
    0xdd, 0x60, 0x5, 0x3f, 0xe0, 0x1, 0x87, 0x7f,
    0xb8, 0x2, 0x8d, 0xd0, 0xa, 0x88, 0x80, 0x39,
    0xc8, 0xaf, 0x3d, 0x40, 0xf, 0x5a, 0x80, 0x44,
    0x9c, 0x0, 0x12, 0x0, 0xfb, 0xcd, 0x0, 0x17,
    0x82, 0x40, 0x1d, 0x1e, 0x1, 0x45, 0xf0, 0x0,

    /* U+661F "星" */
    0x0, 0x37, 0xff, 0xf9, 0x80, 0x38, 0x7f, 0xff,
    0x8, 0x7, 0x87, 0xff, 0xf0, 0x80, 0x78, 0x7f,
    0xff, 0x8, 0x7, 0x87, 0xff, 0xf0, 0x80, 0x73,
    0x67, 0xfd, 0x91, 0xff, 0x98, 0x3, 0xe, 0xc8,
    0x1, 0x60, 0x3, 0xfa, 0x5, 0xbf, 0xd2, 0x1f,
    0xfc, 0x1, 0x23, 0x5f, 0x75, 0x3, 0xdd, 0x6e,
    0x80, 0x3, 0x6e, 0xa6, 0x1, 0xf8, 0xc0, 0x3,
    0x90, 0xd9, 0xfe, 0x91, 0xff, 0xb1, 0x0, 0x23,
    0x7, 0xee, 0xa0, 0x7b, 0xb2, 0x80, 0x46, 0x45,
    0xc2, 0x4, 0x5c, 0x60, 0xd, 0xdf, 0x40, 0xee,
    0xf6, 0x18, 0x77, 0xff, 0xff, 0x4, 0xc0,

    /* U+6620 "映" */
    0x0, 0xfe, 0x3a, 0x0, 0xf1, 0x16, 0x0, 0xce,
    0x80, 0x1c, 0x3b, 0xfe, 0xd6, 0x2, 0x20, 0x81,
    0x14, 0x1, 0xbf, 0x44, 0xd7, 0x72, 0xc7, 0x31,
    0xa4, 0x1, 0xf8, 0x7a, 0x8b, 0xb0, 0x3, 0xff,
    0x93, 0xbe, 0x20, 0x18, 0x44, 0x1, 0xf6, 0xf8,
    0x99, 0x9, 0x90, 0x1b, 0x3, 0x88, 0x7, 0x75,
    0x1f, 0xc9, 0xf4, 0x1c, 0x20, 0x7, 0x6e, 0xb3,
    0x6, 0x4b, 0x98, 0xd5, 0x0, 0x6f, 0x88, 0x4,
    0xa7, 0xcc, 0x20, 0x1d, 0xbe, 0x40, 0x2, 0xb9,
    0x35, 0xd0, 0x8, 0x5c, 0xc3, 0x54, 0xb0, 0x9c,
    0x28, 0xb0, 0x40, 0x10, 0x20, 0x7, 0xd2, 0xd0,
    0x0, 0xe1, 0x79, 0x0, 0x73, 0x46, 0x8, 0x4,
    0x5f, 0x44,

    /* U+6625 "春" */
    0x0, 0xf8, 0xa8, 0x3, 0xf8, 0xcf, 0x95, 0xc,
    0xf2, 0x8, 0x5, 0x51, 0x1a, 0x82, 0x23, 0x79,
    0x0, 0x53, 0x57, 0x73, 0xcd, 0xdf, 0x18, 0x6,
    0xfd, 0xd9, 0x6b, 0x77, 0x50, 0x7, 0x76, 0xe9,
    0x53, 0x77, 0xa8, 0x2, 0x7e, 0xeb, 0xdd, 0x7b,
    0x9f, 0xdd, 0x68, 0x1, 0xfb, 0x96, 0x39, 0xdd,
    0x29, 0x7f, 0x68, 0x4, 0x55, 0x40, 0xed, 0xd9,
    0xcf, 0xa4, 0xc0, 0x13, 0xba, 0x56, 0xdd, 0xe2,
    0x64, 0xc2, 0xb, 0xe7, 0x5, 0xbb, 0xe2, 0xcd,
    0xd1, 0x1, 0x8, 0x1, 0xe2, 0x38, 0x80, 0x4,
    0x1, 0xe2, 0x33, 0xe0, 0xf, 0xf3, 0xf7, 0x71,
    0x18, 0x7, 0xe7, 0xee, 0xe2, 0x0, 0xc0,

    /* U+662F "是" */
    0x0, 0x37, 0xff, 0xf0, 0x7, 0x18, 0xf7, 0x7a,
    0x44, 0x3, 0xc3, 0xdd, 0xe9, 0x0, 0xf8, 0x7f,
    0xfd, 0x42, 0x1, 0xc6, 0x3d, 0xde, 0xb0, 0xf,
    0x37, 0x7f, 0xfd, 0xc0, 0x14, 0xf7, 0x3f, 0xff,
    0xbb, 0xd2, 0x33, 0xf7, 0xfd, 0x61, 0xff, 0xda,
    0x82, 0x43, 0x8e, 0x22, 0x0, 0xc6, 0x4, 0x1,
    0x28, 0x20, 0x0, 0x7f, 0xec, 0xa0, 0xd, 0x1,
    0xe6, 0x3, 0xdd, 0xac, 0x2, 0x92, 0xda, 0xca,
    0x15, 0x44, 0xca, 0x8e, 0xd4, 0x4f, 0xd0, 0xb1,
    0x57, 0x75, 0x3, 0xe2, 0x80, 0x5, 0xab, 0x7b,
    0xff, 0x20,

    /* U+663E "显" */
    0x1, 0xff, 0xff, 0x10, 0x7, 0x67, 0x77, 0xb4,
    0x3, 0xee, 0xcc, 0xf7, 0x80, 0x7d, 0x73, 0x3e,
    0x80, 0xf, 0x89, 0x9b, 0xe0, 0xf, 0xaf, 0x77,
    0xd8, 0x1, 0xc3, 0xfe, 0xb4, 0xff, 0x25, 0x7f,
    0x88, 0x2, 0x90, 0x0, 0xa0, 0x1, 0x4c, 0x5,
    0xc0, 0x27, 0x90, 0x0, 0x80, 0x74, 0xc8, 0x40,
    0x16, 0xc6, 0x1, 0xe2, 0x78, 0x10, 0x2, 0x95,
    0x0, 0x7a, 0xd, 0x80, 0x4, 0x49, 0xb3, 0x2,
    0x20, 0xc, 0xc1, 0x10, 0x3f, 0x6f, 0x64, 0x77,
    0x43, 0x19, 0x7b, 0xa1,

    /* U+666F "景" */
    0x0, 0xbf, 0xff, 0xc0, 0x1f, 0x67, 0xff, 0xac,
    0x3, 0xf6, 0xf7, 0x7a, 0x80, 0x3f, 0x57, 0xff,
    0xac, 0x3, 0xf5, 0xf7, 0x7a, 0x84, 0x3, 0xdf,
    0xf8, 0xe3, 0xfe, 0xe0, 0x8, 0x77, 0x33, 0x8e,
    0x33, 0x36, 0xf0, 0x8b, 0xbf, 0xfb, 0x31, 0xff,
    0xba, 0x84, 0xc, 0xd5, 0x99, 0xfb, 0xcd, 0x0,
    0x39, 0xbf, 0xfd, 0x20, 0x1f, 0xb, 0xf7, 0x5f,
    0xdc, 0x86, 0x0, 0xf4, 0x65, 0x74, 0x17, 0x6d,
    0x50, 0x3, 0xcd, 0xb0, 0x1, 0x92, 0xf1, 0x0,
    0x21, 0xc9, 0x8c, 0x7d, 0x10, 0x7d, 0x6b, 0x60,
    0x0, 0xde, 0xb8, 0x6a, 0xd0, 0x0, 0xaa, 0xd8,
    0x0,

    /* U+6674 "晴" */
    0x0, 0xfe, 0xf2, 0x0, 0xce, 0xf8, 0x9e, 0xee,
    0xe, 0xbb, 0x50, 0x47, 0x4, 0x32, 0xc4, 0x43,
    0x11, 0x48, 0x3, 0x5c, 0x40, 0xb3, 0x21, 0xbc,
    0xc3, 0x0, 0x7d, 0xff, 0xe, 0xff, 0x94, 0x0,
    0x22, 0x1, 0xff, 0xc3, 0xbf, 0xf2, 0x85, 0xf8,
    0x8b, 0xbf, 0xff, 0x28, 0x57, 0x8, 0xf, 0x7f,
    0xf8, 0x80, 0x3f, 0x5f, 0xfe, 0x0, 0xff, 0x5f,
    0xfe, 0x0, 0xd3, 0xa2, 0x1, 0x5f, 0xfe, 0x0,
    0xd1, 0x82, 0x20, 0x5, 0xff, 0xe0, 0xc, 0x22,
    0xf5, 0x0, 0x5f, 0xfe, 0x0, 0xbd, 0x0, 0x40,
    0x3e, 0x90, 0x30, 0xf, 0xfe, 0x1, 0xc0, 0x80,

    /* U+6682 "暂" */
    0x0, 0xb4, 0x80, 0x38, 0x95, 0xc0, 0x8d, 0xcc,
    0x4d, 0xb, 0xfd, 0xb7, 0x42, 0xb1, 0x5, 0x99,
    0x78, 0x3, 0x3f, 0xb4, 0x5c, 0xd6, 0x9a, 0xac,
    0xc2, 0xdd, 0xe5, 0x27, 0x4c, 0x3d, 0xc3, 0xe,
    0xe5, 0x8, 0x8b, 0x7b, 0xc3, 0x39, 0xc1, 0xb0,
    0x59, 0x22, 0x73, 0xc3, 0xe3, 0xd4, 0x3, 0xb3,
    0xfd, 0xc1, 0xd0, 0xb2, 0x0, 0x10, 0x2, 0x20,
    0x45, 0x24, 0x18, 0x24, 0xd2, 0x1, 0xb7, 0xeb,
    0xb9, 0xfd, 0xd5, 0x80, 0x74, 0x6e, 0xfa, 0x4,
    0x3, 0xa6, 0xab, 0xd2, 0x1, 0xe8, 0xbb, 0xf4,
    0x8, 0x7, 0x4e, 0x67, 0xa4, 0x2,

    /* U+6696 "暖" */
    0x0, 0xf0, 0x91, 0xab, 0xce, 0x98, 0x6f, 0xfc,
    0xa7, 0x57, 0x6d, 0x3a, 0x51, 0x3, 0xbf, 0x20,
    0x26, 0x8d, 0x54, 0x27, 0x60, 0x30, 0x8, 0x44,
    0xd0, 0xa6, 0x67, 0x34, 0x0, 0xfb, 0xbc, 0xa8,
    0x6d, 0xc, 0x0, 0x66, 0x0, 0xa7, 0x7e, 0xa5,
    0x8e, 0x80, 0x1b, 0x46, 0x5, 0xd2, 0xcf, 0x33,
    0x58, 0x3, 0xa4, 0xc2, 0x3b, 0x88, 0xbd, 0xd8,
    0xc0, 0x3a, 0xb2, 0x42, 0x23, 0x69, 0x80, 0x61,
    0x0, 0x40, 0x7f, 0xa6, 0x84, 0xe, 0xfc, 0x80,
    0x14, 0x65, 0x96, 0x10, 0x1, 0x5f, 0xb8, 0xd2,
    0x67, 0xce, 0xbb, 0x0, 0x31, 0x2, 0x20, 0xf8,
    0x4e, 0x0, 0x74, 0x0, 0x10, 0x5, 0xb8, 0x9b,
    0x15, 0xb7, 0x5a, 0x40, 0x18, 0x44, 0x91, 0xa8,
    0xd, 0xd2, 0x40,

    /* U+6697 "暗" */
    0x0, 0xfc, 0x20, 0x1f, 0xfc, 0x11, 0xe3, 0x0,
    0xe6, 0x77, 0x84, 0x0, 0x31, 0x40, 0x1d, 0x1b,
    0xf0, 0x57, 0xfd, 0x2f, 0xdc, 0xf1, 0x0, 0x74,
    0x8, 0x5e, 0x4f, 0x72, 0xdf, 0xc4, 0xc, 0x3,
    0xd0, 0x21, 0xc6, 0x1, 0xfc, 0x68, 0x40, 0x92,
    0x1, 0xa2, 0xc6, 0xbf, 0xc9, 0x9e, 0x19, 0xfe,
    0x0, 0x27, 0x5, 0x76, 0xef, 0xbb, 0x80, 0xc,
    0x51, 0x3, 0xdf, 0xfd, 0x96, 0x20, 0x1e, 0x30,
    0xdd, 0xcc, 0x1, 0xfe, 0x99, 0xca, 0x1, 0x1d,
    0x68, 0x80, 0x59, 0x99, 0x80, 0x23, 0xdd, 0x20,
    0x4, 0x89, 0x88, 0x2, 0xd3, 0xb, 0x33, 0x6,
    0x66, 0x70, 0xf, 0xf6, 0xee, 0xea, 0x0, 0x0,

    /* U+66B4 "暴" */
    0x0, 0xbb, 0x77, 0xf7, 0x98, 0x7, 0xff, 0xc,
    0x40, 0x3d, 0xdb, 0xbf, 0x8, 0x7, 0x97, 0xfd,
    0xb9, 0x8d, 0xfc, 0x20, 0xe, 0x6d, 0xa0, 0xaa,
    0xc1, 0x54, 0x40, 0xc, 0x67, 0x8, 0x8c, 0xc2,
    0x23, 0x38, 0x2, 0xd8, 0x88, 0x6e, 0x21, 0x63,
    0x11, 0x70, 0x86, 0x6f, 0x8b, 0x6d, 0xf6, 0xb8,
    0xfe, 0xf8, 0x82, 0xce, 0x2c, 0x6, 0xa8, 0x58,
    0x65, 0x28, 0x14, 0xf7, 0x5a, 0x6d, 0x4d, 0xc9,
    0xe5, 0x0, 0x5a, 0xe2, 0x7, 0xe0, 0xd4, 0x5e,
    0x31, 0x80, 0x15, 0xf6, 0xe6, 0x1b, 0xf2, 0xed,
    0xce, 0x1, 0xbf, 0xa8, 0xf5, 0x1c, 0x13, 0x23,
    0x80, 0x32, 0x8, 0x3, 0xb8, 0x40, 0x13, 0x48,
    0x0,

    /* U+66F2 "曲" */
    0x0, 0xff, 0xe3, 0x37, 0x80, 0x3d, 0x80, 0x3f,
    0x18, 0x80, 0x4, 0x3, 0xff, 0x8e, 0xff, 0xf5,
    0xf, 0xf8, 0x67, 0xfe, 0x70, 0x1f, 0xf5, 0xf,
    0xf8, 0x67, 0xfc, 0x20, 0x1f, 0xfd, 0x21, 0xdd,
    0x58, 0xee, 0x86, 0x37, 0x42, 0x0, 0x1c, 0xc4,
    0xe, 0x60, 0x67, 0x30, 0x20, 0x10, 0x88, 0xc0,
    0x44, 0x2, 0x30, 0x7, 0xff, 0x4c, 0x7f, 0xd4,
    0x3f, 0xe1, 0x9f, 0xf0, 0x87, 0x8f, 0xff, 0xf8,
    0x40,

    /* U+66F4 "更" */
    0x0, 0xff, 0xe1, 0xa7, 0xff, 0xff, 0x2, 0xc1,
    0x3b, 0xff, 0x50, 0xff, 0xf5, 0x0, 0xf, 0x33,
    0x40, 0xe6, 0x62, 0x10, 0x0, 0x9f, 0xf7, 0x2c,
    0x7b, 0x9e, 0x62, 0x1, 0xc2, 0x67, 0x1, 0x98,
    0x40, 0x3e, 0xcf, 0xf5, 0x8f, 0xfb, 0x0, 0x3e,
    0xfe, 0xe5, 0x8f, 0x73, 0xc0, 0x3e, 0xef, 0xf5,
    0xf, 0xfb, 0x80, 0x38, 0xec, 0xb3, 0x95, 0x5d,
    0xd8, 0xc0, 0x32, 0x3e, 0xaa, 0x78, 0x8e, 0x0,
    0xf5, 0x45, 0x8b, 0x80, 0x7f, 0x8f, 0x45, 0x77,
    0x1c, 0xc0, 0x33, 0xdf, 0x69, 0xf5, 0x75, 0xe6,
    0x3f, 0xda, 0x7, 0x9b, 0xd0, 0x0, 0x17, 0xbf,
    0xdb, 0x90,

    /* U+6700 "最" */
    0x0, 0x57, 0x6e, 0xfd, 0xe0, 0x1e, 0x5b, 0xbf,
    0x20, 0x80, 0x7c, 0x67, 0xe1, 0x0, 0xf1, 0xb4,
    0x47, 0x94, 0xc0, 0x3a, 0x77, 0x7f, 0x80, 0x2d,
    0xff, 0xff, 0xe0, 0x86, 0xe8, 0x7f, 0xda, 0x3f,
    0xff, 0x0, 0x43, 0xdc, 0xc0, 0x6f, 0xee, 0x7c,
    0x0, 0x61, 0xee, 0x60, 0x31, 0xef, 0x15, 0x80,
    0x61, 0xdd, 0x78, 0x2, 0xa8, 0x60, 0x60, 0x18,
    0x7e, 0x68, 0x69, 0x97, 0x60, 0x2, 0x6c, 0x38,
    0x30, 0x5, 0x8, 0x24, 0xb0, 0x83, 0x76, 0xd3,
    0xa8, 0x16, 0x7d, 0x77, 0x20, 0x3, 0xc5, 0xe5,
    0xa6, 0x5, 0x12, 0x0,

    /* U+6708 "月" */
    0x0, 0x2f, 0xff, 0xf2, 0x0, 0x43, 0xff, 0xf0,
    0x38, 0x0, 0x40, 0x3f, 0xf8, 0x23, 0x77, 0xf0,
    0x7, 0xc, 0x47, 0xc0, 0x1e, 0x33, 0xf8, 0x3,
    0x8, 0x7, 0xff, 0x0, 0xc7, 0xff, 0xe0, 0xd,
    0xc9, 0xff, 0xf0, 0x6, 0x43, 0x0, 0xff, 0x19,
    0xa8, 0x3, 0xfd, 0xe8, 0x40, 0x18, 0x55, 0xc0,
    0x5c, 0xa4, 0x3, 0x86, 0xa5, 0x49, 0xf8, 0x80,
    0x3d, 0xfd, 0x40,

    /* U+6709 "有" */
    0x0, 0xff, 0xe5, 0x1f, 0x98, 0x7, 0xff, 0x5,
    0x0, 0xc0, 0x3f, 0x3f, 0xfe, 0x80, 0xff, 0xf8,
    0x41, 0xb7, 0xb9, 0x41, 0x7d, 0xde, 0xd1, 0x1,
    0x21, 0x14, 0x1a, 0x8, 0xf8, 0x80, 0x3a, 0x8,
    0xff, 0xfd, 0x40, 0x1c, 0xae, 0x3f, 0xfe, 0x50,
    0xe, 0x5a, 0x10, 0x33, 0xf0, 0x80, 0x68, 0xa7,
    0x91, 0xff, 0xf2, 0x80, 0x61, 0xa8, 0x1, 0xcc,
    0xf2, 0x0, 0x69, 0x50, 0x0, 0xff, 0xf9, 0x40,
    0x3f, 0xf, 0xff, 0x94, 0x3, 0xff, 0x82, 0x26,
    0xc6, 0x1, 0xff, 0xc0, 0x3c, 0x1a, 0x0, 0xf3,
    0xf0, 0x6, 0x2f, 0xd3, 0x0, 0x0,

    /* U+671F "期" */
    0x0, 0x73, 0x0, 0x3d, 0x40, 0x3f, 0x8c, 0xc0,
    0x1, 0x0, 0x6f, 0xfe, 0x62, 0xc2, 0x8c, 0xc0,
    0xc2, 0x84, 0x7f, 0x84, 0xb, 0x8a, 0xfb, 0x83,
    0x48, 0x1, 0xf1, 0x0, 0x8e, 0x21, 0xf, 0x33,
    0x0, 0x75, 0x44, 0x0, 0x32, 0xc4, 0x4, 0x3,
    0x45, 0xd8, 0x40, 0x2a, 0xbb, 0x8, 0x6, 0xaf,
    0xf0, 0x80, 0x7f, 0xd5, 0xfe, 0x10, 0xa, 0xb3,
    0x2, 0x11, 0xe5, 0x5f, 0xe1, 0xa7, 0x29, 0xcc,
    0x8, 0x47, 0xd7, 0x7e, 0xe7, 0xa0, 0x28, 0x7,
    0x1d, 0x28, 0x3e, 0x1d, 0x90, 0x80, 0x62, 0xd9,
    0x40, 0x56, 0xa7, 0xb0, 0xc, 0x62, 0xcc, 0x0,
    0xa4, 0xc9, 0x80, 0x1c, 0x2e, 0x70, 0x1, 0xd5,
    0xe0, 0x15, 0x71, 0x0,

    /* U+672A "未" */
    0x0, 0xfb, 0xd4, 0x3, 0xff, 0x84, 0x20, 0x1f,
    0xe3, 0x22, 0xc0, 0x64, 0x51, 0x88, 0x6, 0xef,
    0xfc, 0x31, 0xff, 0x6a, 0x80, 0x6d, 0xde, 0x1b,
    0xdd, 0xb9, 0x0, 0x3f, 0xf8, 0xc5, 0xff, 0xe1,
    0xaf, 0xfe, 0x90, 0x2e, 0xff, 0xa8, 0x2, 0x8f,
    0xfb, 0xa4, 0x0, 0x20, 0x1, 0xb8, 0x17, 0x84,
    0x0, 0x8, 0x7, 0x16, 0x23, 0x86, 0xc5, 0xa0,
    0x7, 0x93, 0x1a, 0x80, 0x27, 0x75, 0xc0, 0x4,
    0x33, 0x6f, 0x60, 0x1d, 0x12, 0xff, 0x20, 0x2,
    0xa9, 0x0, 0x84, 0x2, 0x6e, 0x7f, 0x1, 0xb5,
    0x0, 0xe3, 0x0, 0x86, 0x18, 0x0,

    /* U+672C "本" */
    0x0, 0xfb, 0x9c, 0x3, 0xff, 0x82, 0x62, 0x1,
    0xff, 0xca, 0xcf, 0xfe, 0x29, 0xff, 0xe6, 0xe,
    0xde, 0xe6, 0x0, 0x4d, 0xdd, 0x6b, 0x81, 0x10,
    0x44, 0x86, 0x4a, 0xe2, 0x31, 0x8, 0x7, 0x4c,
    0x83, 0x1, 0x40, 0x3f, 0x41, 0xa8, 0x2, 0x20,
    0x1, 0xf1, 0x3c, 0x0, 0x4c, 0x12, 0x1, 0xc3,
    0xe8, 0xa0, 0x1b, 0x9a, 0x0, 0x21, 0xd0, 0xf4,
    0x41, 0xfa, 0x34, 0xbd, 0x89, 0xf9, 0x7e, 0x44,
    0x5, 0x22, 0xb, 0x69, 0x6, 0xf8, 0x51, 0x98,
    0x2b, 0xcd, 0x34, 0xd9, 0x9, 0x20, 0xc, 0x62,
    0x1, 0x88, 0x3, 0xff, 0x88,

    /* U+673A "机" */
    0x0, 0xb9, 0xc0, 0x3f, 0xf8, 0x46, 0x20, 0x2,
    0xff, 0xcc, 0x1, 0xff, 0xc0, 0xde, 0x20, 0xc,
    0x5b, 0xa2, 0x8d, 0x90, 0x1, 0x8, 0x7, 0x17,
    0x48, 0x4f, 0xd8, 0x7, 0xf8, 0xc8, 0x4, 0x88,
    0x1, 0xff, 0x50, 0x6d, 0x0, 0x7f, 0xc4, 0x62,
    0x6a, 0xc2, 0x1, 0xfd, 0xa, 0x7d, 0x6, 0xc4,
    0x1, 0xf1, 0xaf, 0x0, 0x1d, 0x49, 0x80, 0x3f,
    0x2a, 0x0, 0x6c, 0xc0, 0x7, 0xc7, 0x40, 0x18,
    0x91, 0x40, 0x31, 0x38, 0x6, 0x30, 0x7, 0x29,
    0x0, 0x5c, 0xf0, 0x1, 0xe4, 0x1b, 0x0, 0x91,
    0xe9, 0x80, 0x37, 0x32, 0x68, 0x80, 0x53, 0xfe,
    0x90,

    /* U+675F "束" */
    0x0, 0xf2, 0xf8, 0x7, 0xff, 0x8, 0x40, 0x3e,
    0xbf, 0xfe, 0xa1, 0xff, 0xf3, 0x56, 0xf7, 0x69,
    0x1e, 0xee, 0xd7, 0x13, 0x55, 0xdc, 0x2a, 0xbc,
    0x42, 0x9, 0x71, 0x12, 0x84, 0x45, 0x36, 0x1,
    0x8, 0xb3, 0x28, 0x1c, 0xca, 0x44, 0x2, 0x11,
    0x6e, 0xd6, 0x3b, 0xb5, 0x8, 0x4, 0x99, 0xdc,
    0x11, 0x1, 0xaf, 0x6e, 0x0, 0x42, 0x66, 0xb2,
    0x80, 0x86, 0x13, 0x30, 0x7, 0x53, 0x69, 0x3,
    0x26, 0x10, 0x6, 0x4e, 0x4c, 0x30, 0xa, 0x93,
    0x60, 0x42, 0x6d, 0x38, 0x80, 0x3a, 0xa5, 0xb9,
    0x22, 0xe8, 0x2, 0x30, 0xc, 0xdd, 0x48,

    /* U+6761 "条" */
    0x0, 0xe4, 0x0, 0xff, 0xe1, 0x25, 0x98, 0x7,
    0xff, 0x6, 0x43, 0x3f, 0xf9, 0xc0, 0x3d, 0x4,
    0x7d, 0xd9, 0x9, 0xc0, 0x39, 0x5e, 0xc6, 0x4,
    0x4c, 0x9e, 0x1, 0xc5, 0x52, 0x9e, 0xf5, 0x31,
    0x64, 0x1, 0xc5, 0xac, 0x5, 0x2a, 0xce, 0x80,
    0x1f, 0x10, 0xb6, 0x55, 0x25, 0xba, 0x54, 0xc8,
    0xa, 0xf7, 0xb6, 0x77, 0x8f, 0xac, 0xef, 0x3c,
    0x8, 0xd6, 0xe1, 0x8d, 0x74, 0xda, 0x6b, 0x30,
    0x0, 0xa6, 0x9e, 0xe8, 0x5b, 0xba, 0xaa, 0x8,
    0x0, 0xbb, 0x7f, 0x74, 0x51, 0xbb, 0x74, 0x80,
    0x71, 0xe3, 0x0, 0x45, 0xee, 0x1, 0xe5, 0xc7,
    0x60, 0x8, 0xaa, 0x70, 0x80, 0x29, 0xba, 0x93,
    0x72, 0x0, 0x2f, 0xbe, 0x88, 0x2, 0xfd, 0x41,
    0xa1, 0x1c, 0x0, 0x37, 0x82, 0x0, 0x21, 0x0,
    0x2f, 0xd8, 0x80, 0x63, 0x0, 0x0,

    /* U+6765 "来" */
    0x0, 0xfb, 0xd8, 0x3, 0xff, 0x84, 0x26, 0x1,
    0xf9, 0x3f, 0xf8, 0x6b, 0xff, 0x58, 0x4, 0x9b,
    0xac, 0xee, 0xc, 0xf6, 0xd6, 0xc8, 0x6, 0x2a,
    0xf1, 0x10, 0x18, 0xad, 0x91, 0x0, 0x3a, 0x9,
    0xc0, 0x21, 0x9b, 0x0, 0xe1, 0x1a, 0xcc, 0x40,
    0xc9, 0xd0, 0x46, 0x2, 0xee, 0xaa, 0xf8, 0x67,
    0x1b, 0xba, 0xa0, 0x2e, 0xff, 0x9c, 0xc4, 0x8f,
    0xff, 0x58, 0x0, 0x40, 0xc, 0xfc, 0x10, 0x18,
    0x20, 0x1f, 0x4c, 0xb0, 0x80, 0x18, 0x1e, 0xc0,
    0x19, 0x31, 0xf0, 0xc0, 0x36, 0x3c, 0xf4, 0x0,
    0xd0, 0x79, 0x80, 0x7a, 0x6c, 0xb4, 0x7, 0xf0,
    0x40, 0x21, 0x30, 0x9, 0x31, 0x40,

    /* U+677F "板" */
    0x0, 0xb9, 0x0, 0x3c, 0x6d, 0x60, 0x1c, 0x60,
    0x15, 0xef, 0xfb, 0xb4, 0x8c, 0x3, 0xf2, 0xc7,
    0x7e, 0xdc, 0x98, 0x2, 0xe8, 0xa2, 0xcc, 0xc2,
    0x20, 0xf, 0xb7, 0x40, 0x9a, 0x41, 0x39, 0x9c,
    0x1, 0x31, 0x6, 0x30, 0x9b, 0x87, 0xf9, 0x4,
    0x3, 0x78, 0x6b, 0x0, 0x3c, 0xce, 0x7, 0x0,
    0x85, 0x40, 0xa0, 0x5, 0xc4, 0xc0, 0xf4, 0x2,
    0x85, 0x2f, 0x33, 0x1, 0xa5, 0x82, 0x28, 0x0,
    0xda, 0x40, 0x1a, 0x23, 0x4b, 0x30, 0x88, 0x1,
    0x31, 0x80, 0x48, 0xa0, 0x65, 0x30, 0x1, 0x1c,
    0x80, 0x6d, 0x30, 0x3, 0x3, 0x0, 0x7e, 0x34,
    0xa0, 0x74, 0x6c, 0x40, 0xe, 0x31, 0xe5, 0x3b,
    0x9d, 0x97, 0xb9, 0x0, 0xf5, 0x5c, 0xb6, 0x18,
    0x44, 0x80, 0x77, 0x2b, 0x8c, 0x69, 0x0, 0x4d,
    0x20,

    /* U+6781 "极" */
    0x0, 0xbd, 0x0, 0x3f, 0xf8, 0x42, 0xe1, 0x7f,
    0xfe, 0x10, 0xf, 0xd5, 0xa1, 0xdc, 0x91, 0x10,
    0x0, 0xae, 0x86, 0x2d, 0x0, 0x2, 0x2e, 0x50,
    0x8, 0xf4, 0x80, 0xf5, 0x84, 0x40, 0x4, 0xc0,
    0x8, 0x5b, 0xc2, 0xd8, 0xc0, 0x31, 0xc7, 0x90,
    0x5, 0x61, 0x32, 0x6, 0x14, 0xf, 0xb0, 0x20,
    0x1, 0x90, 0x13, 0x21, 0xc, 0x0, 0x31, 0x0,
    0x28, 0x61, 0xb7, 0x76, 0x40, 0xb0, 0x2e, 0x80,
    0x11, 0x12, 0x0, 0x82, 0x44, 0x74, 0x39, 0xb0,
    0x5, 0x2, 0x1, 0x49, 0x91, 0xb4, 0x48, 0x4,
    0x8e, 0x1, 0x13, 0xc8, 0x12, 0x8d, 0x10, 0x7,
    0xb, 0x79, 0xab, 0x6a, 0x73, 0xec, 0x0, 0x7a,
    0xba, 0xa2, 0x64, 0x15, 0x8, 0x1, 0xbd, 0x5c,
    0xaf, 0xd8, 0x2, 0x7c, 0x0,

    /* U+6784 "构" */
    0x0, 0xfc, 0x20, 0x1f, 0xdc, 0xa0, 0x16, 0xc8,
    0x7, 0xe3, 0x0, 0x88, 0xec, 0x3, 0xff, 0x81,
    0x43, 0x51, 0x19, 0xc3, 0xfc, 0x55, 0xe4, 0xce,
    0x1, 0x8e, 0x43, 0xac, 0x27, 0xa8, 0xa6, 0x23,
    0x71, 0x80, 0xe0, 0x18, 0x97, 0xcc, 0x80, 0x3e,
    0x60, 0x9a, 0xa1, 0xbf, 0x0, 0x7a, 0x8, 0x88,
    0xa6, 0xa6, 0xf1, 0x20, 0x11, 0xbc, 0x6, 0xc0,
    0xc4, 0x3, 0x98, 0xc, 0x6d, 0x90, 0x0, 0xf4,
    0x5f, 0x76, 0x4, 0x17, 0x89, 0x0, 0xda, 0x9b,
    0xdc, 0x12, 0x1, 0x0, 0xf2, 0xdb, 0xa9, 0xf3,
    0x70, 0x6, 0x30, 0xf, 0xa, 0xbb, 0x60, 0x6,
    0x30, 0xe, 0x1a, 0x96, 0x60, 0x5, 0xcc, 0x1,
    0xef, 0xe9, 0x0,

    /* U+6790 "析" */
    0x0, 0x97, 0xc0, 0x38, 0x4d, 0xa8, 0xc0, 0x30,
    0x80, 0x6b, 0xfe, 0xe6, 0x9b, 0x0, 0x70, 0x80,
    0x4f, 0x1f, 0xb7, 0x2a, 0x0, 0x9c, 0x91, 0xcd,
    0x0, 0x8, 0x7, 0xd5, 0xe, 0x1f, 0x20, 0xe0,
    0x1f, 0x8d, 0x1c, 0x4d, 0x0, 0x13, 0xdd, 0xd0,
    0x0, 0x42, 0xa, 0x60, 0x78, 0xff, 0x5, 0xe4,
    0x80, 0x20, 0x83, 0x20, 0x44, 0x42, 0x20, 0x12,
    0x10, 0x63, 0x80, 0x65, 0x32, 0x60, 0xf, 0xc,
    0xc0, 0x80, 0x2c, 0x0, 0x40, 0x1e, 0x19, 0x70,
    0xc, 0xa4, 0x20, 0x1f, 0x30, 0x7, 0x52, 0x0,
    0x7f, 0xf0, 0x64, 0xac, 0x3, 0x8, 0x7, 0x8,
    0x80, 0x58, 0x80, 0x21, 0x0, 0xf2, 0xf0, 0x44,
    0x80, 0x6f, 0x50, 0x0,

    /* U+679C "果" */
    0x1, 0xff, 0xff, 0x20, 0x7, 0x67, 0xfa, 0xc7,
    0xfe, 0x0, 0xfb, 0x7b, 0x94, 0x3d, 0xd0, 0x7,
    0xdb, 0xdc, 0xa1, 0xee, 0x80, 0x3f, 0xf9, 0x59,
    0xfe, 0xb1, 0xff, 0x80, 0x30, 0x8b, 0xff, 0x58,
    0xff, 0xe4, 0x0, 0x7f, 0xfa, 0xc7, 0xff, 0xc1,
    0xff, 0xa4, 0x24, 0x68, 0xff, 0xee, 0x1, 0x0,
    0x44, 0xd9, 0x2, 0xbe, 0x10, 0x8, 0xb, 0x6a,
    0xe2, 0x0, 0x56, 0xbb, 0x4a, 0x1b, 0x15, 0xa6,
    0x1, 0xd3, 0x83, 0x63, 0xdc, 0x70, 0x8, 0x44,
    0x1, 0x1d, 0xf0, 0x80,

    /* U+67D3 "染" */
    0x0, 0xfe, 0x10, 0xf, 0xc9, 0x22, 0x1, 0x27,
    0x0, 0x7e, 0x62, 0xf2, 0x0, 0x84, 0x3, 0xe1,
    0x3b, 0xb1, 0x4f, 0xd8, 0xff, 0xb8, 0x3, 0x4f,
    0x3a, 0x84, 0xfb, 0xa7, 0xd1, 0x80, 0x68, 0xa9,
    0x30, 0x9, 0x74, 0xc, 0x40, 0x39, 0x73, 0x94,
    0x20, 0x18, 0x5, 0x81, 0xd0, 0x0, 0x98, 0x88,
    0x96, 0xf0, 0x9, 0xd2, 0x4c, 0x12, 0xe2, 0x18,
    0xba, 0x1, 0x2b, 0xfa, 0x30, 0x2e, 0x38, 0x7e,
    0xa7, 0x8, 0x8e, 0xea, 0xc4, 0x33, 0x1d, 0xcd,
    0xe8, 0x3e, 0xef, 0x10, 0x6f, 0xfd, 0x60, 0x44,
    0x18, 0xff, 0xc4, 0x1, 0x92, 0xd6, 0xc6, 0xa2,
    0x0, 0x1e, 0x19, 0xb6, 0xa0, 0x2, 0x53, 0xeb,
    0x8, 0xd, 0x73, 0xd4, 0x80, 0x80, 0x17, 0x1a,
    0x79, 0x4, 0x9f, 0xd4, 0x3, 0xc7, 0x7b, 0x28,

    /* U+67E5 "查" */
    0x0, 0xfa, 0xa0, 0x3, 0xff, 0x99, 0x1f, 0xfc,
    0xaf, 0xff, 0xce, 0x0, 0x9d, 0xee, 0x21, 0xab,
    0x13, 0x77, 0x35, 0x80, 0x2, 0x42, 0xcb, 0xc0,
    0x3e, 0xf2, 0x24, 0x20, 0x1a, 0x63, 0x48, 0x0,
    0x5a, 0xda, 0xc2, 0x0, 0x8e, 0x7a, 0x3, 0x11,
    0x18, 0x53, 0x4f, 0x88, 0x2, 0x21, 0x5f, 0xe7,
    0x5f, 0xf5, 0xee, 0xa8, 0x42, 0x18, 0xf, 0xbb,
    0xc6, 0x4, 0x80, 0x1c, 0x7d, 0xde, 0x30, 0xf,
    0xc7, 0xbb, 0xe3, 0x0, 0xfc, 0x5f, 0xfe, 0x20,
    0xe, 0x11, 0x3f, 0xff, 0xe7, 0x11, 0x0, 0x23,
    0xbb, 0xff, 0x81, 0xe0,

    /* U+6807 "标" */
    0x0, 0xb9, 0x0, 0x3f, 0xf8, 0x46, 0x0, 0x1f,
    0xff, 0x98, 0x3, 0xe1, 0xcd, 0xee, 0xb7, 0x1c,
    0xa, 0x64, 0x5f, 0x26, 0x62, 0x11, 0x88, 0xc4,
    0x1, 0xc0, 0x2, 0xe0, 0xf, 0xf1, 0x3f, 0x86,
    0xbc, 0x7f, 0xfe, 0x20, 0x6, 0x84, 0x42, 0x77,
    0xb8, 0x35, 0xdc, 0xd2, 0x2, 0x40, 0x47, 0x2,
    0x11, 0x0, 0x88, 0x8, 0x1, 0x8, 0x58, 0x8d,
    0x38, 0x1, 0x55, 0x0, 0xc, 0xb2, 0x0, 0xb4,
    0x7b, 0x0, 0xa5, 0x14, 0x16, 0x48, 0x2, 0x61,
    0x70, 0x8, 0xda, 0xc0, 0xd8, 0x2, 0x18, 0x70,
    0xe, 0xb0, 0x30, 0x8, 0xc0, 0x6a, 0x52, 0x5,
    0xc0, 0xb8, 0xc0, 0x30, 0x82, 0x9, 0x23, 0x98,
    0x6,

    /* U+6821 "校" */
    0x0, 0xff, 0x8, 0x7, 0xee, 0x50, 0xc, 0xf8,
    0x1, 0xff, 0xc2, 0x71, 0x20, 0xf, 0xf6, 0xf7,
    0x45, 0x9d, 0xd0, 0x8b, 0x70, 0x62, 0xbf, 0xff,
    0x60, 0x8a, 0x68, 0x2a, 0x48, 0x71, 0x84, 0xf4,
    0x88, 0x0, 0x41, 0x2, 0x30, 0xb0, 0x60, 0x25,
    0xc5, 0x0, 0xa8, 0x39, 0xdc, 0xbe, 0x20, 0x9,
    0x6f, 0x0, 0x21, 0x88, 0xa5, 0xb6, 0xc0, 0x7,
    0xb7, 0x40, 0x8, 0x60, 0xf9, 0x13, 0x64, 0x9,
    0x12, 0x0, 0x21, 0xd0, 0x1, 0xc0, 0xf, 0x26,
    0xbe, 0x1, 0x25, 0x90, 0x7, 0x40, 0x63, 0x98,
    0x6, 0x40, 0xf, 0x21, 0x81, 0x8, 0x7, 0xf2,
    0x55, 0xce, 0xbf, 0xca, 0x0, 0x7a, 0x2c, 0x35,
    0xcb, 0x61, 0x3c, 0x3, 0x72, 0xc7, 0x51, 0x0,
    0x4d, 0xb6, 0x0,

    /* U+6837 "样" */
    0x0, 0xff, 0xe3, 0xfa, 0x80, 0xb, 0x80, 0xb,
    0xc0, 0x1e, 0x11, 0x0, 0x8, 0xd8, 0x39, 0xc0,
    0x3f, 0xe9, 0x52, 0x4b, 0x0, 0x84, 0xc8, 0x8,
    0xd7, 0xeb, 0x74, 0x19, 0xf4, 0xb, 0xb8, 0x31,
    0xc9, 0xb9, 0x80, 0xbc, 0xd8, 0x4, 0xeb, 0xa,
    0xd1, 0x22, 0x81, 0x88, 0xa0, 0xb, 0xc3, 0xd0,
    0x3b, 0x74, 0x1f, 0xbc, 0x80, 0x1, 0x41, 0x15,
    0xe, 0xff, 0x82, 0x7f, 0x10, 0x1, 0xc, 0x1c,
    0x68, 0x64, 0x40, 0x62, 0x20, 0x1, 0x1a, 0x40,
    0x1a, 0xe2, 0x2, 0x2, 0x2, 0x20, 0x27, 0x10,
    0xb, 0xfb, 0xf8, 0x33, 0xfb, 0x80, 0xd0, 0x1,
    0xb7, 0xfe, 0xd, 0xff, 0x80, 0x3f, 0xf9, 0x2,
    0x1, 0xff, 0xc3, 0x10, 0xf, 0x84, 0x3, 0x0,

    /* U+683C "格" */
    0x0, 0xb5, 0x80, 0x29, 0x80, 0xf, 0xe1, 0x30,
    0x9, 0xb8, 0x47, 0x0, 0x7f, 0x38, 0xde, 0x63,
    0xb4, 0x2, 0xdc, 0x38, 0xc2, 0x90, 0xdd, 0x86,
    0x40, 0x29, 0xa0, 0xaf, 0xe6, 0x49, 0x8, 0x25,
    0x0, 0x90, 0x40, 0x5, 0xf1, 0x69, 0x6f, 0xc0,
    0x1d, 0x61, 0x30, 0x60, 0x2e, 0x84, 0x1, 0xc6,
    0x44, 0x94, 0x27, 0xe0, 0xd4, 0xdb, 0x61, 0x9,
    0x61, 0x2e, 0xdc, 0xaa, 0x14, 0xe8, 0xc0, 0x9a,
    0xc8, 0x0, 0xf9, 0x6f, 0xfe, 0xd4, 0xe0, 0x4,
    0x8, 0x4, 0x27, 0x3f, 0xf4, 0x80, 0x46, 0xe0,
    0x1f, 0xfc, 0xab, 0xbe, 0x0, 0xf0, 0x98, 0x0,
    0xd6, 0x22, 0x50, 0xf, 0x63, 0x0, 0x3a, 0xc,
    0xe8, 0xe0, 0x0,

    /* U+6846 "框" */
    0x0, 0xa4, 0xc0, 0x3f, 0xf8, 0x4c, 0xe0, 0x7d,
    0xdf, 0x8c, 0x3, 0xf7, 0x77, 0xc6, 0x6, 0x40,
    0x26, 0x0, 0x22, 0xe3, 0x20, 0x1f, 0xe0, 0x9f,
    0x70, 0x4e, 0xe6, 0xf7, 0xa0, 0xe, 0x40, 0x46,
    0x38, 0x36, 0x70, 0x6e, 0x30, 0x5, 0xa0, 0x22,
    0x0, 0xff, 0x85, 0x82, 0xe0, 0x0, 0xbd, 0x81,
    0xfc, 0x60, 0x8, 0x50, 0x96, 0x70, 0x5e, 0xc0,
    0xfe, 0x30, 0x36, 0x90, 0x3e, 0x70, 0xf, 0xe3,
    0x83, 0x0, 0x8, 0x2, 0xbb, 0x3, 0xfa, 0xc0,
    0xe, 0x1, 0xea, 0xee, 0x7f, 0x72, 0xc0, 0x3f,
    0x84, 0x7c, 0x40, 0x1f, 0x8b, 0x77, 0xdc, 0x80,

    /* U+68C0 "检" */
    0x0, 0xff, 0xe3, 0xfa, 0x0, 0x6d, 0x80, 0xf,
    0xc2, 0xe0, 0x11, 0x92, 0x80, 0x7f, 0xf0, 0x61,
    0x9e, 0x40, 0x3b, 0x70, 0x7b, 0x49, 0x92, 0x2d,
    0xe0, 0x3, 0x45, 0x5, 0x43, 0x4c, 0x84, 0x58,
    0xd8, 0x80, 0x5, 0x0, 0x20, 0xd9, 0xcf, 0xfb,
    0x68, 0x2c, 0x40, 0x14, 0xe, 0xe6, 0xce, 0xec,
    0x99, 0x81, 0x3, 0x30, 0x55, 0xc9, 0x86, 0x18,
    0xb5, 0x98, 0x2, 0x1c, 0x65, 0xe7, 0x84, 0x28,
    0x30, 0x2, 0x54, 0x90, 0x4d, 0x82, 0x4a, 0x50,
    0x5f, 0x0, 0x2c, 0x88, 0x0, 0x85, 0x39, 0x41,
    0x85, 0x0, 0x26, 0x0, 0xee, 0x22, 0x6e, 0x30,
    0x7, 0xe2, 0x36, 0xb3, 0x45, 0xd3, 0x30, 0x7,
    0x93, 0xff, 0x41, 0xcf, 0xf8, 0x3, 0xb, 0xb6,
    0x67, 0xf0, 0x0,

    /* U+6A2A "横" */
    0x0, 0xff, 0x84, 0x3, 0xc5, 0xe0, 0x1b, 0xd0,
    0x34, 0xc0, 0x3c, 0x20, 0x7, 0x70, 0x6b, 0xd,
    0xb9, 0x0, 0x7f, 0xc2, 0x1, 0xeb, 0xe1, 0xb4,
    0x77, 0x6, 0xb8, 0xd3, 0x90, 0x3, 0xd4, 0x20,
    0xb3, 0x1, 0x38, 0x7f, 0x9a, 0x20, 0x86, 0x26,
    0xdb, 0xae, 0x80, 0xec, 0xdf, 0x10, 0x2, 0x2,
    0x85, 0x66, 0x2c, 0xf3, 0x1a, 0x40, 0x5, 0x31,
    0x85, 0x7e, 0xdb, 0x3d, 0xc2, 0x0, 0xa2, 0x87,
    0x80, 0x1f, 0x72, 0x57, 0x40, 0x12, 0x2, 0x81,
    0xa8, 0x45, 0x49, 0x54, 0x80, 0x49, 0xe0, 0x1d,
    0xf7, 0x25, 0x70, 0x20, 0x11, 0x0, 0x6e, 0x8d,
    0xfd, 0xcc, 0x80, 0x3f, 0x14, 0x40, 0x4f, 0xe5,
    0x80, 0x3e, 0x4d, 0x5b, 0x20, 0x97, 0xa7, 0x0,
    0xc2, 0x4, 0x9e, 0x80, 0x14, 0x49, 0x80, 0x45,
    0xe0, 0xd2, 0x20, 0x1c, 0xc8, 0x0,

    /* U+6B21 "次" */
    0x0, 0xf9, 0x24, 0x3, 0xf1, 0xb0, 0x6, 0xd5,
    0x0, 0xfc, 0xd2, 0x80, 0x13, 0xd0, 0x8f, 0x0,
    0x4a, 0xd4, 0x20, 0xc3, 0x3d, 0xdc, 0x60, 0x14,
    0x9d, 0x85, 0xc7, 0xfe, 0x91, 0x30, 0xd, 0xf4,
    0xe6, 0xe5, 0x24, 0x1a, 0xe0, 0x1c, 0x41, 0xd6,
    0x0, 0x60, 0x0, 0xe8, 0x7, 0x12, 0xca, 0x80,
    0x80, 0x54, 0x80, 0x1d, 0x32, 0x0, 0x94, 0x1c,
    0x3, 0xe3, 0x4f, 0x0, 0xb4, 0x78, 0x3, 0xef,
    0x63, 0x0, 0x1a, 0x62, 0xb0, 0x7, 0x39, 0x40,
    0x0, 0xb6, 0xa, 0xe5, 0x40, 0x22, 0x88, 0x8,
    0x2e, 0x3b, 0x81, 0x62, 0xa4, 0x40, 0xad, 0x87,
    0x2a, 0x64, 0x1, 0x3d, 0x37, 0x88, 0x20, 0xd,
    0xeb, 0x80, 0x72, 0xf5, 0x88,

    /* U+6B63 "正" */
    0x1, 0x55, 0xff, 0x98, 0x40, 0xe6, 0x7a, 0x2a,
    0x67, 0x59, 0x81, 0x66, 0x74, 0xe, 0x66, 0xd2,
    0x0, 0xff, 0xe3, 0x52, 0x0, 0x7f, 0xf0, 0x50,
    0x80, 0x21, 0x44, 0xe0, 0xf, 0xf4, 0x46, 0xf0,
    0xf, 0xe1, 0xcc, 0xd6, 0x1, 0xff, 0xe2, 0x14,
    0x30, 0xe3, 0x31, 0x9, 0x9e, 0x43, 0x5a, 0xd0,
    0x6d, 0xd4, 0x8e, 0xee, 0xa8,

    /* U+6B64 "此" */
    0x0, 0xfd, 0x6a, 0x1, 0xf8, 0x7c, 0x80, 0xa,
    0x60, 0x1f, 0xfc, 0x13, 0x0, 0xff, 0xe3, 0x11,
    0x0, 0x7c, 0x80, 0x3f, 0x36, 0xc8, 0x8, 0x6,
    0xce, 0x60, 0xfc, 0x89, 0xb0, 0xf, 0x5d, 0x20,
    0x32, 0x7b, 0x0, 0x7c, 0xe8, 0x41, 0x30, 0x20,
    0x1f, 0xfe, 0x73, 0x8, 0xd5, 0x0, 0xcd, 0x40,
    0xc1, 0xfa, 0x65, 0xa, 0x18, 0x88, 0xa7, 0xf,
    0x58, 0xec, 0x85, 0xb, 0x4b, 0xa1, 0xe0, 0x9a,
    0x51, 0x0, 0xcd, 0xdf, 0xda, 0x60,

    /* U+6B65 "步" */
    0x0, 0xf8, 0xfc, 0x40, 0x3f, 0xf8, 0x22, 0x2,
    0x1, 0xfe, 0xf5, 0x0, 0xb7, 0x74, 0x80, 0x78,
    0x44, 0x1, 0x7f, 0xeb, 0x0, 0xff, 0x88, 0xb8,
    0x2, 0x54, 0x40, 0x1a, 0x20, 0x11, 0x39, 0x40,
    0x11, 0x11, 0x5c, 0x51, 0xc4, 0x78, 0x1, 0xb9,
    0x96, 0xe7, 0x6, 0xe6, 0x6d, 0x0, 0xe8, 0xf1,
    0x3, 0x10, 0x0, 0xd0, 0x80, 0x66, 0x7a, 0x10,
    0xe, 0xd4, 0x30, 0x9, 0xe6, 0xd0, 0x3, 0xac,
    0xb0, 0x80, 0x7, 0x16, 0x80, 0x19, 0x35, 0xfc,
    0x80, 0x23, 0xf4, 0x0, 0x90, 0x2d, 0x70, 0x40,
    0x32, 0xbc, 0x56, 0x7d, 0xbf, 0x40, 0x7, 0xd6,
    0x44, 0x9d, 0xd4, 0x8, 0x7, 0x80,

    /* U+6B7B "死" */
    0x0, 0xff, 0xe2, 0x5f, 0xff, 0xff, 0x0, 0xc2,
    0xb7, 0x41, 0x3d, 0xca, 0x1e, 0xeb, 0x4c, 0x4,
    0x84, 0x1c, 0x46, 0x1, 0x18, 0x80, 0x35, 0x90,
    0x8, 0x80, 0x30, 0x88, 0x3, 0x31, 0x7f, 0xb8,
    0x3, 0x6e, 0x80, 0x28, 0x1e, 0xe4, 0x18, 0x0,
    0x74, 0x34, 0x0, 0x8f, 0x22, 0x1a, 0x80, 0x3c,
    0xb8, 0x20, 0xf, 0x6c, 0xb4, 0x45, 0x0, 0x2e,
    0x0, 0x35, 0xcd, 0x8d, 0xa1, 0x0, 0xa0, 0x7,
    0xc3, 0xe1, 0x0, 0x1e, 0x10, 0xc, 0x75, 0x6,
    0x1, 0xe6, 0xd0, 0x2, 0x63, 0xb8, 0x0, 0xe2,
    0x86, 0x94, 0xe1, 0x17, 0x30, 0x1, 0x19, 0xab,
    0x28, 0x24, 0x26, 0xd8, 0x3, 0xb3, 0xbf, 0xb4,
    0xc0,

    /* U+6BB5 "段" */
    0x0, 0xe2, 0x0, 0xff, 0xe0, 0x34, 0x66, 0xa8,
    0x67, 0xfe, 0x0, 0xe9, 0xf, 0xe5, 0x0, 0x4f,
    0xe0, 0x80, 0x7b, 0xc, 0x40, 0x23, 0x0, 0xfe,
    0xbf, 0xf2, 0x89, 0xb8, 0x0, 0x62, 0x0, 0x1a,
    0xff, 0x96, 0x90, 0x80, 0x81, 0xd8, 0x3, 0xc2,
    0x1f, 0xe2, 0x21, 0xee, 0x70, 0x6, 0xbf, 0xf2,
    0xe5, 0xcc, 0x43, 0xfc, 0x1, 0xd5, 0xda, 0xb0,
    0x79, 0x54, 0x4, 0x0, 0xe1, 0x11, 0x0, 0x2e,
    0x80, 0x89, 0x40, 0x1d, 0x93, 0xb0, 0xc, 0x4b,
    0x8, 0x40, 0x4, 0xf0, 0x53, 0xba, 0x1, 0x7a,
    0x58, 0x0, 0x96, 0x82, 0x69, 0x88, 0x4, 0x80,
    0x5c, 0x2, 0x15, 0x0, 0xc9, 0x3c, 0xd6, 0x97,
    0xd2, 0x40, 0x1e, 0x82, 0xbc, 0x4a, 0xc4, 0x72,
    0x0, 0x7a, 0x0, 0x32, 0xd0, 0x2, 0x3a, 0xe0,

    /* U+6BCF "每" */
    0x0, 0xd2, 0xa0, 0x1f, 0xfc, 0x3, 0x6d, 0x44,
    0xf9, 0x44, 0x2, 0xe2, 0x3f, 0xff, 0xa4, 0x80,
    0x16, 0x19, 0x77, 0xfb, 0xc, 0x2d, 0x7f, 0x3f,
    0xfe, 0xd0, 0xb, 0xb0, 0x8f, 0xb8, 0x5b, 0xfe,
    0xa6, 0x0, 0x94, 0x80, 0x46, 0x7c, 0x10, 0x31,
    0x0, 0x8d, 0x10, 0x8, 0x8e, 0x35, 0x4f, 0x14,
    0x50, 0x4f, 0x80, 0xff, 0x4b, 0x7f, 0x91, 0xbe,
    0x41, 0xef, 0xca, 0xe0, 0xf6, 0xec, 0xaa, 0xbc,
    0x0, 0x9d, 0x80, 0xf6, 0x88, 0x7, 0xc0, 0x38,
    0x93, 0x75, 0xc3, 0xfa, 0xd3, 0xc0, 0x19, 0xf7,
    0xff, 0xc3, 0x1a, 0x1, 0x84, 0x8b, 0x93, 0x41,
    0xcc, 0x3, 0xfc, 0xf7, 0xc2, 0x0,

    /* U+6BDB "毛" */
    0x0, 0xfc, 0x4b, 0x52, 0x1, 0x88, 0xd1, 0xa6,
    0xff, 0x60, 0x38, 0x3, 0x76, 0xc6, 0x12, 0xe7,
    0xed, 0x38, 0x6, 0xce, 0xca, 0xe0, 0x30, 0xf,
    0xfe, 0x12, 0x3d, 0x6e, 0x0, 0x67, 0x9b, 0xea,
    0x19, 0xdd, 0x47, 0x0, 0x6f, 0xd, 0xaa, 0x6,
    0xd3, 0xa9, 0x0, 0x68, 0x96, 0x41, 0x1, 0x35,
    0x8b, 0xd5, 0x1, 0x35, 0x7a, 0x90, 0xec, 0xb3,
    0x2a, 0x70, 0xfc, 0xbc, 0x34, 0xd, 0xfe, 0xb9,
    0x72, 0xc, 0xfe, 0xb9, 0xd0, 0x20, 0xf, 0x88,
    0x3, 0xfe, 0x4e, 0x10, 0xe, 0x70, 0x41, 0x1d,
    0x0, 0x20, 0x1c, 0x69, 0x7d, 0xd8, 0x68, 0x0,

    /* U+6C14 "气" */
    0x0, 0xd8, 0xa0, 0x1f, 0xfc, 0x16, 0x31, 0x22,
    0xfc, 0x1, 0xd0, 0x33, 0xff, 0xf7, 0x0, 0x6a,
    0xf, 0xdd, 0xfd, 0x80, 0x13, 0x2d, 0xff, 0xfe,
    0xb0, 0xc, 0x2e, 0xbf, 0xdf, 0xfd, 0xd4, 0x1,
    0x9e, 0x88, 0xcc, 0x45, 0xc6, 0x20, 0x1d, 0xdf,
    0xff, 0xb5, 0x40, 0x3b, 0x37, 0x7f, 0x0, 0x80,
    0x7f, 0xf4, 0x84, 0x80, 0x3f, 0xf8, 0x45, 0xe1,
    0x20, 0x1f, 0xfc, 0x4, 0x75, 0x62, 0x0, 0xff,
    0xa4, 0x69, 0x48, 0x3, 0xfe, 0x1a, 0x5b, 0x0,

    /* U+6C34 "水" */
    0x0, 0xfb, 0xd8, 0x3, 0xff, 0x84, 0x20, 0x1f,
    0xfd, 0x4e, 0x0, 0xa9, 0x80, 0x5, 0xff, 0xc0,
    0x4, 0x0, 0x42, 0x80, 0x45, 0x79, 0xac, 0x40,
    0x3, 0x49, 0x6c, 0x60, 0x9, 0xc, 0x95, 0x40,
    0x3, 0xb4, 0xc3, 0x0, 0xf1, 0x1d, 0x80, 0x24,
    0x68, 0x80, 0x3e, 0x83, 0x30, 0x5, 0x70, 0x40,
    0x1e, 0x45, 0xf0, 0xc, 0xaa, 0xc2, 0x0, 0xc5,
    0x4c, 0x60, 0x1d, 0x45, 0xaa, 0x0, 0x4d, 0x29,
    0x0, 0xfb, 0x16, 0xac, 0x12, 0x30, 0x3, 0x8,
    0x6, 0xaa, 0x80, 0xe, 0x1, 0x36, 0x3, 0x0,
    0x65, 0x10, 0xf, 0x2a, 0x61, 0x80, 0x7c,

    /* U+6C42 "求" */
    0x0, 0xfb, 0x98, 0x16, 0x80, 0x3f, 0xf8, 0x48,
    0xf8, 0x1, 0xfe, 0x30, 0x0, 0xe5, 0x80, 0x6d,
    0xff, 0xe2, 0x9f, 0xf7, 0x47, 0xe0, 0x3, 0x7f,
    0xf8, 0xa3, 0xff, 0xb0, 0x2, 0x78, 0x0, 0xd8,
    0x1, 0x41, 0x0, 0x62, 0x7b, 0x0, 0x90, 0x81,
    0x9d, 0xc0, 0x19, 0x71, 0x8c, 0x88, 0x72, 0xd1,
    0x8a, 0x1, 0xc7, 0xaf, 0x81, 0x4b, 0x78, 0x60,
    0x1f, 0x3d, 0x59, 0x5, 0x90, 0x7, 0xc3, 0x75,
    0x8a, 0x0, 0x55, 0x61, 0x80, 0x67, 0xe1, 0xd2,
    0x0, 0xd4, 0x99, 0x2, 0x0, 0xb8, 0xa0, 0x0,
    0x98, 0x5, 0x50, 0xf0, 0x0, 0xc7, 0x0, 0x37,
    0x2, 0x0, 0x4f, 0xb2, 0x1, 0xe6, 0xce, 0x20,
    0xc, 0x40, 0x0,

    /* U+6C60 "池" */
    0x0, 0x28, 0x7, 0xb5, 0x0, 0x3c, 0x55, 0x60,
    0x1c, 0x60, 0x1f, 0x15, 0xa4, 0x85, 0x20, 0x18,
    0x7, 0xe4, 0xd9, 0x4, 0x10, 0xc, 0x6e, 0x1,
    0x28, 0x10, 0x0, 0xc0, 0x2f, 0xec, 0x80, 0x2,
    0x56, 0x98, 0x5, 0xdc, 0x21, 0xab, 0x0, 0x93,
    0x45, 0x17, 0x88, 0x74, 0xb9, 0x0, 0x40, 0x22,
    0xc7, 0x75, 0x17, 0x98, 0x4, 0x26, 0x1, 0xca,
    0x48, 0x1, 0xed, 0x10, 0xc, 0x94, 0x40, 0x1e,
    0xc7, 0xa0, 0xd, 0xea, 0x40, 0x18, 0xc3, 0x79,
    0x84, 0x0, 0x69, 0x20, 0x1d, 0x4a, 0x22, 0x3e,
    0x20, 0xf3, 0x30, 0x5, 0xa4, 0xc6, 0x44, 0xa0,
    0x22, 0xa4, 0x2, 0xb7, 0xdd, 0xe7, 0x90, 0x2e,
    0x50, 0x9, 0xbf, 0xfd, 0xcc, 0x0,

    /* U+6CA1 "没" */
    0x0, 0x31, 0x0, 0x7f, 0xf0, 0x77, 0x4a, 0x7,
    0xff, 0xca, 0x1, 0xae, 0x29, 0x0, 0x7f, 0xe1,
    0x10, 0x4, 0x20, 0xf8, 0x8c, 0x60, 0x1f, 0xbe,
    0x40, 0xc3, 0xd0, 0x3, 0x18, 0x88, 0x31, 0x30,
    0x65, 0x20, 0x2, 0x78, 0xeb, 0x2, 0xcb, 0x1e,
    0xc1, 0x0, 0xa7, 0xfd, 0x40, 0x1, 0x70, 0x5d,
    0xff, 0xf1, 0x80, 0x67, 0x82, 0xd0, 0xdf, 0xf3,
    0x99, 0x80, 0x35, 0x78, 0x12, 0xc0, 0xb, 0xf8,
    0x6, 0x53, 0x70, 0x5, 0xa4, 0x6b, 0x18, 0x6,
    0xb9, 0x0, 0x86, 0xdc, 0xa0, 0x3, 0x40, 0x38,
    0x1, 0x2a, 0x8e, 0xbf, 0x4, 0x0, 0x36, 0x2,
    0xfb, 0xd, 0x8b, 0xb2, 0xec, 0x5, 0xc0, 0x15,
    0x75, 0x10, 0x1, 0x76, 0xe4,

    /* U+6CE2 "波" */
    0x0, 0x10, 0x7, 0x97, 0x40, 0x3c, 0x5b, 0x64,
    0x1, 0xff, 0xc0, 0x2d, 0x79, 0x1e, 0xea, 0xcb,
    0xba, 0x70, 0x8, 0xb2, 0x84, 0x55, 0x90, 0x59,
    0xa2, 0x60, 0xb, 0x60, 0x10, 0x3, 0x11, 0x81,
    0x9, 0xa8, 0x3, 0x27, 0x4, 0x3, 0xe2, 0xc1,
    0x0, 0x3e, 0xa8, 0x80, 0x37, 0xe8, 0xbf, 0xd6,
    0x1, 0x8a, 0x40, 0x42, 0xc3, 0x7b, 0x83, 0x80,
    0x1d, 0x32, 0x21, 0x42, 0x61, 0x51, 0x60, 0xc,
    0x6d, 0xa8, 0xa1, 0x50, 0x10, 0xc2, 0x1, 0xb9,
    0x92, 0xb4, 0x1c, 0xac, 0xe0, 0x3, 0x58, 0x4a,
    0x93, 0x80, 0x1d, 0x18, 0x40, 0x22, 0x49, 0x2b,
    0x81, 0x15, 0x33, 0xb6, 0x28, 0x0, 0xb5, 0xe,
    0x52, 0x78, 0x3a, 0x39, 0x6b, 0x84, 0x8, 0x5,
    0xcb, 0xb9, 0x42, 0x3, 0x3f, 0xa2,

    /* U+6CE8 "注" */
    0x0, 0xff, 0xe3, 0x28, 0x7, 0x63, 0x0, 0x7c,
    0x75, 0x40, 0xd, 0x12, 0xc0, 0x1e, 0x3d, 0x47,
    0x12, 0x23, 0x41, 0x16, 0x0, 0xc5, 0xef, 0x1b,
    0xb4, 0x5e, 0xec, 0x80, 0x2, 0x1, 0x9, 0xff,
    0x86, 0xbf, 0xe4, 0x0, 0x76, 0xa0, 0x7, 0xff,
    0x7, 0x16, 0x40, 0x3f, 0xf8, 0x51, 0xa0, 0x5d,
    0xba, 0x1b, 0xdd, 0x70, 0x7, 0x20, 0x95, 0x77,
    0x2, 0x7b, 0x94, 0x1, 0xd3, 0x20, 0x43, 0x30,
    0x91, 0x99, 0x0, 0x33, 0x1c, 0x80, 0x7f, 0xf0,
    0x62, 0x44, 0x3, 0xff, 0x81, 0x0, 0xe0, 0x45,
    0x80, 0xc8, 0xb0, 0x13, 0xb0, 0x26, 0xee, 0x19,
    0xdd, 0xc0, 0x59, 0x20, 0x9f, 0xff, 0xe0,

    /* U+6D3B "活" */
    0x0, 0x18, 0x7, 0xf0, 0x90, 0x0, 0xf2, 0x40,
    0x4d, 0x1a, 0x2b, 0x7b, 0x80, 0x3, 0xc7, 0xb2,
    0xc8, 0xc7, 0xdf, 0xf6, 0x0, 0x47, 0x92, 0x7f,
    0x94, 0x26, 0x40, 0x19, 0x40, 0x88, 0x20, 0x1f,
    0x8, 0xd7, 0xa6, 0x9d, 0xff, 0xd, 0xff, 0xbb,
    0x7, 0xd3, 0x1b, 0xff, 0xd, 0xff, 0xda, 0x3,
    0x3a, 0x40, 0x1f, 0xfc, 0x1b, 0x90, 0xbc, 0xc0,
    0xce, 0x64, 0x1, 0xb, 0x68, 0x2d, 0x7e, 0x77,
    0xd1, 0x80, 0x52, 0x68, 0x0, 0x53, 0x3c, 0x42,
    0x0, 0x17, 0x80, 0xf, 0xfe, 0x5, 0x1a, 0x0,
    0x59, 0xff, 0xac, 0x0, 0x21, 0x0, 0x10, 0xdf,
    0xfe, 0xb1, 0x1, 0xb4, 0x0, 0xbd, 0x0, 0x32,
    0x78, 0x0,

    /* U+6D45 "浅" */
    0x0, 0x29, 0x0, 0x43, 0xc8, 0x54, 0x1, 0xef,
    0xd4, 0x0, 0x8, 0x9c, 0x9e, 0xc0, 0x3a, 0x9e,
    0x40, 0x3d, 0xfc, 0x20, 0x1d, 0x1a, 0x1, 0x99,
    0x97, 0x1c, 0x20, 0xb, 0x60, 0x3, 0x56, 0x84,
    0x7f, 0xbb, 0xc4, 0x1, 0xb3, 0x80, 0xc, 0xe1,
    0x89, 0x63, 0x41, 0x0, 0x36, 0xc8, 0x33, 0xc,
    0xb5, 0xab, 0xe5, 0xc0, 0x22, 0x50, 0x37, 0xa3,
    0x7c, 0xc6, 0xe9, 0x80, 0x24, 0x40, 0x25, 0xec,
    0xd, 0x34, 0x60, 0x6, 0xfe, 0x7, 0xc7, 0x70,
    0x25, 0x27, 0x0, 0x42, 0x92, 0x1, 0xcd, 0x6f,
    0xe4, 0x1, 0x49, 0x18, 0x6, 0x56, 0xa, 0x10,
    0x10, 0x16, 0xa0, 0x1, 0xbe, 0xdd, 0xd0, 0xe1,
    0xc6, 0x46, 0xc0, 0x5, 0xab, 0xe5, 0x4b, 0x9e,
    0x2, 0x3d, 0x10, 0x3, 0x6b, 0x0, 0x49, 0xf1,
    0x22,

    /* U+6D4B "测" */
    0x2, 0x30, 0xf, 0xf1, 0xc8, 0x2e, 0x39, 0x5d,
    0xf0, 0x4, 0xee, 0x7, 0xab, 0x14, 0xff, 0x72,
    0x4, 0x90, 0x6, 0x5c, 0x11, 0x20, 0xb8, 0x1,
    0xc4, 0x2, 0x71, 0x0, 0x86, 0x84, 0x3, 0xec,
    0xf3, 0x0, 0x8, 0x8, 0x7, 0xd6, 0x8a, 0x1,
    0xff, 0xc1, 0xa6, 0x0, 0x8, 0x18, 0x7, 0xe1,
    0xb1, 0x2, 0x10, 0x0, 0x80, 0x79, 0x94, 0x51,
    0x48, 0x54, 0x40, 0x3d, 0x52, 0x55, 0xa8, 0xb4,
    0x1, 0xe6, 0x37, 0x3, 0x4d, 0xa6, 0xe, 0x30,
    0x0, 0xc3, 0x0, 0x3d, 0x16, 0xa4, 0x80, 0x31,
    0x94, 0x84, 0x9c, 0x82, 0xa2, 0x3, 0x28, 0x89,
    0x82, 0x17, 0x84, 0x0, 0xb6, 0xa, 0xbd,

    /* U+6D4F "浏" */
    0x2, 0x60, 0xa, 0x9c, 0x3, 0x8f, 0xc1, 0xa6,
    0x80, 0x7, 0x40, 0x11, 0x80, 0x4, 0x13, 0x74,
    0x0, 0xab, 0x0, 0xe, 0x18, 0x6, 0x27, 0xcd,
    0xeb, 0xdd, 0x0, 0x79, 0x0, 0x11, 0x32, 0xa0,
    0x90, 0xe, 0x1a, 0xd3, 0x40, 0x43, 0x64, 0x10,
    0xc, 0x3c, 0xe0, 0xb6, 0xa4, 0x20, 0x1f, 0xa8,
    0xd6, 0x2b, 0x74, 0x1, 0xf9, 0xd4, 0x1d, 0x10,
    0x60, 0x1f, 0xab, 0x40, 0x1a, 0x1c, 0x2, 0x1,
    0xc4, 0x4a, 0x1, 0x86, 0x56, 0x0, 0x38, 0x4,
    0xa6, 0x43, 0xa5, 0x2d, 0x3, 0xc8, 0x1, 0x4d,
    0x8e, 0x17, 0x4, 0x68, 0x8, 0x4, 0x66, 0x51,
    0x8d, 0x20, 0x13, 0x0, 0x66, 0x99, 0xb4, 0x81,
    0x4c, 0x3, 0xd5, 0x3e,

    /* U+6D88 "消" */
    0x0, 0x20, 0x4, 0x40, 0x6, 0xf0, 0x0, 0x88,
    0x0, 0x97, 0x0, 0xba, 0x60, 0x1d, 0x58, 0x0,
    0x49, 0x77, 0x29, 0xf8, 0x6, 0x44, 0x70, 0x4,
    0xd4, 0xe1, 0xee, 0x20, 0x16, 0x39, 0x80, 0x4,
    0x14, 0x0, 0x32, 0x62, 0x5, 0x54, 0x10, 0x2e,
    0xa2, 0x0, 0x66, 0xe4, 0x8e, 0x63, 0x58, 0xb,
    0x42, 0x40, 0x29, 0xee, 0xe1, 0x10, 0x0, 0xaa,
    0xc0, 0x28, 0xdd, 0xe1, 0x0, 0xe9, 0x0, 0x9a,
    0x67, 0x84, 0x3, 0x1b, 0x10, 0x3, 0x91, 0x38,
    0x3, 0xac, 0xc8, 0x1, 0x3f, 0xfc, 0x20, 0x19,
    0xac, 0x2, 0x8e, 0xee, 0x10, 0x9, 0x45, 0x40,
    0x21, 0x1f, 0x0, 0x6b, 0x12, 0x0, 0xf8, 0xa4,
    0x40, 0x2a, 0x60, 0xf, 0xc4, 0x86, 0xe0, 0x4,
    0x80, 0xb, 0x98, 0x3, 0x6e, 0x8, 0x0,

    /* U+6DF1 "深" */
    0x2, 0x80, 0xf, 0xfe, 0x11, 0xa6, 0xf, 0xff,
    0xf2, 0x80, 0x7, 0x1d, 0x3, 0x7f, 0xfc, 0x22,
    0x0, 0xd6, 0xa0, 0x8, 0x80, 0x26, 0xa, 0x80,
    0xf, 0xc, 0x1, 0xf6, 0xb4, 0x8, 0xdf, 0x28,
    0x7, 0x3a, 0xe1, 0x6b, 0x85, 0xa7, 0x4b, 0x60,
    0x12, 0xe3, 0x5, 0xe0, 0x81, 0x0, 0x2e, 0x40,
    0x31, 0x8, 0x5e, 0x64, 0x1d, 0x99, 0x50, 0x6,
    0x70, 0x8f, 0xb3, 0x2, 0xbf, 0xf4, 0x80, 0x43,
    0x6, 0x76, 0x30, 0x35, 0x99, 0xc0, 0x14, 0xa1,
    0x82, 0xa4, 0x6, 0x93, 0x0, 0x73, 0x70, 0x15,
    0x48, 0x83, 0xc4, 0xa8, 0x4, 0xc2, 0xa5, 0x8a,
    0xc0, 0x13, 0x32, 0xa4, 0x6, 0x14, 0x28, 0xa8,
    0x3, 0xa6, 0x28, 0x6, 0xe4, 0x23, 0x0, 0x33,
    0x80, 0x1c, 0xc0,

    /* U+6E05 "清" */
    0x0, 0x10, 0x7, 0xbd, 0x80, 0x38, 0xf5, 0xc2,
    0x2a, 0xa0, 0xaa, 0xc4, 0x7, 0x92, 0xd9, 0xdd,
    0x2, 0x77, 0x46, 0x0, 0x3f, 0x60, 0x98, 0x80,
    0x2c, 0x42, 0x40, 0x10, 0x22, 0x5, 0xee, 0x86,
    0xfb, 0xa1, 0x11, 0xf3, 0xa6, 0xff, 0x70, 0x6f,
    0xb9, 0xf6, 0x37, 0x20, 0xbf, 0xdd, 0x6f, 0xf7,
    0x3e, 0x0, 0xc, 0xe2, 0x7f, 0xbb, 0xf1, 0x80,
    0x48, 0x20, 0x75, 0xff, 0xa8, 0x3, 0xa5, 0x0,
    0x17, 0xdd, 0xac, 0x3, 0x21, 0xa8, 0x2, 0xff,
    0xf4, 0x0, 0x68, 0x90, 0xa, 0xbb, 0xb4, 0x80,
    0x4c, 0x6e, 0x1, 0x57, 0xfe, 0xa0, 0xa, 0x1c,
    0x3, 0xf2, 0x70, 0x5, 0x52, 0x1, 0xf9, 0x96,
    0x40, 0x8, 0x20, 0x17, 0x28, 0x4, 0x5c, 0xe0,

    /* U+6E29 "温" */
    0x0, 0x8, 0x7, 0xff, 0x9, 0x3d, 0x81, 0x7f,
    0xfe, 0x50, 0x9, 0x32, 0x90, 0x7, 0x33, 0x84,
    0x3, 0x8b, 0x10, 0x7, 0x33, 0x84, 0x3, 0x72,
    0x80, 0x43, 0xdd, 0xc4, 0x1, 0xae, 0x98, 0x2,
    0x33, 0xf0, 0x6, 0x5b, 0x0, 0xd9, 0x9c, 0x2,
    0x1, 0x91, 0x81, 0x7b, 0xbe, 0x40, 0xc, 0xd4,
    0x1f, 0xff, 0xc0, 0x1b, 0x8, 0x1, 0x78, 0x3c,
    0x37, 0x80, 0x1c, 0xb4, 0x0, 0x72, 0x1, 0x7,
    0x10, 0xc, 0xc4, 0x40, 0xf, 0xfe, 0xd, 0xa0,
    0x8, 0x0, 0xc0, 0x41, 0xc0, 0x2, 0x2, 0x2a,
    0x7e, 0xc, 0xd1, 0xe1, 0xbd, 0xe, 0x41, 0xc3,
    0x7f, 0xff, 0xf9, 0x0,

    /* U+6E32 "渲" */
    0x0, 0xff, 0xe3, 0x30, 0x7, 0x9b, 0x40, 0x3c,
    0x31, 0xa4, 0x1, 0x90, 0xc4, 0x3, 0x87, 0xc5,
    0x6f, 0xfb, 0x98, 0x1f, 0xdc, 0xf4, 0x0, 0xe,
    0x38, 0xb7, 0x77, 0xc2, 0xe0, 0xc6, 0x0, 0xee,
    0x44, 0x7a, 0x6c, 0x80, 0x72, 0xc9, 0x1b, 0x33,
    0xe5, 0x10, 0x7e, 0x32, 0x9, 0xff, 0xf7, 0x18,
    0x4, 0x30, 0x0, 0x33, 0x4c, 0xf2, 0xb8, 0x6,
    0x40, 0xc, 0x67, 0xc0, 0x1c, 0xb6, 0x40, 0x7,
    0xff, 0xe1, 0x0, 0xdc, 0xa4, 0x0, 0x8e, 0xee,
    0x10, 0x8, 0x93, 0x80, 0x28, 0xff, 0xe1, 0x0,
    0xa0, 0x50, 0x1, 0x7f, 0xff, 0x20, 0x4, 0xe0,
    0x5f, 0xff, 0xe9, 0xa, 0x90, 0x2f, 0xff, 0xf4,
    0x80,

    /* U+6E38 "游" */
    0x3, 0x10, 0x2, 0x48, 0x4, 0x78, 0x40, 0x1a,
    0xbd, 0x1, 0x59, 0x40, 0xa, 0x24, 0x1, 0xa6,
    0x5c, 0x3, 0x68, 0x0, 0xd3, 0xbb, 0x90, 0x0,
    0xf7, 0xdf, 0x5f, 0xc8, 0x8b, 0xff, 0x94, 0x10,
    0x7, 0x8a, 0xfb, 0x9a, 0xaa, 0x44, 0x84, 0x53,
    0xa8, 0x1, 0x85, 0x5b, 0xb9, 0xf8, 0x3, 0xb5,
    0xa0, 0xa, 0xfe, 0xcc, 0x77, 0x8d, 0x80, 0x4f,
    0x20, 0x79, 0x81, 0x0, 0xb1, 0xdc, 0x1, 0x10,
    0x0, 0x44, 0x0, 0x13, 0x31, 0x61, 0x88, 0x2,
    0x60, 0x0, 0x60, 0x5, 0x88, 0x4, 0xc2, 0x0,
    0x12, 0xcc, 0x44, 0x0, 0x4b, 0xb0, 0x7d, 0xa8,
    0x20, 0x9a, 0x28, 0x7, 0xfd, 0xce, 0x13, 0xc0,
    0x1f, 0xe2, 0x5c, 0xa0, 0x58, 0xe5, 0x4, 0x80,
    0x10, 0x1, 0xba, 0x75, 0x5, 0xcd, 0x80, 0xa4,
    0x90, 0x0,

    /* U+6E7F "湿" */
    0x0, 0x8, 0x7, 0xff, 0x9, 0xfc, 0xc1, 0x3f,
    0xff, 0x10, 0x1, 0xef, 0x55, 0xc7, 0xbb, 0xc0,
    0x60, 0x12, 0xfa, 0x80, 0xf7, 0x78, 0x3, 0x38,
    0x8, 0x0, 0x7b, 0xbc, 0x1, 0x14, 0xe1, 0x0,
    0x7f, 0xf0, 0xb, 0x9a, 0x0, 0x3, 0xdd, 0xe0,
    0x30, 0xa, 0xa8, 0x7, 0xfc, 0xff, 0xaf, 0xfe,
    0x20, 0x8, 0xd8, 0x74, 0x4d, 0xc5, 0x9c, 0x1,
    0xa4, 0x0, 0xbd, 0x11, 0x48, 0x0, 0x40, 0x27,
    0x2, 0x0, 0x2f, 0x5, 0x30, 0x6, 0x11, 0x44,
    0x0, 0x8, 0x6a, 0xc, 0x6c, 0x1, 0xa5, 0x14,
    0x1, 0xee, 0x1, 0x6b, 0x0, 0x68, 0xb0, 0x0,
    0xa5, 0x3, 0xff, 0xb4, 0x3e, 0xc7, 0xfe, 0x21,
    0xe3, 0x7, 0xff, 0xff, 0x10,

    /* U+6E90 "源" */
    0x0, 0x8, 0x7, 0xff, 0x9, 0xfd, 0x3, 0xbf,
    0xff, 0x80, 0xf, 0x36, 0x21, 0x5d, 0xcb, 0x7e,
    0xec, 0x1, 0x3f, 0x9, 0x80, 0x17, 0xcd, 0x56,
    0x10, 0x1a, 0x21, 0x0, 0x96, 0xc0, 0x1f, 0x16,
    0x1, 0xb6, 0x0, 0xc0, 0x3, 0x77, 0x40, 0x4,
    0x35, 0x7a, 0x1, 0x87, 0xfe, 0xb0, 0xe, 0x45,
    0x1, 0x10, 0xf, 0xfd, 0x60, 0x1d, 0x2e, 0x0,
    0x70, 0x1f, 0xfa, 0xc0, 0x39, 0x0, 0x80, 0x93,
    0xfc, 0x37, 0xfe, 0x0, 0x88, 0x8a, 0xe2, 0x24,
    0x50, 0x9, 0x14, 0x2, 0xa3, 0x2e, 0x40, 0x9e,
    0x0, 0x8a, 0x90, 0x0, 0xd6, 0x88, 0xea, 0xb,
    0x0, 0x99, 0x94, 0x26, 0x65, 0x94, 0x67, 0xf0,
    0x81, 0x70, 0x98, 0x13, 0xd2, 0xfa, 0x2d, 0x20,
    0x4, 0x18, 0x1, 0x80,

    /* U+6ED1 "滑" */
    0x0, 0xff, 0xe2, 0xa6, 0x10, 0xf, 0xff, 0xc4,
    0x1, 0x2b, 0xe1, 0x8, 0x77, 0xfe, 0x3, 0x0,
    0x86, 0xe4, 0x80, 0x1b, 0x98, 0x90, 0xf, 0x8,
    0x38, 0x5, 0x1f, 0x4a, 0x1, 0xc9, 0xe6, 0x2,
    0x40, 0xc4, 0x60, 0x20, 0x42, 0xc, 0xb8, 0x7d,
    0x83, 0x9f, 0x65, 0xe3, 0xbc, 0x25, 0x72, 0x63,
    0x9d, 0xdf, 0x78, 0x8, 0x1, 0x81, 0x8f, 0xbb,
    0xde, 0x2e, 0x1, 0x3d, 0x40, 0x9d, 0x77, 0x54,
    0x21, 0x0, 0x15, 0x60, 0x5, 0x7f, 0xf5, 0x80,
    0x72, 0x13, 0x80, 0x57, 0xff, 0x58, 0x7, 0x7a,
    0x88, 0x5, 0x7f, 0xf5, 0x80, 0x65, 0x4e, 0x0,
    0xd7, 0xff, 0x58, 0x6, 0x63, 0x40, 0xf, 0x8f,
    0xc0, 0x31, 0xe0, 0x6, 0x30, 0x8, 0x56, 0x40,
    0x20,

    /* U+6EE4 "滤" */
    0x0, 0x8, 0x7, 0x4c, 0x80, 0x3e, 0x6f, 0x60,
    0xc, 0x2d, 0xdd, 0x80, 0x26, 0xa8, 0x60, 0xc,
    0xff, 0xf8, 0x3, 0x27, 0xb6, 0xff, 0x9d, 0xdd,
    0xda, 0x0, 0xa, 0x2, 0x0, 0xdf, 0x96, 0xff,
    0x87, 0x40, 0x13, 0xa6, 0x1, 0x84, 0xa3, 0x22,
    0x8, 0x0, 0xc4, 0xd0, 0x3a, 0xe8, 0x6f, 0x88,
    0x30, 0x80, 0x53, 0xe0, 0xb, 0xd9, 0x77, 0x22,
    0x38, 0x3, 0xa4, 0x4, 0xcc, 0xa9, 0xfe, 0xa6,
    0x0, 0xca, 0xa1, 0x10, 0x0, 0xf1, 0x7f, 0xac,
    0x3, 0x4d, 0xa2, 0xc3, 0x70, 0xc, 0x87, 0x28,
    0x1, 0x49, 0xbf, 0x19, 0x4c, 0x26, 0xc3, 0xac,
    0x45, 0x70, 0x4a, 0x26, 0x60, 0x62, 0x26, 0x35,
    0x8, 0xad, 0xa9, 0x99, 0xc0, 0xf7, 0xfe, 0x14,
    0x40, 0x1, 0x42, 0x24, 0xc, 0x2b, 0xfe, 0xd1,
    0x0, 0x0,

    /* U+706D "灭" */
    0x0, 0xff, 0xe2, 0xbf, 0xff, 0xff, 0x2, 0x40,
    0xd, 0x98, 0xdd, 0x89, 0xb7, 0x76, 0x58, 0x0,
    0x4c, 0xc4, 0x50, 0xf1, 0x16, 0x32, 0x0, 0xd8,
    0x60, 0x1, 0x0, 0xc8, 0xa0, 0x18, 0xcc, 0x20,
    0x2, 0xf0, 0xb, 0xb8, 0x1, 0xac, 0xc8, 0x4,
    0x10, 0x2, 0x5e, 0x0, 0xcd, 0x60, 0x4, 0x3,
    0x20, 0x71, 0x50, 0x8, 0x51, 0x80, 0x1c, 0xcc,
    0x90, 0x16, 0x0, 0xc3, 0x42, 0x8, 0x8a, 0x85,
    0x66, 0x40, 0x7, 0xc3, 0x4c, 0x63, 0xb2, 0xc0,
    0x1f, 0x16, 0x14, 0x80, 0xe, 0xa6, 0x80, 0x30,
    0xc6, 0xbe, 0x0, 0x65, 0xb4, 0xe8, 0x1, 0xf6,
    0xaa, 0x0, 0x79, 0x3d, 0xc8, 0x7, 0x39, 0x40,
    0x3f, 0xc, 0xd0, 0x0,

    /* U+7070 "灰" */
    0x0, 0xff, 0xe4, 0x9f, 0x88, 0x7, 0xff, 0x5,
    0x88, 0x40, 0x3f, 0x8f, 0xfe, 0xa2, 0xff, 0xfb,
    0x80, 0x7, 0x9b, 0xa1, 0x8d, 0xdf, 0x66, 0x80,
    0x46, 0x40, 0x2e, 0x44, 0x94, 0x22, 0x19, 0x80,
    0x3a, 0xd4, 0x40, 0xa, 0x0, 0x11, 0x0, 0x70,
    0xb7, 0x54, 0x0, 0xc, 0x1b, 0xc0, 0x3a, 0x4d,
    0x52, 0xc0, 0x40, 0x14, 0xc0, 0x18, 0x9e, 0x18,
    0x8c, 0x83, 0x54, 0xa4, 0x3, 0x72, 0x21, 0xfc,
    0x28, 0x19, 0x70, 0x40, 0x2a, 0x2a, 0x0, 0x10,
    0xbd, 0x1c, 0x98, 0x6, 0x2d, 0x10, 0x0, 0xe2,
    0x2c, 0xb4, 0x80, 0x68, 0x30, 0x3, 0x7b, 0x58,
    0x25, 0xb6, 0xa8, 0x6, 0x7e, 0x89, 0xb0, 0x9,
    0x34, 0x6c, 0x40, 0x26, 0x8e, 0x70, 0xe, 0x2c,
    0xc0, 0x80,

    /* U+708E "炎" */
    0x0, 0xf8, 0x40, 0x3f, 0xf8, 0x7c, 0xc0, 0x3,
    0x40, 0xf, 0x5c, 0x1, 0x2, 0x0, 0x22, 0x0,
    0x1c, 0x29, 0x40, 0x82, 0x40, 0x69, 0xc0, 0x1c,
    0x4a, 0x41, 0x63, 0x6c, 0x5a, 0x40, 0x1c, 0x74,
    0x14, 0x79, 0xb5, 0xd2, 0xa0, 0x1c, 0x2d, 0xcf,
    0x86, 0xd9, 0xa5, 0x5d, 0x0, 0xc, 0xe9, 0x96,
    0x96, 0x38, 0x14, 0xf3, 0xf8, 0x2, 0x27, 0xdc,
    0x0, 0x20, 0x11, 0x1c, 0xb8, 0x1, 0x1a, 0x28,
    0x0, 0x5e, 0x0, 0x99, 0x0, 0x79, 0xbc, 0xc,
    0x14, 0xd, 0x28, 0x3, 0x85, 0xd4, 0x21, 0x99,
    0x7, 0xc2, 0x1, 0xc3, 0x23, 0x4b, 0x14, 0xd2,
    0x1, 0xf1, 0x47, 0xb6, 0x8, 0xb1, 0x3a, 0x94,
    0x80, 0x1b, 0xa5, 0x8c, 0x20, 0x1, 0x6d, 0x35,
    0x69, 0x7, 0xe6, 0xb0, 0x7, 0x97, 0x3b, 0x48,

    /* U+70B9 "点" */
    0x0, 0xf0, 0xfa, 0x0, 0x7f, 0xf4, 0xef, 0xff,
    0x94, 0x3, 0xfa, 0xbb, 0xb6, 0xa8, 0x6, 0x11,
    0x80, 0x2, 0x1, 0x88, 0x3, 0xbb, 0xb0, 0x5f,
    0x76, 0x0, 0xfa, 0xbf, 0xfd, 0x60, 0x1f, 0xfd,
    0xca, 0xff, 0xf5, 0x80, 0x78, 0xbb, 0xbf, 0xc0,
    0x1d, 0x92, 0x36, 0x42, 0x5a, 0x22, 0x6b, 0x0,
    0x94, 0x64, 0x6, 0x40, 0x88, 0xe0, 0x88, 0x50,
    0x4, 0x30, 0x87, 0x28, 0x89, 0xa4, 0xd, 0xac,
    0x1, 0x30, 0x0, 0x5c, 0x10, 0x9c, 0x0, 0x46,
    0x80,

    /* U+70ED "热" */
    0x0, 0x93, 0x80, 0x35, 0xa8, 0x7, 0xe7, 0x30,
    0xc, 0xe6, 0x1, 0xf0, 0xb8, 0x4, 0x24, 0x22,
    0x34, 0x0, 0xd1, 0xf4, 0x5d, 0x32, 0xe2, 0xaf,
    0xb0, 0xd, 0x1d, 0xa5, 0xd3, 0x18, 0x53, 0xe2,
    0x1, 0xf1, 0xbb, 0x31, 0xd, 0x80, 0xc0, 0x33,
    0xe6, 0x7, 0x94, 0x2c, 0x48, 0x3, 0xc7, 0x54,
    0x29, 0x36, 0x50, 0xc0, 0x20, 0x30, 0x2, 0x33,
    0x0, 0x23, 0x5d, 0x5a, 0x14, 0xf7, 0x0, 0x3c,
    0x8, 0x16, 0xb9, 0x4c, 0xd4, 0x6c, 0x0, 0x23,
    0xe0, 0x54, 0x80, 0x9, 0xef, 0x4, 0x0, 0x5a,
    0x44, 0x5a, 0x8, 0x0, 0x3f, 0x18, 0x0, 0x60,
    0xc2, 0xa4, 0x0, 0xcc, 0x6, 0x45, 0x0, 0x41,
    0x30, 0x52, 0x8, 0x35, 0x80, 0xc4, 0x0, 0x3,
    0x20, 0x2, 0x80, 0x4, 0xc8, 0x0, 0xf0, 0x0,

    /* U+7136 "然" */
    0x0, 0x88, 0x40, 0x3f, 0xf8, 0x5d, 0x40, 0x18,
    0xfc, 0x5c, 0x40, 0x32, 0x18, 0x55, 0x18, 0x4,
    0x4, 0x3c, 0x80, 0x29, 0x7f, 0x96, 0xe0, 0xc,
    0xf6, 0x60, 0xa, 0x1c, 0xa7, 0x24, 0xfd, 0xf,
    0xf5, 0x38, 0x1b, 0x7a, 0x45, 0x86, 0x7b, 0x83,
    0xff, 0x98, 0xf, 0x2a, 0xd0, 0x64, 0x0, 0xc8,
    0xc0, 0x1e, 0x90, 0xd2, 0x70, 0x70, 0xa2, 0x90,
    0xe, 0x17, 0x2d, 0x4, 0x8b, 0x1f, 0x69, 0x0,
    0x93, 0x7, 0x5, 0xad, 0x94, 0xe, 0x9b, 0x40,
    0xc, 0xba, 0x20, 0xaf, 0x20, 0x13, 0xe7, 0x0,
    0x8, 0x8c, 0xe, 0xb0, 0x7a, 0x0, 0xfa, 0x30,
    0x1, 0xa9, 0x0, 0x20, 0xc, 0x64, 0x39, 0x94,
    0x1, 0xcc, 0x80, 0xc2, 0x61, 0xe, 0x6, 0xf0,
    0x0, 0xe9, 0x0, 0xe, 0x98, 0x27, 0x0, 0x23,
    0x0,

    /* U+7247 "片" */
    0x0, 0xa5, 0x0, 0x37, 0x38, 0x7, 0xce, 0x60,
    0x1f, 0xfc, 0x13, 0x10, 0xc, 0x60, 0x1f, 0xfc,
    0xc8, 0xdd, 0xc5, 0x3b, 0xae, 0x20, 0x8, 0xe7,
    0xff, 0x6e, 0x7f, 0xb4, 0x80, 0x21, 0x11, 0x17,
    0xe3, 0x0, 0xf0, 0x8f, 0xc0, 0x1c, 0x21, 0x3d,
    0xde, 0xa0, 0xe, 0x20, 0xef, 0xfe, 0x70, 0xf,
    0x20, 0x88, 0x3, 0xff, 0x81, 0x6e, 0x1, 0xff,
    0xc0, 0x43, 0xd0, 0xf, 0xfe, 0x4, 0x92, 0x0,
    0x78, 0x40, 0x30, 0xa4, 0x80, 0x7e, 0x70, 0x8,

    /* U+7248 "版" */
    0x0, 0x71, 0x1f, 0x81, 0x6e, 0xd9, 0x8b, 0x50,
    0x8, 0x4c, 0x44, 0x0, 0x2f, 0xcc, 0xad, 0x40,
    0x3f, 0xc4, 0x20, 0x1f, 0xfc, 0x25, 0x5e, 0x10,
    0xd, 0xda, 0x3e, 0xe1, 0x13, 0xfe, 0xa0, 0xe,
    0xef, 0xf9, 0xc5, 0x2e, 0xa4, 0x44, 0x1, 0xf8,
    0x4f, 0xb4, 0x18, 0x80, 0x3b, 0xbf, 0xc8, 0xe2,
    0x6e, 0x18, 0xa0, 0x10, 0x87, 0xf8, 0x9c, 0x99,
    0x8, 0x89, 0xa0, 0x11, 0x8, 0x6, 0xf2, 0x6,
    0x93, 0x40, 0x9, 0x14, 0x3, 0x3e, 0x5, 0x23,
    0x0, 0x6c, 0x30, 0x1, 0xd8, 0x21, 0x69, 0x3b,
    0x0, 0x5, 0x68, 0x2, 0xeb, 0x8d, 0x7d, 0xb8,
    0xd0, 0x1e, 0x20, 0x7, 0x32, 0xd5, 0xc8, 0x27,
    0xf0, 0x0,

    /* U+7279 "特" */
    0x0, 0x93, 0xc0, 0x3b, 0x94, 0x3, 0xe7, 0x0,
    0x84, 0x88, 0x66, 0x22, 0x8, 0x1, 0xe8, 0x4,
    0x0, 0xd9, 0x82, 0x8c, 0xc4, 0x80, 0x34, 0x80,
    0x2, 0xf, 0xdc, 0x2a, 0xee, 0x40, 0x1, 0xdb,
    0x7, 0xa0, 0x3, 0xf8, 0x4b, 0xb0, 0x7e, 0x3f,
    0xe2, 0xbf, 0xf9, 0x8d, 0x80, 0x3b, 0xbf, 0xf0,
    0xdf, 0x31, 0x48, 0x0, 0x5d, 0x84, 0x3, 0x9c,
    0x40, 0x25, 0x80, 0xc5, 0xef, 0xfc, 0x39, 0xe8,
    0x3f, 0x62, 0x2b, 0x3f, 0xee, 0xc3, 0x7c, 0x83,
    0x7d, 0x20, 0x10, 0xd1, 0x8, 0x81, 0xc4, 0x0,
    0x80, 0x1f, 0x50, 0x7, 0xff, 0xb, 0xc4, 0x3,
    0xfc, 0x20, 0x12, 0x42, 0xb8, 0x80, 0x79, 0xc0,
    0x3c, 0x52, 0xc6, 0x1, 0xc9, 0xe0, 0x1c, 0xfd,
    0x20, 0x10,

    /* U+72B6 "状" */
    0x0, 0xdc, 0xc0, 0x12, 0xc0, 0x7, 0xf1, 0x80,
    0x6d, 0x60, 0x80, 0x8, 0x58, 0x3, 0xf1, 0x1,
    0xe0, 0x0, 0xe1, 0x80, 0x3d, 0xe0, 0xb, 0x73,
    0x2, 0xa9, 0x10, 0x0, 0x8d, 0xe0, 0x22, 0xa1,
    0x0, 0x26, 0x8, 0x3, 0x7b, 0x8e, 0x7d, 0xd6,
    0x0, 0x46, 0x6, 0x19, 0xfe, 0x60, 0xff, 0xb8,
    0x3, 0x40, 0x80, 0x65, 0x3, 0x0, 0xf3, 0x30,
    0x40, 0x31, 0x95, 0x80, 0x73, 0x4e, 0x98, 0x4,
    0x83, 0x6a, 0x1, 0x8a, 0x64, 0x60, 0x1b, 0xdd,
    0xc4, 0x80, 0x11, 0x6b, 0x0, 0x64, 0x45, 0xb,
    0x48, 0x6, 0x20, 0x1, 0x80, 0xca, 0x98, 0x49,
    0xe0, 0x80, 0x7b, 0xb4, 0xec, 0x2, 0xa3, 0xc0,
    0xf, 0x8, 0x68, 0x80, 0x49, 0x7c, 0x0,

    /* U+7387 "率" */
    0x0, 0xf9, 0x58, 0x3, 0xf8, 0x84, 0x76, 0xc0,
    0x8f, 0x80, 0x5, 0xf9, 0xbb, 0x29, 0x6e, 0xec,
    0xb0, 0x1, 0x4f, 0xe6, 0x2c, 0xf7, 0xb3, 0x2a,
    0xa0, 0x5, 0x9a, 0xad, 0x58, 0x5b, 0x5, 0xb8,
    0x40, 0x14, 0x5a, 0x49, 0x6e, 0x3c, 0x1a, 0xd9,
    0x0, 0x64, 0x3c, 0xd2, 0x7b, 0x41, 0xf0, 0xe,
    0x3d, 0xb1, 0xea, 0x84, 0xa3, 0xac, 0x10, 0x3,
    0x65, 0xce, 0x9c, 0xfd, 0x84, 0xeb, 0xc8, 0x1,
    0xb1, 0x83, 0x7e, 0x4f, 0x31, 0x1, 0x70, 0x5,
    0xdc, 0xdd, 0x7e, 0xc9, 0xef, 0xfb, 0x75, 0xc6,
    0x59, 0x9e, 0x63, 0xcc, 0xf1, 0x81, 0x8, 0xf7,
    0x80, 0x8f, 0x10, 0x7, 0xff, 0x33, 0xc4, 0x3,
    0xe0,

    /* U+73AF "环" */
    0x0, 0xff, 0xe2, 0xf, 0xff, 0x47, 0xff, 0xe0,
    0x1f, 0xf0, 0xe7, 0xc7, 0x74, 0x8d, 0xdd, 0x0,
    0x7e, 0x11, 0x93, 0x44, 0x60, 0x1, 0x10, 0x1c,
    0x80, 0x23, 0x4, 0x0, 0xec, 0xc0, 0xd6, 0x10,
    0x2, 0x80, 0xa0, 0x3, 0x77, 0x7, 0x78, 0x80,
    0x58, 0x5, 0xd4, 0x3, 0xfd, 0x2, 0x7, 0x16,
    0x20, 0x1f, 0x8d, 0xa0, 0x0, 0xe7, 0x40, 0x1d,
    0x5a, 0x7c, 0xea, 0x1, 0x4a, 0x11, 0x23, 0x44,
    0xaf, 0x86, 0x0, 0x32, 0x69, 0x1a, 0x57, 0x5a,
    0x3e, 0x80, 0x78, 0x80, 0x71, 0xc4, 0xa, 0x84,
    0x3, 0xff, 0xaa, 0xe0, 0x1e,

    /* U+73B0 "现" */
    0x5, 0x5e, 0x1e, 0xff, 0xf1, 0x80, 0x3b, 0x95,
    0x32, 0x20, 0xbf, 0xfc, 0x20, 0x15, 0xd8, 0x3f,
    0xc, 0xc0, 0x8, 0x40, 0xf, 0xfe, 0x13, 0x10,
    0x7, 0x8, 0x80, 0x2, 0x1, 0xc4, 0x1, 0xdf,
    0xc1, 0x9c, 0x20, 0x19, 0x80, 0x3b, 0xbc, 0x33,
    0xc4, 0xc0, 0x2, 0x40, 0x1f, 0xfc, 0x14, 0xb,
    0x0, 0xff, 0xa9, 0x75, 0x50, 0x34, 0x80, 0x39,
    0x60, 0xd0, 0xdb, 0x80, 0x6, 0x20, 0x55, 0xa1,
    0xbe, 0x41, 0xd0, 0xc0, 0x12, 0x81, 0x1c, 0xfd,
    0xb9, 0x6b, 0x39, 0x80, 0xe, 0x88, 0x25, 0x0,
    0x11, 0xb7, 0x40, 0x25, 0x7e, 0xe4, 0x1, 0xd1,
    0xec, 0x1, 0x6d, 0xe4, 0x0,

    /* U+7406 "理" */
    0x2, 0x11, 0x89, 0x3f, 0xfe, 0xd0, 0x5d, 0xee,
    0xb4, 0x7, 0xfc, 0x19, 0xf4, 0x0, 0x5f, 0xc1,
    0xff, 0x0, 0x7f, 0xf1, 0x47, 0xfc, 0x19, 0xf4,
    0x1, 0xfc, 0x3f, 0xe0, 0xcf, 0xa0, 0x1, 0x7e,
    0xf, 0xd0, 0x7, 0xf8, 0xbf, 0x7, 0xe8, 0x7,
    0xb8, 0x1b, 0xd4, 0x1, 0xf9, 0x3b, 0xfc, 0x15,
    0xfd, 0x80, 0x1f, 0x84, 0x60, 0x71, 0x18, 0x3,
    0x8a, 0x5f, 0xfe, 0xc, 0xff, 0x68, 0x0, 0xe8,
    0x7f, 0x9b, 0xbf, 0xc1, 0x7f, 0xec, 0x1, 0xc0,
    0xdd, 0x38, 0x88, 0x2, 0x70, 0x0, 0x80, 0xfc,
    0x90, 0x27, 0xfe, 0xc, 0xff, 0x9c, 0x3, 0x93,
    0xff, 0xf9, 0xc0,

    /* U+751F "生" */
    0x0, 0xfb, 0xdc, 0x3, 0xf2, 0xf9, 0x80, 0x4,
    0x40, 0x1f, 0xb0, 0x8c, 0x3, 0xff, 0x80, 0xe8,
    0x67, 0x7, 0x19, 0xc8, 0x20, 0x5, 0x17, 0xdd,
    0x85, 0xb7, 0x6a, 0x70, 0x4, 0x2f, 0x76, 0x18,
    0xee, 0xcc, 0xc, 0x50, 0x1, 0xff, 0xc0, 0x6e,
    0x24, 0x33, 0x83, 0x8c, 0xc8, 0x40, 0x10, 0x85,
    0x6e, 0xc2, 0xdb, 0xaa, 0x50, 0xe, 0xee, 0xc3,
    0x1d, 0xd3, 0x80, 0x7f, 0xf5, 0x50, 0xcf, 0x83,
    0x8c, 0xf8, 0x82, 0xbb, 0xb8, 0xd7, 0xbb, 0x6a,
    0x0,

    /* U+7528 "用" */
    0x0, 0x2f, 0xff, 0xfc, 0x0, 0x11, 0x7f, 0xd4,
    0x3f, 0xf5, 0x0, 0x7f, 0xf0, 0x84, 0x2, 0x1e,
    0xea, 0xc7, 0xba, 0xb0, 0xc, 0x3d, 0xd5, 0x8f,
    0x75, 0x60, 0x1f, 0xfd, 0x31, 0x17, 0xfd, 0x43,
    0xff, 0x50, 0x4, 0x65, 0xff, 0x50, 0xff, 0xd4,
    0x1, 0x73, 0x80, 0x7f, 0xf0, 0x17, 0x0, 0x3f,
    0xe3, 0x27, 0x0, 0xc2, 0x0, 0x3d, 0x30, 0xf5,
    0x10, 0xc, 0x40, 0x8, 0x7b, 0xd, 0xb0, 0xc,
    0xba, 0x0, 0xaf, 0x60,

    /* U+7531 "由" */
    0x0, 0xf6, 0xb0, 0x7, 0xff, 0x0, 0x4c, 0x3,
    0xff, 0x90, 0x28, 0x9c, 0x3a, 0x89, 0xc0, 0x57,
    0xff, 0x89, 0x7f, 0xe8, 0xb1, 0x0, 0x5d, 0xe3,
    0x8b, 0xbb, 0xc0, 0x3f, 0xfa, 0x9f, 0xf8, 0xeb,
    0xfe, 0xc0, 0xd, 0xff, 0x8e, 0xbf, 0xec, 0x0,
    0xff, 0xea, 0x6e, 0xe3, 0xbd, 0xdb, 0x80, 0x37,
    0xfe, 0xdc, 0xff, 0xa4, 0x0, 0x7c, 0x45, 0xfc,
    0x9e, 0x20,

    /* U+7535 "电" */
    0x0, 0xe5, 0xf0, 0xf, 0xfe, 0x61, 0x16, 0x30,
    0x22, 0xe0, 0x9, 0x77, 0x32, 0x80, 0xcc, 0xda,
    0x1, 0xdf, 0xdc, 0xb0, 0xee, 0xa8, 0x3, 0xff,
    0x93, 0xdf, 0xea, 0xf, 0xfa, 0xc0, 0x3d, 0xdf,
    0xea, 0xf, 0xfa, 0xc0, 0x3f, 0xf9, 0x28, 0x96,
    0x82, 0x24, 0x60, 0x1e, 0x98, 0x82, 0x84, 0x45,
    0x66, 0x1, 0xd9, 0x94, 0x6, 0x67, 0x0, 0x4b,
    0xe0, 0x1f, 0xe1, 0xe3, 0x0, 0xe6, 0x5, 0x22,
    0xd2, 0x24, 0x1, 0xc6, 0x97, 0xbb, 0x99, 0xc4,

    /* U+753B "画" */
    0x0, 0xff, 0xe1, 0x1f, 0xff, 0xff, 0x3, 0x8f,
    0xff, 0xff, 0x81, 0xc0, 0x11, 0x5d, 0xfc, 0x1,
    0xe1, 0x48, 0xd4, 0x8d, 0x50, 0x9, 0x28, 0x0,
    0x26, 0xa2, 0x6a, 0x0, 0x4c, 0x17, 0x0, 0x85,
    0xc0, 0x5c, 0x0, 0x24, 0x1, 0x87, 0xe8, 0x7e,
    0x80, 0x3f, 0xf, 0x68, 0xf6, 0x80, 0x7f, 0xf0,
    0x84, 0x3, 0xce, 0x3f, 0x83, 0xf8, 0x1, 0xf2,
    0x7f, 0xfc, 0x1, 0x8a, 0xef, 0xfd, 0x20, 0x99,
    0x11, 0xfe, 0xb0, 0x13, 0x3f, 0xf8, 0x84,

    /* U+754C "界" */
    0x0, 0x2f, 0x77, 0xf9, 0x80, 0x3d, 0xdd, 0x50,
    0x77, 0x46, 0x1, 0xf1, 0x16, 0x2, 0x28, 0xc0,
    0x3c, 0x33, 0x35, 0xc, 0xcc, 0x20, 0x1e, 0x1b,
    0xba, 0x6, 0xee, 0x20, 0xf, 0xbb, 0xaa, 0xe,
    0xe8, 0xc0, 0x39, 0x7b, 0xb4, 0xb7, 0x76, 0x60,
    0xf, 0xd5, 0xc, 0xe0, 0x1f, 0xe5, 0xe7, 0xcc,
    0x4e, 0xa0, 0x7, 0x1c, 0x74, 0x4e, 0x99, 0x78,
    0xde, 0xb9, 0x80, 0x28, 0xef, 0x60, 0xc0, 0x2,
    0x6e, 0xb3, 0xa0, 0x9, 0xb5, 0x20, 0x30, 0x8,
    0x76, 0x3b, 0xc0, 0x39, 0x48, 0x3, 0xf0, 0x80,
    0x65, 0x89, 0x0, 0xff, 0xe0, 0x15, 0x4a, 0x0,
    0x61, 0x0, 0xf8, 0xb9, 0x80, 0x3b, 0xd4, 0x3,
    0x0,

    /* U+7559 "留" */
    0x1, 0x25, 0x99, 0x0, 0x7e, 0x5e, 0xd8, 0x3e,
    0x1e, 0xff, 0xed, 0x0, 0x7e, 0xfb, 0x8f, 0xf0,
    0x67, 0xbb, 0x0, 0x68, 0x90, 0x14, 0x3, 0x2,
    0x20, 0x0, 0xe8, 0x19, 0xa, 0xe0, 0x4d, 0xfb,
    0x3, 0x73, 0x74, 0x18, 0x8e, 0x98, 0x6b, 0x51,
    0xcc, 0x4, 0x97, 0x40, 0xb9, 0xc4, 0x7f, 0xfe,
    0xaf, 0xfb, 0x38, 0x2, 0x3f, 0xfa, 0xc7, 0xfe,
    0xa0, 0xf, 0xfe, 0x31, 0xff, 0xd6, 0x3f, 0xf5,
    0x0, 0x63, 0xff, 0xac, 0x7f, 0xea, 0x0, 0xc7,
    0xbb, 0x50, 0xee, 0xd6, 0x1, 0x8f, 0xfe, 0xcd,
    0xff, 0xa0, 0x40, 0x31, 0x17, 0xe3, 0x0, 0x0,

    /* U+767D "白" */
    0x0, 0xcd, 0x0, 0x1f, 0xf5, 0x10, 0x7, 0xc2,
    0x66, 0x53, 0xf3, 0x3f, 0x3, 0xe7, 0x41, 0x47,
    0x76, 0xdc, 0x13, 0x1d, 0xdf, 0xe0, 0x10, 0xf,
    0xfe, 0x18, 0x8f, 0xe7, 0x0, 0x87, 0xbb, 0xf5,
    0x80, 0x43, 0xdd, 0xfa, 0xc0, 0x30, 0x8f, 0xe7,
    0x0, 0xff, 0xe2, 0x99, 0xfe, 0x50, 0x8, 0x77,
    0x7f, 0x40, 0x0, 0xc7, 0xbb, 0xf6, 0x80, 0xb7,
    0x80, 0x7e, 0x3f, 0x10,

    /* U+767E "百" */
    0x0, 0xff, 0xe1, 0x7f, 0xff, 0xf0, 0x7b, 0xff,
    0xc1, 0x7f, 0xfd, 0xc0, 0x1c, 0x82, 0x80, 0x1f,
    0x16, 0xed, 0x43, 0xbb, 0xc6, 0x1, 0x17, 0x7e,
    0x6f, 0xfe, 0x20, 0xe, 0x22, 0xfc, 0x1, 0xff,
    0xc8, 0xef, 0xff, 0x80, 0x3d, 0xbd, 0xdf, 0x0,
    0x78, 0xc4, 0x7e, 0x0, 0xff, 0xe4, 0x77, 0xff,
    0xc0, 0x1e, 0xee, 0xfc, 0x1, 0xf0, 0x8f, 0xde,
    0x60,

    /* U+7684 "的" */
    0x0, 0xff, 0xe2, 0xe, 0x10, 0x4, 0x58, 0x60,
    0x1c, 0xa6, 0x40, 0x12, 0x19, 0x80, 0x38, 0x94,
    0x3, 0x52, 0x99, 0xe4, 0xf9, 0x5f, 0xf2, 0x11,
    0xa6, 0xeb, 0x30, 0x3, 0xdd, 0x8, 0x41, 0xf7,
    0x58, 0x1, 0x8, 0xc1, 0x8b, 0xe0, 0x18, 0x40,
    0x3d, 0xb4, 0xec, 0x0, 0x70, 0x0, 0xf7, 0x42,
    0x25, 0x29, 0x10, 0x1, 0x80, 0xe6, 0x42, 0x0,
    0x61, 0x60, 0xe, 0x22, 0x80, 0x33, 0x50, 0x8,
    0x80, 0x3f, 0xa7, 0x0, 0xdc, 0x0, 0x23, 0x0,
    0x61, 0x10, 0x8, 0x80, 0x7b, 0xa1, 0x0, 0xf6,
    0x90, 0x8b, 0xfe, 0x20, 0x9, 0x33, 0x9e, 0x97,
    0x80, 0x2d, 0x40, 0x2, 0x56, 0xe8, 0x80,

    /* U+76F4 "直" */
    0x0, 0xf8, 0x40, 0x3f, 0x84, 0x84, 0x62, 0xe8,
    0x11, 0xc4, 0x1, 0x5e, 0x7f, 0xd8, 0xd, 0xff,
    0xb0, 0xc0, 0x15, 0xdd, 0xb4, 0x3b, 0xbc, 0x60,
    0x1b, 0x3f, 0xd8, 0x1f, 0xf9, 0xc0, 0x3e, 0x9f,
    0xff, 0x20, 0x7, 0xe8, 0xcc, 0xf2, 0x0, 0x7e,
    0x9e, 0xef, 0x18, 0x7, 0xea, 0xee, 0xf1, 0x80,
    0x7e, 0xae, 0xef, 0x18, 0x7, 0xef, 0x11, 0xf0,
    0x7, 0xf2, 0xff, 0xf8, 0xc0, 0x38, 0xc8, 0x57,
    0xbb, 0xc7, 0xe4, 0x60, 0x5b, 0x86, 0xd9, 0x9e,
    0x26, 0xcd, 0x30,

    /* U+7701 "省" */
    0x0, 0xfb, 0x98, 0x3, 0xfe, 0x62, 0x0, 0xea,
    0x40, 0xf, 0x2c, 0xb8, 0x18, 0x5, 0x97, 0x0,
    0x1a, 0x2a, 0x8a, 0x1, 0x9f, 0xf1, 0xa8, 0x0,
    0x8b, 0x8a, 0x1, 0x6f, 0x56, 0x1e, 0x48, 0x1,
    0x34, 0xc1, 0x2c, 0x86, 0xb5, 0x40, 0x8c, 0x0,
    0x6d, 0x5f, 0x68, 0x9, 0x5d, 0xd2, 0x0, 0x5d,
    0x22, 0x2e, 0xeb, 0xff, 0x0, 0x77, 0xfc, 0x6,
    0x7f, 0x0, 0x71, 0x0, 0x7, 0xbb, 0xe1, 0x0,
    0xf8, 0x73, 0x3e, 0x10, 0xf, 0x87, 0xff, 0xe1,
    0x0, 0xf8, 0x7f, 0xfe, 0x10, 0xf, 0x87, 0xff,
    0xe1, 0x0, 0xf0, 0x8b, 0xff, 0xe1, 0x10, 0x7,
    0x2f, 0x0, 0x7d, 0xca, 0x0,

    /* U+770B "看" */
    0x0, 0xfc, 0x24, 0x8d, 0x10, 0x0, 0x87, 0x75,
    0xdc, 0xff, 0xd1, 0xa4, 0x22, 0x0, 0xf, 0x4e,
    0xe4, 0x8f, 0x6e, 0x5d, 0xa4, 0x40, 0x27, 0xad,
    0xc9, 0x1e, 0xed, 0xf2, 0x1, 0x93, 0xba, 0x1b,
    0xee, 0xe9, 0x10, 0x2f, 0xfe, 0x1b, 0xff, 0xf7,
    0x21, 0x7f, 0xdc, 0x33, 0xff, 0xf9, 0x0, 0x21,
    0xc1, 0x9f, 0xff, 0x38, 0x6, 0x2c, 0x25, 0xff,
    0xf1, 0x80, 0x67, 0xd7, 0x65, 0xff, 0xf1, 0x80,
    0x43, 0x51, 0x40, 0xbf, 0xfe, 0x30, 0x8, 0x75,
    0xc0, 0xb, 0xdd, 0xe3, 0x0, 0xfc, 0xbd, 0xde,
    0x30, 0xf, 0xcb, 0xff, 0xe3, 0x0, 0xfc, 0xbf,
    0xfe, 0x30, 0x8,

    /* U+771F "真" */
    0x0, 0xff, 0xe5, 0xd5, 0x80, 0x7e, 0x5d, 0xcc,
    0xc8, 0xb9, 0x9b, 0x50, 0x0, 0xb9, 0xbb, 0x82,
    0x37, 0x76, 0x20, 0x4, 0x29, 0x99, 0xc, 0x66,
    0x52, 0x20, 0x1e, 0x3c, 0xc7, 0x7e, 0x61, 0x84,
    0x3, 0xe1, 0xee, 0xf2, 0x0, 0x7e, 0x1d, 0xdf,
    0x20, 0x7, 0xe1, 0xdd, 0xf2, 0x0, 0x7f, 0x4c,
    0xf8, 0xc0, 0x3f, 0xf9, 0x3f, 0xd6, 0x11, 0x1e,
    0x36, 0xee, 0x10, 0x66, 0x5b, 0x35, 0x99, 0x35,
    0xee, 0x69, 0x1, 0x93, 0x74, 0x19, 0x10, 0xa,
    0xf9, 0xcc, 0x0, 0x5d, 0x15, 0xee, 0x0, 0x2a,
    0xe5, 0xa3, 0x0, 0x17, 0xe3, 0x0, 0x78, 0x67,
    0x8c, 0x0,

    /* U+7720 "眠" */
    0x1f, 0xfc, 0x8d, 0xff, 0xf0, 0x0, 0x43, 0xbc,
    0x5c, 0xcb, 0xff, 0x68, 0x7, 0xe1, 0x0, 0xff,
    0xe0, 0x55, 0x88, 0x0, 0xb7, 0x5f, 0xbe, 0x40,
    0x1a, 0x24, 0x40, 0x5, 0xba, 0xf, 0xdd, 0x0,
    0x62, 0x20, 0x7, 0x89, 0x80, 0x3d, 0xb8, 0x20,
    0x2, 0xcc, 0x14, 0xe6, 0x2c, 0x2, 0x8f, 0x10,
    0x0, 0xff, 0x91, 0x1f, 0xf0, 0x4, 0xa6, 0x1,
    0x19, 0xda, 0x46, 0x64, 0x0, 0x8c, 0x40, 0x3c,
    0x88, 0x10, 0xe, 0xde, 0x11, 0x0, 0x54, 0x66,
    0x60, 0x10, 0x10, 0xef, 0x37, 0x33, 0x63, 0x84,
    0x40, 0xfd, 0x6, 0x44, 0x31, 0x2c, 0x57, 0x45,
    0x1b, 0x5, 0x81, 0x80, 0x34, 0xcc, 0x1, 0x4c,
    0xac, 0x80,

    /* U+77E2 "矢" */
    0x0, 0x84, 0x3, 0xff, 0x85, 0x54, 0x0, 0xff,
    0xe0, 0xa7, 0x80, 0x7f, 0xf0, 0x18, 0x27, 0x33,
    0xe8, 0x0, 0xd6, 0xff, 0xeb, 0x3f, 0xfd, 0x40,
    0x12, 0x94, 0x19, 0x88, 0x4c, 0xf1, 0x0, 0x5c,
    0xe0, 0x11, 0x98, 0x3, 0xf5, 0xc0, 0x4, 0x2c,
    0x1, 0xf4, 0xff, 0xf4, 0x27, 0xff, 0x70, 0x46,
    0xf7, 0x5a, 0x21, 0x1d, 0xd6, 0xe0, 0x9, 0x8,
    0xc8, 0x31, 0x22, 0x31, 0x10, 0x3, 0x8a, 0x25,
    0xca, 0x80, 0x3f, 0x17, 0xa3, 0x6, 0xa5, 0x90,
    0x7, 0x46, 0xbd, 0x0, 0x7, 0x1b, 0x69, 0x1,
    0x7d, 0xe6, 0x80, 0x31, 0x6b, 0xac, 0x8a, 0xbf,
    0x30, 0x7, 0xd1, 0xde, 0x20,

    /* U+77E5 "知" */
    0x0, 0x41, 0x80, 0x7f, 0xc2, 0xe0, 0x1f, 0xfc,
    0x7, 0x22, 0x8, 0x88, 0x6a, 0xbc, 0x14, 0x5d,
    0xd6, 0x9a, 0xef, 0xf8, 0x94, 0xcd, 0xb8, 0x1f,
    0xe2, 0x4, 0x55, 0x68, 0xa3, 0x93, 0x80, 0x7f,
    0x9a, 0x44, 0x84, 0x70, 0x7, 0xbf, 0xb9, 0x23,
    0xdc, 0x90, 0xf, 0x77, 0xf9, 0x5b, 0xfd, 0x0,
    0x1f, 0xc8, 0x60, 0x1f, 0xf3, 0xb, 0xd8, 0x4,
    0xc4, 0x43, 0x0, 0xa1, 0xf4, 0x30, 0x1, 0x7f,
    0xe8, 0x0, 0x49, 0xc0, 0x5b, 0x90, 0x6e, 0xd6,
    0x2c, 0xfe, 0x1, 0x59, 0x30, 0x80, 0x12, 0xdb,
    0x8, 0x3, 0xa4, 0x80, 0x2, 0x80,

    /* U+7801 "码" */
    0x0, 0xfc, 0x20, 0x1f, 0xf, 0xff, 0x6c, 0xf7,
    0xfe, 0xb0, 0x0, 0xff, 0x86, 0xff, 0x67, 0x31,
    0xfe, 0x72, 0x0, 0xc2, 0x24, 0x0, 0xa6, 0x80,
    0x5, 0xc0, 0x19, 0xcc, 0x3, 0xf, 0x80, 0x1c,
    0x80, 0x36, 0x8d, 0x51, 0x41, 0x88, 0x0, 0x4c,
    0x1, 0x12, 0x36, 0xe, 0x81, 0x38, 0x8, 0x10,
    0x5, 0x60, 0x6c, 0x5e, 0x21, 0x9f, 0xc1, 0xde,
    0x6, 0xc8, 0x1, 0x87, 0xff, 0xa8, 0x80, 0xa0,
    0x80, 0x31, 0x17, 0x19, 0x8, 0xb, 0x81, 0x21,
    0x7, 0xe6, 0x75, 0xb0, 0x6, 0x7f, 0x5f, 0xde,
    0xed, 0xea, 0x40, 0x19, 0x6e, 0xda, 0x1, 0xe4,
    0xd0, 0xa, 0xe8, 0x15, 0x40, 0x1b, 0x7c, 0xd4,
    0x2, 0x22, 0x0, 0x7d, 0x15, 0xe0, 0x0,

    /* U+786C "硬" */
    0x0, 0xff, 0xe2, 0xd5, 0xde, 0x6f, 0xff, 0xa4,
    0x1, 0x30, 0x9b, 0xed, 0xff, 0xe, 0xff, 0xa4,
    0x0, 0x60, 0x2c, 0x81, 0xff, 0xe, 0xff, 0x88,
    0x2, 0xa7, 0x0, 0xdb, 0xe3, 0xbe, 0x20, 0x10,
    0xb1, 0x4c, 0x8c, 0x3, 0xfd, 0x60, 0x22, 0x77,
    0x7, 0xe8, 0xfe, 0x88, 0x1, 0x54, 0x5f, 0x6,
    0x0, 0xfd, 0x1f, 0xd1, 0x0, 0x2e, 0xb0, 0x7,
    0x6f, 0x8e, 0xf8, 0x80, 0x44, 0x1, 0xdb, 0x9c,
    0x1b, 0xdc, 0x20, 0xd, 0xa8, 0x60, 0xbe, 0x62,
    0x42, 0x20, 0xe, 0x4f, 0x10, 0x76, 0xc7, 0x0,
    0xf9, 0xe6, 0xd9, 0xc0, 0xc1, 0x25, 0x4, 0x3,
    0x42, 0x4, 0xaf, 0x17, 0xee, 0x47, 0x50, 0x4,
    0x82, 0x0, 0x7b, 0xb0, 0x82, 0xe7, 0x58, 0x0,

    /* U+786E "确" */
    0x0, 0xfc, 0x64, 0x1, 0xff, 0xc1, 0xf8, 0x0,
    0xf5, 0xe6, 0x64, 0x41, 0x8d, 0x54, 0x20, 0x8,
    0x81, 0xcf, 0xb5, 0x44, 0x25, 0x48, 0x40, 0x6,
    0x0, 0x53, 0x94, 0x73, 0x51, 0x80, 0xd, 0x8a,
    0x0, 0xd0, 0xcc, 0x48, 0x66, 0x28, 0x0, 0xc0,
    0xee, 0x61, 0xad, 0x1d, 0xd5, 0x38, 0x40, 0x9f,
    0xc0, 0x81, 0x88, 0x8, 0x8c, 0x11, 0xc2, 0xe0,
    0x4, 0x2f, 0x87, 0x3a, 0xc1, 0xd8, 0x40, 0x33,
    0xdf, 0xe, 0x75, 0x81, 0xc8, 0x7, 0x8c, 0x81,
    0x88, 0xc0, 0x33, 0x98, 0x0, 0xaf, 0x86, 0x3a,
    0xc0, 0x34, 0xc0, 0x10, 0xfe, 0xf, 0x64, 0x0,
    0x6e, 0xb4, 0xb2, 0x20, 0x7, 0xe6, 0x30, 0xa7,
    0x90, 0x2, 0x9b, 0x5b, 0x0, 0x20, 0x40, 0x7d,
    0x0, 0x16, 0x29, 0x56,

    /* U+793A "示" */
    0x0, 0xff, 0xe2, 0x7f, 0xff, 0x84, 0x2, 0xde,
    0xef, 0xda, 0x20, 0x11, 0x8, 0xfe, 0x20, 0xf,
    0xfe, 0x25, 0x6e, 0xff, 0xf0, 0x67, 0xbb, 0x94,
    0x7b, 0xba, 0x4c, 0xe0, 0x33, 0x78, 0x19, 0x88,
    0xcc, 0x80, 0x2, 0xc5, 0x0, 0xcd, 0x82, 0x1,
    0xa4, 0xd4, 0x3, 0x30, 0xd0, 0x4, 0xa9, 0xc0,
    0x1e, 0xd5, 0x90, 0x2a, 0x82, 0x0, 0xf0, 0xd3,
    0x2b, 0x9b, 0x80, 0x5e, 0xe0, 0x12, 0x40, 0xae,
    0x0, 0x13, 0xdc, 0xc0, 0x33, 0xa0, 0x6, 0x49,
    0xd8, 0x0, 0xf0,

    /* U+79CB "秋" */
    0x0, 0xc4, 0xd6, 0x20, 0xe, 0x70, 0xe, 0x8b,
    0xed, 0xd6, 0x18, 0x4, 0x40, 0x1d, 0xbd, 0x3,
    0x6e, 0x40, 0x3, 0x0, 0xf2, 0xa8, 0x80, 0x22,
    0x60, 0x0, 0x83, 0x10, 0x0, 0x88, 0x20, 0x44,
    0x48, 0x3, 0x1, 0x97, 0x2, 0xcc, 0x50, 0xe6,
    0x38, 0x80, 0x44, 0xa0, 0xa0, 0x5d, 0xc3, 0x1e,
    0xe0, 0x30, 0x81, 0x69, 0x80, 0x61, 0x30, 0x42,
    0xfc, 0x30, 0xee, 0x48, 0x6, 0x81, 0xc, 0xf6,
    0x62, 0x2, 0xba, 0x80, 0x46, 0xd0, 0x10, 0xd0,
    0x1a, 0xc6, 0x20, 0x10, 0xf3, 0x10, 0x2, 0xa0,
    0x52, 0x96, 0x40, 0x23, 0x19, 0x0, 0x84, 0x50,
    0x66, 0x97, 0x20, 0x1, 0x60, 0x7, 0x2b, 0x78,
    0x1a, 0x70, 0x7, 0xe5, 0xa8, 0x30, 0x5, 0x16,
    0x8, 0x6, 0x10, 0xe6, 0x70, 0x8, 0x75, 0xc0,
    0x32, 0x78, 0x5c, 0x80, 0x71, 0xd8, 0x80,

    /* U+79D2 "秒" */
    0x0, 0xe3, 0x10, 0xb, 0x90, 0x3, 0x89, 0x63,
    0x31, 0x20, 0x1f, 0xe5, 0xe1, 0x2f, 0x80, 0x8,
    0xc0, 0x3c, 0xf7, 0x40, 0x1b, 0x4c, 0x1, 0x54,
    0x0, 0x8c, 0xcc, 0x4, 0x43, 0x22, 0x0, 0x25,
    0x58, 0x7, 0x36, 0x87, 0x25, 0x88, 0x40, 0x7,
    0x12, 0x43, 0xfc, 0xa3, 0xd7, 0x8e, 0x1, 0x9e,
    0x88, 0x2, 0x40, 0x55, 0x26, 0x80, 0x69, 0x70,
    0x9, 0x84, 0xe, 0xf1, 0xc0, 0xc1, 0x59, 0x80,
    0x1, 0x84, 0x6, 0x22, 0x0, 0x1d, 0xd2, 0xa8,
    0x0, 0xa0, 0xf0, 0x6, 0x18, 0x2, 0x6c, 0xe0,
    0x0, 0x2b, 0x60, 0x1f, 0x2b, 0xd1, 0x0, 0x7,
    0xd4, 0x3, 0x86, 0x6a, 0x54, 0x3, 0x8, 0x6,
    0x9c, 0xe5, 0xc6, 0x0, 0xf8, 0x44, 0x2, 0xd7,
    0x86, 0x1, 0xc0,

    /* U+7A7A "空" */
    0x0, 0xf8, 0x40, 0x3f, 0xf8, 0x35, 0x80, 0x1f,
    0xfc, 0x1e, 0x32, 0x0, 0xf3, 0x7f, 0xf5, 0x8e,
    0xff, 0xe7, 0x0, 0xe, 0xeb, 0x37, 0x7e, 0x10,
    0xc, 0x43, 0xa8, 0x44, 0x8, 0x12, 0x20, 0x83,
    0x73, 0x61, 0x20, 0x4, 0x39, 0x7e, 0xc0, 0x99,
    0x32, 0xc2, 0x0, 0x15, 0xd9, 0xb2, 0x1, 0x99,
    0xac, 0x1, 0xe4, 0xd8, 0x90, 0x2a, 0xdf, 0xff,
    0xe3, 0x10, 0xb, 0x37, 0xb8, 0xe3, 0xdc, 0xdd,
    0x28, 0x6, 0x32, 0x11, 0x78, 0x8, 0x88, 0x82,
    0x1, 0xff, 0xc5, 0x21, 0x1e, 0x0, 0x8, 0xfd,
    0x9d, 0xdd, 0x3, 0xdd, 0xeb, 0xff, 0xff, 0xe1,
    0x58,

    /* U+7A81 "突" */
    0x0, 0xf1, 0x6a, 0x0, 0x7e, 0x22, 0xe0, 0x3e,
    0x22, 0xf0, 0x3, 0x31, 0xff, 0x8d, 0xff, 0xf6,
    0x68, 0x80, 0x27, 0x75, 0x3b, 0xbb, 0xb7, 0x54,
    0x1, 0x4a, 0x4, 0xdb, 0x0, 0x13, 0x35, 0x96,
    0x84, 0x1d, 0xb5, 0x71, 0x9c, 0x93, 0x2a, 0x3c,
    0xc0, 0xd, 0x76, 0xc3, 0x18, 0x73, 0xce, 0xf9,
    0x50, 0x3, 0x73, 0x0, 0x66, 0x3d, 0x22, 0x39,
    0x80, 0xff, 0xf7, 0x6, 0x7e, 0xa6, 0x7f, 0x8c,
    0x73, 0x1b, 0xb2, 0x80, 0x27, 0x76, 0xcc, 0x18,
    0x19, 0x88, 0x80, 0xb1, 0x9, 0x12, 0x21, 0x98,
    0x3, 0x8b, 0xcd, 0xdc, 0xd8, 0xc0, 0x1e, 0x18,
    0xd1, 0xd0, 0x4, 0xc4, 0xe2, 0x88, 0x2, 0xf9,
    0xe7, 0x4, 0x2, 0x7c, 0x7a, 0xf1, 0x8, 0x87,
    0xb0, 0x7, 0x8e, 0xfa, 0x84,

    /* U+7A84 "窄" */
    0x0, 0xff, 0xe3, 0x9f, 0x8, 0x7, 0x84, 0x78,
    0x82, 0x44, 0x7d, 0xdd, 0xe1, 0x7e, 0xee, 0xf0,
    0xaf, 0xf5, 0x7f, 0xdb, 0x3f, 0xe9, 0x7, 0x71,
    0x5d, 0x8c, 0x0, 0xd7, 0xa8, 0x8b, 0xa8, 0xd2,
    0xc8, 0x20, 0x4d, 0xab, 0x45, 0x23, 0xc9, 0x92,
    0x89, 0x14, 0xb6, 0x40, 0x9, 0x3a, 0x41, 0xef,
    0xfd, 0x34, 0x40, 0x58, 0x94, 0x1b, 0xbe, 0xe2,
    0x6d, 0xc, 0x40, 0xff, 0xf4, 0x2, 0x46, 0x10,
    0x3, 0xbb, 0xb6, 0x40, 0x9c, 0x3, 0x19, 0xf0,
    0x98, 0x7, 0xd9, 0x9d, 0xb2, 0x1, 0xc6, 0x1d,
    0xde, 0xb0, 0xf, 0xfe, 0x18,

    /* U+7A97 "窗" */
    0x0, 0xff, 0xe3, 0x9e, 0x80, 0x7c, 0x67, 0xce,
    0x4c, 0x67, 0xc3, 0x9d, 0xff, 0x41, 0xd7, 0xfe,
    0xd6, 0x18, 0xc9, 0xc, 0xc8, 0x1a, 0x31, 0x1,
    0xbf, 0x66, 0x99, 0xc3, 0x8a, 0x78, 0xda, 0xc3,
    0xb1, 0xa0, 0x80, 0xa3, 0x6b, 0xc4, 0xc7, 0x3f,
    0xc3, 0x5f, 0xfa, 0xcc, 0x0, 0x2f, 0xfc, 0x99,
    0xff, 0x84, 0x40, 0x18, 0x75, 0x37, 0xb9, 0xa2,
    0x1, 0xec, 0x48, 0xce, 0x35, 0x10, 0xf, 0x64,
    0x16, 0x6a, 0x40, 0x7, 0xcb, 0x56, 0x5, 0xc0,
    0x1f, 0x8, 0x82, 0x32, 0x74, 0x88, 0x1, 0x85,
    0xe1, 0xef, 0xed, 0xff, 0xc2, 0x1, 0x9b, 0x77,
    0xf0, 0x80, 0x0,

    /* U+7ACB "立" */
    0x0, 0xff, 0xe5, 0x3e, 0x0, 0x7f, 0xf0, 0x94,
    0xd8, 0x3, 0xff, 0x82, 0x50, 0xa0, 0x1f, 0x87,
    0xff, 0xa3, 0x3f, 0xf8, 0x40, 0x3, 0xbd, 0xdf,
    0xdb, 0xa1, 0x0, 0x88, 0xc8, 0x47, 0xd4, 0xe4,
    0x1, 0xd1, 0xc0, 0x1c, 0x28, 0x60, 0x1e, 0x92,
    0x50, 0xc, 0x80, 0xc0, 0x1e, 0x33, 0x48, 0x6,
    0xf5, 0x0, 0xfd, 0x26, 0x60, 0x9, 0x78, 0x3,
    0xf2, 0x8c, 0x80, 0x14, 0x50, 0x3, 0xf9, 0x90,
    0x1, 0xce, 0x1, 0xe4, 0x33, 0xb6, 0x8d, 0x11,
    0xe6, 0x64, 0x40, 0x2, 0xf7, 0x6b, 0xad, 0xa1,
    0x8d, 0xd5, 0x50, 0x40,

    /* U+7AD6 "竖" */
    0x0, 0xd1, 0x60, 0x1f, 0xf4, 0xd0, 0x4, 0xbf,
    0xfe, 0xa0, 0x8, 0x40, 0x1e, 0xb, 0x63, 0xfe,
    0xd0, 0x90, 0xf, 0xe4, 0x37, 0x8, 0x43, 0x0,
    0xff, 0x74, 0x4a, 0xc8, 0x7, 0xfc, 0x44, 0x66,
    0x10, 0x6, 0x10, 0x7, 0x81, 0xd6, 0x2c, 0xa6,
    0x31, 0x80, 0x22, 0xc2, 0x2d, 0xc7, 0x61, 0xb7,
    0xf9, 0x80, 0x23, 0x11, 0x81, 0x18, 0x47, 0x52,
    0x80, 0x2f, 0x3f, 0xea, 0x18, 0xff, 0xb3, 0x80,
    0x2a, 0xef, 0x4f, 0xee, 0xd3, 0x7d, 0x80, 0x1c,
    0x2d, 0x40, 0x11, 0x40, 0x7, 0x9, 0x15, 0x2,
    0x45, 0x41, 0xb9, 0x14, 0x11, 0xbb, 0x5a, 0xee,
    0xca, 0x7b, 0xb8, 0x40,

    /* U+7AEF "端" */
    0x0, 0xb, 0x0, 0x7b, 0xcc, 0x3, 0x92, 0x48,
    0x1, 0xe2, 0x1, 0xbd, 0x0, 0xa, 0x88, 0x0,
    0x8, 0x7, 0xb, 0x82, 0x23, 0xc9, 0x40, 0x59,
    0xc2, 0xdc, 0x40, 0x1d, 0xdc, 0x10, 0x0, 0x8f,
    0x8, 0x20, 0xaa, 0xbf, 0x88, 0xcf, 0xe5, 0xd,
    0x60, 0xed, 0x7f, 0xf4, 0x5f, 0xfd, 0xc0, 0xb8,
    0xb, 0x8b, 0x76, 0x82, 0xbb, 0xa8, 0x35, 0x4,
    0x48, 0xbf, 0xeb, 0x2f, 0xfa, 0x41, 0xd, 0xc,
    0x0, 0xba, 0x3e, 0x3c, 0xe0, 0x1, 0xd2, 0x66,
    0x18, 0x7, 0xe1, 0x7a, 0x97, 0xf0, 0xf, 0xf5,
    0x6e, 0x6c, 0x98, 0x8, 0x7, 0x87, 0x5c, 0x80,
    0x31, 0xf0, 0x7a, 0x28, 0x80, 0x78, 0xc0, 0x30,
    0x91, 0xd8, 0x7, 0x9a, 0x80, 0x33, 0x71, 0x80,

    /* U+7B49 "等" */
    0x0, 0x88, 0x3, 0xff, 0x84, 0xda, 0x40, 0x19,
    0x7c, 0xc0, 0x3d, 0x1, 0x9d, 0xd1, 0xd8, 0x76,
    0xec, 0xc1, 0x67, 0xf0, 0x1d, 0xf0, 0x5d, 0x87,
    0x78, 0xc1, 0x9e, 0xf, 0x3, 0xa7, 0x82, 0x29,
    0xe1, 0x0, 0x3a, 0x6e, 0x5e, 0x1b, 0x6e, 0xd5,
    0x80, 0x19, 0xf3, 0x31, 0xb6, 0x65, 0xe8, 0x1,
    0x84, 0x78, 0x3c, 0x46, 0x20, 0xa, 0x7f, 0xfc,
    0x71, 0xff, 0xe7, 0x9f, 0xff, 0xe9, 0x1f, 0xf9,
    0xc0, 0x6, 0x45, 0xf7, 0x1, 0x10, 0x40, 0x3,
    0xbf, 0xff, 0x30, 0xfe, 0x30, 0x0, 0x7b, 0x7,
    0xb7, 0x74, 0xe, 0xf3, 0x80, 0x61, 0x5e, 0x10,
    0x8, 0x40, 0x3f, 0xa6, 0x84, 0x16, 0x68, 0x80,
    0x3f, 0x9c, 0x0, 0xc7, 0x5a, 0x1, 0x80,

    /* U+7B5B "筛" */
    0x0, 0x85, 0x0, 0x39, 0x40, 0x3f, 0x4d, 0x8,
    0x4, 0x94, 0x60, 0x1e, 0x37, 0xd, 0xcd, 0x28,
    0xf, 0xcc, 0x9c, 0xf, 0x5e, 0x8e, 0x65, 0x47,
    0x68, 0x73, 0xea, 0x1e, 0x90, 0x88, 0x64, 0x29,
    0x49, 0x46, 0x32, 0xc, 0xa0, 0x2f, 0x24, 0xe2,
    0x45, 0xf7, 0x52, 0x4, 0xf0, 0x6b, 0x28, 0x8a,
    0xe6, 0x21, 0x2e, 0xe, 0x20, 0x11, 0xe6, 0x45,
    0x19, 0x92, 0x80, 0x7d, 0x13, 0x22, 0xe9, 0x93,
    0x80, 0x78, 0x41, 0x83, 0x84, 0xb8, 0x28, 0x3,
    0x84, 0x0, 0x7a, 0xe7, 0x8f, 0xa0, 0x18, 0x43,
    0x54, 0x3, 0xfe, 0x18, 0x5, 0xc0, 0xf, 0x16,
    0x0, 0x44, 0xf2, 0x4c, 0x6, 0x1, 0x99, 0x96,
    0x0, 0x1b, 0x69, 0x10, 0xd5, 0x3, 0x4, 0xe6,
    0x0, 0x9, 0x53, 0x0, 0xc, 0x40, 0x6, 0x1,
    0x80,

    /* U+7B7E "签" */
    0x0, 0x88, 0xc0, 0x38, 0xc0, 0x3f, 0x4f, 0x80,
    0x4, 0x1b, 0x4, 0x3, 0xca, 0x87, 0xff, 0x4,
    0x6, 0x6e, 0xac, 0x0, 0x95, 0x14, 0x5f, 0xeb,
    0x3d, 0x47, 0xf9, 0x1, 0xa7, 0x72, 0x20, 0x58,
    0xbc, 0xb4, 0x48, 0x80, 0x3d, 0x0, 0x33, 0x10,
    0x53, 0x4, 0xb0, 0xf, 0xd2, 0xd8, 0xfe, 0xc0,
    0x1f, 0x8b, 0x1a, 0xce, 0xde, 0x7a, 0xc, 0x0,
    0x2b, 0x7a, 0x72, 0xc4, 0x4b, 0x71, 0x7c, 0xf1,
    0x3a, 0xa, 0x68, 0xcc, 0xcd, 0x56, 0xca, 0x25,
    0xf6, 0xb3, 0xd9, 0x1d, 0xcc, 0x25, 0x9a, 0x0,
    0xcd, 0x60, 0x9, 0x10, 0xbb, 0x8, 0x7, 0x99,
    0x4c, 0x88, 0x80, 0xf0, 0x1, 0xc2, 0x44, 0xb1,
    0x2e, 0x78, 0x36, 0x22, 0x0, 0x57, 0xba, 0xad,
    0xd6, 0x6b, 0x96, 0xec, 0x20,

    /* U+7C7B "类" */
    0x0, 0xff, 0xe2, 0x9b, 0x80, 0x1f, 0x0, 0xd,
    0x60, 0x1e, 0x98, 0x0, 0xc7, 0x3a, 0x1, 0xc7,
    0xaa, 0x20, 0x14, 0x3b, 0x0, 0x4f, 0xfd, 0xa7,
    0xf0, 0x7c, 0xad, 0xdc, 0xb0, 0x6d, 0xff, 0x61,
    0x89, 0xe2, 0xef, 0xfa, 0x80, 0x48, 0x4f, 0xde,
    0x40, 0xdf, 0x50, 0x44, 0x0, 0x18, 0xd5, 0xa0,
    0x0, 0xe4, 0xd5, 0x4, 0xb, 0x93, 0x20, 0x5,
    0xc0, 0xf, 0x68, 0x60, 0x5b, 0x86, 0x0, 0x35,
    0x0, 0x93, 0x88, 0x2b, 0x7f, 0xf5, 0xf, 0xff,
    0x86, 0xfb, 0x9f, 0xed, 0x1, 0x6f, 0xfb, 0xb8,
    0x23, 0x80, 0x12, 0x9e, 0x92, 0x0, 0x11, 0x0,
    0x65, 0xd0, 0xb1, 0xc5, 0xd6, 0x0, 0x96, 0xfe,
    0x2e, 0xc0, 0x1, 0xcb, 0x8f, 0xa0, 0x62, 0xbd,
    0x60, 0xe, 0x6e, 0xae, 0x0,

    /* U+7C97 "粗" */
    0x0, 0x8f, 0xc0, 0x3f, 0xf8, 0x4, 0x60, 0x20,
    0xa5, 0xdf, 0xfc, 0x60, 0xa, 0x90, 0xa, 0x9c,
    0x33, 0xfe, 0x0, 0xda, 0x80, 0x8, 0x55, 0x18,
    0x7, 0x8, 0x1, 0x7c, 0x1, 0x16, 0x0, 0x8a,
    0xa8, 0x2, 0x2e, 0xcd, 0x1d, 0xc6, 0xd, 0xee,
    0x80, 0x22, 0xdc, 0x41, 0xcf, 0x70, 0x54, 0x48,
    0x3, 0x18, 0xa0, 0x28, 0x8, 0x7, 0xf9, 0x84,
    0x32, 0x40, 0xa, 0x89, 0x0, 0x61, 0x88, 0x4,
    0x22, 0x85, 0x7f, 0xc0, 0x1a, 0x95, 0x0, 0x16,
    0xa1, 0xf7, 0x70, 0x4, 0x4b, 0x40, 0x12, 0x0,
    0x7f, 0x17, 0x88, 0x4, 0x22, 0x7, 0x11, 0x81,
    0x84, 0x4, 0x3, 0x57, 0x9d, 0x7f, 0xc3, 0x4c,
    0x1, 0x84, 0x2f, 0xbb, 0xf3, 0x80,

    /* U+7CFB "系" */
    0x0, 0xf8, 0x49, 0x1a, 0x76, 0x40, 0x36, 0xf7,
    0x3f, 0xdd, 0xcf, 0xf7, 0x5e, 0x0, 0x6f, 0xcf,
    0xf4, 0x4, 0xdc, 0xbb, 0x28, 0x6, 0x22, 0xa,
    0xcd, 0x28, 0x3f, 0x28, 0x7, 0x92, 0xae, 0x9c,
    0xae, 0x61, 0x40, 0x3d, 0xc8, 0x71, 0xba, 0x2e,
    0x60, 0xf, 0xab, 0xbd, 0xcf, 0x24, 0xb9, 0x80,
    0x38, 0x52, 0xb3, 0x70, 0xc4, 0xe2, 0x64, 0x1,
    0xa2, 0xd4, 0x23, 0xbf, 0xd9, 0x66, 0xd4, 0x1,
    0x46, 0xf7, 0x58, 0x1f, 0xba, 0xcb, 0xc0, 0x8,
    0x5b, 0x48, 0x3, 0xe, 0xaa, 0x30, 0x4, 0x76,
    0xa4, 0x1, 0x86, 0xaa, 0x0, 0x9b, 0x22, 0x40,
    0x30, 0x83, 0xda, 0xd8, 0x5, 0x4e, 0x0, 0xdd,
    0x8, 0x4, 0x99, 0x0, 0x6, 0x50, 0xa, 0xeb,
    0xc0, 0x31, 0x98, 0x0,

    /* U+7D20 "素" */
    0x0, 0xfb, 0x94, 0x3, 0xf6, 0xef, 0xd, 0xee,
    0xe9, 0x0, 0xbb, 0xff, 0x14, 0xff, 0xeb, 0x0,
    0x87, 0xfb, 0xa2, 0xae, 0xea, 0x48, 0x2, 0x2f,
    0xdd, 0x8a, 0xf7, 0x6a, 0x0, 0x17, 0xf6, 0x7f,
    0xc5, 0x3f, 0xfb, 0xa8, 0xbb, 0xaf, 0x70, 0xbf,
    0xf2, 0x5f, 0x72, 0x80, 0x42, 0x39, 0x8a, 0x37,
    0x80, 0x40, 0x3d, 0x57, 0x96, 0x4f, 0xb5, 0x96,
    0x1, 0x8d, 0x7b, 0x61, 0x42, 0x71, 0x52, 0xc0,
    0x25, 0xc0, 0x69, 0x1, 0x8e, 0xcd, 0x10, 0x9,
    0xb9, 0x39, 0x8c, 0x4e, 0xf5, 0xe8, 0x0, 0xfd,
    0x10, 0x61, 0x20, 0x4, 0x25, 0x69, 0x81, 0x46,
    0xb0, 0x62, 0xe0, 0xc, 0x72, 0x98, 0x2b, 0x0,
    0x59, 0xec, 0x1, 0xc, 0x0,

    /* U+7D22 "索" */
    0x0, 0xf0, 0xf9, 0x80, 0x7c, 0x79, 0x9b, 0x43,
    0xb3, 0x34, 0x0, 0xf, 0x77, 0x70, 0x4e, 0xee,
    0x90, 0x1, 0x19, 0xe1, 0x1, 0x33, 0xe1, 0xc,
    0xfe, 0xeb, 0xce, 0x7b, 0xb6, 0xb8, 0x2, 0x33,
    0x1c, 0x13, 0x99, 0xc2, 0x0, 0x31, 0x6, 0xfa,
    0x51, 0xac, 0x20, 0x85, 0xd, 0x4f, 0x90, 0xbf,
    0xe1, 0x93, 0x6, 0x30, 0xb, 0xb9, 0x40, 0xdb,
    0x67, 0xe6, 0x1, 0xa2, 0xba, 0x1c, 0xe6, 0xe8,
    0x71, 0x40, 0x21, 0x39, 0xaf, 0x5c, 0xac, 0xf7,
    0x0, 0xd2, 0x38, 0xaa, 0x12, 0x1a, 0xca, 0x50,
    0x1, 0xe2, 0xc0, 0x0, 0x40, 0x14, 0xba, 0xe0,
    0x8, 0x4c, 0x25, 0xe0, 0x70, 0x4, 0xd5, 0x88,
    0x5c, 0x0, 0x12, 0xf8, 0x80, 0x25, 0xc1,

    /* U+7D2B "紫" */
    0x0, 0xc7, 0xe0, 0x2, 0xf0, 0x8, 0x80, 0x35,
    0x20, 0x8, 0x88, 0x2, 0x4d, 0xc1, 0x0, 0x9c,
    0x40, 0x7f, 0x44, 0x3a, 0x2b, 0xc4, 0x3, 0xc3,
    0xde, 0x21, 0x98, 0x70, 0x30, 0xc, 0x6e, 0x2a,
    0xc0, 0x1, 0x0, 0x3e, 0x8, 0x69, 0x5f, 0xaf,
    0x1, 0x26, 0xf7, 0x21, 0xc4, 0x33, 0xf6, 0x8d,
    0x88, 0x3d, 0x37, 0xb9, 0x0, 0x1, 0xd, 0xe6,
    0x18, 0xdb, 0xd2, 0x0, 0xfa, 0xa9, 0x8a, 0x69,
    0xcf, 0x10, 0x0, 0xf3, 0x87, 0x26, 0x48, 0x8b,
    0xdd, 0x80, 0x34, 0x7d, 0x11, 0xe7, 0xee, 0xc7,
    0x26, 0x1, 0x55, 0x23, 0x3e, 0xc7, 0x75, 0xd9,
    0x6, 0x1, 0x1e, 0x42, 0x8, 0x4, 0x97, 0xa6,
    0x1, 0x57, 0x1e, 0xbe, 0x51, 0x2, 0xf2, 0xdd,
    0x80, 0x1f, 0xd4, 0x41, 0x51, 0xa0, 0x14, 0x6f,
    0x80,

    /* U+7EA2 "红" */
    0x0, 0x99, 0x40, 0x3f, 0xf8, 0x30, 0x40, 0x1f,
    0xfc, 0x5, 0x37, 0x0, 0x6f, 0xff, 0x98, 0x1,
    0x12, 0xc, 0xcc, 0xef, 0x1a, 0xfe, 0x60, 0x87,
    0x40, 0x81, 0x18, 0x0, 0x20, 0x20, 0x8e, 0x37,
    0xa4, 0xe0, 0x1f, 0x95, 0xfb, 0x4b, 0x80, 0x3f,
    0x86, 0x16, 0xe8, 0x80, 0x3f, 0xea, 0x45, 0x23,
    0x0, 0xfe, 0xb5, 0x4f, 0xcb, 0x0, 0xfe, 0xc8,
    0x9e, 0xe4, 0x0, 0x7f, 0x3b, 0x90, 0x51, 0xc0,
    0x3f, 0x96, 0x33, 0xe7, 0x90, 0xcc, 0x6, 0x78,
    0x2c, 0xeb, 0xb7, 0x55, 0xdc, 0x3a, 0xee, 0x78,
    0x75, 0xb0, 0x82, 0x76, 0xef, 0xb0,

    /* U+7EA7 "级" */
    0x0, 0xa1, 0x0, 0x3f, 0xf8, 0x4e, 0x21, 0x5f,
    0xfe, 0x30, 0xc, 0xc6, 0xa3, 0x7a, 0x1f, 0xeb,
    0x3, 0x0, 0x86, 0x3c, 0x3d, 0xc, 0x2, 0x23,
    0x0, 0xd4, 0xe6, 0xc0, 0xa0, 0x1b, 0xd0, 0x2,
    0x14, 0x6f, 0x9b, 0x0, 0xe4, 0xf3, 0x10, 0x1b,
    0xe8, 0x45, 0x2, 0x1, 0x1a, 0xf1, 0x40, 0x8,
    0x53, 0x40, 0x7, 0x9, 0x1c, 0xe0, 0x40, 0x1,
    0x6c, 0xab, 0x1, 0x93, 0x88, 0x2a, 0x0, 0x5e,
    0x33, 0x1c, 0x19, 0x4d, 0x61, 0x5a, 0x1, 0x7e,
    0xf6, 0x51, 0x23, 0x42, 0x51, 0xb0, 0x4, 0x2b,
    0x5d, 0xc8, 0x51, 0x14, 0x2c, 0x80, 0x6e, 0xbd,
    0xd5, 0xa5, 0x81, 0xc1, 0x49, 0x80, 0x5b, 0x8e,
    0xb1, 0x47, 0x39, 0x1a, 0xd9, 0x22, 0x1, 0x9b,
    0x52, 0xf, 0x58, 0x22, 0xcc, 0x40,

    /* U+7EBF "线" */
    0x0, 0xa1, 0x0, 0x26, 0x90, 0xf, 0xc2, 0xe2,
    0x1, 0xb, 0x86, 0x38, 0x7, 0x42, 0xa8, 0x2,
    0x13, 0xf, 0xb0, 0xc, 0x6f, 0x65, 0xc6, 0x1,
    0xd7, 0x63, 0x1, 0xe8, 0x18, 0x57, 0x75, 0x17,
    0xfb, 0xb0, 0x81, 0x4a, 0x7d, 0x6b, 0x39, 0x3,
    0xf2, 0x5c, 0x0, 0x99, 0xeb, 0x23, 0x13, 0x40,
    0x8f, 0x5d, 0xc0, 0x1, 0xab, 0x30, 0x1a, 0xf0,
    0x27, 0xb3, 0x7c, 0x0, 0xb5, 0x26, 0x85, 0xfe,
    0x38, 0x9e, 0x81, 0x0, 0x40, 0x5f, 0xea, 0x20,
    0x53, 0xdd, 0xda, 0x20, 0xf, 0xf7, 0x64, 0x80,
    0x56, 0xb1, 0x4c, 0x1, 0xa, 0xc5, 0xf3, 0x0,
    0xc0, 0x1a, 0x82, 0x0, 0xe5, 0x8f, 0x63, 0x33,
    0xc3, 0x4a, 0x4e, 0xd0, 0x7b, 0x92, 0xa5, 0x93,
    0x16, 0x58, 0xf8, 0x48, 0x2, 0x1, 0xbb, 0x8c,
    0x0, 0x2f, 0x9c, 0x0,

    /* U+7EC6 "细" */
    0x0, 0x95, 0x40, 0x1f, 0xfc, 0x18, 0xd0, 0xf,
    0xfe, 0x2, 0x9c, 0x0, 0x3b, 0xff, 0xe0, 0x4,
    0x58, 0x59, 0x85, 0xf8, 0xe7, 0xd8, 0x84, 0xa,
    0xb2, 0x10, 0x7, 0xf3, 0x9f, 0xcc, 0x8, 0x7,
    0xf5, 0xf4, 0x13, 0x80, 0x7f, 0x90, 0xe3, 0x80,
    0x2a, 0xe1, 0xde, 0xa0, 0x0, 0xfb, 0x98, 0x80,
    0x2b, 0x87, 0x7a, 0x80, 0x10, 0x4f, 0xfe, 0x10,
    0xf, 0xe8, 0xce, 0xfe, 0x10, 0xf, 0xe1, 0x31,
    0x36, 0x40, 0xc, 0xe0, 0x1a, 0xb7, 0xf7, 0x40,
    0xb, 0xf1, 0xbf, 0xb0, 0x6, 0xc7, 0x72, 0xd0,
    0x2f, 0xff, 0x58, 0x83, 0xa8, 0x80, 0x5e, 0x80,
    0x19, 0x3c,

    /* U+7EC8 "终" */
    0x0, 0x9c, 0x40, 0x24, 0xb0, 0xf, 0xc9, 0x6,
    0x1, 0x70, 0x80, 0x7e, 0xe6, 0x20, 0x1, 0x2a,
    0xbf, 0xec, 0x0, 0x85, 0x20, 0x68, 0x60, 0x2b,
    0xfc, 0x32, 0x1, 0x5b, 0xc, 0xa3, 0xac, 0xc0,
    0x39, 0x28, 0x1, 0x14, 0xa9, 0xeb, 0x65, 0x86,
    0xe3, 0xc0, 0x24, 0x6f, 0x76, 0x4b, 0x60, 0xa4,
    0x41, 0x80, 0x69, 0x0, 0x48, 0x0, 0x66, 0x25,
    0xb0, 0xc0, 0x22, 0xbe, 0x1, 0x9e, 0x3a, 0x6d,
    0x5c, 0xa0, 0x6, 0xe, 0xfc, 0xfd, 0xd5, 0xf4,
    0x5e, 0x78, 0x2, 0x21, 0x5b, 0xc, 0x81, 0xf6,
    0x98, 0x6a, 0x0, 0x67, 0x43, 0x40, 0x1a, 0x55,
    0x67, 0x80, 0x43, 0x17, 0xdc, 0xf0, 0x30, 0xae,
    0x93, 0x0, 0x85, 0x33, 0x7e, 0xc0, 0xab, 0xed,
    0x75, 0x40, 0x2c, 0x73, 0x0, 0xf2, 0xe5, 0xa0,
    0x0,

    /* U+7ECF "经" */
    0x0, 0x95, 0x0, 0x3f, 0xf8, 0x51, 0x80, 0xe,
    0xdd, 0xe5, 0x0, 0xca, 0x10, 0x0, 0xdf, 0xf9,
    0x1, 0x40, 0x34, 0x48, 0x3c, 0x99, 0x11, 0xdd,
    0xe0, 0x1a, 0x5d, 0x6, 0x3c, 0x0, 0xb4, 0x60,
    0x18, 0x99, 0x3b, 0x8a, 0xc1, 0x17, 0x76, 0xb8,
    0x0, 0xb3, 0x12, 0x54, 0xdc, 0x98, 0x8d, 0x93,
    0x80, 0x3, 0x9, 0xf0, 0x29, 0xc2, 0x0, 0x1f,
    0xc0, 0x0, 0xb2, 0x19, 0x8f, 0x5d, 0xde, 0x50,
    0x7, 0xc, 0xc6, 0xe, 0x7f, 0x82, 0xff, 0x44,
    0x1, 0xdb, 0xf9, 0x44, 0x23, 0x0, 0x88, 0x80,
    0x22, 0x21, 0xb4, 0xa8, 0x7, 0xf0, 0xf7, 0xe5,
    0x8, 0x8, 0xc0, 0x1, 0x18, 0x6, 0xf3, 0xf2,
    0x2f, 0xba, 0x1b, 0xee, 0x80,

    /* U+7ED3 "结" */
    0x0, 0xa8, 0xc0, 0x3b, 0x94, 0x3, 0xc6, 0xae,
    0x1, 0xff, 0xc1, 0x94, 0x40, 0x9, 0x9c, 0x4,
    0x66, 0x41, 0x2, 0x59, 0x8, 0x7e, 0xff, 0xd,
    0x7f, 0xa5, 0x43, 0x94, 0x99, 0xd7, 0x73, 0x5,
    0x19, 0x8d, 0x45, 0x37, 0xd9, 0xa3, 0x22, 0x8c,
    0xc4, 0x41, 0x4, 0x9e, 0x66, 0x28, 0x5f, 0xf8,
    0xef, 0xfc, 0xc0, 0x2c, 0xed, 0x20, 0x9, 0xdd,
    0xf3, 0x80, 0xe, 0x95, 0xe8, 0x93, 0xff, 0xc8,
    0x0, 0xc1, 0x5d, 0x22, 0x0, 0xff, 0xe1, 0x0,
    0xb7, 0xf6, 0xa0, 0x3, 0xfe, 0x20, 0x35, 0x83,
    0x0, 0xfe, 0x4f, 0xf6, 0x41, 0x8, 0xf, 0xfe,
    0x10, 0x2, 0x56, 0xfe, 0xd1, 0x0, 0xff, 0xe1,
    0x0, 0x94, 0x80, 0x32, 0x78, 0x6, 0xe4, 0x0,

    /* U+7ED8 "绘" */
    0x0, 0xff, 0x8, 0x7, 0xe9, 0x60, 0xc, 0xdc,
    0x40, 0x1e, 0x16, 0x0, 0xea, 0x5, 0x0, 0xf3,
    0x13, 0x0, 0x48, 0x79, 0x24, 0x1, 0xd3, 0x1,
    0x66, 0x12, 0xe7, 0x18, 0x40, 0x15, 0xaa, 0xe2,
    0x90, 0x80, 0x64, 0xd7, 0x2, 0x44, 0x75, 0x4c,
    0x3a, 0x77, 0x48, 0xf0, 0x85, 0x9d, 0x24, 0xe3,
    0x51, 0x99, 0xa3, 0x50, 0xc, 0x22, 0x42, 0x10,
    0x48, 0xb0, 0x10, 0x0, 0x75, 0x95, 0x7, 0xff,
    0xe9, 0x0, 0x31, 0xb7, 0xc8, 0xef, 0x22, 0xf7,
    0x50, 0x0, 0x6d, 0xfe, 0xd0, 0x25, 0x4b, 0x2d,
    0x11, 0x0, 0x4, 0x15, 0xe8, 0x45, 0x32, 0x13,
    0x26, 0x0, 0xbf, 0x63, 0xb0, 0x30, 0xd, 0x9c,
    0xec, 0x2, 0xbe, 0xd9, 0x61, 0x6, 0xd1, 0x29,
    0x25, 0x0, 0x20, 0x80, 0x6d, 0xb8, 0x75, 0x4c,
    0x50,

    /* U+7ED9 "给" */
    0x0, 0x99, 0x0, 0x32, 0x6a, 0x0, 0x7d, 0x4,
    0x1, 0xb4, 0x84, 0x3, 0xc6, 0xc, 0x1, 0x9c,
    0xe0, 0x3, 0xd4, 0xc1, 0x28, 0xe, 0x18, 0x12,
    0x1, 0x89, 0xa4, 0x99, 0x85, 0x16, 0x1c, 0xce,
    0x1, 0x78, 0xdf, 0xc1, 0xf9, 0xa8, 0x1c, 0xc5,
    0x90, 0x2b, 0x11, 0xb6, 0x98, 0x7f, 0xd3, 0x26,
    0x70, 0x88, 0x1d, 0x8f, 0x7e, 0x7f, 0xe6, 0xd5,
    0x1, 0xa5, 0x38, 0x4, 0xee, 0xed, 0x0, 0x8d,
    0x46, 0x8c, 0x80, 0x77, 0x68, 0x30, 0x8, 0xb7,
    0xf2, 0xc0, 0x2, 0x67, 0x10, 0x7, 0x11, 0x1a,
    0x90, 0x3, 0xfd, 0x1f, 0xb4, 0x4a, 0x3, 0xff,
    0x58, 0x6, 0xba, 0xec, 0x81, 0x1, 0xff, 0xac,
    0x40, 0x23, 0x51, 0x0, 0xfc, 0x9e, 0x0,

    /* U+7EDC "络" */
    0x0, 0x8c, 0x3, 0x25, 0x88, 0x7, 0xed, 0x70,
    0xb, 0x9c, 0x40, 0x3e, 0x50, 0x70, 0x0, 0xa9,
    0xff, 0xe5, 0x0, 0xa6, 0xc2, 0x86, 0xc1, 0xbf,
    0xcc, 0x6a, 0x0, 0x60, 0x57, 0x46, 0x5b, 0x64,
    0x43, 0x70, 0x0, 0x64, 0xb6, 0x20, 0x76, 0x93,
    0x57, 0x44, 0x0, 0x19, 0xc5, 0x26, 0x44, 0x7,
    0x8, 0x7, 0x98, 0xde, 0x40, 0x5f, 0x9a, 0xde,
    0xb5, 0xc8, 0x1, 0x68, 0x80, 0xd8, 0x4f, 0x48,
    0xc1, 0x8a, 0x7, 0x57, 0xdd, 0x75, 0x2f, 0x7f,
    0xb0, 0xf6, 0x40, 0xda, 0xa7, 0xc9, 0x87, 0xfe,
    0xc0, 0x21, 0x4, 0x94, 0x1b, 0x10, 0xf, 0x8,
    0x5, 0x1f, 0xbd, 0xe2, 0x3, 0x99, 0x70, 0x6,
    0xc6, 0xdb, 0x60, 0xb, 0xfe, 0xb0, 0xc, 0x92,
    0x40, 0x18, 0x4c, 0xe5, 0x10, 0xf, 0xe3, 0xf0,
    0x8, 0xfc, 0x0,

    /* U+7EDF "统" */
    0x0, 0xff, 0x10, 0x7, 0xea, 0x40, 0xd, 0x3c,
    0x1, 0xf1, 0xab, 0x80, 0x68, 0x71, 0x0, 0xf4,
    0xa9, 0x86, 0x7f, 0xb9, 0x3b, 0xfd, 0xc0, 0x3,
    0x5b, 0x4d, 0xff, 0x71, 0x5f, 0xfb, 0xbc, 0xb,
    0x95, 0x50, 0x26, 0xe, 0x6a, 0x2, 0x30, 0x0,
    0x9e, 0x4f, 0x80, 0x62, 0x84, 0xb9, 0x0, 0x5,
    0xfa, 0x30, 0x47, 0x8c, 0x82, 0x9, 0x42, 0x1,
    0x30, 0xb8, 0x29, 0x3f, 0xf6, 0xb8, 0x58, 0x1,
    0x65, 0x1e, 0x96, 0x99, 0x38, 0x37, 0x20, 0x1,
    0xe4, 0x7f, 0x86, 0xa2, 0x20, 0x8, 0x88, 0x0,
    0xad, 0xa8, 0x61, 0x3, 0xd0, 0xf, 0x85, 0x1e,
    0xfd, 0xcd, 0x14, 0x3, 0x30, 0x8b, 0xab, 0x75,
    0xc9, 0xac, 0x40, 0x5, 0x39, 0x21, 0xde, 0xa6,
    0x3c, 0x59, 0x1, 0x3b, 0xc5, 0x30, 0x20, 0x8,
    0xb6, 0xc0, 0x2c, 0xff, 0x50, 0x0,

    /* U+7EE7 "继" */
    0x0, 0x33, 0x80, 0x79, 0x38, 0x3, 0xd5, 0xa0,
    0x7, 0x3a, 0x20, 0xa, 0x58, 0x0, 0x27, 0x0,
    0xa, 0x50, 0xa0, 0x9, 0x8c, 0x1, 0x2c, 0x4a,
    0x20, 0x7e, 0xa0, 0x5, 0x5, 0x2, 0x68, 0xa,
    0x60, 0x2, 0x40, 0x1, 0x28, 0x1, 0x43, 0xfe,
    0x37, 0x0, 0x2b, 0x10, 0x93, 0x18, 0x55, 0xd0,
    0x70, 0x5, 0x3d, 0x21, 0xdc, 0x80, 0x24, 0x88,
    0x10, 0x5, 0xba, 0x11, 0x66, 0xd8, 0x2, 0x9d,
    0x88, 0x3, 0x40, 0x3, 0x5c, 0x0, 0x4a, 0x9d,
    0xc0, 0x9, 0x1a, 0x3, 0xa1, 0x0, 0xb7, 0xfd,
    0x80, 0x2, 0xb8, 0x20, 0x29, 0x0, 0x88, 0x4d,
    0x84, 0xa, 0xd8, 0x4, 0x19, 0x1, 0xbf, 0xb9,
    0xe2, 0x6, 0xa2, 0xb8, 0x23, 0x3, 0xe7, 0xec,
    0x80, 0x27, 0xba, 0xce, 0xe8, 0x80,

    /* U+7EEA "绪" */
    0x0, 0xa1, 0x0, 0x34, 0xc0, 0x7, 0xc6, 0xe4,
    0x1, 0xde, 0x0, 0xc8, 0x0, 0xa4, 0xd8, 0x1,
    0xde, 0xd1, 0xaa, 0x78, 0x0, 0x25, 0xf0, 0xe6,
    0xef, 0x68, 0xfb, 0x84, 0x0, 0x72, 0x9b, 0x1a,
    0x10, 0x87, 0xf2, 0xb1, 0x9, 0x99, 0x7e, 0x7a,
    0x7f, 0x11, 0xc9, 0xb3, 0xe0, 0xf3, 0x99, 0x87,
    0x7b, 0xa9, 0x1f, 0xdd, 0xa4, 0xc, 0x92, 0x40,
    0x34, 0x9d, 0x5d, 0x88, 0x0, 0x5a, 0x8f, 0x1,
    0x5f, 0xdc, 0x88, 0x20, 0x80, 0x28, 0x5e, 0xcf,
    0x14, 0xc, 0xf0, 0x80, 0x53, 0xdc, 0xc9, 0x6a,
    0xf, 0xfc, 0x20, 0x10, 0x9a, 0x3d, 0xd8, 0x43,
    0xbb, 0x8, 0x0, 0xff, 0x63, 0xf0, 0x40, 0x19,
    0x98, 0x40, 0x7, 0x7f, 0x90, 0xa0, 0x22, 0x99,
    0xc0, 0x19, 0x0, 0x3c, 0x68, 0x9b, 0xcc, 0x0,

    /* U+7EED "续" */
    0x0, 0xc, 0x90, 0x7, 0x79, 0x80, 0x7a, 0x5c,
    0xc0, 0x4c, 0x88, 0xc, 0x44, 0x30, 0x9, 0xa4,
    0x41, 0x7b, 0xa0, 0x8e, 0xe7, 0x80, 0x14, 0x1d,
    0xa1, 0x33, 0x20, 0xec, 0xc8, 0x6, 0xe4, 0x2f,
    0x97, 0x32, 0x3f, 0xce, 0xa0, 0x41, 0x8e, 0x6,
    0x5e, 0xbc, 0xff, 0x60, 0x70, 0x2e, 0x70, 0x48,
    0x5, 0x37, 0x50, 0x12, 0x80, 0x3, 0x95, 0x40,
    0x49, 0xc8, 0x2, 0x7, 0x0, 0x95, 0xf9, 0x9,
    0x5e, 0x4c, 0x4, 0x3, 0xa4, 0x2e, 0x18, 0x7f,
    0x80, 0xfc, 0x4, 0x40, 0xe, 0xeb, 0x12, 0x32,
    0xf9, 0x67, 0xbf, 0xc0, 0x2, 0x3, 0x64, 0x8e,
    0xe4, 0xe, 0x7f, 0x70, 0x7, 0xfb, 0x74, 0x20,
    0x31, 0x36, 0x9d, 0x2, 0x3, 0x7b, 0xd6, 0xdb,
    0xc9, 0x8a, 0xd6, 0xbe, 0x20, 0x84, 0x0, 0x3b,
    0xcc, 0x18, 0x1, 0x36, 0x84,

    /* U+7EFF "绿" */
    0x0, 0x98, 0x3, 0xff, 0x84, 0x72, 0x60, 0xbf,
    0xfe, 0xd0, 0xd, 0x4a, 0x60, 0xbf, 0xfd, 0xc,
    0x1, 0x9e, 0xb, 0x87, 0xbf, 0xf4, 0x10, 0x5,
    0xc, 0x54, 0x83, 0xdf, 0xf9, 0x44, 0x0, 0x4e,
    0xba, 0xd6, 0x42, 0x3e, 0xf2, 0x2, 0x78, 0x66,
    0xe, 0xff, 0xdd, 0xeb, 0x38, 0x41, 0xe, 0xd0,
    0x1f, 0xdc, 0xd1, 0xee, 0xc4, 0x0, 0xe8, 0x2,
    0x3e, 0x0, 0x9, 0x1f, 0x28, 0x2, 0xce, 0x3e,
    0x4c, 0x9a, 0xc3, 0xf6, 0x54, 0x1, 0xf5, 0xfe,
    0xb0, 0xdc, 0x61, 0x67, 0x70, 0x4, 0x8a, 0x48,
    0xa5, 0xad, 0x41, 0x2d, 0x0, 0x14, 0xe7, 0xf8,
    0xf5, 0xb1, 0xc0, 0xad, 0xf4, 0x43, 0xa7, 0xed,
    0xb6, 0x8e, 0x4c, 0x13, 0x14, 0x41, 0xd4, 0x2,
    0x20, 0x76, 0x80, 0x1, 0xc0, 0x0,

    /* U+7F13 "缓" */
    0x0, 0xd, 0x8, 0x4, 0x24, 0x6a, 0xf6, 0x20,
    0x4, 0x50, 0x5, 0x7f, 0x67, 0x74, 0x66, 0x0,
    0x4b, 0x88, 0x44, 0x3e, 0x21, 0x61, 0xa4, 0x8,
    0x50, 0x7a, 0x10, 0x5f, 0xc2, 0xce, 0x3, 0x28,
    0x70, 0xe5, 0x1, 0x50, 0xc8, 0x40, 0x3, 0x1e,
    0x6a, 0x99, 0x66, 0x36, 0x57, 0x94, 0x7a, 0x4f,
    0xc2, 0x3a, 0xc7, 0xba, 0xf4, 0x0, 0x74, 0x11,
    0xff, 0x50, 0x77, 0x5f, 0x81, 0x87, 0xd2, 0x5d,
    0xc1, 0xce, 0xed, 0xa0, 0xea, 0x2, 0x20, 0x61,
    0xdf, 0xfb, 0x0, 0x17, 0x51, 0x1, 0x14, 0x14,
    0xfe, 0x87, 0x1, 0x45, 0x6f, 0xb5, 0x3f, 0xc2,
    0xfc, 0x10, 0x1a, 0x9c, 0x6e, 0x34, 0x93, 0x51,
    0xa8, 0x0, 0x76, 0x55, 0x99, 0xed, 0x6d, 0x29,
    0xbd, 0x20, 0x19, 0x34, 0xbb, 0x79, 0xab, 0xa3,
    0x40,

    /* U+7F16 "编" */
    0x0, 0x94, 0x40, 0x30, 0xd9, 0x0, 0x7d, 0x4e,
    0x1, 0x85, 0x54, 0x1, 0xe6, 0x26, 0x3, 0xfd,
    0xd1, 0xd6, 0xf6, 0x80, 0x55, 0x22, 0x62, 0x1b,
    0xbd, 0x40, 0x12, 0x3a, 0x47, 0x8, 0x77, 0x75,
    0x0, 0x54, 0x9e, 0xdc, 0x3, 0xdd, 0xed, 0x0,
    0x5e, 0x2b, 0x1b, 0x1, 0x17, 0xc2, 0xa, 0x2f,
    0x20, 0x43, 0xfd, 0x93, 0xb3, 0x8e, 0x0, 0xe9,
    0x21, 0xc0, 0xbf, 0x2b, 0xb, 0x50, 0x5, 0x1d,
    0xe3, 0x21, 0xb, 0x1, 0x1, 0x80, 0x5d, 0x7f,
    0xde, 0xad, 0x52, 0x52, 0x10, 0xa0, 0x4, 0x41,
    0x3f, 0x40, 0x5f, 0x95, 0x85, 0x28, 0xd, 0x6e,
    0xb1, 0x48, 0x0, 0xe0, 0x1e, 0x16, 0xbe, 0xb3,
    0x7, 0x5, 0x90, 0xa7, 0x63, 0xc, 0x61, 0x0,
    0x84, 0x5, 0x41, 0x7c, 0x10, 0x3, 0xed, 0x60,
    0xd, 0x3a, 0x20,

    /* U+7F29 "缩" */
    0x0, 0xa4, 0x80, 0x31, 0xe0, 0x7, 0xc6, 0xe6,
    0x4, 0x53, 0x9b, 0x11, 0x40, 0x14, 0xd8, 0x86,
    0xe7, 0xc9, 0x5f, 0xfb, 0x4c, 0x9, 0x94, 0xc0,
    0x15, 0x1b, 0xbc, 0x20, 0x9, 0xf3, 0xc3, 0x5d,
    0x94, 0x54, 0x4a, 0xcd, 0x93, 0x71, 0x4e, 0x1b,
    0x84, 0xa7, 0x8c, 0x81, 0xb3, 0x3, 0x61, 0xc0,
    0x4a, 0xe1, 0x2e, 0xe0, 0x1, 0xdc, 0x8d, 0x80,
    0x4f, 0xe5, 0x9f, 0x0, 0x5, 0x45, 0x38, 0xf0,
    0x9, 0x7f, 0xce, 0x0, 0x1a, 0x2d, 0xc0, 0x10,
    0x0, 0x80, 0x42, 0x0, 0x1a, 0xdf, 0xf1, 0x80,
    0x65, 0xff, 0x30, 0x4, 0xa4, 0x4, 0x40, 0xc,
    0xbf, 0xe7, 0x0, 0x26, 0x6f, 0xed, 0x0, 0x61,
    0x22, 0x8, 0x1, 0x5e, 0xaf, 0xa0, 0x40, 0x25,
    0xee, 0x38, 0x0, 0x6d, 0xd0, 0x40, 0x30, 0xa6,
    0x61, 0x80, 0x0,

    /* U+7F51 "网" */
    0x6f, 0xff, 0xfe, 0x8, 0x18, 0xf7, 0x7f, 0xa8,
    0x3, 0x8, 0x8, 0xa8, 0x84, 0x4a, 0xc0, 0x20,
    0x13, 0x78, 0x1a, 0x2, 0x6, 0xd8, 0x7, 0x31,
    0xba, 0x25, 0x42, 0x92, 0x1, 0xee, 0x8a, 0xe7,
    0x2a, 0x25, 0x0, 0xf1, 0xa9, 0x28, 0x42, 0x28,
    0x7, 0xe1, 0x4, 0x5, 0x0, 0xfe, 0x34, 0x59,
    0xb, 0x25, 0x30, 0xf, 0x7b, 0xdb, 0x31, 0x7d,
    0x20, 0x3, 0x9c, 0xa0, 0x62, 0x5c, 0xa0, 0xc0,
    0x39, 0x28, 0x0, 0x51, 0x0, 0x38, 0x0, 0xe3,
    0x40, 0x0, 0xb8, 0x0, 0x5b, 0x80, 0x6, 0x1,
    0xfc, 0x36, 0xf0, 0x0,

    /* U+7F6E "置" */
    0xd, 0xed, 0xd7, 0x6e, 0xbf, 0x75, 0xd8, 0x1,
    0xc, 0x6c, 0xa6, 0xe8, 0xbf, 0x64, 0x3, 0x35,
    0x64, 0x36, 0xf0, 0xf6, 0x5b, 0x0, 0xf, 0x2a,
    0xb0, 0x9d, 0x56, 0xc0, 0x3, 0xf0, 0x8e, 0x27,
    0x11, 0xdc, 0x0, 0x48, 0x1c, 0xc8, 0x5b, 0x32,
    0x38, 0x0, 0xdc, 0x53, 0x2d, 0xe9, 0x90, 0x8,
    0x7, 0x7b, 0xff, 0xf9, 0x0, 0x3e, 0x6c, 0xcf,
    0x20, 0x7, 0xcf, 0xdd, 0xe4, 0x0, 0xf9, 0x22,
    0x3c, 0x40, 0x1f, 0x88, 0xbc, 0x20, 0x1b, 0xb6,
    0x56, 0x23, 0xc5, 0x1b, 0xc0,

    /* U+8001 "老" */
    0x0, 0xf6, 0x38, 0x7, 0xff, 0x5, 0xc0, 0x3a,
    0x90, 0x2, 0x15, 0x44, 0x3f, 0x22, 0x4a, 0xa1,
    0x0, 0x8a, 0x7f, 0xc4, 0x9f, 0x1d, 0x70, 0xa0,
    0x11, 0xe5, 0xd9, 0x6a, 0xf1, 0x91, 0xc0, 0x22,
    0x11, 0xcf, 0xe3, 0x43, 0x2, 0x44, 0xc, 0xff,
    0xc4, 0xdc, 0xa7, 0x9f, 0x9c, 0x1d, 0xdd, 0xa6,
    0xbf, 0xdd, 0xb0, 0x3, 0xf, 0x6c, 0x50, 0x47,
    0x8, 0x7, 0x3f, 0x8d, 0x3c, 0x72, 0x40, 0x80,
    0xa, 0x7f, 0x30, 0x35, 0xe1, 0x98, 0x60, 0x8,
    0x83, 0x2c, 0x82, 0xf6, 0x8, 0x0, 0xa4, 0x0,
    0x93, 0x0, 0x88, 0x3, 0x15, 0xd0, 0x7, 0x9a,
    0x3f, 0xf6, 0x24, 0x0, 0x7a, 0x3f, 0xdd, 0xcf,
    0xea, 0x0, 0x0,

    /* U+8005 "者" */
    0x0, 0xfb, 0xd4, 0x3, 0xff, 0x8e, 0x54, 0x1,
    0xd7, 0xff, 0x5, 0x7f, 0x8f, 0x98, 0x3, 0xab,
    0xbf, 0xc3, 0x5f, 0xd0, 0x18, 0x1, 0xc2, 0x20,
    0xe, 0xa7, 0xc0, 0xd, 0x5f, 0xfc, 0x35, 0xe8,
    0x7f, 0xf2, 0x5, 0xf7, 0xfe, 0xb0, 0x7f, 0xfd,
    0xc8, 0x2, 0x20, 0x9, 0x2a, 0x60, 0x3, 0x8,
    0x7, 0x2d, 0xd0, 0xcf, 0xfe, 0x20, 0x8, 0x9f,
    0x2d, 0x7b, 0xff, 0x70, 0x18, 0x5, 0x19, 0x16,
    0x3f, 0xfd, 0xc0, 0x1d, 0x56, 0x80, 0x3f, 0xfd,
    0xa0, 0x1f, 0xe3, 0x3e, 0x60, 0xf, 0xe1, 0xff,
    0xe8, 0x0, 0xfc, 0x63, 0x99, 0xda, 0x6, 0x0,

    /* U+800C "而" */
    0x0, 0xff, 0xe2, 0x17, 0xff, 0xff, 0x8, 0x4b,
    0x75, 0xdd, 0x8d, 0xbb, 0xbb, 0x44, 0x8, 0x82,
    0x38, 0xb4, 0x47, 0x88, 0x2, 0xcc, 0xe1, 0x9c,
    0xcd, 0x40, 0x18, 0xee, 0x10, 0xae, 0x49, 0x21,
    0x1c, 0x3, 0x8d, 0x34, 0x11, 0x1, 0xa9, 0xc0,
    0x1f, 0xff, 0xf0, 0xf, 0xfe, 0xb, 0xb0, 0x2,
    0x1c, 0xf0, 0x40, 0x3e, 0x28, 0x0, 0x31, 0x7a,
    0xa0, 0x6, 0xf4, 0x0, 0xfb, 0xb6, 0x0, 0x0,

    /* U+8054 "联" */
    0x0, 0xfd, 0x20, 0x15, 0x98, 0x0, 0xff, 0xfc,
    0xc5, 0x0, 0x68, 0x40, 0x3, 0xf0, 0xdf, 0xc,
    0x69, 0x40, 0xa7, 0x10, 0xf, 0xe6, 0x97, 0xb6,
    0x4b, 0x60, 0xd, 0xbe, 0x0, 0x48, 0x82, 0xc7,
    0xc2, 0x0, 0x6d, 0xf0, 0x1, 0x19, 0x80, 0xce,
    0x20, 0xf, 0xf8, 0x5c, 0x3, 0xee, 0xc0, 0x6,
    0xe6, 0x3, 0xb3, 0x14, 0x1, 0xa7, 0xc0, 0x13,
    0xf2, 0x9, 0xfe, 0x90, 0xc, 0xe6, 0x0, 0x53,
    0x30, 0xa9, 0x9c, 0x1, 0x96, 0x43, 0x10, 0x35,
    0x85, 0x0, 0x22, 0xf0, 0xa1, 0xc, 0x52, 0x4a,
    0xb9, 0x10, 0x1, 0x3e, 0xea, 0x0, 0x2e, 0x52,
    0x61, 0xc2, 0x0, 0x41, 0x0, 0x69, 0x3b, 0x0,
    0x69, 0xe8, 0x80, 0x7c, 0x34, 0x20, 0x1, 0xf9,
    0x10,

    /* U+80CC "背" */
    0x0, 0xe6, 0xd0, 0x7, 0x90, 0x7, 0xc2, 0x1,
    0x8, 0x6, 0x17, 0xa0, 0x9, 0xbf, 0xb9, 0x0,
    0x1b, 0xfd, 0x84, 0x1, 0x37, 0x75, 0x60, 0x1b,
    0xb9, 0x70, 0x1, 0x44, 0xde, 0xd8, 0x6, 0x70,
    0x2, 0xe0, 0x5, 0xf1, 0x94, 0xe0, 0x7, 0x9e,
    0xe4, 0x58, 0x2, 0x18, 0x81, 0x68, 0x45, 0x39,
    0xfe, 0xd7, 0x0, 0xdf, 0xec, 0xcf, 0x7f, 0x0,
    0x7d, 0x7b, 0xbe, 0xa0, 0xf, 0x8e, 0xbf, 0xfd,
    0x62, 0x1, 0xf5, 0x7f, 0xfa, 0xc0, 0x3f, 0x57,
    0xff, 0xac, 0x3, 0xf5, 0x7f, 0xfa, 0xc0, 0x3e,
    0x30, 0xe, 0x18, 0xf3, 0x0, 0xff, 0xe0, 0xa,
    0xbc, 0x80, 0x40,

    /* U+80FD "能" */
    0x0, 0xff, 0xe2, 0xbe, 0x0, 0x6f, 0x30, 0x0,
    0x80, 0x43, 0x36, 0x4, 0x0, 0x10, 0x19, 0xe1,
    0x0, 0x52, 0xbb, 0x60, 0x80, 0x23, 0xcf, 0x4,
    0x25, 0x3d, 0xc, 0x30, 0x0, 0x7f, 0x44, 0x20,
    0x3, 0xed, 0x29, 0x3, 0xc, 0x10, 0x6c, 0x9,
    0xdb, 0x86, 0x66, 0x9a, 0xd6, 0x62, 0x2c, 0x7,
    0xbb, 0x98, 0x2f, 0x3b, 0xa6, 0x0, 0xbb, 0xa3,
    0x30, 0x70, 0x91, 0xc, 0x3, 0x7f, 0xc6, 0x1,
    0x86, 0xb4, 0x80, 0x2c, 0xff, 0x18, 0x5, 0xfc,
    0xd8, 0x40, 0x10, 0x99, 0x84, 0x2, 0x7b, 0xc3,
    0x0, 0xdd, 0xfe, 0x20, 0xa, 0x10, 0x3, 0xd9,
    0xba, 0x30, 0x9, 0xc0, 0xd, 0xc0, 0x1d, 0x66,
    0x20, 0x97, 0xfe, 0x99, 0x0, 0x79, 0x10, 0x15,
    0xff, 0x9c, 0x7, 0xc4, 0x2e, 0xc0, 0x1f, 0xc0,

    /* U+811A "脚" */
    0x0, 0xf8, 0x6c, 0x3, 0xf1, 0x7f, 0xe0, 0x2,
    0x0, 0x37, 0xba, 0x20, 0x0, 0xfe, 0x0, 0x90,
    0x10, 0x9d, 0xf8, 0x80, 0x78, 0x63, 0x3, 0x58,
    0xc4, 0x40, 0x60, 0x11, 0x30, 0x4f, 0x7, 0xb8,
    0x7, 0xc3, 0xf6, 0x1, 0xff, 0xc1, 0x1d, 0xd0,
    0x66, 0x86, 0x50, 0x7, 0xfd, 0xb6, 0x9b, 0x60,
    0x1e, 0x11, 0x7e, 0x0, 0xe1, 0xb8, 0x80, 0x79,
    0x93, 0xf0, 0x5, 0x26, 0x14, 0x3, 0xda, 0x40,
    0x15, 0x95, 0xf, 0x0, 0xe8, 0x8, 0x1f, 0x80,
    0x42, 0xfd, 0xa6, 0x3, 0x5a, 0x2, 0x88, 0x5e,
    0x2b, 0xa5, 0x28, 0x0, 0x39, 0x1, 0xa9, 0x25,
    0xe8, 0x7, 0x18, 0x80, 0x40,

    /* U+81EA "自" */
    0x0, 0xc4, 0x1, 0xff, 0x4d, 0x80, 0x7f, 0x9b,
    0x40, 0x3c, 0x79, 0x91, 0x5e, 0x67, 0x1b, 0x9c,
    0x42, 0xe6, 0x23, 0x1b, 0x80, 0xa2, 0x7e, 0x10,
    0x0, 0x99, 0xfe, 0x10, 0xb, 0xff, 0xf0, 0x4,
    0x39, 0x9f, 0x84, 0x0, 0x26, 0x7f, 0x84, 0x2,
    0xff, 0xfc, 0x1, 0xe, 0x67, 0xe1, 0x0, 0xff,
    0xe1, 0xf, 0xff, 0xe1, 0x1, 0x17, 0xff, 0xe1,
    0x10,

    /* U+822A "航" */
    0x0, 0x95, 0x40, 0x19, 0x20, 0x3, 0xf7, 0x10,
    0x6, 0x77, 0x18, 0x7, 0x13, 0xa7, 0xb9, 0x0,
    0xd, 0x9c, 0x0, 0x20, 0x6, 0x98, 0xf9, 0x67,
    0xff, 0x35, 0xff, 0xc0, 0x11, 0xfa, 0x90, 0x3f,
    0xff, 0xb8, 0x3, 0x75, 0x80, 0x44, 0xab, 0x80,
    0x3c, 0xf4, 0x1, 0x2c, 0x67, 0xd0, 0x80, 0x12,
    0x8b, 0xf4, 0xc0, 0x27, 0x9b, 0x1, 0x0, 0x25,
    0x97, 0xf8, 0xc0, 0x3f, 0xe1, 0x16, 0x98, 0x6,
    0x30, 0xf, 0x89, 0xea, 0x0, 0x2e, 0x10, 0xf,
    0xb8, 0x9a, 0x40, 0x27, 0xd0, 0xc, 0x82, 0x9,
    0xe0, 0x62, 0xe, 0xa, 0x1, 0x14, 0xb9, 0x99,
    0xc3, 0xcb, 0x22, 0x0, 0x1, 0x2d, 0x37, 0x29,
    0x10, 0xcf, 0x99, 0x30, 0x5, 0xbf, 0xc2,

    /* U+8272 "色" */
    0x0, 0xe7, 0xa1, 0x0, 0xff, 0xe0, 0xc, 0x10,
    0x80, 0x7f, 0xf0, 0x34, 0x1f, 0xff, 0x60, 0x7,
    0xd6, 0x1f, 0xfa, 0x3, 0x40, 0x38, 0xf5, 0xb4,
    0x2, 0x38, 0x91, 0x0, 0xef, 0x62, 0xef, 0xfb,
    0x2, 0x7f, 0xd4, 0x1, 0x65, 0x8d, 0x7f, 0xac,
    0x7f, 0xe6, 0x30, 0xf, 0xfe, 0x55, 0x7f, 0xac,
    0x7f, 0xe6, 0x0, 0xfa, 0xbf, 0xfe, 0x63, 0x0,
    0xff, 0xe1, 0x45, 0x80, 0x7f, 0xf0, 0x84, 0x46,
    0x1, 0xde, 0x45, 0xf9, 0xb0, 0x40, 0x28, 0x4d,
    0xdf, 0xb2, 0xac, 0x40,

    /* U+8282 "节" */
    0x0, 0xc3, 0xe6, 0x0, 0x8d, 0x0, 0xff, 0xe4,
    0x97, 0xfd, 0xc1, 0x9f, 0xe7, 0x2f, 0xfc, 0x25,
    0x9b, 0xda, 0x17, 0xdc, 0x62, 0xee, 0x6e, 0x84,
    0xc, 0x84, 0xc1, 0xc4, 0x60, 0x11, 0x11, 0x0,
    0x2, 0x42, 0x74, 0x23, 0x5c, 0x88, 0xc0, 0x14,
    0x6f, 0x6d, 0x6f, 0x73, 0x2f, 0xba, 0x20, 0x4,
    0xff, 0xe0, 0xaf, 0xfd, 0x60, 0x60, 0x1f, 0xfc,
    0x11, 0x1, 0x0, 0xff, 0xe8, 0x90, 0x80, 0x7f,
    0xf0, 0x26, 0xe1, 0x0, 0x3f, 0xf8, 0x2e, 0xeb,
    0x0, 0xff, 0xe0, 0x4e, 0x40, 0x80, 0x7f, 0xf1,
    0x80,

    /* U+82AF "芯" */
    0x0, 0x8f, 0xc8, 0x0, 0x7e, 0x20, 0x1f, 0xc6,
    0x1, 0xfd, 0xff, 0x60, 0x77, 0xfb, 0x3, 0xbf,
    0xe1, 0xde, 0xe5, 0x86, 0xf7, 0x2c, 0x37, 0xb7,
    0x42, 0x42, 0x27, 0x3, 0x11, 0x38, 0x18, 0x91,
    0x0, 0x31, 0x50, 0x91, 0xe, 0xc4, 0x3, 0xe1,
    0x60, 0x8f, 0x4, 0x0, 0xf4, 0x31, 0x61, 0xd9,
    0xc8, 0x16, 0x88, 0x4, 0xe2, 0x1, 0xc, 0x20,
    0x10, 0x50, 0x0, 0x81, 0x0, 0x33, 0x68, 0x3,
    0x91, 0x41, 0x44, 0xc0, 0x3f, 0x1b, 0x58, 0x5b,
    0x80, 0x7e, 0x82, 0x8d, 0xf, 0xb0, 0x30, 0x61,
    0x18, 0xdd, 0x84, 0xc0, 0xc8, 0x4, 0xeb, 0xba,
    0xc4, 0x40, 0x4,

    /* U+82B1 "花" */
    0x0, 0xfe, 0x11, 0x0, 0x7f, 0x17, 0x98, 0x2,
    0x2c, 0x3, 0xc2, 0x30, 0x4, 0x22, 0x0, 0x8,
    0xe0, 0x7, 0x75, 0xa1, 0x9d, 0xc6, 0x5e, 0xec,
    0x0, 0xff, 0xb4, 0x37, 0xfc, 0xcb, 0xff, 0x80,
    0x38, 0xd8, 0xc0, 0x1f, 0xc0, 0x1f, 0xd2, 0xca,
    0x9, 0x28, 0x4, 0x40, 0xe, 0x77, 0x5a, 0x0,
    0x4, 0x7, 0xfc, 0x1, 0xa2, 0x0, 0x80, 0x18,
    0x70, 0x70, 0x2, 0xb6, 0x90, 0xe, 0x1f, 0x4c,
    0x10, 0x8, 0xfd, 0x40, 0x23, 0x80, 0xb9, 0x0,
    0xe8, 0x10, 0x1, 0x66, 0x1c, 0x54, 0x3, 0xfc,
    0x55, 0xbe, 0x1, 0x85, 0x40, 0x3e, 0x62, 0x1,
    0x10, 0x1, 0xa8, 0x3, 0xf9, 0x47, 0xbf, 0xd1,
    0x0,

    /* U+83B7 "获" */
    0x0, 0xff, 0xe4, 0x6b, 0x0, 0x1b, 0x40, 0x38,
    0x48, 0x44, 0x2, 0x38, 0x4, 0x44, 0x21, 0x39,
    0xfe, 0x29, 0xff, 0x49, 0x7f, 0xb2, 0x2, 0x3b,
    0xa2, 0x8e, 0xe4, 0x17, 0x75, 0x20, 0x5, 0x10,
    0x57, 0x0, 0x2d, 0x81, 0x80, 0x6d, 0xfc, 0x30,
    0x9, 0x28, 0x75, 0x80, 0x2d, 0x3, 0xa1, 0x0,
    0x8, 0xe, 0xe0, 0x2, 0xa7, 0x56, 0x5b, 0xfd,
    0x27, 0xf8, 0xb4, 0x17, 0x82, 0x8a, 0xdd, 0xea,
    0x1d, 0xfd, 0x60, 0x29, 0x90, 0x40, 0x20, 0x82,
    0x80, 0x22, 0x9, 0xad, 0x70, 0x9, 0xce, 0xe0,
    0x3, 0x67, 0x9a, 0x88, 0x14, 0x4a, 0x8d, 0x80,
    0x4a, 0x25, 0xc, 0x58, 0xc8, 0x1a, 0xb8, 0x20,
    0xb, 0xd6, 0xad, 0x59, 0x0, 0xe, 0xc, 0x80,
    0x23, 0xa8, 0xb2, 0xc0, 0x31, 0x6c, 0x0,

    /* U+84DD "蓝" */
    0x0, 0xef, 0x20, 0x6, 0x30, 0x7, 0x37, 0xf7,
    0x41, 0x9d, 0xc3, 0x9e, 0xeb, 0xc5, 0xb7, 0xfd,
    0x81, 0xbf, 0xe3, 0x8f, 0xfb, 0x44, 0x8, 0x44,
    0x54, 0x42, 0x2b, 0x51, 0x18, 0x80, 0x2a, 0x40,
    0xb7, 0x1, 0x84, 0x0, 0xf9, 0x84, 0xc, 0xc1,
    0x21, 0x7b, 0xb5, 0x80, 0x7e, 0x17, 0x99, 0x5f,
    0xf4, 0x80, 0x7e, 0xa3, 0x63, 0x83, 0x31, 0x0,
    0x63, 0x3, 0x36, 0x78, 0x39, 0x48, 0x7, 0x6a,
    0x15, 0x2a, 0x84, 0x89, 0x14, 0x1, 0xd5, 0x9f,
    0x59, 0xf9, 0xbf, 0x3a, 0x80, 0x18, 0x5b, 0x6c,
    0xf7, 0x43, 0xba, 0x10, 0xc, 0x20, 0x1, 0x30,
    0x17, 0x1, 0x10, 0x8, 0x81, 0x79, 0x5f, 0xa4,
    0xfa, 0xc7, 0xb8, 0x35, 0xc6,

    /* U+853D "蔽" */
    0x0, 0xff, 0xe4, 0x1f, 0x80, 0x5c, 0xa0, 0x1c,
    0x7f, 0xf6, 0x7, 0xfc, 0x35, 0xff, 0x80, 0xff,
    0xec, 0x1f, 0xf8, 0xab, 0xff, 0x0, 0x9, 0x3,
    0xec, 0x18, 0x30, 0xdc, 0x3, 0x9a, 0x80, 0x42,
    0x28, 0x7, 0x40, 0x3c, 0x88, 0x30, 0x11, 0x70,
    0xa, 0x56, 0x64, 0x0, 0xd4, 0xd2, 0xa7, 0xc5,
    0x65, 0xe4, 0x1f, 0x0, 0x1d, 0x71, 0x5f, 0x10,
    0x4f, 0x9f, 0xb9, 0x80, 0xc, 0x18, 0x35, 0x0,
    0x87, 0xc3, 0x88, 0x3, 0x15, 0x0, 0xf8, 0x1f,
    0x20, 0xa6, 0x0, 0x6c, 0x40, 0xc4, 0x0, 0xb,
    0xd9, 0x20, 0x6, 0x2a, 0x1, 0xd0, 0xa, 0xd5,
    0x40, 0x18, 0xf0, 0x80, 0x94, 0x80, 0xb8, 0x56,
    0x4, 0x3, 0x8c, 0xd8, 0xd9, 0xaf, 0xf6, 0xde,
    0x0, 0xf4, 0xe, 0x5b, 0x88, 0x55, 0x8a, 0x76,
    0x0,

    /* U+86C7 "蛇" */
    0x0, 0xff, 0xe3, 0xe3, 0x80, 0x75, 0x48, 0x7,
    0xe2, 0x0, 0xef, 0x40, 0xf, 0xf9, 0xae, 0xdc,
    0xd7, 0x71, 0x6, 0xf9, 0xd7, 0xf7, 0x8f, 0xff,
    0x20, 0x0, 0xf0, 0xef, 0x44, 0xd, 0x13, 0x80,
    0x23, 0x0, 0xc3, 0x98, 0xf4, 0x0, 0x9c, 0xc0,
    0x3e, 0x55, 0x3, 0x80, 0x50, 0x20, 0x7, 0x1,
    0x18, 0x0, 0x20, 0x4, 0xe2, 0x0, 0x1d, 0x1d,
    0xf0, 0x6, 0x6a, 0xa4, 0x90, 0x5, 0xa7, 0x58,
    0xe0, 0x14, 0xff, 0x38, 0x5, 0x86, 0x1, 0x3a,
    0x0, 0x3d, 0x40, 0x38, 0x84, 0x3a, 0xc3, 0x80,
    0x38, 0x60, 0x57, 0xb8, 0x27, 0xee, 0xe0, 0x2,
    0x88, 0x91, 0xc1, 0x23, 0xb6, 0x56, 0x34, 0x1e,
    0x7b, 0x94, 0xc2,

    /* U+884C "行" */
    0x0, 0xff, 0xe3, 0xcd, 0x80, 0x7f, 0xf0, 0x4d,
    0xa0, 0x1, 0xbf, 0xfe, 0x20, 0x1, 0x6c, 0x18,
    0x3, 0x3b, 0xbc, 0x40, 0xf, 0x57, 0x30, 0x0,
    0x8f, 0xc0, 0x15, 0xd8, 0xf1, 0x40, 0x3f, 0xe6,
    0xe, 0x55, 0x4f, 0xff, 0xe7, 0x0, 0x41, 0x40,
    0x5e, 0x6e, 0xb0, 0x2b, 0x71, 0x81, 0x5c, 0x2,
    0x23, 0x22, 0x18, 0x31, 0x18, 0x95, 0x38, 0x7,
    0xff, 0x4, 0xa6, 0x40, 0x1f, 0xfc, 0x26, 0x0,
    0xff, 0xf5, 0xbc, 0x80, 0x7f, 0xf0, 0xd1, 0x8c,
    0x2,

    /* U+88AB "被" */
    0x0, 0xff, 0xe3, 0xf, 0x10, 0x7, 0x72, 0x0,
    0x78, 0x52, 0x0, 0x38, 0xc0, 0x3f, 0x45, 0x80,
    0x22, 0x64, 0x5f, 0x32, 0x80, 0x7, 0xfb, 0x7a,
    0x41, 0xbf, 0x47, 0x35, 0x44, 0x1, 0xfe, 0xd0,
    0x80, 0x2, 0xa1, 0x99, 0x11, 0x40, 0x1b, 0xa1,
    0x40, 0x3e, 0x83, 0x0, 0xa4, 0xcd, 0x4a, 0x1d,
    0xa5, 0x5b, 0x20, 0x14, 0xb0, 0x5c, 0xa8, 0x23,
    0xf7, 0x8f, 0x80, 0xd, 0xec, 0x1a, 0x84, 0x5a,
    0xe2, 0x23, 0x70, 0x1, 0xfb, 0x4, 0xa1, 0x82,
    0x1, 0xb1, 0x88, 0x4, 0x20, 0x14, 0xb9, 0x85,
    0x44, 0x40, 0x1f, 0xde, 0x80, 0xc8, 0x48, 0x1,
    0xf8, 0x96, 0x82, 0xc4, 0xa0, 0x40, 0x3e, 0xf5,
    0x1c, 0x7f, 0xc5, 0xea, 0x0, 0xf2, 0xdb, 0x33,
    0x4, 0xb6, 0x70, 0x0,

    /* U+88C5 "装" */
    0x0, 0xc8, 0xa0, 0x16, 0xa8, 0x6, 0x51, 0xc,
    0xc0, 0x7, 0xf7, 0x61, 0x78, 0x47, 0x69, 0x5e,
    0xe9, 0x82, 0xd4, 0xc0, 0x13, 0xf8, 0x57, 0x98,
    0x60, 0x4, 0xcc, 0x2, 0x30, 0x0, 0x44, 0x7,
    0x5e, 0xe, 0x0, 0xef, 0x2a, 0xfd, 0x1, 0x2f,
    0x81, 0x7, 0xcf, 0xfd, 0xa0, 0x50, 0x21, 0x13,
    0xf0, 0x1, 0xe6, 0xff, 0xe7, 0x5f, 0xfe, 0xe6,
    0xff, 0xb8, 0xd4, 0x7b, 0xfd, 0x7f, 0xc0, 0x12,
    0xfa, 0x54, 0xe8, 0x35, 0xa8, 0xb, 0x6f, 0x6,
    0x3, 0xb7, 0x56, 0xa8, 0x25, 0x4d, 0x9f, 0x71,
    0x69, 0x5, 0x4c, 0x57, 0x10, 0x48, 0x75, 0x42,
    0xa7, 0x72, 0x0, 0x21, 0xeb, 0x30, 0x9, 0x2b,
    0xe4,

    /* U+897F "西" */
    0xaf, 0xff, 0xfe, 0x9, 0xd7, 0xfe, 0x2c, 0xf2,
    0xcf, 0xfc, 0x60, 0x1f, 0xfc, 0x52, 0x28, 0x18,
    0x8d, 0x88, 0xa0, 0x9, 0x77, 0xfc, 0x57, 0xe3,
    0x7f, 0xed, 0x0, 0x84, 0xb7, 0x43, 0x9a, 0x5b,
    0xaf, 0x10, 0xf, 0x8, 0x88, 0x3, 0xff, 0x80,
    0xc8, 0x1, 0xff, 0xc0, 0x28, 0xf0, 0x0, 0xee,
    0xa8, 0x3, 0xc8, 0xe8, 0x0, 0xe8, 0xbc, 0x0,
    0xf3, 0x40, 0x4, 0x4c, 0xd0, 0x7, 0x17, 0xff,
    0xed, 0x0, 0xc2, 0x5f, 0xff, 0xb4, 0x40, 0x25,
    0xd0, 0xf, 0xc5, 0xe0, 0x0,

    /* U+8981 "要" */
    0x0, 0xff, 0xe2, 0xff, 0xff, 0xf0, 0x74, 0x1,
    0xff, 0xa8, 0x7f, 0xc3, 0x7f, 0xf6, 0x80, 0x57,
    0xfe, 0xa1, 0xff, 0xd, 0xff, 0xac, 0x3, 0x9f,
    0xe8, 0x7f, 0xc3, 0x7e, 0xe0, 0x1f, 0xfc, 0xa7,
    0xfa, 0x1f, 0xf0, 0xdf, 0xb8, 0x7, 0x5f, 0xfc,
    0xe9, 0xff, 0xd6, 0x0, 0xad, 0xde, 0x75, 0xdd,
    0xf7, 0x14, 0x7f, 0xd0, 0x53, 0x9f, 0x5, 0x3f,
    0xed, 0x22, 0xc1, 0x62, 0x20, 0x3b, 0x84, 0x22,
    0x18, 0x6, 0x2d, 0x8d, 0xce, 0x3, 0x0, 0xfe,
    0x13, 0x10, 0x86, 0x9f, 0xb6, 0x10, 0x5, 0x7f,
    0xb7, 0xb7, 0x9e, 0x37, 0x47, 0x10, 0x0, 0x45,
    0xef, 0xdb, 0x0, 0x62, 0x8e, 0x90,

    /* U+89C8 "览" */
    0x0, 0xfe, 0x10, 0xf, 0xfb, 0x94, 0x13, 0x8c,
    0x3, 0xef, 0x40, 0x0, 0x86, 0x11, 0x80, 0x42,
    0x1, 0x9c, 0x3, 0x29, 0x7f, 0xee, 0x0, 0xfc,
    0x66, 0xfc, 0xdf, 0xf8, 0x3, 0xf4, 0x30, 0x5e,
    0x20, 0x7, 0x9c, 0x11, 0xe2, 0x42, 0x2a, 0x48,
    0x3, 0x73, 0x9c, 0x80, 0x8, 0xcc, 0xf8, 0x40,
    0x18, 0x63, 0x7f, 0xfd, 0x8a, 0x1, 0xf3, 0x66,
    0xfe, 0x64, 0x2e, 0x1, 0xfc, 0x9e, 0x20, 0x1f,
    0xfc, 0x19, 0x97, 0xa8, 0x7, 0xf1, 0x73, 0x8a,
    0x98, 0x84, 0x88, 0x10, 0x6, 0xdd, 0x56, 0x0,
    0x8, 0x1c, 0x8f, 0x50, 0x33, 0xe8, 0xf4, 0x41,
    0x67, 0xfe, 0xc5, 0x40, 0xfc, 0xe8, 0x0, 0xa3,
    0xff, 0xa8, 0x0,

    /* U+89E3 "解" */
    0x0, 0xa5, 0xc0, 0x3f, 0xf8, 0x24, 0xde, 0x66,
    0x9, 0xff, 0xed, 0x0, 0xa4, 0x8f, 0xb8, 0x13,
    0xc1, 0xfe, 0x91, 0x0, 0x4b, 0xed, 0x84, 0x80,
    0x1d, 0x0, 0x2, 0xe0, 0x6e, 0x5f, 0xe2, 0xbf,
    0x28, 0xe3, 0xa9, 0x30, 0x3e, 0x3a, 0xb3, 0xd0,
    0x15, 0x51, 0x4, 0x40, 0x3, 0x6e, 0xa, 0x1,
    0xc0, 0x57, 0xb0, 0x7, 0x19, 0xd8, 0x0, 0xf8,
    0x63, 0x22, 0x0, 0x6f, 0xf1, 0x40, 0x11, 0xa1,
    0x5f, 0xf0, 0x4, 0x73, 0x23, 0xe0, 0x1a, 0xc3,
    0x9d, 0xc0, 0x8, 0x72, 0x4f, 0x82, 0xe7, 0xe,
    0x73, 0x48, 0x8, 0x4, 0x3, 0x4f, 0x70, 0xaf,
    0xb8, 0x40, 0xa6, 0x1, 0x30, 0x9, 0x10, 0x48,
    0x86, 0x0, 0x9b, 0x4, 0xe9, 0x20, 0xf, 0xed,
    0x60, 0x1, 0x76, 0x0, 0x42, 0x20, 0x8,

    /* U+89E6 "触" */
    0x0, 0xff, 0xe3, 0xd2, 0x80, 0x71, 0x78, 0x7,
    0x95, 0x4c, 0x22, 0x0, 0x8c, 0x40, 0x38, 0x6c,
    0x7b, 0x8e, 0x1, 0xfc, 0x38, 0xfd, 0x6, 0xc1,
    0x79, 0xa3, 0x7a, 0x40, 0x7, 0x6f, 0xa3, 0xf4,
    0x7f, 0xd1, 0xb3, 0x0, 0xd, 0x87, 0x8f, 0x1b,
    0x80, 0x7f, 0xc4, 0x4, 0x20, 0x1f, 0xfc, 0xe,
    0x1f, 0x20, 0x3, 0x98, 0x8, 0x7, 0xb0, 0x74,
    0xc0, 0x11, 0x23, 0x42, 0x20, 0x1, 0x7, 0x8f,
    0x18, 0xf, 0xd0, 0xdc, 0x98, 0x1, 0x8b, 0xc7,
    0x8c, 0x34, 0xc0, 0x28, 0x10, 0x1, 0x38, 0x7,
    0xf9, 0x58, 0x1, 0x7a, 0xa, 0x0, 0x58, 0xad,
    0x1d, 0x7b, 0x2, 0x36, 0xb, 0x83, 0x53, 0xcf,
    0xf6, 0xe8, 0x80, 0xbc, 0x40, 0x11, 0xc7, 0x6c,
    0x60, 0x1, 0xe0,

    /* U+8B66 "警" */
    0x0, 0xff, 0xe3, 0xdb, 0x6, 0x98, 0x3, 0x1c,
    0x3, 0xaf, 0x52, 0x34, 0xbb, 0x1c, 0xf2, 0xee,
    0x60, 0xbd, 0x2b, 0xd7, 0xf8, 0x84, 0xc6, 0x2c,
    0x20, 0x2, 0xc2, 0x35, 0x73, 0x13, 0x47, 0xc8,
    0x64, 0x3a, 0x89, 0xbe, 0x41, 0x96, 0xda, 0x0,
    0x3, 0x1, 0xb4, 0x8b, 0x5e, 0x1e, 0x81, 0x6c,
    0x40, 0xa5, 0x3c, 0x4, 0xe7, 0xd7, 0x34, 0x70,
    0x0, 0x8a, 0xac, 0x4d, 0xf, 0x42, 0x5a, 0xcc,
    0xe, 0x10, 0x11, 0xaa, 0x9e, 0x22, 0x1, 0xe7,
    0x6, 0x67, 0x55, 0x7e, 0xc6, 0x61, 0x80, 0x5e,
    0x89, 0xfb, 0x0, 0x3e, 0xff, 0xfc, 0x1, 0xf4,
    0x66, 0xef, 0xd0, 0x20, 0x1e, 0x76, 0x6f, 0x80,
    0x3f, 0x7e, 0x67, 0xc0, 0x18,

    /* U+8BA1 "计" */
    0x0, 0x41, 0x0, 0x72, 0x78, 0x7, 0xc5, 0x84,
    0x1, 0xc2, 0x1, 0xf5, 0x2e, 0x8, 0x7, 0xff,
    0x6, 0xe4, 0x40, 0x3f, 0xe1, 0x19, 0xc0, 0x3f,
    0xe6, 0xee, 0x92, 0x7f, 0xeb, 0x1f, 0xfc, 0x2d,
    0xfe, 0x10, 0x8d, 0xee, 0x50, 0xf7, 0x5a, 0x20,
    0x1c, 0x24, 0x23, 0x0, 0x8c, 0x40, 0x1f, 0xfc,
    0xa4, 0x30, 0xf, 0xfe, 0x9, 0xd2, 0x0, 0x7f,
    0xf0, 0x6, 0x19, 0xc0, 0x3f, 0xe2, 0x7, 0x80,
    0xf, 0xfe, 0x1, 0x64, 0x0, 0x70, 0x80, 0x70,

    /* U+8BA4 "认" */
    0x0, 0xff, 0xe3, 0x15, 0x88, 0x6, 0xda, 0x0,
    0xf8, 0xdb, 0x40, 0x38, 0x80, 0x3e, 0x1c, 0x27,
    0x0, 0x84, 0x3, 0xf8, 0x71, 0xc0, 0x21, 0x0,
    0xff, 0x10, 0x7, 0x8, 0x7, 0x1f, 0xfc, 0x60,
    0x18, 0xc8, 0x3, 0x8f, 0xb4, 0x3, 0x84, 0x4a,
    0x1, 0xe1, 0x30, 0xe, 0x51, 0x11, 0x0, 0x7f,
    0xf0, 0x39, 0x11, 0x40, 0x1f, 0xd3, 0x21, 0x5e,
    0xd6, 0x0, 0xfd, 0xf, 0x56, 0x48, 0xc0, 0xe0,
    0x1f, 0x26, 0xb2, 0xc8, 0x2, 0x60, 0xc0, 0x32,
    0x85, 0xbd, 0x3a, 0x0, 0x1c, 0xf4, 0x80, 0x24,
    0xd7, 0xb5, 0x80, 0xd, 0xa7, 0xe2, 0x1, 0x11,
    0xdd, 0x0, 0x70, 0xe7, 0x88,

    /* U+8BA9 "让" */
    0x0, 0xff, 0xe1, 0xe3, 0x0, 0x77, 0x30, 0x7,
    0x7c, 0x28, 0x6, 0x30, 0xf, 0x1e, 0xb0, 0x7,
    0xf8, 0x84, 0x8c, 0x3, 0xf0, 0x86, 0x7f, 0x28,
    0x7, 0x4f, 0xfb, 0x97, 0xb8, 0x20, 0x1e, 0x9f,
    0xf9, 0x40, 0x3f, 0xfc, 0x52, 0x60, 0x1f, 0xf4,
    0xa0, 0x80, 0x7f, 0x8, 0x8b, 0x80, 0x44, 0x2,
    0x31, 0x10, 0xc, 0xb1, 0x33, 0xfc, 0x73, 0xfe,
    0xcf, 0x2, 0xd2, 0x7e, 0xef, 0xda,

    /* U+8BB0 "记" */
    0x0, 0x3a, 0x0, 0x7f, 0xf0, 0xed, 0x81, 0xff,
    0xfd, 0xc0, 0x19, 0xe6, 0x46, 0xdb, 0xdd, 0xa8,
    0x3, 0xcd, 0x86, 0x24, 0x23, 0xc0, 0x10, 0xa2,
    0x44, 0x1, 0xff, 0x2c, 0xc5, 0xa8, 0x7, 0xfc,
    0x9b, 0x82, 0x1, 0x6f, 0xfe, 0xb1, 0x0, 0xfe,
    0x3a, 0xee, 0xa8, 0x3, 0xfc, 0x62, 0x39, 0x7c,
    0x3, 0xff, 0x97, 0x6e, 0x1, 0xff, 0xc0, 0x1a,
    0x65, 0x0, 0xf1, 0xe1, 0x0, 0x18, 0x17, 0x48,
    0x34, 0x47, 0x51, 0x90, 0x1, 0x1a, 0xc0, 0x16,
    0xdd, 0xd9, 0xa0, 0x0,

    /* U+8BBE "设" */
    0x0, 0x28, 0x7, 0xff, 0xe, 0x2c, 0x2, 0xff,
    0xe3, 0x0, 0xec, 0x59, 0x0, 0xb7, 0xf8, 0x3,
    0xe1, 0xdc, 0x2, 0x3, 0x0, 0xff, 0x1a, 0x85,
    0x18, 0x80, 0x7c, 0x9b, 0xb0, 0xab, 0xc0, 0x0,
    0x43, 0x76, 0x5, 0xe8, 0x20, 0x19, 0x40, 0xb,
    0x6e, 0x64, 0x2, 0x6e, 0x1, 0x4f, 0xfe, 0xda,
    0x14, 0x0, 0xf2, 0x70, 0x77, 0xfa, 0x5, 0x40,
    0x3f, 0xa, 0x48, 0x2, 0x64, 0x1, 0xf1, 0x48,
    0x4b, 0x9c, 0x9b, 0x80, 0x7d, 0xaa, 0x5, 0x18,
    0xdc, 0x1, 0xe6, 0x5, 0xc0, 0x1d, 0x0, 0x58,
    0x80, 0x78, 0xa9, 0x2b, 0x8f, 0xb0, 0xfb, 0x24,
    0x40, 0x9, 0xa1, 0xfb, 0xd2, 0x27, 0x7b, 0x40,
    0x20,

    /* U+8BD1 "译" */
    0x0, 0x19, 0x80, 0x3f, 0xf8, 0x55, 0xa2, 0x1d,
    0xff, 0xed, 0x0, 0xd2, 0x50, 0x1c, 0xe7, 0xfe,
    0xa1, 0xf0, 0xe, 0xd9, 0x0, 0x43, 0x64, 0x5e,
    0x10, 0x0, 0xb3, 0x1a, 0x1, 0x9, 0x1b, 0x93,
    0x0, 0x45, 0xf4, 0x61, 0x5b, 0xcd, 0x18, 0xd7,
    0xfc, 0xa0, 0x64, 0x21, 0x8f, 0x5c, 0xd7, 0x5d,
    0x4c, 0x80, 0x1c, 0xd4, 0xa0, 0x6e, 0x22, 0x58,
    0x10, 0xf, 0xf, 0xfb, 0x43, 0xbf, 0xc2, 0x1,
    0xe8, 0x1f, 0xf6, 0x87, 0xfc, 0x20, 0x1d, 0x2c,
    0x44, 0x11, 0x1, 0x8, 0x88, 0x3, 0xb, 0x6d,
    0x6f, 0x60, 0x6f, 0x73, 0x44, 0x1, 0xa1, 0x67,
    0x1f, 0xed, 0xf, 0xfc, 0x20, 0xd, 0x94, 0x0,
    0xff, 0xe0, 0xa3, 0x0, 0x70, 0x80, 0x80, 0x60,

    /* U+8BD5 "试" */
    0x0, 0xff, 0x10, 0x7, 0xcc, 0x1, 0xf6, 0xac,
    0x50, 0x4, 0x31, 0x20, 0x1f, 0xd, 0x24, 0x0,
    0x7, 0x1c, 0xc0, 0x3e, 0x2a, 0xa0, 0x4, 0x5e,
    0x5b, 0x99, 0x82, 0x72, 0x24, 0x0, 0x44, 0x31,
    0x9f, 0xfc, 0x4b, 0xfe, 0x80, 0x6, 0xec, 0x8,
    0x67, 0x9b, 0xcc, 0xe0, 0x7, 0xe0, 0x82, 0x6e,
    0x61, 0x8b, 0x80, 0x3f, 0x96, 0x4e, 0xd3, 0x88,
    0x3, 0xf8, 0x50, 0x50, 0x8d, 0x0, 0x3f, 0xf8,
    0x4a, 0x6, 0x1, 0xf2, 0xe0, 0x4, 0x22, 0x34,
    0x1, 0x0, 0xc3, 0x52, 0x83, 0xde, 0x17, 0x41,
    0xe8, 0x0, 0xb0, 0xcc, 0x5a, 0xc7, 0x83, 0x9d,
    0x8, 0x5, 0x58, 0x73, 0xf4, 0xa2, 0x0, 0xb5,
    0x14, 0x0, 0x11, 0x80, 0x7e, 0x5d, 0xf0,

    /* U+8BDD "话" */
    0x0, 0x2b, 0x0, 0x7c, 0x28, 0xa0, 0x1d, 0x28,
    0xb, 0x15, 0x9d, 0xca, 0xe0, 0xc, 0xad, 0x0,
    0x63, 0xa8, 0x1f, 0xd6, 0x1, 0xd3, 0x80, 0xd2,
    0xf8, 0x1, 0xff, 0x1a, 0x24, 0x62, 0x89, 0x85,
    0x3f, 0xe0, 0xb8, 0x8a, 0x82, 0x23, 0x2a, 0x6d,
    0x0, 0x23, 0x32, 0x91, 0xcc, 0xc8, 0x4, 0x20,
    0x1f, 0xfc, 0x73, 0xcc, 0x48, 0xe6, 0x40, 0x1f,
    0x1b, 0x97, 0x7e, 0xf5, 0x10, 0x7, 0x8f, 0xc,
    0x8, 0xb8, 0x3, 0xec, 0x93, 0x0, 0xff, 0x8c,
    0x25, 0x80, 0x7f, 0xf5, 0x80, 0x73, 0xd3, 0x0,
    0x7, 0xff, 0x58, 0x80, 0x0,

    /* U+8BE2 "询" */
    0x0, 0xfc, 0x40, 0x1f, 0xd2, 0xa0, 0x1b, 0xe8,
    0x3, 0xfa, 0xc4, 0x0, 0x85, 0x0, 0x1f, 0xa0,
    0x18, 0x1, 0x1, 0xd9, 0x9c, 0x20, 0x1, 0xf7,
    0x4, 0x3c, 0xee, 0xe3, 0x0, 0xc2, 0x0, 0x96,
    0x32, 0x2e, 0x0, 0x27, 0xfb, 0x82, 0x89, 0xbf,
    0xf1, 0x0, 0x49, 0xb4, 0x21, 0xb4, 0x19, 0xfc,
    0x6, 0x1, 0x88, 0x44, 0xe, 0xa0, 0x1f, 0xfc,
    0x5c, 0xfe, 0x0, 0xff, 0xe0, 0xe7, 0xf0, 0x7,
    0xf0, 0xb0, 0x7, 0xff, 0x4, 0x73, 0x40, 0x1b,
    0xac, 0x3, 0x0, 0xec, 0x6, 0xb0, 0xdc, 0xff,
    0x69, 0x18, 0x6, 0xf3, 0xb0, 0x1, 0x17, 0x66,
    0xc, 0x40, 0xf, 0x80, 0x1f, 0xbf, 0x30, 0x0,

    /* U+8BEF "误" */
    0x0, 0x28, 0x7, 0xff, 0xe, 0x2c, 0x1, 0xbf,
    0xfe, 0x80, 0xd, 0xaf, 0x0, 0xb, 0xff, 0xcc,
    0x1, 0xed, 0x90, 0xf, 0xfe, 0x0, 0x88, 0x4,
    0x6, 0xbb, 0xb3, 0xf8, 0x5, 0xb9, 0xc0, 0xc,
    0xee, 0xf3, 0x80, 0x59, 0x22, 0xf, 0xff, 0xf9,
    0xc0, 0x3c, 0xff, 0xf0, 0xd7, 0xfc, 0xe0, 0x1e,
    0x22, 0x8, 0xc0, 0x22, 0x22, 0x0, 0x7b, 0xf3,
    0xfc, 0x15, 0xfe, 0xcd, 0x40, 0xc, 0xb9, 0xdc,
    0x72, 0x1f, 0xee, 0x7a, 0x0, 0x43, 0x4a, 0xa,
    0xdc, 0xb4, 0x1, 0xec, 0xb, 0x46, 0xa8, 0x3a,
    0x6c, 0x40, 0xd, 0x52, 0x1b, 0x32, 0x70, 0x1c,
    0x6b, 0xd1, 0x0, 0x13, 0x22, 0xf3, 0x0, 0x43,
    0x5b, 0x22,

    /* U+8BF4 "说" */
    0x0, 0x20, 0x4, 0x88, 0x0, 0x86, 0x88, 0x2,
    0x1a, 0xa0, 0x5, 0x42, 0x0, 0x75, 0x30, 0x8,
    0x71, 0x24, 0x11, 0x6c, 0x1, 0x4e, 0x20, 0x18,
    0xb2, 0x80, 0xf7, 0xd, 0x4f, 0x4c, 0x2, 0x21,
    0x33, 0x6, 0xdd, 0x7c, 0x9c, 0x60, 0x0, 0xb7,
    0xb8, 0x0, 0x38, 0xcc, 0xdc, 0x20, 0x2, 0xfc,
    0x0, 0xff, 0xe3, 0x9c, 0x66, 0x6e, 0x10, 0xf,
    0xdb, 0x27, 0x54, 0x3e, 0xc0, 0xf, 0x90, 0xd8,
    0x1d, 0x44, 0xcc, 0x1, 0xe7, 0xa1, 0x51, 0x10,
    0x7, 0xfa, 0x74, 0x69, 0x80, 0x39, 0xc8, 0x0,
    0xc1, 0xa7, 0x47, 0x20, 0x1, 0x23, 0x84, 0x0,
    0x2f, 0x6, 0xbe, 0x8, 0x10, 0xee, 0x1b, 0x0,
    0x42, 0x77, 0xa4, 0x0, 0x1e, 0xff, 0x60, 0x0,

    /* U+8BF7 "请" */
    0x0, 0x20, 0x80, 0x71, 0xf8, 0x7, 0xdd, 0x82,
    0x17, 0x77, 0x85, 0xdd, 0x40, 0x15, 0x36, 0x84,
    0x45, 0x21, 0x11, 0x48, 0x6, 0xaf, 0xb, 0xee,
    0x40, 0x77, 0x48, 0x1, 0x84, 0xc2, 0x37, 0x5c,
    0x1b, 0xb3, 0x81, 0x76, 0xe8, 0x1b, 0x73, 0x1c,
    0x19, 0x96, 0xb1, 0x6d, 0x98, 0x3f, 0xf7, 0x3f,
    0x7b, 0xaf, 0x70, 0x35, 0x0, 0x8, 0xb7, 0x7e,
    0x21, 0x0, 0xf0, 0x87, 0xfe, 0xc0, 0xf, 0xfb,
    0xbb, 0x68, 0x7, 0xc3, 0x40, 0xe, 0xed, 0xa0,
    0x1c, 0xe3, 0xfa, 0x0, 0xee, 0xda, 0x1, 0xda,
    0x3a, 0xe0, 0xe, 0xed, 0xa0, 0x1d, 0x18, 0x60,
    0x20, 0x18, 0x74, 0xc0, 0x30, 0x90, 0x0, 0xfc,
    0x2, 0x1e, 0xc0, 0x0,

    /* U+8BFB "读" */
    0x0, 0x30, 0x7, 0x97, 0x40, 0x3c, 0x31, 0x20,
    0x1, 0x10, 0x7, 0x8, 0x4, 0x3a, 0xc4, 0x19,
    0xfd, 0x65, 0xdc, 0xf8, 0x0, 0x8f, 0x8, 0x37,
    0xb9, 0x65, 0xdd, 0x40, 0x0, 0x84, 0x81, 0xb7,
    0x6b, 0x2d, 0xda, 0x80, 0xb3, 0xf8, 0x1f, 0xd7,
    0x3e, 0xfb, 0x7, 0x40, 0xbb, 0x40, 0x2, 0x69,
    0x85, 0xd6, 0x24, 0xc0, 0x1e, 0x18, 0xd5, 0x61,
    0xe0, 0xe1, 0x0, 0xf1, 0x97, 0x62, 0xb9, 0x0,
    0x7f, 0x1c, 0xbb, 0x84, 0x80, 0x44, 0x40, 0x1c,
    0x93, 0x8d, 0xbe, 0x35, 0xfe, 0xd1, 0x0, 0xd5,
    0x9d, 0xd2, 0x36, 0xf7, 0x3c, 0x40, 0xa, 0x10,
    0x80, 0x9, 0x78, 0x86, 0x98, 0x6, 0x17, 0x62,
    0x7e, 0x2c, 0x1b, 0xac, 0x70, 0x9, 0xe0, 0xf,
    0x6a, 0xc4, 0x0, 0xf6, 0x60,

    /* U+8C03 "调" */
    0x0, 0x84, 0x3, 0xff, 0x83, 0x18, 0x20, 0x9f,
    0xff, 0x80, 0x10, 0x14, 0xe, 0x3f, 0xe4, 0xdf,
    0xc1, 0x0, 0xbe, 0x40, 0x22, 0x35, 0x73, 0x0,
    0x84, 0x46, 0x40, 0x12, 0xf8, 0xcc, 0x80, 0x7,
    0xdd, 0x8, 0x4, 0xf8, 0x3f, 0x40, 0x3, 0xfe,
    0x0, 0xe7, 0xb1, 0xfc, 0x70, 0xf, 0xe5, 0x8c,
    0xff, 0x38, 0x7, 0xce, 0xf, 0xff, 0x50, 0x7,
    0x97, 0x48, 0x86, 0xfb, 0x4a, 0x1, 0xeb, 0x5f,
    0x60, 0x0, 0x98, 0x7, 0x10, 0x34, 0x3e, 0x82,
    0xf5, 0xb8, 0x6, 0x16, 0x96, 0x16, 0x67, 0x75,
    0x6c, 0x1, 0x14, 0x94, 0xb8, 0x80, 0x43, 0xd4,
    0xa0, 0x18, 0xae, 0x0, 0x30, 0xcd, 0x58,

    /* U+8C61 "象" */
    0x0, 0xe3, 0x0, 0xff, 0xe1, 0x2e, 0x28, 0x7,
    0xff, 0x1, 0x28, 0x2f, 0xba, 0xd2, 0x0, 0xf3,
    0x5c, 0xff, 0x73, 0xc2, 0x8, 0x3, 0xae, 0x46,
    0xb3, 0x2f, 0x19, 0xcc, 0x18, 0x5, 0xd0, 0x1b,
    0xb3, 0x33, 0xb7, 0x44, 0xe0, 0x12, 0x90, 0x8,
    0xcb, 0x42, 0x30, 0x7, 0xee, 0xe7, 0x8e, 0x77,
    0x40, 0x1e, 0x5e, 0xb3, 0x8, 0xee, 0x9b, 0x50,
    0x2, 0x3a, 0xe8, 0x83, 0xca, 0xd, 0x33, 0x80,
    0x63, 0xdd, 0x66, 0x1a, 0x2b, 0xd7, 0x50, 0x3,
    0x11, 0x27, 0xc3, 0xf4, 0x65, 0xe4, 0x3, 0x92,
    0x37, 0xf7, 0xd, 0x7e, 0x1e, 0x0, 0x33, 0x60,
    0xec, 0x74, 0x88, 0x3, 0xd7, 0xa4, 0x0, 0xfd,
    0x9f, 0x89, 0x69, 0x60, 0x5a, 0xde, 0x0, 0x7e,
    0xa3, 0x1, 0x2c, 0x30, 0xa, 0x18, 0x0,

    /* U+8D1F "负" */
    0x0, 0xe8, 0x90, 0xf, 0xfe, 0x1, 0xbf, 0x80,
    0x7f, 0xc3, 0xa1, 0x3f, 0xf9, 0x80, 0x38, 0x71,
    0x7f, 0xf3, 0x1b, 0x0, 0x65, 0xf6, 0xb0, 0x8,
    0xdb, 0x80, 0x31, 0x5b, 0x2f, 0xfe, 0xc0, 0xdf,
    0xf2, 0x81, 0x74, 0x1c, 0xff, 0xfc, 0x20, 0x1f,
    0xca, 0xa0, 0xf, 0xfe, 0xf, 0xf8, 0x3, 0xff,
    0x82, 0xf8, 0x1, 0xfc, 0x60, 0x2, 0x22, 0x0,
    0x7f, 0x5a, 0x7, 0x29, 0x4b, 0x6, 0x20, 0x6,
    0x44, 0x70, 0x50, 0xc, 0xf2, 0x88, 0x2, 0x77,
    0xae, 0x30, 0x1, 0x1f, 0x31, 0xc8, 0x1f, 0x5b,
    0xa6, 0x0, 0xe7, 0xe6, 0x50,

    /* U+8D23 "责" */
    0x0, 0xfb, 0xd4, 0x3, 0xe4, 0xdd, 0xe0, 0x8d,
    0xdd, 0x20, 0x4, 0xcc, 0xe1, 0xbc, 0xcd, 0x0,
    0x12, 0xee, 0xe1, 0xbd, 0xdb, 0x4, 0x2, 0x5e,
    0xec, 0x37, 0xdd, 0x80, 0x5, 0x76, 0x88, 0xc3,
    0x51, 0x14, 0xd5, 0xf, 0xbb, 0xd7, 0x1d, 0xdb,
    0xf8, 0x55, 0x2a, 0xef, 0xf5, 0x2a, 0x0, 0x6b,
    0xff, 0x6f, 0x7f, 0xac, 0x40, 0x3f, 0xaa, 0x0,
    0x3f, 0xf8, 0x29, 0xa0, 0x1f, 0xce, 0xc0, 0xa4,
    0x96, 0xed, 0x20, 0x1d, 0x2d, 0x57, 0x41, 0xd5,
    0x80, 0x1a, 0xbb, 0xe4, 0xbd, 0x1, 0x76, 0x21,
    0xc2, 0x11, 0x5d, 0xb0, 0x20, 0x19, 0xba, 0xc4,

    /* U+8D25 "败" */
    0x0, 0xff, 0xe7, 0x5b, 0x80, 0x71, 0xe6, 0x75,
    0x80, 0x10, 0xc0, 0x3c, 0x5f, 0xf4, 0x20, 0x18,
    0xa0, 0x7, 0xc6, 0x82, 0xc2, 0x16, 0x3f, 0xf9,
    0x80, 0x34, 0xb0, 0x4, 0xd7, 0xfa, 0x3e, 0xc0,
    0x1c, 0xe0, 0x5, 0x11, 0x3, 0x10, 0x7, 0xc2,
    0x0, 0xf3, 0x20, 0x16, 0x0, 0xff, 0x54, 0x60,
    0x69, 0x0, 0x78, 0x48, 0x4, 0x11, 0x40, 0xf4,
    0x3, 0x88, 0x40, 0x39, 0x5d, 0x10, 0x1, 0x1f,
    0x2b, 0xb0, 0x78, 0x3, 0xe1, 0x44, 0x3, 0x14,
    0xd7, 0xe1, 0x0, 0x4, 0x8, 0x3, 0x16, 0x31,
    0xcb, 0xe0, 0x3d, 0xcb, 0x40, 0x5, 0xef, 0x0,
    0x9, 0x8d, 0xac, 0x6c, 0x5d, 0x30, 0xc9, 0x0,
    0xcf, 0x5a, 0x40, 0x5b, 0x66,

    /* U+8D2A "贪" */
    0x0, 0xff, 0xe5, 0x27, 0xc0, 0x7, 0xff, 0x0,
    0xa9, 0x95, 0x80, 0x3f, 0xc7, 0x8f, 0x7f, 0x10,
    0x0, 0xfc, 0xf8, 0xdb, 0xa1, 0xc5, 0xe7, 0x10,
    0x1, 0x47, 0x43, 0xd3, 0x22, 0x87, 0x35, 0x77,
    0x8, 0xd2, 0x29, 0xb3, 0xb, 0x19, 0x8d, 0xd6,
    0x41, 0xe, 0x32, 0xf7, 0x71, 0x3a, 0x81, 0xb0,
    0x6, 0xcd, 0xdd, 0xc6, 0xbb, 0x80, 0x1e, 0x25,
    0xee, 0xb7, 0x39, 0x48, 0x3, 0xc7, 0xc6, 0x6f,
    0x43, 0x37, 0x18, 0x7, 0x8c, 0x0, 0x46, 0x60,
    0x8, 0xc0, 0x3c, 0xca, 0x12, 0x69, 0x32, 0x5b,
    0x0, 0xf5, 0x2e, 0xb6, 0x85, 0x16, 0x68, 0x6,
    0x2f, 0xd8, 0xad, 0x10, 0x3b, 0xb2, 0xd0, 0x4,
    0x57, 0xbc, 0xe0, 0x1c, 0x9b, 0x40, 0x0,

    /* U+8D85 "超" */
    0x0, 0xde, 0x60, 0x1f, 0xfc, 0x51, 0xff, 0xf3,
    0x0, 0x1f, 0xfc, 0x19, 0xe9, 0xf4, 0x1f, 0xe1,
    0x30, 0x3, 0x6e, 0x82, 0xf5, 0x43, 0xc, 0x0,
    0x22, 0x0, 0x9, 0x10, 0x1c, 0x80, 0xda, 0x40,
    0x41, 0xc0, 0x19, 0xfe, 0xc, 0xfd, 0xc5, 0x54,
    0x71, 0x18, 0x3, 0x7b, 0xd5, 0xfb, 0x2a, 0x4f,
    0x63, 0x84, 0x2, 0x82, 0x0, 0x8, 0x9b, 0x3a,
    0x2b, 0x14, 0x0, 0x6c, 0x0, 0x6d, 0x70, 0x6,
    0xec, 0x40, 0x13, 0x1, 0x3, 0xca, 0x80, 0x7f,
    0x18, 0x18, 0xa, 0x10, 0x0, 0x46, 0x0, 0xd8,
    0x5a, 0xc0, 0x1d, 0xdd, 0x10, 0x0, 0x92, 0x34,
    0x56, 0x5d, 0xaa, 0xb8, 0x80, 0xa, 0xa3, 0xd8,
    0xb, 0xb5, 0x57, 0x68, 0x0,

    /* U+8DC3 "跃" */
    0x0, 0xff, 0xe0, 0x88, 0x6, 0xff, 0xe0, 0x14,
    0x6a, 0xea, 0x0, 0xc3, 0xbf, 0xa0, 0xf5, 0xb3,
    0x98, 0xb0, 0xf, 0xc2, 0xf7, 0x22, 0xa4, 0x1,
    0xc3, 0xfb, 0xe2, 0x1, 0xff, 0x6f, 0x94, 0x63,
    0xb3, 0x6, 0xd9, 0x8a, 0x0, 0x2a, 0x20, 0x62,
    0xee, 0x78, 0x1f, 0x70, 0x80, 0x2, 0xc0, 0xe,
    0xc9, 0x8a, 0x2, 0x88, 0x38, 0x7, 0xa3, 0x80,
    0x8, 0x2e, 0x1, 0xfc, 0xc6, 0x0, 0xa9, 0x5,
    0x0, 0xfc, 0xe8, 0x8, 0x4d, 0x30, 0x1, 0x94,
    0x68, 0x2f, 0x86, 0x9c, 0x5c, 0xe4, 0x2, 0x93,
    0xdc, 0xfb, 0xd2, 0x80, 0x6, 0xb4, 0x0, 0x3b,
    0x1c, 0xc3, 0x3, 0x0, 0x23, 0xa5, 0x20, 0x10,
    0xd, 0x98, 0x0, 0xe5, 0xd2,

    /* U+8DDF "跟" */
    0x3, 0xff, 0xdd, 0x1f, 0xfe, 0x10, 0x0, 0x8b,
    0xfd, 0x81, 0xeb, 0xff, 0x70, 0x8, 0x7, 0xf2,
    0xff, 0xdc, 0x1, 0xc3, 0x10, 0xa0, 0x2, 0xff,
    0xdc, 0x1, 0x8d, 0xc1, 0xce, 0x40, 0x38, 0xc0,
    0x30, 0xc4, 0x7, 0x9c, 0x17, 0xfe, 0xd0, 0x10,
    0x1, 0xf0, 0x0, 0x8c, 0x17, 0xcb, 0x3f, 0x44,
    0x0, 0x20, 0x15, 0x50, 0x2, 0x65, 0x1f, 0x90,
    0xf, 0x44, 0x80, 0x59, 0xba, 0x79, 0x0, 0xff,
    0x99, 0x1a, 0x80, 0x3e, 0x37, 0x0, 0xca, 0xc2,
    0x1, 0x20, 0xd8, 0xe1, 0x0, 0xe4, 0x58, 0xe1,
    0x80, 0x2d, 0xbf, 0xd6, 0xbc, 0x8b, 0x23, 0x8d,
    0x8a, 0x1b, 0x28, 0x1, 0x6d, 0x48, 0x0, 0x6e,
    0x94,

    /* U+8F6E "轮" */
    0x0, 0xff, 0x18, 0x7, 0xe5, 0xe0, 0xc, 0x78,
    0xa0, 0x1f, 0x63, 0x80, 0x6a, 0xc, 0x0, 0xc3,
    0xda, 0xcf, 0xba, 0x91, 0x69, 0x45, 0x0, 0x87,
    0x6c, 0x73, 0xfa, 0xf5, 0x1b, 0xa9, 0x40, 0x23,
    0xc7, 0x16, 0x38, 0x2a, 0x3, 0xaa, 0x84, 0x5,
    0x6e, 0xdc, 0xaa, 0x64, 0x0, 0x2d, 0xa2, 0x2,
    0x90, 0xc0, 0x9, 0xa1, 0x80, 0x13, 0x7a, 0x83,
    0x27, 0xba, 0xfb, 0x80, 0x45, 0x98, 0x10, 0x6,
    0x7f, 0x42, 0xf2, 0x81, 0xc6, 0xaf, 0x80, 0x42,
    0x1, 0x84, 0x40, 0xa3, 0xb2, 0x20, 0x14, 0xde,
    0x4a, 0xe3, 0x3, 0x49, 0x0, 0x77, 0x6f, 0xb2,
    0xeb, 0x80, 0x71, 0xa0, 0x1, 0xd8, 0xfc, 0x3,
    0x10, 0x5, 0x54, 0x0, 0xef, 0x0, 0xb1, 0x3f,
    0xe6, 0xb0, 0xf, 0x8, 0x1, 0x3f, 0xf9, 0x40,

    /* U+8F6F "软" */
    0x0, 0xff, 0xe3, 0xc5, 0x0, 0x68, 0x80, 0x7,
    0xe4, 0x20, 0xc, 0xde, 0x1, 0xea, 0xa1, 0x9a,
    0xa8, 0xa6, 0x2e, 0x1, 0xef, 0x21, 0xef, 0xf3,
    0xc8, 0x7f, 0xed, 0x0, 0x29, 0x30, 0xba, 0x8a,
    0xe7, 0xfc, 0x6a, 0x1, 0x2d, 0xc2, 0x2, 0x29,
    0xc3, 0x9, 0xd8, 0x2, 0x48, 0xc0, 0x27, 0xa0,
    0x4e, 0x1f, 0x30, 0x2, 0x17, 0x9c, 0x76, 0x0,
    0x4, 0x3, 0xd9, 0xfe, 0x3b, 0xec, 0x0, 0x11,
    0x0, 0x38, 0x40, 0x30, 0x98, 0x20, 0x20, 0x7,
    0x34, 0x51, 0x57, 0x48, 0x72, 0x92, 0x80, 0x6d,
    0x2d, 0x39, 0xfa, 0x35, 0x89, 0xb1, 0x0, 0xae,
    0x9c, 0x4c, 0x7, 0x58, 0x95, 0x58, 0x40, 0x1e,
    0x33, 0x79, 0xc8, 0x2, 0xc7, 0x4c, 0x3, 0x8,
    0x1a, 0x60, 0x6, 0xca, 0x30,

    /* U+8F7B "轻" */
    0x0, 0x84, 0x3, 0xff, 0x87, 0x3c, 0x1, 0x8,
    0xf8, 0x3, 0x89, 0xc0, 0xb, 0xdd, 0xd2, 0x1,
    0x7f, 0x95, 0xbf, 0xcd, 0xff, 0x40, 0xc8, 0x5,
    0xd8, 0x1d, 0xfc, 0x60, 0x3, 0x88, 0x8, 0x4,
    0x28, 0x85, 0x61, 0x0, 0x1e, 0x85, 0x98, 0x6,
    0xae, 0xcc, 0x0, 0x17, 0x17, 0x93, 0x20, 0x0,
    0xe4, 0x4, 0x2b, 0x14, 0xd6, 0x33, 0x4c, 0x41,
    0xc5, 0x2e, 0xb3, 0x2a, 0x90, 0x9, 0x78, 0x82,
    0x77, 0x15, 0x30, 0x63, 0xff, 0xa0, 0x3, 0xc2,
    0xc5, 0x9d, 0x83, 0xfd, 0x0, 0x7, 0x9c, 0x74,
    0xa1, 0x18, 0x2, 0x10, 0xb, 0x4e, 0x59, 0x70,
    0xc0, 0x3f, 0xaa, 0x8a, 0x20, 0x2, 0x32, 0x60,
    0x22, 0x18, 0x80, 0x7d, 0x1b, 0x96, 0x19, 0x8d,
    0x60, 0xf, 0xab, 0xbb, 0xe7,

    /* U+8F7D "载" */
    0x0, 0xff, 0xe4, 0x63, 0x80, 0x5e, 0x46, 0xe0,
    0x19, 0xae, 0xc5, 0x57, 0x61, 0x0, 0x14, 0xc0,
    0x4, 0x91, 0x2, 0x58, 0xf1, 0x3, 0x1d, 0xb0,
    0x0, 0x88, 0x3, 0x9c, 0xc5, 0xc, 0x0, 0x80,
    0xbf, 0x10, 0x13, 0x88, 0x86, 0x62, 0x30, 0x26,
    0x5f, 0x94, 0x5d, 0xc7, 0x17, 0x15, 0x80, 0xe,
    0xfb, 0xc, 0xff, 0x2b, 0x10, 0x7c, 0x0, 0x5e,
    0xe7, 0x93, 0xfc, 0xa5, 0xc0, 0x74, 0x1, 0x2b,
    0x6b, 0x58, 0x8, 0x69, 0xa9, 0x98, 0x2, 0x31,
    0xea, 0x2f, 0xf1, 0x22, 0x22, 0x40, 0x33, 0xff,
    0xa8, 0xbf, 0xc4, 0x26, 0xa, 0x1, 0x91, 0x5f,
    0xcb, 0x7c, 0xc4, 0x8c, 0x0, 0x60, 0xb, 0xb6,
    0x9, 0x7f, 0x8b, 0x1d, 0x65, 0x74, 0x1, 0xdc,
    0xbe, 0x2, 0x26, 0x34, 0xd3, 0xd3, 0x0, 0x4,
    0x3, 0x9d, 0xd6, 0x3, 0x8f, 0x0,

    /* U+8F93 "输" */
    0x0, 0xff, 0xe3, 0x1c, 0x0, 0x76, 0x38, 0x7,
    0xc8, 0xa0, 0x19, 0x4a, 0x4c, 0x3, 0x9b, 0x19,
    0x50, 0x6, 0xea, 0x9a, 0x40, 0x1b, 0x51, 0xfb,
    0x43, 0x51, 0x98, 0xfa, 0xc0, 0x15, 0x86, 0xdc,
    0xdb, 0x33, 0xfc, 0x8f, 0x3a, 0x20, 0xa8, 0x82,
    0xa7, 0xef, 0xed, 0xd4, 0x5d, 0x8, 0x4f, 0x4d,
    0x42, 0xf3, 0x69, 0xda, 0xd2, 0x1, 0x9a, 0x8d,
    0x4, 0xd, 0x80, 0x31, 0x80, 0xf, 0x7d, 0x24,
    0xc1, 0x20, 0x40, 0x3e, 0x20, 0x1, 0x90, 0x55,
    0x90, 0x7, 0x85, 0xa5, 0x65, 0x42, 0x38, 0x80,
    0x3c, 0x36, 0x7, 0x4e, 0xf, 0xe4, 0xe, 0x1,
    0xdb, 0x2c, 0x1, 0x78, 0x98, 0x53, 0x18, 0x7,
    0x38, 0x0, 0xc2, 0x84, 0x9b, 0x84, 0x3, 0xc6,
    0x14, 0xf7, 0xc2, 0xe, 0x86, 0x1, 0xb1, 0x80,
    0x21, 0x10, 0x2, 0xac, 0x0,

    /* U+8FA8 "辨" */
    0x0, 0xa, 0x0, 0x7e, 0x50, 0xe, 0x2a, 0x10,
    0xb, 0xa0, 0xa, 0x8c, 0x2, 0xbf, 0x2d, 0x90,
    0xb, 0x7b, 0x43, 0x3c, 0xc2, 0x21, 0xf3, 0x4c,
    0xa6, 0x1f, 0xdf, 0x9a, 0x61, 0x46, 0x69, 0x4c,
    0xd0, 0x16, 0xa0, 0x89, 0x0, 0x64, 0x89, 0xb0,
    0xf8, 0x1, 0x50, 0x56, 0x0, 0x59, 0x25, 0xd,
    0xc8, 0xc1, 0x98, 0xe0, 0xe2, 0xba, 0x8e, 0xb2,
    0x42, 0x35, 0x3c, 0x85, 0x22, 0x3b, 0xc3, 0xec,
    0x2, 0x4e, 0xf0, 0xfe, 0x50, 0x67, 0x7, 0x4e,
    0x11, 0x88, 0xc0, 0xc8, 0x1, 0xba, 0xc, 0x30,
    0xf7, 0xf, 0xc0, 0xcc, 0x0, 0x2f, 0x4e, 0x9d,
    0x16, 0xc3, 0x7c, 0x3f, 0x80, 0x2b, 0xa0, 0x3a,
    0x72, 0x0, 0xfd, 0xc, 0xc0, 0xb5, 0x80, 0xf,
    0xe8, 0xb0, 0x4, 0x58, 0x6, 0x1f, 0x10, 0x0,

    /* U+8FB9 "边" */
    0x0, 0xff, 0xe2, 0x8c, 0x88, 0x6, 0x5f, 0x10,
    0xf, 0xb, 0xc8, 0x7, 0x84, 0x3, 0xe6, 0x60,
    0x7, 0xff, 0xa, 0x64, 0x9, 0xfe, 0xa0, 0xff,
    0xc8, 0x1, 0xb, 0x82, 0xde, 0x31, 0x6e, 0xb0,
    0x18, 0x9, 0xc, 0xc0, 0x28, 0x66, 0x72, 0x28,
    0xc, 0x12, 0xb7, 0x0, 0x32, 0x60, 0x0, 0xc0,
    0x41, 0xba, 0x80, 0x32, 0x8b, 0x80, 0x4, 0x3,
    0xfd, 0xa, 0x20, 0x7, 0x10, 0xf, 0xd4, 0x50,
    0x1, 0x61, 0x80, 0x7c, 0xcb, 0x44, 0x11, 0xee,
    0xa0, 0x1b, 0x42, 0x9f, 0x14, 0x1, 0x71, 0x90,
    0x1, 0x52, 0xf6, 0x7c, 0x41, 0x95, 0xcd, 0xd1,
    0x48, 0x5b, 0x85, 0xbf, 0x4a, 0xef, 0xd4, 0x43,
    0x84, 0x0, 0x16, 0xad, 0xef, 0xfe, 0x0,

    /* U+8FC7 "过" */
    0x0, 0x20, 0x7, 0xef, 0x60, 0xc, 0x37, 0x0,
    0x1f, 0x8, 0x7, 0xc, 0x39, 0x80, 0x78, 0xc0,
    0x3c, 0xe6, 0xcc, 0xff, 0xe2, 0x9f, 0xc0, 0xd,
    0x8a, 0xdd, 0xdc, 0x53, 0xda, 0x0, 0x21, 0x10,
    0x0, 0xdc, 0x46, 0x0, 0x8, 0x80, 0x77, 0xb8,
    0xa0, 0xb2, 0x40, 0x1f, 0xf, 0xf8, 0x40, 0xe,
    0x16, 0x1, 0xff, 0xc2, 0x70, 0xf, 0xfe, 0x1c,
    0x48, 0x7, 0xff, 0x10, 0x48, 0x86, 0x1, 0xc8,
    0x3a, 0x1, 0xb3, 0x45, 0x0, 0x34, 0xd5, 0x8f,
    0x53, 0xad, 0x45, 0x2a, 0xc2, 0x49, 0xa9, 0x38,
    0x75, 0x71, 0xb, 0xb5, 0x40, 0x96, 0x98, 0x0,
    0xa7, 0x7b, 0xff, 0xb4, 0x0,

    /* U+8FD0 "运" */
    0x0, 0x38, 0x7, 0xff, 0x4, 0x66, 0x0, 0x1d,
    0xff, 0xe4, 0x0, 0xe, 0xb9, 0x86, 0x6f, 0x76,
    0xd4, 0x0, 0x8f, 0xc, 0x8, 0x82, 0x38, 0x80,
    0x38, 0xc1, 0x13, 0xf8, 0x41, 0x95, 0x49, 0x75,
    0x4b, 0xb5, 0x55, 0x68, 0x15, 0xd4, 0x1f, 0xde,
    0x19, 0xdd, 0x7a, 0x86, 0x59, 0x0, 0x4e, 0x66,
    0x1a, 0x0, 0xff, 0x47, 0x80, 0xb4, 0x80, 0x7e,
    0xa2, 0x4, 0x65, 0x65, 0x0, 0xf0, 0xa9, 0x7f,
    0x73, 0xda, 0x0, 0x23, 0x37, 0xf, 0x73, 0x2a,
    0x1a, 0x70, 0x6, 0xb2, 0x47, 0xa5, 0x50, 0xce,
    0x44, 0x28, 0xb6, 0x3d, 0xd1, 0x45, 0x66, 0x57,
    0x44, 0x18, 0x60, 0x4, 0xad, 0xef, 0xfe, 0x70,

    /* U+8FD1 "近" */
    0x0, 0xff, 0xe0, 0x1a, 0x0, 0x6c, 0x70, 0xa,
    0x26, 0xf7, 0xf2, 0x80, 0x34, 0xc2, 0x80, 0x1c,
    0x36, 0x33, 0xb8, 0x1, 0x95, 0xe0, 0x2, 0xb6,
    0x53, 0x10, 0xf, 0x46, 0x80, 0x7f, 0xf0, 0x10,
    0xcc, 0x1, 0xb7, 0xff, 0xc2, 0x2a, 0xec, 0x20,
    0x10, 0xde, 0xd0, 0xbe, 0xd1, 0x17, 0x60, 0x4,
    0x40, 0x42, 0x60, 0xe2, 0x40, 0x1f, 0x21, 0x0,
    0x7f, 0xf0, 0xa9, 0x0, 0x3f, 0xf8, 0x2e, 0x56,
    0x1, 0xfe, 0x30, 0x70, 0x82, 0x0, 0xfe, 0x5c,
    0x59, 0xae, 0x64, 0x32, 0xa0, 0x45, 0x21, 0x8b,
    0xac, 0xf1, 0xd9, 0xdc, 0xac, 0xba, 0x31, 0xd5,
    0x0, 0x14, 0x5e, 0xf7, 0xff, 0x8,

    /* U+8FD4 "返" */
    0x0, 0x29, 0x80, 0x7c, 0x28, 0xa0, 0x1b, 0xa4,
    0x0, 0xb7, 0x6d, 0xfe, 0xba, 0x30, 0xb, 0x94,
    0x40, 0x9b, 0xa7, 0x37, 0xbc, 0xc0, 0x25, 0x60,
    0x0, 0x89, 0x50, 0xc8, 0x40, 0x3d, 0x22, 0x0,
    0x2a, 0xae, 0x80, 0x8, 0xce, 0x0, 0x8f, 0xff,
    0x31, 0x0, 0x5f, 0xd8, 0x20, 0x2c, 0xa6, 0xaa,
    0x1c, 0x0, 0xb3, 0x80, 0x2e, 0x13, 0x8c, 0x42,
    0x70, 0xf, 0xc9, 0xa7, 0xef, 0x68, 0x20, 0x1f,
    0x19, 0x28, 0x9, 0x82, 0x30, 0x7, 0xdc, 0x84,
    0x76, 0xd9, 0x12, 0xc0, 0x13, 0x82, 0x2c, 0x8f,
    0x17, 0x9b, 0xcb, 0x80, 0x16, 0xd6, 0x52, 0x92,
    0x68, 0x8d, 0xd, 0xcc, 0x26, 0x2b, 0x3c, 0x3a,
    0x73, 0x2b, 0xa9, 0x10, 0xc7, 0x0, 0x1c, 0x5e,
    0xff, 0xf8, 0x80,

    /* U+8FD8 "还" */
    0x0, 0x30, 0x7, 0xff, 0x8, 0x62, 0x1, 0xdf,
    0xff, 0x90, 0x0, 0x36, 0xe7, 0x9d, 0xcd, 0x8,
    0xee, 0x6a, 0x0, 0x4a, 0xc0, 0x42, 0x25, 0x17,
    0x11, 0x10, 0x7, 0x49, 0x80, 0x6, 0x8, 0x3,
    0xc2, 0xca, 0xa0, 0xa, 0x80, 0x2d, 0x50, 0x8,
    0xea, 0x68, 0x1, 0x2a, 0xe0, 0xa, 0xa1, 0x80,
    0xb, 0x20, 0x1, 0x2f, 0x9c, 0x0, 0x76, 0xd2,
    0x0, 0xe8, 0x4f, 0x20, 0xd, 0x25, 0x40, 0x1d,
    0x1a, 0x20, 0x1e, 0xc8, 0x0, 0xff, 0xe3, 0x98,
    0x28, 0x6, 0x70, 0xf, 0x9a, 0x1a, 0x36, 0x54,
    0xa0, 0xcc, 0x88, 0x60, 0x18, 0xa9, 0xd8, 0x39,
    0xac, 0xca, 0xee, 0x1, 0xf5, 0x0, 0x2d, 0x67,
    0x7f, 0xf6, 0x80,

    /* U+8FD9 "这" */
    0x0, 0xff, 0xe2, 0xa, 0x0, 0x61, 0xe3, 0x0,
    0xf3, 0x59, 0x80, 0x43, 0x18, 0x40, 0x1c, 0xeb,
    0xc0, 0x19, 0xa4, 0xc0, 0x3d, 0x6c, 0x57, 0xff,
    0x4f, 0x7f, 0xc2, 0x0, 0x1b, 0x2a, 0xde, 0xff,
    0x70, 0x57, 0x8, 0x7, 0xc, 0xe8, 0x82, 0x82,
    0x88, 0x3, 0xfe, 0x40, 0x91, 0xc2, 0xf5, 0x0,
    0xdf, 0xe1, 0x0, 0x16, 0xb6, 0x24, 0x80, 0x7f,
    0xd2, 0x20, 0xe0, 0x1f, 0xe3, 0xc5, 0x6b, 0x50,
    0xf, 0x8e, 0xb2, 0x6a, 0x5e, 0x94, 0x2, 0x31,
    0xd7, 0x1d, 0x70, 0x4, 0x30, 0x80, 0xd7, 0x51,
    0xd1, 0x3a, 0x26, 0xc2, 0x41, 0xc, 0x5a, 0xd0,
    0x9a, 0xbb, 0xaa, 0x44,

    /* U+8FDB "进" */
    0x0, 0x30, 0x80, 0x49, 0xc0, 0xf, 0x40, 0xe,
    0xb8, 0x0, 0x9c, 0x40, 0x27, 0x0, 0xeb, 0x60,
    0x23, 0x60, 0x22, 0x3, 0x19, 0x0, 0x4c, 0xc1,
    0x9c, 0xb0, 0xcc, 0x5, 0xef, 0x0, 0x69, 0x1b,
    0xfa, 0x1e, 0xe0, 0x6f, 0x60, 0x2, 0xea, 0x80,
    0x10, 0x98, 0x7, 0xe3, 0x32, 0x82, 0x1e, 0x89,
    0x98, 0x14, 0xd0, 0x1, 0x1a, 0x21, 0x5c, 0xc7,
    0xdc, 0x8, 0xea, 0x10, 0xe, 0xed, 0x47, 0xdd,
    0x6, 0xeb, 0x84, 0x3, 0xe4, 0xc0, 0xf, 0xfe,
    0xb, 0x2, 0x0, 0x7f, 0x8, 0x89, 0x26, 0x0,
    0x33, 0x80, 0x43, 0x30, 0xfd, 0x22, 0x68, 0x67,
    0x11, 0xa0, 0x88, 0x36, 0x33, 0xa7, 0xa7, 0x30,
    0x73, 0x96, 0x61, 0x20, 0x11, 0xbd, 0xef, 0xff,
    0x88,

    /* U+8FDC "远" */
    0x3, 0x60, 0xf, 0xfe, 0x1c, 0xb8, 0xf, 0xff,
    0xce, 0x1, 0x1d, 0xc1, 0x8e, 0xeb, 0xbb, 0x6b,
    0x0, 0x64, 0xd3, 0x2, 0x20, 0x8e, 0x21, 0x0,
    0xe2, 0x17, 0x7f, 0xe5, 0x2, 0xfe, 0xe2, 0x77,
    0xdd, 0xbe, 0xaf, 0xfc, 0x60, 0x59, 0x80, 0x69,
    0x85, 0x48, 0x6b, 0x88, 0x30, 0x0, 0xc8, 0x3,
    0x17, 0x80, 0x7f, 0xf0, 0x98, 0x80, 0x3f, 0xf8,
    0x26, 0x48, 0x1, 0x99, 0x80, 0x1e, 0x1e, 0x51,
    0x0, 0x70, 0xee, 0x80, 0x30, 0xac, 0x8d, 0x0,
    0x35, 0xb9, 0x64, 0x0, 0xfd, 0x18, 0xa8, 0xa6,
    0x64, 0xcc, 0x6b, 0x9, 0xce, 0x3d, 0x70, 0x76,
    0xe6, 0xe6, 0x56, 0x7, 0xc4, 0x0, 0x38, 0xbe,
    0xff, 0xf0, 0x80,

    /* U+8FDE "连" */
    0x0, 0x10, 0x7, 0x2d, 0x80, 0x7c, 0xd8, 0x20,
    0x1b, 0x88, 0x3, 0xe6, 0x2a, 0xe, 0xe9, 0x1f,
    0xbb, 0x50, 0x5, 0xc8, 0x79, 0x82, 0x6d, 0x8c,
    0xca, 0x0, 0x22, 0xe3, 0x21, 0x38, 0x9, 0x22,
    0xc0, 0x2, 0x10, 0x0, 0xf3, 0x83, 0x88, 0xe0,
    0xb, 0x7b, 0x80, 0xa4, 0xdf, 0x43, 0xfe, 0xe3,
    0x0, 0x7d, 0x80, 0x13, 0xfb, 0x9a, 0x3d, 0xcf,
    0x30, 0xf, 0x8, 0x80, 0x3e, 0x10, 0xf, 0x77,
    0x3f, 0xd8, 0x3f, 0xf7, 0x0, 0x7b, 0xff, 0x60,
    0xff, 0xe0, 0xf, 0xf8, 0x40, 0x3c, 0xb1, 0xb,
    0xa6, 0x43, 0x40, 0x22, 0x84, 0x1, 0xde, 0xf7,
    0xdc, 0xfe, 0x90, 0xdd, 0xb9, 0x0,

    /* U+9000 "退" */
    0x0, 0x5b, 0x80, 0x3f, 0xfe, 0xe0, 0xc, 0x56,
    0x0, 0x19, 0xee, 0xd4, 0x1, 0xda, 0x64, 0x1,
    0xff, 0xc1, 0x44, 0x0, 0x53, 0xdd, 0xa8, 0x3,
    0xd6, 0x40, 0xa, 0xff, 0xd6, 0x1, 0x95, 0x10,
    0x1, 0x4d, 0x56, 0x80, 0xd, 0x75, 0x60, 0x13,
    0x6e, 0xeb, 0x60, 0xb, 0xa8, 0x40, 0x2f, 0x3d,
    0x57, 0x47, 0x60, 0xf, 0xe5, 0x1d, 0x8d, 0x96,
    0x0, 0xfe, 0x3e, 0xa6, 0x35, 0x0, 0xf8, 0x45,
    0x1b, 0xeb, 0xed, 0x90, 0x1, 0x10, 0xb1, 0x82,
    0x6d, 0x0, 0xdc, 0x68, 0x2, 0x64, 0x97, 0x8b,
    0xee, 0x88, 0x55, 0x6, 0xb0, 0xa5, 0xdb, 0x68,
    0xea, 0x2e, 0xd5, 0x49, 0x53, 0x1d, 0x40, 0x2,
    0x4e, 0x6f, 0xfe, 0xed, 0x50,

    /* U+9001 "送" */
    0x0, 0x10, 0x4, 0xaa, 0x0, 0xa1, 0x40, 0x31,
    0x6a, 0x80, 0x6, 0x8c, 0x0, 0xe0, 0x1c, 0x53,
    0x44, 0x8, 0xf6, 0xc, 0x6a, 0x1, 0xcc, 0xa2,
    0xbc, 0xcb, 0xb2, 0x5b, 0xc0, 0x1d, 0x46, 0x9b,
    0xae, 0x2a, 0xde, 0xd0, 0x8, 0x40, 0x21, 0x33,
    0x81, 0xc, 0xe0, 0xb, 0xbf, 0xc2, 0x89, 0x28,
    0x22, 0x62, 0x0, 0x65, 0x80, 0x3e, 0x22, 0x9,
    0x88, 0x9c, 0x0, 0x6c, 0x0, 0xbc, 0xc2, 0x2,
    0x66, 0x4a, 0x1, 0xf9, 0x5a, 0xcf, 0x4c, 0x3,
    0xf9, 0xea, 0x89, 0x75, 0x90, 0x1, 0x84, 0x9,
    0x67, 0x14, 0x0, 0xf5, 0xc0, 0x13, 0x62, 0x6f,
    0xc0, 0x11, 0x66, 0x36, 0x0, 0x6d, 0x5f, 0x95,
    0x6e, 0xf6, 0x57, 0x80, 0x2d, 0x40, 0x63, 0x3b,
    0xff, 0xd2, 0x0,

    /* U+9009 "选" */
    0x0, 0xf2, 0x28, 0x5e, 0x80, 0x7d, 0x92, 0x0,
    0xfc, 0x0, 0x8, 0x7, 0xd2, 0xc0, 0x4, 0x46,
    0x29, 0xe6, 0xc8, 0x6, 0x53, 0x27, 0x2f, 0xe5,
    0x2e, 0xfb, 0x0, 0xec, 0x22, 0x59, 0x10, 0x4,
    0x8a, 0x0, 0x88, 0x44, 0x6, 0xc, 0xc7, 0x16,
    0x69, 0x40, 0x1b, 0xfc, 0x5d, 0x98, 0x97, 0x69,
    0xcc, 0x68, 0x3, 0xfc, 0x0, 0x8a, 0xa0, 0x4f,
    0x8d, 0x52, 0x0, 0x3f, 0x10, 0x10, 0x7, 0xff,
    0x6, 0x94, 0x3, 0x22, 0x80, 0x7c, 0x8f, 0x0,
    0x1, 0x4f, 0xa0, 0xe, 0x12, 0xba, 0x20, 0x53,
    0xb4, 0x70, 0x1, 0xe3, 0x44, 0xb8, 0x19, 0xdd,
    0xb9, 0x82, 0x9, 0xa9, 0xb9, 0xff, 0xb7, 0x37,
    0x59, 0x46, 0x14, 0xe0, 0x2, 0x7a, 0xce, 0xe7,
    0xfd, 0xc2,

    /* U+900F "透" */
    0x1, 0x70, 0xc, 0x24, 0x44, 0x7a, 0x30, 0x8,
    0xe1, 0x80, 0xbf, 0xed, 0xfe, 0xd7, 0x0, 0x8a,
    0x60, 0xb, 0xfb, 0x46, 0x64, 0xe8, 0x1, 0x9b,
    0x3, 0xba, 0xf1, 0xde, 0xe9, 0x80, 0x31, 0x7,
    0x71, 0x8c, 0x54, 0xbf, 0x98, 0x1, 0xfe, 0xd0,
    0x1a, 0x5d, 0x8, 0x5e, 0x95, 0x0, 0x75, 0x0,
    0x30, 0x7c, 0x0, 0x31, 0x65, 0x80, 0x1, 0x10,
    0x3, 0x1b, 0x78, 0x73, 0x82, 0xe4, 0x3, 0xc3,
    0xba, 0xf, 0xe0, 0x72, 0x0, 0xfe, 0xa4, 0x2,
    0x4f, 0xd1, 0x0, 0xf8, 0xde, 0x0, 0xee, 0x8c,
    0x40, 0x21, 0x32, 0x4d, 0x93, 0x3, 0xc8, 0x80,
    0x4, 0xd6, 0xfd, 0xee, 0x45, 0xc, 0xeb, 0xa9,
    0x5, 0x52, 0x72, 0x7, 0xfd, 0xba, 0xac, 0xc5,
    0x18, 0x62, 0x0, 0xe, 0x2f, 0x7f, 0xfc, 0x20,

    /* U+901A "通" */
    0x0, 0xff, 0xe2, 0xa5, 0x0, 0x37, 0xff, 0xe6,
    0x0, 0x99, 0x5c, 0x37, 0xf1, 0xfe, 0xc6, 0xd8,
    0x2, 0x2a, 0x0, 0xc4, 0x7d, 0x38, 0x80, 0x1c,
    0xae, 0x1d, 0xfc, 0x82, 0x5b, 0xfe, 0x0, 0x1c,
    0x40, 0x80, 0x19, 0xfe, 0xe, 0xfe, 0x0, 0x87,
    0xd5, 0xc0, 0x19, 0xfe, 0xe, 0xfe, 0x0, 0x89,
    0xc4, 0x40, 0x79, 0xfc, 0x1b, 0xfa, 0x1, 0xfc,
    0xe2, 0x1, 0x8, 0x7, 0xf1, 0xd7, 0xf8, 0x33,
    0xf0, 0x3, 0xfb, 0x7b, 0x81, 0xf9, 0x20, 0x1e,
    0xd0, 0xf, 0x9a, 0xc, 0x2, 0x90, 0x2e, 0x1b,
    0x54, 0x55, 0x3, 0x4a, 0x83, 0x26, 0x5f, 0xc9,
    0x4c, 0x92, 0xad, 0xaa, 0x41, 0xb0, 0x0, 0x2d,
    0x59, 0xbd, 0xcf, 0xfb, 0x0,

    /* U+901F "速" */
    0x0, 0x8, 0x7, 0x93, 0x40, 0x3e, 0xe5, 0x5,
    0x44, 0x8c, 0x11, 0x30, 0x4, 0xb2, 0x1d, 0xff,
    0x59, 0x7f, 0xdc, 0x1, 0x79, 0xd, 0xd5, 0x52,
    0x55, 0x58, 0x2, 0x5e, 0x13, 0xef, 0xf5, 0x97,
    0xfb, 0x90, 0x3, 0xe1, 0xee, 0x51, 0x77, 0x4,
    0x0, 0x3f, 0xee, 0x0, 0x9, 0x98, 0x80, 0xcc,
    0x20, 0x1, 0xda, 0x0, 0xa, 0x47, 0x49, 0x44,
    0x11, 0xc0, 0x4, 0x20, 0x2, 0xbb, 0x1, 0x10,
    0xe2, 0xcc, 0x3, 0xf5, 0xc, 0x87, 0xe2, 0x0,
    0x7c, 0x38, 0xfa, 0x0, 0x79, 0xb6, 0x0, 0xf5,
    0x6, 0x8, 0x4, 0xd2, 0x60, 0x3, 0xf4, 0xc1,
    0xb4, 0x53, 0x4, 0x41, 0x9, 0x7, 0xfa, 0xb3,
    0xb9, 0x31, 0x27, 0x77, 0x84, 0x31, 0x0, 0x9,
    0x39, 0xbd, 0xcf, 0xfc, 0x60,

    /* U+9053 "道" */
    0x0, 0xf8, 0x80, 0x22, 0x10, 0xe, 0x52, 0x0,
    0xb1, 0x80, 0x11, 0xa0, 0x1d, 0x16, 0x1, 0x57,
    0x80, 0x17, 0xc0, 0x39, 0x10, 0x1d, 0xf6, 0xdf,
    0xe0, 0xcf, 0xf3, 0x80, 0x36, 0xc3, 0xfb, 0xfc,
    0x8b, 0xff, 0x73, 0x80, 0x11, 0x80, 0x49, 0x10,
    0xa6, 0x89, 0x8, 0x7, 0xd1, 0x5e, 0xa5, 0xf1,
    0x60, 0x1, 0xdc, 0xc0, 0x4, 0xf5, 0x5a, 0x0,
    0x21, 0x9a, 0x30, 0x0, 0xbe, 0x66, 0xa0, 0xc,
    0x84, 0x20, 0x13, 0xee, 0xf0, 0x7, 0xf0, 0xb7,
    0xfe, 0xc0, 0xf, 0xf3, 0x7f, 0xec, 0x0, 0xe1,
    0x18, 0x1d, 0xbf, 0xf6, 0x0, 0x66, 0x89, 0xab,
    0xb5, 0x5d, 0xf5, 0x31, 0xe, 0xf3, 0x5f, 0xf4,
    0xd5, 0x2e, 0xea, 0x83,

    /* U+907F "避" */
    0x0, 0xff, 0x17, 0x10, 0x6, 0xd6, 0xc, 0xff,
    0x94, 0xc4, 0x48, 0x62, 0x0, 0xa8, 0x7, 0x8e,
    0x30, 0xdd, 0xc, 0x6a, 0x80, 0x1d, 0xc2, 0x2,
    0x20, 0x6, 0xb7, 0x42, 0xa0, 0x5, 0x22, 0x13,
    0xe6, 0x4, 0xc9, 0x84, 0x0, 0x7b, 0xb1, 0x3c,
    0xf7, 0x11, 0x90, 0xd0, 0x10, 0x4, 0x90, 0x44,
    0x42, 0x20, 0x97, 0x80, 0x4d, 0x6, 0x91, 0x11,
    0x5f, 0xf9, 0xbb, 0x4a, 0xf6, 0x40, 0x33, 0x90,
    0x72, 0x80, 0x88, 0x0, 0x20, 0x1d, 0xe8, 0x1,
    0xbf, 0xc5, 0x7e, 0x80, 0x19, 0x68, 0x8, 0x1,
    0xdc, 0x1b, 0xe4, 0x0, 0xd0, 0x41, 0x8a, 0x1,
    0xfd, 0x4b, 0xba, 0x8b, 0xc5, 0x22, 0x38, 0x19,
    0x81, 0x5a, 0xeb, 0xb9, 0x1b, 0xb9, 0xab, 0x38,
    0x17, 0x0, 0x5, 0x39, 0xdf, 0xfe, 0xd0,

    /* U+90A3 "那" */
    0x0, 0xff, 0xe2, 0xc7, 0xff, 0x83, 0x7f, 0xf7,
    0x0, 0x23, 0x99, 0x9d, 0x60, 0x3, 0x9d, 0xd1,
    0xa0, 0x4, 0x20, 0x1, 0x70, 0x1, 0x98, 0x8c,
    0xdc, 0x0, 0x33, 0xe5, 0x0, 0xe7, 0x14, 0x0,
    0x57, 0x2a, 0xba, 0x0, 0x3a, 0x98, 0x2, 0x9d,
    0x66, 0x6e, 0x80, 0x31, 0x1d, 0x0, 0x7f, 0xf0,
    0x4c, 0x54, 0x2, 0xef, 0x66, 0x7e, 0x0, 0x61,
    0xa8, 0x20, 0x6, 0xe1, 0xbe, 0x48, 0x7, 0x22,
    0x20, 0x0, 0x66, 0x1d, 0x35, 0x0, 0xf6, 0xa0,
    0x4, 0x44, 0x70, 0xf, 0x87, 0x0, 0x35, 0x99,
    0x0, 0x79, 0xf9, 0x64, 0x0, 0x8d, 0x0, 0x1f,
    0x3b, 0xb5, 0xc0, 0xad, 0x10, 0x17, 0xa4, 0x6,
    0x0, 0x82, 0x0, 0x15, 0xd0, 0x3, 0x5b, 0xc0,
    0x3f, 0x0,

    /* U+90FD "都" */
    0x0, 0xda, 0xc0, 0x2, 0x1, 0x1e, 0x0, 0xe1,
    0x0, 0xe, 0x97, 0x76, 0xd0, 0x2, 0x6e, 0x1c,
    0x5c, 0x31, 0x6, 0xfa, 0x58, 0x1, 0x33, 0x4e,
    0x39, 0xe4, 0x3, 0x22, 0x80, 0x42, 0x20, 0x4,
    0x50, 0x6, 0x41, 0x20, 0x1f, 0xf8, 0xe4, 0xaf,
    0xdc, 0x1, 0xae, 0x0, 0x1f, 0xf9, 0x55, 0xff,
    0x38, 0x1, 0x38, 0x3, 0x16, 0x28, 0x55, 0x24,
    0x2, 0xe8, 0x30, 0x4, 0x69, 0xe4, 0xcb, 0x10,
    0x2, 0x38, 0xe0, 0x14, 0x71, 0x33, 0x94, 0x3,
    0x9c, 0x8c, 0x72, 0x87, 0xfe, 0xc0, 0xe, 0x10,
    0x70, 0x8, 0x7f, 0xec, 0x0, 0xd5, 0xc8, 0x80,
    0x8, 0x77, 0x70, 0x6, 0x9d, 0xb0, 0x8, 0x45,
    0x99, 0x51, 0x80, 0x46, 0x40, 0x18, 0xf8, 0x46,
    0x4e, 0x0, 0xf8,

    /* U+914D "配" */
    0x0, 0xfe, 0x11, 0xe0, 0x2, 0xff, 0xfc, 0xdd,
    0xdc, 0x80, 0xbd, 0xc1, 0xe0, 0xde, 0x6f, 0xfc,
    0x20, 0x15, 0x68, 0xe8, 0x76, 0x88, 0x7, 0xe5,
    0x91, 0xf0, 0xe3, 0x0, 0xff, 0x30, 0x98, 0x10,
    0x7, 0xfc, 0xe0, 0x1c, 0x3d, 0xff, 0x8, 0x6,
    0xd3, 0x1, 0x90, 0x1, 0xdf, 0xfc, 0x80, 0x11,
    0x50, 0x66, 0x80, 0x7f, 0xd0, 0xc0, 0x48, 0x1,
    0xff, 0x6f, 0x76, 0x0, 0xff, 0xb7, 0xbb, 0x0,
    0x80, 0x73, 0x88, 0x3, 0x3f, 0xf0, 0x4, 0x40,
    0x4, 0x80, 0xb, 0x3f, 0xee, 0x0, 0x24, 0xff,
    0xad, 0x44, 0x38, 0xc0, 0x21, 0xf1, 0x9f, 0xee,
    0x7d, 0x0,

    /* U+9192 "醒" */
    0x0, 0xfc, 0x7f, 0xfe, 0x5, 0xff, 0xf4, 0x8,
    0xbf, 0xed, 0x10, 0x5f, 0xd1, 0xc3, 0xf8, 0x0,
    0x11, 0x4c, 0x1, 0x1b, 0x82, 0x89, 0x88, 0xf,
    0xfd, 0x20, 0x16, 0x60, 0x70, 0xfd, 0x0, 0x77,
    0x6f, 0x0, 0xd4, 0x3c, 0x4a, 0x1, 0x77, 0xf6,
    0x18, 0x4, 0xe6, 0x1, 0x8, 0x4f, 0xe, 0xf6,
    0x80, 0x46, 0xc0, 0x20, 0xa, 0x92, 0x7, 0x22,
    0x0, 0x55, 0x8a, 0x6c, 0xa, 0x7e, 0x33, 0xf0,
    0x1, 0x63, 0xf, 0x37, 0x16, 0xe8, 0x7b, 0x68,
    0x2, 0xff, 0x77, 0x1b, 0x26, 0xec, 0x3f, 0x74,
    0x1, 0x7f, 0x74, 0xc4, 0xdf, 0xe0, 0xaf, 0xe0,
    0xa, 0xae, 0xe7, 0x10, 0x44, 0xa, 0xa2, 0x0,
    0x2f, 0x88, 0x93, 0x7f, 0xe1, 0xcf, 0xf2, 0x0,
    0x14, 0xcf, 0x6f, 0xff, 0xc8, 0x1a, 0x20, 0x14,
    0xa8, 0x7, 0xe0,

    /* U+91CA "释" */
    0x0, 0x89, 0x1e, 0x40, 0x3f, 0xdd, 0xfb, 0x79,
    0xc9, 0xff, 0xe5, 0x0, 0x55, 0x43, 0x68, 0x8c,
    0x1f, 0xf4, 0x92, 0x80, 0x7, 0x58, 0x1, 0x86,
    0x62, 0x82, 0x89, 0x0, 0x85, 0x80, 0x8, 0x26,
    0x1a, 0xd8, 0xc8, 0x1, 0x99, 0x45, 0xe8, 0xe,
    0x0, 0x9a, 0x10, 0x42, 0x16, 0x43, 0xa5, 0xb0,
    0xea, 0xe8, 0xec, 0x83, 0x34, 0x45, 0xfa, 0xd9,
    0x61, 0xb, 0x5c, 0x60, 0x7, 0x30, 0x9b, 0xe,
    0xe5, 0x87, 0x72, 0x0, 0x3, 0x36, 0x16, 0xe9,
    0xbf, 0x83, 0xfe, 0x90, 0x5, 0x22, 0x80, 0x31,
    0x8c, 0xcc, 0x26, 0x70, 0x93, 0x58, 0x6, 0x5e,
    0xf8, 0xf, 0xf7, 0x21, 0x68, 0x80, 0x67, 0xdc,
    0xe1, 0xcc, 0x6a, 0x80, 0x61, 0x0, 0xf0, 0x80,
    0x7c, 0x7e, 0x1, 0xff, 0x0,

    /* U+91CC "里" */
    0x0, 0x27, 0xff, 0xf9, 0x0, 0x3b, 0xba, 0x1a,
    0xee, 0x80, 0x39, 0xc0, 0x46, 0x0, 0x8, 0xc0,
    0x1f, 0x7f, 0xc3, 0x5f, 0xf0, 0x7, 0xdf, 0xf0,
    0xdf, 0xfc, 0x1, 0xce, 0x2, 0x30, 0x8, 0xe0,
    0xf, 0xbb, 0xa1, 0xae, 0xe8, 0x3, 0x93, 0xff,
    0xd, 0xff, 0xe4, 0x0, 0x91, 0x51, 0x20, 0x34,
    0x49, 0x48, 0x2, 0xe9, 0x88, 0x86, 0xa2, 0x29,
    0x60, 0xa, 0xb3, 0x30, 0xce, 0x66, 0x40, 0x2,
    0x19, 0xf0, 0x19, 0xfc, 0x57, 0xbb, 0xc1, 0x3b,
    0xbd, 0x5, 0xfd, 0xdf, 0xfc, 0xb,

    /* U+91CD "重" */
    0x0, 0xfe, 0x24, 0x76, 0x0, 0xd3, 0x79, 0xbd,
    0xff, 0x46, 0x78, 0x6, 0xb8, 0xec, 0xe1, 0xad,
    0xcb, 0x90, 0x1, 0xef, 0x7f, 0x6e, 0xc, 0x66,
    0x75, 0x1f, 0xf7, 0x70, 0xdf, 0x77, 0x40, 0x11,
    0x3b, 0xfe, 0x18, 0xff, 0xc4, 0x40, 0x8, 0xaf,
    0xfc, 0x31, 0xfe, 0xb3, 0x0, 0xe3, 0x8c, 0xc0,
    0xc6, 0x62, 0x0, 0x3c, 0x73, 0x98, 0x19, 0xcc,
    0x48, 0x7, 0xd1, 0xba, 0x18, 0xdd, 0x40, 0x80,
    0x77, 0x7f, 0xc3, 0x5f, 0xf8, 0x3, 0x6f, 0x76,
    0x1b, 0xee, 0xbe, 0x0, 0x2d, 0xee, 0xc3, 0x7d,
    0xd7, 0xc0, 0xf, 0xff, 0x86, 0xbf, 0xfa, 0xc0,

    /* U+91CF "量" */
    0x0, 0xbf, 0x33, 0xf7, 0x80, 0x78, 0x47, 0xf0,
    0x7, 0xd7, 0x33, 0xeb, 0x0, 0xf4, 0x81, 0x17,
    0x82, 0x40, 0x5, 0xfd, 0x77, 0xfe, 0xef, 0x2f,
    0xeb, 0xbf, 0xf7, 0x78, 0x0, 0x67, 0x84, 0x55,
    0x41, 0x17, 0x48, 0x80, 0x72, 0xd5, 0x8, 0x95,
    0x45, 0x0, 0xfa, 0xe2, 0xa, 0xa8, 0x85, 0x80,
    0x70, 0xc0, 0x91, 0x1d, 0xc4, 0x41, 0x81, 0x0,
    0x9e, 0xef, 0x11, 0x2e, 0xea, 0x50, 0x9, 0xb7,
    0x32, 0x77, 0x66, 0x65, 0x0, 0x5e, 0x63, 0x76,
    0x77, 0x6e, 0xd9, 0xb6,

    /* U+9488 "针" */
    0x0, 0x84, 0x40, 0x1f, 0xfc, 0x29, 0xb0, 0xe,
    0x4f, 0x0, 0xf1, 0x3a, 0xff, 0xa0, 0x0, 0xe0,
    0x1f, 0x74, 0xf7, 0x50, 0x1, 0xfd, 0x2e, 0xc2,
    0x30, 0x7, 0xf0, 0xab, 0xff, 0xdd, 0x1f, 0xec,
    0xf, 0xf9, 0x87, 0x36, 0x87, 0xb2, 0x77, 0xac,
    0x3b, 0x9a, 0xe0, 0x20, 0x20, 0x3, 0x12, 0x17,
    0x1, 0x11, 0x8, 0x47, 0x58, 0xf7, 0x18, 0x3,
    0xfa, 0x7f, 0x7, 0xfc, 0xc0, 0x1f, 0xfc, 0x22,
    0x60, 0xf, 0xfe, 0xb, 0xe8, 0x80, 0x7f, 0xc8,
    0x33, 0x8e, 0x1, 0xff, 0x22, 0x3c, 0xc0, 0x27,
    0x0, 0xe0,

    /* U+949D "钝" */
    0x0, 0x84, 0x3, 0xff, 0x84, 0x3c, 0x60, 0x18,
    0xfc, 0x3, 0xeb, 0x37, 0x51, 0x0, 0x8, 0x7,
    0xcc, 0x8b, 0xbe, 0xdf, 0xed, 0xf, 0xf9, 0xc1,
    0x23, 0x26, 0x54, 0xfd, 0xf8, 0x1f, 0xf3, 0x82,
    0x6f, 0xe6, 0x41, 0x44, 0x20, 0x2, 0xc0, 0x8,
    0xf8, 0xa7, 0xc1, 0x44, 0x3, 0x18, 0x6, 0x30,
    0x63, 0x0, 0xff, 0xbb, 0xc7, 0x3d, 0x81, 0x54,
    0xf, 0x0, 0x1b, 0xbc, 0x73, 0xd8, 0xea, 0xc3,
    0x8c, 0x3, 0xf0, 0x86, 0xe7, 0x4, 0xca, 0x80,
    0x3d, 0x5e, 0x1, 0xf2, 0x88, 0x4, 0x42, 0x9a,
    0x1, 0xc4, 0x9, 0xc0, 0x19, 0x70, 0xc0, 0x22,
    0x3d, 0xfb, 0x80,

    /* U+949F "钟" */
    0x0, 0xe, 0xa0, 0x7, 0x7a, 0x0, 0x73, 0x93,
    0x80, 0x7f, 0xf0, 0x2c, 0x81, 0x0, 0x3f, 0xd2,
    0x43, 0xf2, 0x6e, 0xf0, 0x6b, 0xb8, 0x95, 0xa7,
    0x31, 0xa5, 0x0, 0x20, 0x22, 0x86, 0x79, 0xbf,
    0xf6, 0x88, 0x2b, 0x6, 0x30, 0x81, 0x36, 0x8d,
    0xe8, 0x7, 0xff, 0x36, 0xfc, 0x6f, 0xd0, 0x1c,
    0xc0, 0x8c, 0x40, 0x13, 0xa3, 0x38, 0xa1, 0x3e,
    0x17, 0xe0, 0x11, 0x10, 0x8, 0x80, 0x9b, 0x81,
    0x38, 0xae, 0x1, 0x8f, 0xc2, 0xc4, 0x3, 0x51,
    0x80, 0x4, 0x50, 0xe2, 0x1, 0xfe, 0x40, 0x79,
    0x0, 0xff, 0x96, 0xa0, 0x3, 0xc2, 0x1, 0x0,

    /* U+94AE "钮" */
    0x0, 0x98, 0x40, 0x3f, 0xf8, 0x25, 0x26, 0x0,
    0x43, 0x3f, 0x8, 0x5, 0x8, 0x26, 0x51, 0xc,
    0xe8, 0x86, 0x28, 0x1, 0x14, 0x22, 0x9, 0x96,
    0x53, 0x76, 0x17, 0x1, 0x99, 0x5d, 0xcc, 0x0,
    0x37, 0x0, 0x8, 0x80, 0x86, 0x7b, 0xa0, 0x8,
    0x44, 0x1, 0x18, 0x1e, 0x78, 0xe7, 0x83, 0xb8,
    0x15, 0x9c, 0x4, 0x3, 0xc2, 0x1d, 0xc0, 0xfe,
    0xe0, 0x6, 0xbe, 0xc, 0xf4, 0x9a, 0x18, 0x85,
    0x8, 0x5, 0x7c, 0x19, 0xc8, 0xe, 0x60, 0x7,
    0x0, 0xfc, 0x60, 0x1, 0x10, 0x0, 0x4c, 0x3,
    0xcd, 0x88, 0x4, 0xc0, 0x10, 0x80, 0x61, 0xb,
    0x85, 0xf, 0x30, 0x1, 0xb8, 0x80, 0x48, 0x16,
    0xd9, 0xcc, 0xfd, 0xc8, 0x5f, 0x10, 0x2, 0xea,
    0x6, 0xf7, 0x7e, 0x10,

    /* U+9501 "锁" */
    0x0, 0xb1, 0x0, 0x3b, 0xcc, 0x4, 0x3, 0x21,
    0x28, 0xe, 0x88, 0x8, 0x1f, 0x10, 0x5, 0x1,
    0xb8, 0x8d, 0xa0, 0x17, 0x99, 0x0, 0x14, 0xeb,
    0xe1, 0x26, 0xc0, 0x2a, 0xf0, 0x0, 0xdc, 0x21,
    0xa0, 0xb8, 0xb0, 0xd8, 0x28, 0x81, 0x2c, 0x7f,
    0xc5, 0x15, 0x8a, 0x59, 0x24, 0x7, 0x7e, 0x39,
    0xe4, 0x11, 0x5d, 0x14, 0x1, 0xff, 0xc1, 0x95,
    0x0, 0xed, 0xf1, 0xcf, 0x50, 0xc, 0x20, 0x1d,
    0x9c, 0x37, 0xca, 0x1, 0x19, 0x0, 0x70, 0x88,
    0x1c, 0xc1, 0x9c, 0x85, 0x41, 0x0, 0x3c, 0x98,
    0x76, 0x76, 0xa0, 0x96, 0x60, 0x11, 0xc, 0x51,
    0x84, 0x3d, 0xa5, 0xd0, 0x80, 0x4c, 0x38, 0x8d,
    0xcb, 0x82, 0xba, 0xf8, 0x1, 0x27, 0x18, 0x3c,
    0x69, 0x0, 0xb, 0x78, 0x0,

    /* U+9510 "锐" */
    0x0, 0xd, 0x88, 0x1, 0x1c, 0x2, 0x47, 0x0,
    0xcc, 0xe2, 0x0, 0x78, 0x30, 0x7, 0xf0, 0x6,
    0x94, 0x42, 0x89, 0xbd, 0x81, 0x2c, 0x0, 0x52,
    0x7, 0xf2, 0x66, 0xbb, 0x1c, 0x21, 0x0, 0xd,
    0xf2, 0xed, 0x85, 0xd2, 0x88, 0xd2, 0xc2, 0x3,
    0xcd, 0xff, 0x60, 0x3, 0x9d, 0xe9, 0x0, 0xc5,
    0xa1, 0xbc, 0x0, 0x11, 0xc6, 0x1, 0xc6, 0x6,
    0x40, 0x37, 0xd9, 0xd8, 0x40, 0x17, 0x70, 0x3b,
    0xcf, 0x19, 0x74, 0x37, 0x44, 0x0, 0xfe, 0xe,
    0xe1, 0x81, 0x10, 0x3, 0xe1, 0x0, 0x94, 0x0,
    0x98, 0x1, 0xfe, 0x6a, 0x17, 0x34, 0x0, 0xd0,
    0x20, 0x5, 0xa, 0xc6, 0x88, 0x0, 0x5, 0x51,
    0xcc, 0x0, 0x27, 0x8f, 0x12, 0xa0, 0x6, 0x8a,
    0x72, 0x0, 0x2e, 0xa, 0xf3, 0x0, 0x51, 0xdc,
    0x80,

    /* U+9519 "错" */
    0x0, 0xa8, 0xc0, 0x29, 0x40, 0x39, 0x0, 0xe4,
    0x57, 0x0, 0x90, 0x41, 0xd8, 0x3, 0xa4, 0xdc,
    0xc5, 0xcf, 0x1b, 0x41, 0xd4, 0x1, 0x4, 0x1f,
    0x27, 0xc0, 0x5e, 0x41, 0xc4, 0x8, 0xf5, 0xba,
    0xa2, 0x93, 0xe9, 0xf0, 0x97, 0x4, 0xcb, 0xef,
    0x87, 0xc2, 0x8c, 0x90, 0xcc, 0x20, 0x1f, 0x86,
    0x43, 0x76, 0xff, 0x7e, 0xf7, 0x14, 0x4, 0x2,
    0x11, 0x11, 0x7e, 0x10, 0xcf, 0xc, 0xf3, 0xee,
    0xf7, 0x80, 0x5b, 0xe1, 0x9c, 0x66, 0xae, 0xeb,
    0x40, 0x3f, 0x38, 0x2, 0xff, 0xec, 0x0, 0xfa,
    0xe4, 0x42, 0xff, 0xec, 0x0, 0xe2, 0x5, 0xf1,
    0x2, 0x2c, 0xc0, 0x1c, 0xeb, 0x82, 0x7, 0x7d,
    0xd4, 0x0, 0x72, 0x50, 0x6, 0x9c, 0xcb, 0x7c,
    0x0,

    /* U+952E "键" */
    0x0, 0x43, 0x80, 0x7a, 0xd4, 0x3, 0xcc, 0x0,
    0x54, 0x32, 0x67, 0xd5, 0x50, 0x4, 0xc3, 0xf1,
    0x35, 0x41, 0xc2, 0x3f, 0xa0, 0x0, 0xc3, 0x7,
    0xe1, 0x68, 0xc1, 0x6c, 0x81, 0x4, 0xbc, 0xc3,
    0x89, 0x2f, 0x70, 0xef, 0xc3, 0xc2, 0x3f, 0x31,
    0x4c, 0xe3, 0x9a, 0x71, 0xc1, 0xa0, 0x6, 0x78,
    0xa8, 0x6e, 0x4f, 0x3b, 0xc2, 0x0, 0xe1, 0x16,
    0xe1, 0xa7, 0x1d, 0xf6, 0x80, 0x7, 0xd2, 0xe9,
    0x1c, 0x63, 0xce, 0xbf, 0x80, 0x3, 0xe9, 0x57,
    0x1a, 0xb1, 0xe7, 0x5f, 0xc0, 0x1e, 0x57, 0x6f,
    0xde, 0x3b, 0xee, 0x8, 0x6, 0xae, 0xb0, 0x3c,
    0xe3, 0xbe, 0xf1, 0x0, 0xa, 0x22, 0xe1, 0x62,
    0x98, 0x4c, 0x8c, 0xc0, 0x1, 0xaa, 0x2b, 0x56,
    0xf7, 0x8d, 0xe6, 0xf8, 0x4, 0xa0, 0xb8, 0x0,
    0x59, 0xcd, 0xef, 0xc0,

    /* U+957F "长" */
    0x0, 0xdc, 0xe0, 0x1a, 0x58, 0x3, 0xe3, 0x10,
    0x9, 0x5b, 0x80, 0x3f, 0xe4, 0xa7, 0x80, 0xf,
    0xf2, 0x5b, 0xc0, 0x7, 0xf9, 0x2d, 0xe0, 0x3,
    0xfe, 0x48, 0x80, 0x7, 0x93, 0xfe, 0x29, 0xf8,
    0xff, 0xf5, 0xa6, 0xec, 0x51, 0xb6, 0x19, 0xbb,
    0xa4, 0x8, 0xa0, 0x12, 0x42, 0xa2, 0x2e, 0x0,
    0xfd, 0x2c, 0x60, 0x1f, 0xf2, 0xa2, 0xe9, 0x80,
    0x7e, 0x1a, 0xa3, 0xd1, 0x63, 0x0, 0x78, 0xa1,
    0x2d, 0xc3, 0x1a, 0x74, 0xc0, 0x22, 0x5, 0xe4,
    0x0, 0xa6, 0xd0, 0xc0, 0x22, 0xda, 0x0, 0xf2,
    0x48, 0x0,

    /* U+95E8 "门" */
    0x0, 0xff, 0xe1, 0x97, 0x20, 0x7, 0xfc, 0x4b,
    0x40, 0x9f, 0xff, 0x38, 0x2, 0x98, 0x53, 0x7b,
    0xb8, 0x44, 0xb8, 0x30, 0x20, 0x42, 0x3c, 0x0,
    0x32, 0x0, 0xff, 0xff, 0x80, 0x7f, 0xf8, 0x56,
    0x4, 0xc4, 0x3, 0xfb, 0x59, 0x15, 0xf8, 0x3,
    0xf4, 0x75, 0x80,

    /* U+95ED "闭" */
    0x0, 0x4a, 0x0, 0x7f, 0xf0, 0x6, 0xc8, 0x37,
    0xff, 0xe0, 0x28, 0x80, 0x87, 0xe4, 0x6e, 0xd2,
    0xd, 0xa0, 0xe6, 0x4, 0x10, 0x64, 0x43, 0x13,
    0x10, 0xf, 0x84, 0x3, 0xc5, 0xff, 0xb0, 0x3f,
    0xcc, 0x1, 0x8b, 0x37, 0x50, 0x0, 0xcc, 0x38,
    0x7, 0x19, 0x12, 0x94, 0xc, 0xc2, 0x1, 0xf5,
    0x4, 0x80, 0x7f, 0xa9, 0x3c, 0x3, 0xf9, 0x39,
    0x34, 0x80, 0x3f, 0x99, 0xfc, 0xc1, 0x0, 0x3f,
    0x14, 0x88, 0x64, 0x28, 0x12, 0xf8, 0x18, 0x7,
    0x77, 0x28, 0x1, 0x4f, 0xd, 0xc0, 0x18, 0x84,
    0x0, 0x5f, 0xac,

    /* U+95F2 "闲" */
    0x0, 0xff, 0xe1, 0x8e, 0x10, 0x7, 0xfc, 0x2b,
    0xc1, 0x1f, 0xff, 0x30, 0x94, 0x20, 0xd5, 0xd6,
    0x66, 0x13, 0x7d, 0x18, 0x12, 0x1a, 0x33, 0xc0,
    0x3, 0x10, 0xe, 0x10, 0xf, 0xef, 0xfa, 0x87,
    0xfe, 0x30, 0xe, 0xdd, 0x60, 0xe, 0xec, 0x60,
    0x1c, 0x44, 0xa0, 0x3, 0x39, 0x0, 0x7c, 0x6c,
    0xc0, 0x5, 0x20, 0x7, 0x87, 0x5f, 0x1, 0x1e,
    0x84, 0x3, 0x16, 0x2c, 0x0, 0x50, 0x44, 0x0,
    0xe6, 0xb0, 0x0, 0x80, 0x30, 0xc0, 0x6, 0x5,
    0x60, 0x10, 0x80, 0x4, 0x84, 0x3, 0xe5, 0xe0,
    0x3, 0xe8, 0x3b, 0x70, 0x7, 0xe6, 0xcf, 0x20,

    /* U+95F4 "间" */
    0x0, 0xff, 0xe2, 0x63, 0x0, 0x7f, 0xf0, 0x26,
    0x46, 0xdf, 0xff, 0x31, 0x2a, 0xa4, 0x1b, 0xbb,
    0xc4, 0x9, 0x40, 0xc6, 0x2, 0x3e, 0x0, 0x18,
    0x80, 0x3f, 0xfc, 0x80, 0x1f, 0xaf, 0xfe, 0x7,
    0x0, 0xfc, 0xe0, 0x1f, 0xfc, 0x1c, 0xff, 0x80,
    0x3f, 0xd7, 0xff, 0x0, 0x7f, 0x9c, 0x3, 0xff,
    0x83, 0xd9, 0x90, 0x38, 0x7, 0xd9, 0xdf, 0xf6,
    0x28, 0x4, 0x62, 0x0, 0x33, 0xf0, 0x21, 0x18,
    0x7, 0xf9, 0x6c, 0x91, 0xbc, 0x3, 0xf2, 0x76,
    0x88,

    /* U+9635 "阵" */
    0x0, 0xf8, 0x71, 0x0, 0x3b, 0xbf, 0xe7, 0x0,
    0x21, 0xa8, 0x7, 0xab, 0x41, 0x7b, 0x6c, 0x33,
    0x76, 0x90, 0x30, 0x44, 0x15, 0x40, 0xdf, 0x76,
    0xb0, 0xb, 0x78, 0x10, 0x91, 0x0, 0x67, 0x10,
    0x4, 0x88, 0x0, 0x4c, 0xe, 0x18, 0x7, 0x9e,
    0xc2, 0x8c, 0x8c, 0x1c, 0x48, 0x3, 0x42, 0x9b,
    0x97, 0x68, 0x57, 0xe2, 0x0, 0x65, 0xac, 0xef,
    0xf0, 0x6f, 0x71, 0x0, 0x26, 0x41, 0x18, 0x3,
    0xfd, 0x4f, 0xbf, 0xdd, 0x6, 0xf7, 0x3c, 0x4c,
    0x32, 0x53, 0x32, 0xd0, 0xbc, 0xc8, 0x40, 0x30,
    0x99, 0x10, 0xc1, 0x88, 0x86, 0x1, 0xff, 0xc4,
    0xe5, 0x0, 0xf0, 0x83, 0x80, 0x60,

    /* U+9636 "阶" */
    0x0, 0xff, 0xe5, 0xdb, 0x80, 0x77, 0x7f, 0xd8,
    0x0, 0x34, 0xc0, 0xf, 0x56, 0x9d, 0x80, 0x21,
    0x19, 0xc0, 0x31, 0x89, 0x1a, 0x82, 0xa4, 0xf4,
    0x38, 0x7, 0x21, 0x91, 0x2a, 0x48, 0xea, 0x2c,
    0x80, 0x2e, 0x43, 0xc5, 0x70, 0x3, 0xda, 0xe8,
    0x80, 0x31, 0x41, 0xe7, 0x84, 0x34, 0x7b, 0x4,
    0x0, 0xc0, 0xb2, 0x2, 0x20, 0x11, 0x1, 0x80,
    0x6a, 0xd0, 0x73, 0x0, 0xff, 0x70, 0x0, 0x9c,
    0x3, 0xfb, 0x9b, 0x3, 0x8, 0x3, 0xfa, 0xec,
    0xe2, 0xb6, 0x1, 0xf1, 0x82, 0xa0, 0x51, 0x98,
    0x3, 0xfe, 0x65, 0xe0, 0x8, 0x40, 0x37, 0x20,
    0x1, 0xb8, 0x80, 0x2f, 0x40, 0x8,

    /* U+964D "降" */
    0x0, 0xf9, 0x58, 0x3, 0xdd, 0xff, 0x40, 0xd,
    0xc6, 0x65, 0x20, 0x15, 0xf0, 0x50, 0x40, 0xef,
    0x41, 0xe8, 0x0, 0xc1, 0x4c, 0x99, 0x16, 0xb,
    0xd5, 0x0, 0x37, 0x50, 0x77, 0x29, 0xb9, 0xa8,
    0x3, 0xa, 0xa0, 0x41, 0xa0, 0x8, 0x28, 0x6,
    0x14, 0xb2, 0x8d, 0xba, 0x85, 0x8f, 0xd1, 0x0,
    0x53, 0x30, 0xeb, 0x9e, 0x73, 0x72, 0x44, 0x0,
    0x29, 0x91, 0xe, 0xf1, 0xbf, 0xc6, 0x0, 0x8d,
    0x7d, 0xfb, 0xfc, 0x57, 0xfe, 0x20, 0x0, 0xe1,
    0xb5, 0xa8, 0x7, 0x8, 0x80, 0x3, 0xba, 0x30,
    0xbf, 0xf1, 0x5f, 0xf7, 0x0, 0x22, 0x2, 0xff,
    0xc5, 0x7f, 0xf0, 0x18, 0x7, 0xff, 0x2c, 0xc4,
    0x3, 0x0,

    /* U+9664 "除" */
    0x0, 0xff, 0xe5, 0xcd, 0x80, 0x76, 0xff, 0xdc,
    0x0, 0x26, 0x51, 0x0, 0xea, 0xf4, 0x70, 0x4,
    0xac, 0xe8, 0x6, 0x10, 0x2, 0x58, 0x42, 0xdb,
    0xbb, 0x4, 0x3, 0x31, 0x93, 0xba, 0xc0, 0x64,
    0x3a, 0x4, 0x1, 0x74, 0xd0, 0xb5, 0xdc, 0xd1,
    0x76, 0x0, 0xaa, 0x8d, 0x95, 0xf6, 0x5f, 0xb1,
    0xc2, 0x0, 0x71, 0x52, 0x20, 0x88, 0x4, 0x44,
    0x1, 0xcb, 0x91, 0x9f, 0x65, 0xfe, 0xc4, 0x0,
    0xc4, 0x73, 0xdc, 0xa2, 0xee, 0x90, 0x0, 0x7c,
    0xbc, 0x12, 0xc0, 0x1, 0xb1, 0x0, 0x8e, 0xf5,
    0x15, 0x94, 0x0, 0x2f, 0x40, 0x19, 0x48, 0xea,
    0xc, 0x2, 0xd5, 0xa0, 0xe, 0x65, 0x75, 0xf1,
    0x1, 0xa2, 0x1, 0x0, 0x96, 0x83, 0x56, 0x40,
    0x9, 0x1, 0xaa, 0x1, 0xd1, 0xca, 0x1, 0xc0,

    /* U+968F "随" */
    0x0, 0xfe, 0x7a, 0x0, 0xdf, 0xdc, 0xf8, 0x10,
    0x0, 0xd6, 0x80, 0x76, 0xe8, 0x2b, 0xd6, 0xb8,
    0xa3, 0xfe, 0x0, 0x90, 0xc9, 0xfe, 0x8e, 0x3f,
    0xf0, 0x5, 0x74, 0x18, 0x26, 0x48, 0x45, 0x0,
    0x4c, 0x6e, 0xb, 0x7e, 0x3f, 0x32, 0xd4, 0x0,
    0x8, 0x91, 0x1d, 0x9a, 0x3f, 0x76, 0x10, 0x9,
    0xee, 0xcb, 0x64, 0x21, 0xbd, 0xc1, 0x0, 0xca,
    0xa, 0xc0, 0x16, 0xf7, 0x4, 0x3, 0x8, 0x10,
    0x6, 0xde, 0xe0, 0x80, 0x4f, 0xc0, 0xe0, 0x1b,
    0x7b, 0xc0, 0x33, 0xd7, 0x88, 0x4, 0x20, 0xd,
    0x6, 0x0, 0x94, 0x45, 0x21, 0x6c, 0xc3, 0x8c,
    0x10, 0xe, 0xd2, 0xe9, 0x1e, 0xe5, 0x66, 0x0,
    0x3b, 0x20, 0xa, 0x2f, 0x7b, 0xfc, 0x0,

    /* U+96E8 "雨" */
    0x0, 0xff, 0xe1, 0xe7, 0xff, 0xff, 0x4, 0xbb,
    0x77, 0xa4, 0x77, 0x7c, 0x44, 0x33, 0xe0, 0x1,
    0x9f, 0x10, 0xf, 0x77, 0x48, 0xf7, 0x72, 0x80,
    0x85, 0xff, 0xd4, 0x3f, 0xf8, 0x40, 0x39, 0xb4,
    0x80, 0x3, 0xca, 0x1, 0xf3, 0x24, 0x0, 0x6,
    0xe0, 0x3, 0xf4, 0xd0, 0x4, 0xba, 0x1, 0xf4,
    0x38, 0x6, 0x91, 0x0, 0xfa, 0xe5, 0xc0, 0x23,
    0xc0, 0xf, 0x8f, 0x1c, 0x2, 0xaf, 0x0, 0xfc,
    0x40, 0x1e, 0x61, 0x10, 0x8, 0x9c, 0x2, 0x13,
    0x0, 0xa4, 0xd4, 0x0,

    /* U+96EA "雪" */
    0x0, 0xff, 0xe1, 0xf7, 0x77, 0xf7, 0x73, 0x1,
    0x66, 0x70, 0xc6, 0x66, 0x42, 0xff, 0x4c, 0xe1,
    0xa9, 0x9d, 0xd8, 0x31, 0xf, 0xf5, 0xc, 0xc7,
    0xfa, 0xfc, 0x29, 0xd8, 0xcc, 0x1, 0x29, 0x98,
    0x4a, 0x18, 0xba, 0xec, 0x80, 0xc, 0xbb, 0x30,
    0xb0, 0x2, 0xb7, 0x4b, 0xeb, 0x7b, 0xa7, 0x0,
    0x90, 0x8a, 0x32, 0x32, 0x28, 0xc8, 0x1, 0xd3,
    0x3f, 0xd9, 0x60, 0xa, 0xba, 0xaf, 0xac, 0x3,
    0xf, 0xee, 0xfd, 0x80, 0x18, 0x7b, 0x77, 0xf0,
    0x6, 0xce, 0xef, 0xe0, 0xd, 0x9d, 0xdf, 0xc0,
    0x10,

    /* U+96F6 "零" */
    0x0, 0x47, 0x77, 0xf7, 0x80, 0x68, 0xfe, 0xe8,
    0x37, 0xbb, 0x0, 0x57, 0xb9, 0xbb, 0xf, 0x6e,
    0xd9, 0xa8, 0xb, 0x53, 0x38, 0x2e, 0x67, 0x18,
    0x0, 0x86, 0xa9, 0x28, 0x2b, 0x15, 0x41, 0x70,
    0x6, 0x36, 0x63, 0xc0, 0x2e, 0xcc, 0x2c, 0xa0,
    0x0, 0xa6, 0x50, 0xc2, 0x11, 0x32, 0x40, 0xc,
    0x57, 0x6d, 0x94, 0xee, 0x5d, 0x90, 0x3, 0x97,
    0x6a, 0x32, 0x2b, 0x14, 0x40, 0x3, 0x5d, 0x75,
    0xab, 0x6b, 0xd7, 0x6e, 0xd7, 0x12, 0xb4, 0x8f,
    0xd3, 0xff, 0x57, 0xe2, 0xa0, 0x42, 0xd7, 0x6f,
    0xfa, 0x47, 0xc4, 0xe0, 0xc0, 0x30, 0xff, 0x54,
    0xe9, 0x0, 0x7f, 0x6d, 0x0, 0x39, 0x0, 0x3f,
    0xc9, 0x5c, 0xac, 0x1, 0x80,

    /* U+96F7 "雷" */
    0x0, 0xff, 0xe2, 0xf7, 0x77, 0xf7, 0x74, 0x0,
    0x30, 0x8b, 0x80, 0xc8, 0xb2, 0x50, 0x1d, 0x77,
    0xfb, 0x8a, 0xbb, 0xfd, 0xc8, 0xc0, 0x3, 0x8e,
    0xe1, 0x80, 0x87, 0x72, 0x7c, 0x1, 0xeb, 0x5b,
    0xa1, 0x0, 0x16, 0xea, 0xdf, 0x0, 0x2b, 0xee,
    0x8, 0x8, 0xbb, 0x98, 0x1, 0xd5, 0xfe, 0xe,
    0x50, 0xff, 0x68, 0x6, 0x7e, 0xff, 0xb3, 0x7f,
    0xee, 0x50, 0xc, 0x7d, 0xd1, 0x4f, 0x74, 0x82,
    0x1, 0x8f, 0xfe, 0x29, 0xff, 0x90, 0x3, 0x8f,
    0xfe, 0x29, 0xff, 0x90, 0x3, 0xc2, 0x30, 0x8,
    0xe0, 0xf, 0x1e, 0x64, 0x15, 0x99, 0x20, 0x7,
    0x1e, 0xef, 0xe4, 0x10, 0x9, 0xf0, 0x3, 0xf5,
    0xa8, 0x0,

    /* U+96FE "雾" */
    0x0, 0x5d, 0xff, 0xc8, 0x1, 0x7f, 0xf3, 0x6f,
    0xfe, 0x50, 0x6, 0x55, 0x71, 0x45, 0x56, 0xf4,
    0x0, 0x54, 0x4c, 0xb8, 0xb6, 0xa6, 0x58, 0xa0,
    0xb, 0x63, 0x11, 0x0, 0x61, 0x10, 0x63, 0x83,
    0x8c, 0xd5, 0x98, 0x3, 0x2a, 0x92, 0xe6, 0x0,
    0x3c, 0x50, 0x3f, 0x38, 0xcc, 0x58, 0x6, 0x1b,
    0x62, 0xdf, 0xdd, 0x7e, 0x88, 0x6, 0xcc, 0x72,
    0xbf, 0xc0, 0x2e, 0x8, 0x4, 0x38, 0xc5, 0x8f,
    0xb4, 0x3e, 0x45, 0x8, 0x56, 0xd5, 0x85, 0xd6,
    0xd7, 0xfd, 0x84, 0x17, 0x66, 0x5b, 0x9b, 0xfb,
    0x72, 0x4e, 0x30, 0x3, 0xee, 0x94, 0x7f, 0x76,
    0x5e, 0x0, 0x8a, 0x73, 0x8b, 0xc4, 0x27, 0x91,
    0x0, 0x11, 0x7c, 0x75, 0x8, 0x2, 0xaf, 0x8c,
    0x0,

    /* U+9700 "需" */
    0x6, 0xee, 0xff, 0x68, 0x1, 0xbf, 0xba, 0x64,
    0xee, 0xd8, 0x1b, 0xdf, 0xdd, 0x3a, 0xf7, 0x6f,
    0xd3, 0xbe, 0xec, 0xeb, 0xdd, 0xa8, 0xc0, 0x13,
    0xdc, 0x30, 0x3, 0xff, 0x9c, 0x1, 0x8b, 0x3f,
    0xe3, 0x0, 0x3e, 0xe9, 0x93, 0x8, 0x33, 0xfc,
    0x40, 0x5, 0xee, 0x38, 0x10, 0x8b, 0x3b, 0x85,
    0x14, 0xb9, 0x86, 0x1, 0xaf, 0xee, 0xdf, 0xee,
    0xee, 0xcb, 0xee, 0xe1, 0xbe, 0xee, 0xd0, 0xdf,
    0xfc, 0x37, 0xff, 0xc0, 0x1, 0x9f, 0xb1, 0xff,
    0xd, 0xfd, 0x88, 0x7, 0xff, 0x10, 0x40, 0x3f,
    0x1f, 0xb8, 0x3, 0x58, 0x13, 0xc0, 0x1e, 0x87,
    0x72, 0x0,

    /* U+9752 "青" */
    0x0, 0xfb, 0x98, 0x3, 0xe5, 0xcc, 0xe1, 0xbc,
    0xcd, 0x60, 0x4, 0xfe, 0xec, 0x35, 0xdd, 0xa4,
    0x0, 0x33, 0xbb, 0x86, 0x37, 0x71, 0x80, 0x57,
    0xdd, 0x86, 0x7b, 0xb0, 0x81, 0xff, 0x77, 0xc,
    0xf7, 0x6f, 0xb3, 0xee, 0xff, 0xe0, 0xd0, 0x8,
    0xbf, 0xbb, 0xf8, 0x44, 0x1, 0x1d, 0xff, 0xfb,
    0x80, 0x3e, 0xbe, 0xef, 0x78, 0x7, 0xd7, 0xdd,
    0xec, 0x0, 0xfa, 0xff, 0xfd, 0xa0, 0x1f, 0x5f,
    0xff, 0xb4, 0x3, 0xff, 0x82, 0xfc, 0x1, 0xe3,
    0x0, 0xf0, 0x94, 0x0, 0x77, 0x20, 0x7, 0x37,
    0x38, 0x0,

    /* U+9759 "静" */
    0x0, 0xfe, 0x10, 0xf, 0xee, 0x40, 0x8, 0xf8,
    0x80, 0x38, 0x8c, 0x80, 0x88, 0x61, 0x64, 0x40,
    0xe, 0x58, 0x91, 0xa9, 0xf1, 0x50, 0xdf, 0xe0,
    0x9, 0xff, 0xc3, 0x7f, 0x8, 0x3b, 0xa1, 0x80,
    0xd, 0x9a, 0x39, 0xb9, 0x76, 0x48, 0x15, 0x30,
    0x2, 0xf7, 0x89, 0x7f, 0xab, 0x79, 0xd2, 0x70,
    0x80, 0x4c, 0xd7, 0x86, 0x49, 0x54, 0x19, 0xa1,
    0x0, 0x24, 0xdd, 0xee, 0xae, 0xe0, 0xe7, 0xe,
    0xa0, 0xe, 0xf7, 0x2d, 0xab, 0xb8, 0x39, 0xc3,
    0xa8, 0x0, 0xde, 0xe5, 0x80, 0xa2, 0x5, 0xd0,
    0x40, 0x36, 0xf7, 0x2c, 0xb, 0xb8, 0x1f, 0xc0,
    0x1d, 0xbd, 0xcb, 0x3, 0xaa, 0xc, 0x56, 0x10,
    0x5, 0xbd, 0xcb, 0x10, 0x8, 0x40, 0x6, 0x1,
    0x18, 0x2, 0xae, 0x82, 0x3c, 0xc8, 0x3, 0xb8,
    0xc2, 0xb9, 0x82, 0x7b, 0x0, 0x38,

    /* U+9762 "面" */
    0x0, 0xff, 0xe1, 0x7f, 0xff, 0xf0, 0x7b, 0xbd,
    0x61, 0xdd, 0xef, 0x11, 0xed, 0x61, 0x1f, 0x83,
    0x7f, 0xe6, 0x67, 0xff, 0x60, 0x5, 0x3e, 0xed,
    0xfe, 0x58, 0xf8, 0x0, 0xff, 0xe4, 0xb7, 0xf9,
    0x40, 0x3f, 0xcd, 0xfe, 0x50, 0xf, 0xf3, 0xe6,
    0x10, 0x3, 0xfc, 0x9d, 0xc4, 0x0, 0xff, 0x19,
    0x10, 0x3, 0xf5, 0xe3, 0x3e, 0x61, 0x27, 0x24,
    0x3, 0x2f, 0xee, 0xbf, 0xdb, 0xaf, 0x60, 0x0,

    /* U+9875 "页" */
    0x0, 0xff, 0xe1, 0x47, 0xff, 0xff, 0x3, 0xa7,
    0x77, 0x95, 0x5b, 0xbd, 0x82, 0x45, 0xc3, 0xa4,
    0x5e, 0x0, 0x5f, 0xfc, 0x91, 0xff, 0x88, 0x3,
    0x37, 0xff, 0xb0, 0x3, 0xfa, 0x5c, 0x3, 0xff,
    0x80, 0x9e, 0x1, 0xff, 0xc0, 0x2d, 0x0, 0xff,
    0x88, 0x10, 0x3, 0xf1, 0x70, 0x59, 0x8a, 0x9,
    0x39, 0x80, 0x52, 0xee, 0x6f, 0x8, 0xe6, 0x81,
    0x0, 0x97, 0x22, 0xcc, 0x32, 0xa7, 0x50, 0x1f,
    0xe9, 0x79, 0x0, 0x25, 0xe4, 0xb3, 0x7a, 0xf9,
    0x10, 0xf, 0x4e, 0x18,

    /* U+9898 "题" */
    0x0, 0xff, 0xe2, 0xa7, 0xfe, 0xe1, 0xff, 0xf7,
    0x0, 0x1c, 0x7f, 0xd4, 0x63, 0xfe, 0x85, 0xff,
    0x70, 0x4, 0x3f, 0xea, 0x0, 0x1a, 0xe0, 0xaa,
    0x84, 0x2, 0x1f, 0xf5, 0x80, 0x2b, 0x8c, 0xdb,
    0x44, 0x0, 0x71, 0xff, 0x59, 0x80, 0x32, 0x7e,
    0x4, 0x2, 0x4f, 0xfd, 0xc0, 0x11, 0xc0, 0x0,
    0x40, 0x7f, 0xfd, 0x0, 0x10, 0x80, 0x4, 0x7,
    0xbf, 0xc3, 0xbf, 0x0, 0x6, 0x20, 0xe, 0x4c,
    0x0, 0x31, 0x81, 0x87, 0x20, 0x48, 0x80, 0x9,
    0xc0, 0x13, 0xc3, 0x44, 0x95, 0x88, 0x40, 0xd,
    0x55, 0x7, 0xe8, 0xc5, 0x50, 0xaf, 0xc, 0x0,
    0xb1, 0xa3, 0xc, 0x61, 0x4c, 0x49, 0x2a, 0x48,
    0x2d, 0x1d, 0x9f, 0xe5, 0xbd, 0xd6, 0x4c, 0x85,
    0x3c, 0x0, 0x2d, 0x39, 0xbd, 0xff, 0xc6,

    /* U+989C "颜" */
    0x0, 0xd6, 0x40, 0x1f, 0xfc, 0x1, 0x7, 0x51,
    0x14, 0x7f, 0xf5, 0x80, 0x13, 0xf8, 0xa7, 0xf6,
    0x3f, 0x47, 0xfd, 0x60, 0x4, 0xc7, 0xe8, 0x86,
    0x0, 0x1c, 0x80, 0x3c, 0x4a, 0x16, 0xa0, 0xdf,
    0x65, 0xde, 0x80, 0x3, 0xf3, 0xf2, 0xc6, 0x35,
    0xee, 0x88, 0x3, 0x17, 0xf2, 0xeb, 0x0, 0x5e,
    0x80, 0x18, 0x40, 0xb4, 0x4c, 0x3, 0x9c, 0x3,
    0x8, 0xa6, 0xe3, 0x44, 0x3, 0x10, 0x6, 0x77,
    0x5a, 0x6d, 0x8, 0x0, 0x80, 0x40, 0x31, 0xa,
    0xe5, 0x12, 0x81, 0x22, 0x1, 0x80, 0x2f, 0xd5,
    0xc0, 0xbc, 0x58, 0xbe, 0x6a, 0x40, 0x2, 0x18,
    0x25, 0xcc, 0x8b, 0x5, 0x73, 0x4, 0x2, 0x9,
    0x35, 0x89, 0x7a, 0x1a, 0x14, 0x98, 0x43, 0xa1,
    0x3a, 0x65, 0x93, 0x82, 0x0, 0x9b, 0x20,

    /* U+98CE "风" */
    0x0, 0x1f, 0xff, 0xf7, 0x0, 0x78, 0x77, 0x7e,
    0x93, 0x0, 0xf8, 0x8b, 0x80, 0x8c, 0x3, 0xfa,
    0xc8, 0x1, 0xd0, 0x1, 0xfe, 0x3f, 0x2, 0x39,
    0x0, 0xff, 0x43, 0x55, 0x18, 0x44, 0x1, 0xe7,
    0x30, 0x5, 0x23, 0xd8, 0x7, 0xe1, 0x10, 0x0,
    0x50, 0xc, 0x0, 0x60, 0x1c, 0x4c, 0x0, 0x54,
    0x45, 0x83, 0x88, 0x7, 0x69, 0x2, 0x55, 0x25,
    0x4c, 0x80, 0x40, 0x32, 0x63, 0x5d, 0x21, 0x37,
    0x88, 0x90, 0xc0, 0x8, 0x28, 0xb4, 0xa0, 0x8,
    0xa0, 0x4f, 0xf4, 0x4, 0x30, 0x1a, 0x80, 0x42,
    0xc1, 0xca, 0x78, 0xf, 0x0, 0x1f, 0xc8, 0xec,
    0x81, 0x62, 0x1, 0xfe, 0x89, 0x0,

    /* U+997F "饿" */
    0x0, 0x18, 0x7, 0xd7, 0x0, 0x1d, 0xee, 0x0,
    0x38, 0xe3, 0x7f, 0x31, 0x0, 0x9, 0xa8, 0x9e,
    0x3c, 0x88, 0xc, 0x50, 0x1, 0x3, 0x78, 0x7c,
    0x58, 0x9c, 0xe4, 0x80, 0x13, 0x18, 0x24, 0x1,
    0xe2, 0x90, 0x43, 0x77, 0x33, 0xf8, 0xf7, 0xa5,
    0x7f, 0x8c, 0x20, 0xd6, 0x1f, 0xc7, 0xbd, 0x63,
    0xf8, 0xd1, 0xf5, 0x40, 0x38, 0x4b, 0xd2, 0x80,
    0x23, 0x70, 0x1, 0xe, 0x47, 0x1f, 0x10, 0x7,
    0xe, 0xe8, 0x22, 0x51, 0xb, 0x0, 0x1e, 0x8f,
    0x14, 0x3, 0x6, 0x10, 0xc, 0x98, 0xa0, 0x10,
    0xe0, 0x18, 0x6, 0x38, 0x80, 0x0, 0x57, 0xc7,
    0x16, 0x2c, 0x4, 0x50, 0xa7, 0xc0, 0x97, 0x87,
    0xe, 0x60, 0x36, 0xe0, 0x73, 0xa0, 0xa0, 0x7,
    0xa8,

    /* U+9996 "首" */
    0x0, 0xff, 0xe2, 0xe2, 0x80, 0x6c, 0x60, 0xf,
    0x55, 0x4, 0x0, 0x46, 0xa0, 0x11, 0x10, 0x5d,
    0x8, 0x45, 0xa, 0x42, 0x22, 0xdc, 0xff, 0x2e,
    0xf7, 0xa2, 0x3f, 0xed, 0xfe, 0xed, 0x81, 0x9d,
    0xdd, 0xe0, 0x7, 0xcc, 0x78, 0x76, 0x64, 0xc0,
    0x1b, 0x9e, 0x26, 0xe2, 0x20, 0xe0, 0xe, 0x15,
    0x5f, 0x38, 0x7, 0x97, 0xbb, 0xc8, 0x1, 0xe5,
    0xff, 0xf2, 0x0, 0x79, 0x7f, 0xfc, 0x80, 0x1e,
    0x5f, 0xff, 0x20, 0x7, 0x84, 0xcf, 0xce, 0x1,
    0xe5, 0xff, 0xf1, 0x0, 0x79, 0x33, 0x3d, 0xd0,
    0x0,

    /* U+9A71 "驱" */
    0x0, 0xff, 0xe2, 0xf, 0xff, 0x20, 0xff, 0xfc,
    0x3, 0xdc, 0xff, 0x3, 0x8, 0x7f, 0xf7, 0x0,
    0x17, 0x40, 0x23, 0x0, 0xf2, 0x80, 0x61, 0x1,
    0x0, 0xc9, 0x80, 0xa, 0x70, 0x0, 0x80, 0xc,
    0x4, 0x0, 0xa3, 0x4a, 0x2c, 0x1, 0x8, 0x7,
    0x87, 0xd6, 0xd8, 0x2, 0x30, 0x27, 0x2, 0x10,
    0x1, 0x40, 0xd8, 0x6, 0x1f, 0x82, 0xd5, 0x0,
    0xac, 0x60, 0x2, 0x6d, 0xdc, 0xa, 0x0, 0x62,
    0xc5, 0x60, 0x28, 0x84, 0xd9, 0x0, 0x81, 0xcd,
    0x94, 0xe8, 0x11, 0x3, 0xfc, 0x22, 0x0, 0x14,
    0xa8, 0x3d, 0x80, 0x2a, 0x19, 0x1c, 0x80, 0x2,
    0xc0, 0x10, 0x80, 0x62, 0xa9, 0x61, 0xf, 0xfe,
    0xe7, 0x0, 0x88, 0x2a, 0xc7, 0xff, 0xe7,

    /* U+9AD8 "高" */
    0x0, 0xf0, 0x88, 0x3, 0xff, 0x81, 0xd2, 0x1,
    0xea, 0xaf, 0xb, 0x55, 0x7b, 0xff, 0xd7, 0x6f,
    0xff, 0x2a, 0x83, 0xbb, 0xf3, 0x2a, 0x80, 0x4,
    0xf1, 0x1e, 0x57, 0x0, 0xff, 0xe3, 0x13, 0xc4,
    0x79, 0x5c, 0x0, 0x6c, 0x7b, 0xbf, 0x95, 0x91,
    0x16, 0x1, 0xfe, 0xad, 0x1, 0x67, 0xdd, 0xf2,
    0x33, 0x0, 0x30, 0xa4, 0xce, 0x41, 0x0, 0xff,
    0xe4, 0xa, 0x4c, 0xe4, 0x10, 0x0, 0x80, 0x43,
    0x77, 0xe2, 0xb4, 0xc7, 0xc0, 0xf, 0xeb, 0xe4,

    /* U+9EC4 "黄" */
    0x0, 0xec, 0x80, 0x0, 0xf9, 0x0, 0x72, 0x77,
    0x46, 0xfd, 0xcf, 0xc, 0xef, 0x70, 0x2, 0x7f,
    0x70, 0xe3, 0xb9, 0xe1, 0x9d, 0xee, 0x0, 0x11,
    0x0, 0x7f, 0xc2, 0xb, 0xfd, 0xd1, 0x4f, 0x7f,
    0x87, 0x3b, 0x9e, 0xcb, 0xdd, 0xea, 0x1e, 0xef,
    0x30, 0x0, 0xbf, 0xf5, 0x8f, 0xfe, 0x30, 0xf,
    0x77, 0xfa, 0xc7, 0xfe, 0x10, 0xf, 0xbb, 0xfd,
    0x63, 0xff, 0x8, 0x7, 0xdd, 0xfe, 0xb1, 0xff,
    0x84, 0x3, 0x84, 0x33, 0x75, 0x43, 0xbb, 0x8,
    0x7, 0x1f, 0x41, 0xc7, 0xf6, 0x3b, 0xb4, 0xc0,
    0x30, 0xc5, 0x3a, 0x8, 0xdc, 0xf8, 0xc0, 0x12,
    0xf1, 0x6c, 0x88, 0x4, 0x9b, 0x10, 0xb0, 0x2,
    0xdd, 0x88, 0x3, 0xe6, 0xf9, 0x0,

    /* U+9ED1 "黑" */
    0x0, 0x77, 0x7f, 0xf0, 0x0, 0x30, 0xd7, 0x7f,
    0x5, 0xf7, 0xf5, 0x8, 0x6, 0x10, 0x98, 0x0,
    0x8, 0x7b, 0x0, 0x80, 0x7b, 0xd8, 0x40, 0x10,
    0x2e, 0x1, 0xe1, 0x12, 0x29, 0x80, 0xf4, 0x0,
    0x88, 0x3, 0xd, 0x6a, 0xe8, 0xd4, 0xc7, 0x50,
    0x80, 0x6e, 0xff, 0xc3, 0x7f, 0xfb, 0x80, 0x36,
    0xef, 0xc, 0xe6, 0x70, 0x6, 0xee, 0x7f, 0xc3,
    0x7d, 0xd7, 0xf8, 0x0, 0x45, 0x8c, 0xe0, 0x33,
    0xc4, 0x26, 0x13, 0x9f, 0xfc, 0x17, 0xff, 0xb3,
    0x3, 0x78, 0xdd, 0xcd, 0xfe, 0xc8, 0xee, 0x64,
    0xf8, 0x85, 0xa0, 0x3, 0xd8, 0x6, 0x4c, 0x1,
    0x4, 0x6, 0xd0, 0x0, 0x6e, 0x3, 0x26, 0x2,
    0x45, 0x3, 0xb4, 0x0, 0x5c, 0x80, 0x35, 0x40,
    0x16, 0xe0,

    /* U+FF08 "（" */
    0x0, 0xce, 0x1, 0xaf, 0x0, 0x29, 0x1b, 0x0,
    0x22, 0x28, 0x2, 0xfb, 0x0, 0xc8, 0xc0, 0x11,
    0x8, 0x6, 0x30, 0xe, 0x11, 0x0, 0x72, 0x30,
    0x6, 0xfb, 0x0, 0xc8, 0xf4, 0x1, 0xa9, 0xac,
    0x3, 0x66, 0x80,

    /* U+FF09 "）" */
    0x7, 0x0, 0xed, 0xc0, 0xd, 0x4d, 0x40, 0x1a,
    0x9d, 0x0, 0x34, 0x40, 0x3, 0x29, 0x80, 0x71,
    0x18, 0x7, 0x8, 0x6, 0x23, 0x0, 0x94, 0xc4,
    0x2, 0x89, 0x0, 0xa9, 0x94, 0x1, 0x4d, 0x40,
    0x16, 0x60, 0x40, 0x0,

    /* U+FF0C "，" */
    0x6, 0x60, 0x84, 0xc8, 0x80, 0x3b, 0xc4, 0x41,
    0x8, 0x41, 0x74, 0x0,

    /* U+FF1A "：" */
    0x11, 0x7, 0x70, 0x40, 0x2f, 0xf0, 0x8c, 0x1d,
    0xc1, 0x0, 0x80,

    /* U+FF1B "；" */
    0x1, 0x10, 0x3, 0xb8, 0x20, 0x1d, 0xfe, 0x10,
    0x22, 0x0, 0x37, 0x42, 0x1, 0xdc, 0x2, 0x14,
    0xe0, 0x8, 0x80, 0x0
};


/*---------------------
 *  GLYPH DESCRIPTION
 *--------------------*/

static const lv_font_fmt_txt_glyph_dsc_t glyph_dsc[] = {
    {.bitmap_index = 0, .adv_w = 0, .box_w = 0, .box_h = 0, .ofs_x = 0, .ofs_y = 0} /* id = 0 reserved */,
    {.bitmap_index = 0, .adv_w = 256, .box_w = 0, .box_h = 0, .ofs_x = 0, .ofs_y = 0},
    {.bitmap_index = 0, .adv_w = 256, .box_w = 4, .box_h = 6, .ofs_x = 2, .ofs_y = -1},
    {.bitmap_index = 12, .adv_w = 256, .box_w = 4, .box_h = 5, .ofs_x = 2, .ofs_y = -1},
    {.bitmap_index = 22, .adv_w = 256, .box_w = 6, .box_h = 7, .ofs_x = 5, .ofs_y = 2},
    {.bitmap_index = 43, .adv_w = 256, .box_w = 12, .box_h = 13, .ofs_x = 2, .ofs_y = -1},
    {.bitmap_index = 102, .adv_w = 256, .box_w = 12, .box_h = 13, .ofs_x = 2, .ofs_y = -1},
    {.bitmap_index = 158, .adv_w = 256, .box_w = 14, .box_h = 14, .ofs_x = 1, .ofs_y = -1},
    {.bitmap_index = 234, .adv_w = 256, .box_w = 7, .box_h = 16, .ofs_x = 7, .ofs_y = -2},
    {.bitmap_index = 279, .adv_w = 256, .box_w = 6, .box_h = 16, .ofs_x = 2, .ofs_y = -2},
    {.bitmap_index = 321, .adv_w = 256, .box_w = 8, .box_h = 16, .ofs_x = 7, .ofs_y = -2},
    {.bitmap_index = 380, .adv_w = 256, .box_w = 7, .box_h = 16, .ofs_x = 1, .ofs_y = -2},
    {.bitmap_index = 436, .adv_w = 256, .box_w = 6, .box_h = 14, .ofs_x = 7, .ofs_y = -1},
    {.bitmap_index = 447, .adv_w = 256, .box_w = 6, .box_h = 14, .ofs_x = 2, .ofs_y = -2},
    {.bitmap_index = 458, .adv_w = 256, .box_w = 5, .box_h = 13, .ofs_x = 8, .ofs_y = 0},
    {.bitmap_index = 471, .adv_w = 256, .box_w = 6, .box_h = 14, .ofs_x = 3, .ofs_y = -2},
    {.bitmap_index = 488, .adv_w = 256, .box_w = 7, .box_h = 14, .ofs_x = 7, .ofs_y = -2},
    {.bitmap_index = 521, .adv_w = 256, .box_w = 6, .box_h = 14, .ofs_x = 2, .ofs_y = -2},
    {.bitmap_index = 552, .adv_w = 256, .box_w = 14, .box_h = 13, .ofs_x = 1, .ofs_y = -1},
    {.bitmap_index = 584, .adv_w = 256, .box_w = 14, .box_h = 13, .ofs_x = 1, .ofs_y = -1},
    {.bitmap_index = 621, .adv_w = 256, .box_w = 6, .box_h = 16, .ofs_x = 7, .ofs_y = -2},
    {.bitmap_index = 646, .adv_w = 256, .box_w = 5, .box_h = 16, .ofs_x = 3, .ofs_y = -2},
    {.bitmap_index = 668, .adv_w = 256, .box_w = 8, .box_h = 13, .ofs_x = 7, .ofs_y = -1},
    {.bitmap_index = 706, .adv_w = 256, .box_w = 8, .box_h = 13, .ofs_x = 1, .ofs_y = -1},
    {.bitmap_index = 745, .adv_w = 256, .box_w = 6, .box_h = 6, .ofs_x = 9, .ofs_y = 7},
    {.bitmap_index = 764, .adv_w = 256, .box_w = 6, .box_h = 6, .ofs_x = 1, .ofs_y = 7},
    {.bitmap_index = 783, .adv_w = 256, .box_w = 2, .box_h = 14, .ofs_x = 7, .ofs_y = -2},
    {.bitmap_index = 790, .adv_w = 256, .box_w = 10, .box_h = 15, .ofs_x = 4, .ofs_y = -2},
    {.bitmap_index = 813, .adv_w = 256, .box_w = 13, .box_h = 15, .ofs_x = 2, .ofs_y = -2},
    {.bitmap_index = 843, .adv_w = 256, .box_w = 11, .box_h = 14, .ofs_x = 2, .ofs_y = -1},
    {.bitmap_index = 904, .adv_w = 256, .box_w = 12, .box_h = 15, .ofs_x = 2, .ofs_y = -1},
    {.bitmap_index = 979, .adv_w = 256, .box_w = 15, .box_h = 5, .ofs_x = 1, .ofs_y = 7},
    {.bitmap_index = 999, .adv_w = 256, .box_w = 15, .box_h = 7, .ofs_x = 1, .ofs_y = 5},
    {.bitmap_index = 1026, .adv_w = 256, .box_w = 15, .box_h = 9, .ofs_x = 1, .ofs_y = 3},
    {.bitmap_index = 1064, .adv_w = 256, .box_w = 14, .box_h = 15, .ofs_x = 1, .ofs_y = -2},
    {.bitmap_index = 1146, .adv_w = 256, .box_w = 12, .box_h = 13, .ofs_x = 2, .ofs_y = -1},
    {.bitmap_index = 1216, .adv_w = 256, .box_w = 16, .box_h = 2, .ofs_x = 0, .ofs_y = 5},
    {.bitmap_index = 1226, .adv_w = 256, .box_w = 16, .box_h = 13, .ofs_x = 0, .ofs_y = -1},
    {.bitmap_index = 1281, .adv_w = 256, .box_w = 14, .box_h = 14, .ofs_x = 1, .ofs_y = -2},
    {.bitmap_index = 1357, .adv_w = 256, .box_w = 15, .box_h = 13, .ofs_x = 0, .ofs_y = -1},
    {.bitmap_index = 1399, .adv_w = 256, .box_w = 16, .box_h = 14, .ofs_x = 0, .ofs_y = -1},
    {.bitmap_index = 1438, .adv_w = 256, .box_w = 14, .box_h = 14, .ofs_x = 1, .ofs_y = -1},
    {.bitmap_index = 1490, .adv_w = 256, .box_w = 15, .box_h = 14, .ofs_x = 0, .ofs_y = -1},
    {.bitmap_index = 1551, .adv_w = 256, .box_w = 14, .box_h = 16, .ofs_x = 1, .ofs_y = -2},
    {.bitmap_index = 1624, .adv_w = 256, .box_w = 14, .box_h = 15, .ofs_x = 1, .ofs_y = -2},
    {.bitmap_index = 1715, .adv_w = 256, .box_w = 16, .box_h = 15, .ofs_x = 0, .ofs_y = -2},
    {.bitmap_index = 1778, .adv_w = 256, .box_w = 13, .box_h = 15, .ofs_x = 1, .ofs_y = -2},
    {.bitmap_index = 1829, .adv_w = 256, .box_w = 12, .box_h = 14, .ofs_x = 2, .ofs_y = -1},
    {.bitmap_index = 1894, .adv_w = 256, .box_w = 14, .box_h = 15, .ofs_x = 1, .ofs_y = -2},
    {.bitmap_index = 1982, .adv_w = 256, .box_w = 15, .box_h = 15, .ofs_x = 0, .ofs_y = -1},
    {.bitmap_index = 2052, .adv_w = 256, .box_w = 15, .box_h = 16, .ofs_x = 1, .ofs_y = -2},
    {.bitmap_index = 2142, .adv_w = 256, .box_w = 15, .box_h = 14, .ofs_x = 0, .ofs_y = -1},
    {.bitmap_index = 2223, .adv_w = 256, .box_w = 12, .box_h = 15, .ofs_x = 2, .ofs_y = -2},
    {.bitmap_index = 2264, .adv_w = 256, .box_w = 15, .box_h = 16, .ofs_x = 1, .ofs_y = -2},
    {.bitmap_index = 2352, .adv_w = 256, .box_w = 16, .box_h = 15, .ofs_x = 0, .ofs_y = -2},
    {.bitmap_index = 2451, .adv_w = 256, .box_w = 16, .box_h = 11, .ofs_x = 0, .ofs_y = 0},
    {.bitmap_index = 2482, .adv_w = 256, .box_w = 15, .box_h = 14, .ofs_x = 0, .ofs_y = -1},
    {.bitmap_index = 2529, .adv_w = 256, .box_w = 14, .box_h = 15, .ofs_x = 1, .ofs_y = -2},
    {.bitmap_index = 2600, .adv_w = 256, .box_w = 14, .box_h = 13, .ofs_x = 1, .ofs_y = -1},
    {.bitmap_index = 2665, .adv_w = 256, .box_w = 15, .box_h = 14, .ofs_x = 0, .ofs_y = -1},
    {.bitmap_index = 2745, .adv_w = 256, .box_w = 16, .box_h = 16, .ofs_x = 0, .ofs_y = -2},
    {.bitmap_index = 2831, .adv_w = 256, .box_w = 14, .box_h = 16, .ofs_x = 1, .ofs_y = -2},
    {.bitmap_index = 2910, .adv_w = 256, .box_w = 15, .box_h = 16, .ofs_x = 1, .ofs_y = -2},
    {.bitmap_index = 3006, .adv_w = 256, .box_w = 16, .box_h = 15, .ofs_x = 0, .ofs_y = -2},
    {.bitmap_index = 3081, .adv_w = 256, .box_w = 15, .box_h = 15, .ofs_x = 0, .ofs_y = -2},
    {.bitmap_index = 3166, .adv_w = 256, .box_w = 16, .box_h = 15, .ofs_x = 0, .ofs_y = -2},
    {.bitmap_index = 3255, .adv_w = 256, .box_w = 16, .box_h = 15, .ofs_x = 0, .ofs_y = -1},
    {.bitmap_index = 3345, .adv_w = 256, .box_w = 15, .box_h = 15, .ofs_x = 1, .ofs_y = -2},
    {.bitmap_index = 3439, .adv_w = 256, .box_w = 15, .box_h = 16, .ofs_x = 0, .ofs_y = -2},
    {.bitmap_index = 3501, .adv_w = 256, .box_w = 16, .box_h = 16, .ofs_x = 0, .ofs_y = -2},
    {.bitmap_index = 3582, .adv_w = 256, .box_w = 16, .box_h = 15, .ofs_x = 0, .ofs_y = -2},
    {.bitmap_index = 3659, .adv_w = 256, .box_w = 16, .box_h = 14, .ofs_x = 0, .ofs_y = -1},
    {.bitmap_index = 3747, .adv_w = 256, .box_w = 16, .box_h = 16, .ofs_x = 0, .ofs_y = -2},
    {.bitmap_index = 3848, .adv_w = 256, .box_w = 16, .box_h = 16, .ofs_x = 0, .ofs_y = -2},
    {.bitmap_index = 3927, .adv_w = 256, .box_w = 16, .box_h = 15, .ofs_x = 0, .ofs_y = -2},
    {.bitmap_index = 4022, .adv_w = 256, .box_w = 16, .box_h = 14, .ofs_x = 0, .ofs_y = -1},
    {.bitmap_index = 4114, .adv_w = 256, .box_w = 16, .box_h = 16, .ofs_x = 0, .ofs_y = -2},
    {.bitmap_index = 4197, .adv_w = 256, .box_w = 16, .box_h = 16, .ofs_x = 0, .ofs_y = -2},
    {.bitmap_index = 4275, .adv_w = 256, .box_w = 16, .box_h = 15, .ofs_x = 0, .ofs_y = -2},
    {.bitmap_index = 4371, .adv_w = 256, .box_w = 16, .box_h = 16, .ofs_x = 0, .ofs_y = -2},
    {.bitmap_index = 4476, .adv_w = 256, .box_w = 16, .box_h = 15, .ofs_x = 0, .ofs_y = -2},
    {.bitmap_index = 4573, .adv_w = 256, .box_w = 15, .box_h = 15, .ofs_x = 0, .ofs_y = -2},
    {.bitmap_index = 4667, .adv_w = 256, .box_w = 16, .box_h = 16, .ofs_x = 0, .ofs_y = -3},
    {.bitmap_index = 4772, .adv_w = 256, .box_w = 16, .box_h = 16, .ofs_x = 0, .ofs_y = -2},
    {.bitmap_index = 4855, .adv_w = 256, .box_w = 16, .box_h = 14, .ofs_x = 0, .ofs_y = -1},
    {.bitmap_index = 4940, .adv_w = 256, .box_w = 16, .box_h = 15, .ofs_x = 0, .ofs_y = -2},
    {.bitmap_index = 5042, .adv_w = 256, .box_w = 16, .box_h = 15, .ofs_x = 0, .ofs_y = -2},
    {.bitmap_index = 5142, .adv_w = 256, .box_w = 16, .box_h = 16, .ofs_x = 0, .ofs_y = -2},
    {.bitmap_index = 5236, .adv_w = 256, .box_w = 16, .box_h = 14, .ofs_x = 0, .ofs_y = -1},
    {.bitmap_index = 5336, .adv_w = 256, .box_w = 16, .box_h = 16, .ofs_x = 0, .ofs_y = -2},
    {.bitmap_index = 5448, .adv_w = 256, .box_w = 16, .box_h = 15, .ofs_x = 0, .ofs_y = -2},
    {.bitmap_index = 5543, .adv_w = 256, .box_w = 16, .box_h = 15, .ofs_x = 0, .ofs_y = -2},
    {.bitmap_index = 5639, .adv_w = 256, .box_w = 16, .box_h = 15, .ofs_x = 0, .ofs_y = -2},
    {.bitmap_index = 5723, .adv_w = 256, .box_w = 16, .box_h = 15, .ofs_x = 0, .ofs_y = -2},
    {.bitmap_index = 5810, .adv_w = 256, .box_w = 16, .box_h = 15, .ofs_x = 0, .ofs_y = -2},
    {.bitmap_index = 5895, .adv_w = 256, .box_w = 14, .box_h = 15, .ofs_x = 1, .ofs_y = -2},
    {.bitmap_index = 5973, .adv_w = 256, .box_w = 14, .box_h = 16, .ofs_x = 1, .ofs_y = -2},
    {.bitmap_index = 6060, .adv_w = 256, .box_w = 16, .box_h = 15, .ofs_x = 0, .ofs_y = -2},
    {.bitmap_index = 6152, .adv_w = 256, .box_w = 14, .box_h = 16, .ofs_x = 1, .ofs_y = -2},
    {.bitmap_index = 6227, .adv_w = 256, .box_w = 16, .box_h = 14, .ofs_x = 0, .ofs_y = -2},
    {.bitmap_index = 6312, .adv_w = 256, .box_w = 16, .box_h = 16, .ofs_x = 0, .ofs_y = -3},
    {.bitmap_index = 6396, .adv_w = 256, .box_w = 14, .box_h = 14, .ofs_x = 1, .ofs_y = -2},
    {.bitmap_index = 6465, .adv_w = 256, .box_w = 16, .box_h = 15, .ofs_x = 0, .ofs_y = -2},
    {.bitmap_index = 6562, .adv_w = 256, .box_w = 15, .box_h = 14, .ofs_x = 0, .ofs_y = -1},
    {.bitmap_index = 6645, .adv_w = 256, .box_w = 16, .box_h = 16, .ofs_x = 0, .ofs_y = -2},
    {.bitmap_index = 6747, .adv_w = 256, .box_w = 16, .box_h = 15, .ofs_x = 0, .ofs_y = -2},
    {.bitmap_index = 6850, .adv_w = 256, .box_w = 16, .box_h = 16, .ofs_x = 0, .ofs_y = -2},
    {.bitmap_index = 6954, .adv_w = 256, .box_w = 13, .box_h = 15, .ofs_x = 1, .ofs_y = -2},
    {.bitmap_index = 7015, .adv_w = 256, .box_w = 16, .box_h = 14, .ofs_x = 0, .ofs_y = -1},
    {.bitmap_index = 7083, .adv_w = 256, .box_w = 15, .box_h = 16, .ofs_x = 1, .ofs_y = -2},
    {.bitmap_index = 7177, .adv_w = 256, .box_w = 15, .box_h = 14, .ofs_x = 0, .ofs_y = -2},
    {.bitmap_index = 7269, .adv_w = 256, .box_w = 15, .box_h = 16, .ofs_x = 0, .ofs_y = -2},
    {.bitmap_index = 7360, .adv_w = 256, .box_w = 15, .box_h = 16, .ofs_x = 0, .ofs_y = -2},
    {.bitmap_index = 7468, .adv_w = 256, .box_w = 15, .box_h = 15, .ofs_x = 0, .ofs_y = -2},
    {.bitmap_index = 7556, .adv_w = 256, .box_w = 15, .box_h = 15, .ofs_x = 0, .ofs_y = -2},
    {.bitmap_index = 7650, .adv_w = 256, .box_w = 15, .box_h = 15, .ofs_x = 0, .ofs_y = -2},
    {.bitmap_index = 7741, .adv_w = 256, .box_w = 15, .box_h = 15, .ofs_x = 0, .ofs_y = -2},
    {.bitmap_index = 7829, .adv_w = 256, .box_w = 16, .box_h = 16, .ofs_x = 0, .ofs_y = -2},
    {.bitmap_index = 7926, .adv_w = 256, .box_w = 15, .box_h = 16, .ofs_x = 0, .ofs_y = -3},
    {.bitmap_index = 8022, .adv_w = 256, .box_w = 14, .box_h = 15, .ofs_x = 1, .ofs_y = -2},
    {.bitmap_index = 8103, .adv_w = 256, .box_w = 16, .box_h = 15, .ofs_x = 0, .ofs_y = -2},
    {.bitmap_index = 8198, .adv_w = 256, .box_w = 15, .box_h = 15, .ofs_x = 0, .ofs_y = -2},
    {.bitmap_index = 8288, .adv_w = 256, .box_w = 16, .box_h = 15, .ofs_x = 0, .ofs_y = -2},
    {.bitmap_index = 8394, .adv_w = 256, .box_w = 16, .box_h = 16, .ofs_x = 0, .ofs_y = -2},
    {.bitmap_index = 8510, .adv_w = 256, .box_w = 15, .box_h = 14, .ofs_x = 0, .ofs_y = -1},
    {.bitmap_index = 8587, .adv_w = 256, .box_w = 16, .box_h = 13, .ofs_x = 0, .ofs_y = -1},
    {.bitmap_index = 8651, .adv_w = 256, .box_w = 15, .box_h = 14, .ofs_x = 1, .ofs_y = -2},
    {.bitmap_index = 8727, .adv_w = 256, .box_w = 16, .box_h = 14, .ofs_x = 0, .ofs_y = -1},
    {.bitmap_index = 8761, .adv_w = 256, .box_w = 15, .box_h = 15, .ofs_x = 0, .ofs_y = -2},
    {.bitmap_index = 8812, .adv_w = 256, .box_w = 15, .box_h = 16, .ofs_x = 0, .ofs_y = -2},
    {.bitmap_index = 8897, .adv_w = 256, .box_w = 15, .box_h = 16, .ofs_x = 1, .ofs_y = -3},
    {.bitmap_index = 8993, .adv_w = 256, .box_w = 14, .box_h = 14, .ofs_x = 2, .ofs_y = -1},
    {.bitmap_index = 9044, .adv_w = 256, .box_w = 14, .box_h = 14, .ofs_x = 1, .ofs_y = -1},
    {.bitmap_index = 9112, .adv_w = 256, .box_w = 14, .box_h = 14, .ofs_x = 1, .ofs_y = -2},
    {.bitmap_index = 9181, .adv_w = 256, .box_w = 16, .box_h = 15, .ofs_x = 0, .ofs_y = -2},
    {.bitmap_index = 9268, .adv_w = 256, .box_w = 16, .box_h = 16, .ofs_x = 0, .ofs_y = -2},
    {.bitmap_index = 9375, .adv_w = 256, .box_w = 16, .box_h = 14, .ofs_x = 0, .ofs_y = -2},
    {.bitmap_index = 9460, .adv_w = 256, .box_w = 16, .box_h = 15, .ofs_x = 0, .ofs_y = -2},
    {.bitmap_index = 9567, .adv_w = 256, .box_w = 15, .box_h = 15, .ofs_x = 0, .ofs_y = -2},
    {.bitmap_index = 9662, .adv_w = 256, .box_w = 15, .box_h = 15, .ofs_x = 0, .ofs_y = -2},
    {.bitmap_index = 9763, .adv_w = 256, .box_w = 16, .box_h = 15, .ofs_x = 0, .ofs_y = -2},
    {.bitmap_index = 9865, .adv_w = 256, .box_w = 12, .box_h = 12, .ofs_x = 2, .ofs_y = -1},
    {.bitmap_index = 9889, .adv_w = 256, .box_w = 15, .box_h = 14, .ofs_x = 0, .ofs_y = -2},
    {.bitmap_index = 9952, .adv_w = 256, .box_w = 15, .box_h = 14, .ofs_x = 0, .ofs_y = -2},
    {.bitmap_index = 10015, .adv_w = 256, .box_w = 15, .box_h = 15, .ofs_x = 0, .ofs_y = -2},
    {.bitmap_index = 10090, .adv_w = 256, .box_w = 16, .box_h = 15, .ofs_x = 0, .ofs_y = -3},
    {.bitmap_index = 10161, .adv_w = 256, .box_w = 14, .box_h = 14, .ofs_x = 1, .ofs_y = -1},
    {.bitmap_index = 10242, .adv_w = 256, .box_w = 16, .box_h = 16, .ofs_x = 0, .ofs_y = -2},
    {.bitmap_index = 10329, .adv_w = 256, .box_w = 14, .box_h = 15, .ofs_x = 1, .ofs_y = -3},
    {.bitmap_index = 10394, .adv_w = 256, .box_w = 14, .box_h = 17, .ofs_x = 0, .ofs_y = -3},
    {.bitmap_index = 10476, .adv_w = 256, .box_w = 15, .box_h = 15, .ofs_x = 0, .ofs_y = -2},
    {.bitmap_index = 10559, .adv_w = 256, .box_w = 14, .box_h = 14, .ofs_x = 1, .ofs_y = -1},
    {.bitmap_index = 10612, .adv_w = 256, .box_w = 16, .box_h = 15, .ofs_x = 0, .ofs_y = -2},
    {.bitmap_index = 10699, .adv_w = 256, .box_w = 14, .box_h = 16, .ofs_x = 0, .ofs_y = -2},
    {.bitmap_index = 10774, .adv_w = 256, .box_w = 16, .box_h = 15, .ofs_x = 0, .ofs_y = -2},
    {.bitmap_index = 10850, .adv_w = 256, .box_w = 16, .box_h = 14, .ofs_x = 0, .ofs_y = -2},
    {.bitmap_index = 10924, .adv_w = 256, .box_w = 15, .box_h = 14, .ofs_x = 0, .ofs_y = -2},
    {.bitmap_index = 11008, .adv_w = 256, .box_w = 16, .box_h = 16, .ofs_x = 0, .ofs_y = -2},
    {.bitmap_index = 11098, .adv_w = 256, .box_w = 15, .box_h = 14, .ofs_x = 0, .ofs_y = -1},
    {.bitmap_index = 11181, .adv_w = 256, .box_w = 14, .box_h = 15, .ofs_x = 1, .ofs_y = -1},
    {.bitmap_index = 11249, .adv_w = 256, .box_w = 15, .box_h = 16, .ofs_x = 1, .ofs_y = -2},
    {.bitmap_index = 11348, .adv_w = 256, .box_w = 16, .box_h = 14, .ofs_x = 0, .ofs_y = -2},
    {.bitmap_index = 11454, .adv_w = 256, .box_w = 14, .box_h = 14, .ofs_x = 1, .ofs_y = -2},
    {.bitmap_index = 11520, .adv_w = 256, .box_w = 14, .box_h = 14, .ofs_x = 1, .ofs_y = -2},
    {.bitmap_index = 11569, .adv_w = 256, .box_w = 14, .box_h = 14, .ofs_x = 1, .ofs_y = -2},
    {.bitmap_index = 11641, .adv_w = 256, .box_w = 14, .box_h = 14, .ofs_x = 1, .ofs_y = -2},
    {.bitmap_index = 11711, .adv_w = 256, .box_w = 14, .box_h = 15, .ofs_x = 1, .ofs_y = -3},
    {.bitmap_index = 11784, .adv_w = 256, .box_w = 14, .box_h = 15, .ofs_x = 1, .ofs_y = -3},
    {.bitmap_index = 11864, .adv_w = 256, .box_w = 14, .box_h = 15, .ofs_x = 1, .ofs_y = -3},
    {.bitmap_index = 11942, .adv_w = 256, .box_w = 16, .box_h = 15, .ofs_x = 0, .ofs_y = -2},
    {.bitmap_index = 12031, .adv_w = 256, .box_w = 16, .box_h = 14, .ofs_x = 0, .ofs_y = -1},
    {.bitmap_index = 12117, .adv_w = 256, .box_w = 16, .box_h = 14, .ofs_x = 0, .ofs_y = -1},
    {.bitmap_index = 12183, .adv_w = 256, .box_w = 16, .box_h = 14, .ofs_x = 0, .ofs_y = -2},
    {.bitmap_index = 12269, .adv_w = 256, .box_w = 15, .box_h = 14, .ofs_x = 0, .ofs_y = -1},
    {.bitmap_index = 12358, .adv_w = 256, .box_w = 16, .box_h = 15, .ofs_x = 0, .ofs_y = -2},
    {.bitmap_index = 12450, .adv_w = 256, .box_w = 16, .box_h = 14, .ofs_x = 0, .ofs_y = -1},
    {.bitmap_index = 12549, .adv_w = 256, .box_w = 15, .box_h = 14, .ofs_x = 1, .ofs_y = -1},
    {.bitmap_index = 12637, .adv_w = 256, .box_w = 16, .box_h = 16, .ofs_x = 0, .ofs_y = -2},
    {.bitmap_index = 12746, .adv_w = 256, .box_w = 15, .box_h = 15, .ofs_x = 0, .ofs_y = -2},
    {.bitmap_index = 12838, .adv_w = 256, .box_w = 16, .box_h = 16, .ofs_x = 0, .ofs_y = -2},
    {.bitmap_index = 12937, .adv_w = 256, .box_w = 16, .box_h = 15, .ofs_x = 0, .ofs_y = -2},
    {.bitmap_index = 13027, .adv_w = 256, .box_w = 16, .box_h = 15, .ofs_x = 0, .ofs_y = -2},
    {.bitmap_index = 13118, .adv_w = 256, .box_w = 16, .box_h = 14, .ofs_x = 0, .ofs_y = -1},
    {.bitmap_index = 13204, .adv_w = 256, .box_w = 14, .box_h = 15, .ofs_x = 1, .ofs_y = -2},
    {.bitmap_index = 13298, .adv_w = 256, .box_w = 16, .box_h = 15, .ofs_x = 0, .ofs_y = -2},
    {.bitmap_index = 13383, .adv_w = 256, .box_w = 16, .box_h = 15, .ofs_x = 0, .ofs_y = -2},
    {.bitmap_index = 13465, .adv_w = 256, .box_w = 16, .box_h = 16, .ofs_x = 0, .ofs_y = -2},
    {.bitmap_index = 13555, .adv_w = 256, .box_w = 16, .box_h = 15, .ofs_x = 0, .ofs_y = -2},
    {.bitmap_index = 13649, .adv_w = 256, .box_w = 16, .box_h = 15, .ofs_x = 0, .ofs_y = -2},
    {.bitmap_index = 13739, .adv_w = 256, .box_w = 16, .box_h = 15, .ofs_x = 0, .ofs_y = -2},
    {.bitmap_index = 13846, .adv_w = 256, .box_w = 16, .box_h = 15, .ofs_x = 0, .ofs_y = -2},
    {.bitmap_index = 13946, .adv_w = 256, .box_w = 15, .box_h = 16, .ofs_x = 0, .ofs_y = -2},
    {.bitmap_index = 14042, .adv_w = 256, .box_w = 16, .box_h = 17, .ofs_x = 0, .ofs_y = -3},
    {.bitmap_index = 14157, .adv_w = 256, .box_w = 16, .box_h = 15, .ofs_x = 0, .ofs_y = -2},
    {.bitmap_index = 14217, .adv_w = 256, .box_w = 15, .box_h = 16, .ofs_x = 1, .ofs_y = -2},
    {.bitmap_index = 14290, .adv_w = 256, .box_w = 16, .box_h = 16, .ofs_x = 0, .ofs_y = -2},
    {.bitmap_index = 14378, .adv_w = 256, .box_w = 16, .box_h = 15, .ofs_x = 0, .ofs_y = -2},
    {.bitmap_index = 14476, .adv_w = 256, .box_w = 14, .box_h = 15, .ofs_x = 1, .ofs_y = -1},
    {.bitmap_index = 14552, .adv_w = 256, .box_w = 16, .box_h = 16, .ofs_x = 0, .ofs_y = -2},
    {.bitmap_index = 14647, .adv_w = 256, .box_w = 16, .box_h = 16, .ofs_x = 0, .ofs_y = -2},
    {.bitmap_index = 14742, .adv_w = 256, .box_w = 14, .box_h = 16, .ofs_x = 1, .ofs_y = -2},
    {.bitmap_index = 14837, .adv_w = 256, .box_w = 16, .box_h = 17, .ofs_x = 0, .ofs_y = -3},
    {.bitmap_index = 14942, .adv_w = 256, .box_w = 16, .box_h = 16, .ofs_x = 0, .ofs_y = -2},
    {.bitmap_index = 15041, .adv_w = 256, .box_w = 15, .box_h = 16, .ofs_x = 1, .ofs_y = -2},
    {.bitmap_index = 15141, .adv_w = 256, .box_w = 16, .box_h = 15, .ofs_x = 0, .ofs_y = -2},
    {.bitmap_index = 15238, .adv_w = 256, .box_w = 16, .box_h = 16, .ofs_x = 0, .ofs_y = -2},
    {.bitmap_index = 15340, .adv_w = 256, .box_w = 16, .box_h = 15, .ofs_x = 0, .ofs_y = -2},
    {.bitmap_index = 15431, .adv_w = 256, .box_w = 15, .box_h = 15, .ofs_x = 1, .ofs_y = -2},
    {.bitmap_index = 15509, .adv_w = 256, .box_w = 16, .box_h = 15, .ofs_x = 0, .ofs_y = -2},
    {.bitmap_index = 15607, .adv_w = 256, .box_w = 16, .box_h = 16, .ofs_x = 0, .ofs_y = -2},
    {.bitmap_index = 15708, .adv_w = 256, .box_w = 14, .box_h = 15, .ofs_x = 1, .ofs_y = -2},
    {.bitmap_index = 15771, .adv_w = 256, .box_w = 16, .box_h = 16, .ofs_x = 0, .ofs_y = -2},
    {.bitmap_index = 15864, .adv_w = 256, .box_w = 16, .box_h = 15, .ofs_x = 0, .ofs_y = -2},
    {.bitmap_index = 15963, .adv_w = 256, .box_w = 16, .box_h = 15, .ofs_x = 0, .ofs_y = -2},
    {.bitmap_index = 16073, .adv_w = 256, .box_w = 16, .box_h = 13, .ofs_x = 0, .ofs_y = -1},
    {.bitmap_index = 16149, .adv_w = 256, .box_w = 16, .box_h = 14, .ofs_x = 0, .ofs_y = -2},
    {.bitmap_index = 16236, .adv_w = 256, .box_w = 16, .box_h = 14, .ofs_x = 0, .ofs_y = -2},
    {.bitmap_index = 16334, .adv_w = 256, .box_w = 16, .box_h = 15, .ofs_x = 0, .ofs_y = -1},
    {.bitmap_index = 16418, .adv_w = 256, .box_w = 14, .box_h = 14, .ofs_x = 1, .ofs_y = -1},
    {.bitmap_index = 16478, .adv_w = 256, .box_w = 16, .box_h = 16, .ofs_x = 0, .ofs_y = -2},
    {.bitmap_index = 16568, .adv_w = 256, .box_w = 14, .box_h = 14, .ofs_x = 1, .ofs_y = -1},
    {.bitmap_index = 16654, .adv_w = 256, .box_w = 16, .box_h = 15, .ofs_x = 0, .ofs_y = -2},
    {.bitmap_index = 16748, .adv_w = 256, .box_w = 14, .box_h = 15, .ofs_x = 1, .ofs_y = -2},
    {.bitmap_index = 16835, .adv_w = 256, .box_w = 16, .box_h = 14, .ofs_x = 0, .ofs_y = -2},
    {.bitmap_index = 16928, .adv_w = 256, .box_w = 16, .box_h = 15, .ofs_x = 0, .ofs_y = -2},
    {.bitmap_index = 17030, .adv_w = 256, .box_w = 15, .box_h = 15, .ofs_x = 0, .ofs_y = -2},
    {.bitmap_index = 17076, .adv_w = 256, .box_w = 15, .box_h = 15, .ofs_x = 0, .ofs_y = -2},
    {.bitmap_index = 17141, .adv_w = 256, .box_w = 16, .box_h = 16, .ofs_x = 0, .ofs_y = -2},
    {.bitmap_index = 17222, .adv_w = 256, .box_w = 16, .box_h = 16, .ofs_x = 0, .ofs_y = -2},
    {.bitmap_index = 17317, .adv_w = 256, .box_w = 15, .box_h = 14, .ofs_x = 0, .ofs_y = -1},
    {.bitmap_index = 17401, .adv_w = 256, .box_w = 15, .box_h = 16, .ofs_x = 0, .ofs_y = -2},
    {.bitmap_index = 17494, .adv_w = 256, .box_w = 16, .box_h = 15, .ofs_x = 0, .ofs_y = -2},
    {.bitmap_index = 17600, .adv_w = 256, .box_w = 16, .box_h = 15, .ofs_x = 0, .ofs_y = -2},
    {.bitmap_index = 17703, .adv_w = 256, .box_w = 16, .box_h = 15, .ofs_x = 0, .ofs_y = -2},
    {.bitmap_index = 17817, .adv_w = 256, .box_w = 16, .box_h = 14, .ofs_x = 0, .ofs_y = -1},
    {.bitmap_index = 17889, .adv_w = 256, .box_w = 13, .box_h = 17, .ofs_x = 1, .ofs_y = -3},
    {.bitmap_index = 17960, .adv_w = 256, .box_w = 16, .box_h = 17, .ofs_x = 0, .ofs_y = -3},
    {.bitmap_index = 18057, .adv_w = 256, .box_w = 14, .box_h = 15, .ofs_x = 1, .ofs_y = -2},
    {.bitmap_index = 18153, .adv_w = 256, .box_w = 14, .box_h = 15, .ofs_x = 1, .ofs_y = -2},
    {.bitmap_index = 18247, .adv_w = 256, .box_w = 14, .box_h = 15, .ofs_x = 1, .ofs_y = -2},
    {.bitmap_index = 18323, .adv_w = 256, .box_w = 15, .box_h = 16, .ofs_x = 0, .ofs_y = -2},
    {.bitmap_index = 18408, .adv_w = 256, .box_w = 16, .box_h = 15, .ofs_x = 0, .ofs_y = -2},
    {.bitmap_index = 18509, .adv_w = 256, .box_w = 16, .box_h = 15, .ofs_x = 0, .ofs_y = -2},
    {.bitmap_index = 18607, .adv_w = 256, .box_w = 16, .box_h = 15, .ofs_x = 0, .ofs_y = -2},
    {.bitmap_index = 18719, .adv_w = 256, .box_w = 16, .box_h = 14, .ofs_x = 0, .ofs_y = -1},
    {.bitmap_index = 18808, .adv_w = 256, .box_w = 16, .box_h = 15, .ofs_x = 0, .ofs_y = -2},
    {.bitmap_index = 18902, .adv_w = 256, .box_w = 16, .box_h = 16, .ofs_x = 0, .ofs_y = -2},
    {.bitmap_index = 18996, .adv_w = 256, .box_w = 16, .box_h = 15, .ofs_x = 0, .ofs_y = -1},
    {.bitmap_index = 19102, .adv_w = 256, .box_w = 16, .box_h = 15, .ofs_x = 0, .ofs_y = -2},
    {.bitmap_index = 19192, .adv_w = 256, .box_w = 16, .box_h = 14, .ofs_x = 0, .ofs_y = -1},
    {.bitmap_index = 19272, .adv_w = 256, .box_w = 16, .box_h = 14, .ofs_x = 0, .ofs_y = -1},
    {.bitmap_index = 19372, .adv_w = 256, .box_w = 16, .box_h = 16, .ofs_x = 0, .ofs_y = -2},
    {.bitmap_index = 19475, .adv_w = 256, .box_w = 16, .box_h = 15, .ofs_x = 0, .ofs_y = -2},
    {.bitmap_index = 19569, .adv_w = 256, .box_w = 16, .box_h = 16, .ofs_x = 0, .ofs_y = -2},
    {.bitmap_index = 19679, .adv_w = 256, .box_w = 16, .box_h = 16, .ofs_x = 0, .ofs_y = -2},
    {.bitmap_index = 19786, .adv_w = 256, .box_w = 16, .box_h = 16, .ofs_x = 0, .ofs_y = -2},
    {.bitmap_index = 19897, .adv_w = 256, .box_w = 15, .box_h = 16, .ofs_x = 1, .ofs_y = -2},
    {.bitmap_index = 19993, .adv_w = 256, .box_w = 15, .box_h = 15, .ofs_x = 0, .ofs_y = -2},
    {.bitmap_index = 20089, .adv_w = 256, .box_w = 16, .box_h = 15, .ofs_x = 0, .ofs_y = -2},
    {.bitmap_index = 20171, .adv_w = 256, .box_w = 16, .box_h = 15, .ofs_x = 0, .ofs_y = -2},
    {.bitmap_index = 20249, .adv_w = 256, .box_w = 15, .box_h = 15, .ofs_x = 0, .ofs_y = -2},
    {.bitmap_index = 20330, .adv_w = 256, .box_w = 16, .box_h = 16, .ofs_x = 0, .ofs_y = -2},
    {.bitmap_index = 20425, .adv_w = 256, .box_w = 15, .box_h = 17, .ofs_x = 0, .ofs_y = -3},
    {.bitmap_index = 20536, .adv_w = 256, .box_w = 16, .box_h = 15, .ofs_x = 0, .ofs_y = -2},
    {.bitmap_index = 20628, .adv_w = 256, .box_w = 16, .box_h = 15, .ofs_x = 0, .ofs_y = -2},
    {.bitmap_index = 20722, .adv_w = 256, .box_w = 16, .box_h = 15, .ofs_x = 0, .ofs_y = -2},
    {.bitmap_index = 20819, .adv_w = 256, .box_w = 16, .box_h = 16, .ofs_x = 0, .ofs_y = -2},
    {.bitmap_index = 20921, .adv_w = 256, .box_w = 16, .box_h = 16, .ofs_x = 0, .ofs_y = -3},
    {.bitmap_index = 21029, .adv_w = 256, .box_w = 16, .box_h = 15, .ofs_x = 0, .ofs_y = -2},
    {.bitmap_index = 21133, .adv_w = 256, .box_w = 16, .box_h = 15, .ofs_x = 0, .ofs_y = -2},
    {.bitmap_index = 21235, .adv_w = 256, .box_w = 16, .box_h = 16, .ofs_x = 0, .ofs_y = -2},
    {.bitmap_index = 21346, .adv_w = 256, .box_w = 16, .box_h = 16, .ofs_x = 0, .ofs_y = -2},
    {.bitmap_index = 21452, .adv_w = 256, .box_w = 16, .box_h = 15, .ofs_x = 0, .ofs_y = -2},
    {.bitmap_index = 21557, .adv_w = 256, .box_w = 16, .box_h = 15, .ofs_x = 0, .ofs_y = -2},
    {.bitmap_index = 21660, .adv_w = 256, .box_w = 16, .box_h = 16, .ofs_x = 0, .ofs_y = -3},
    {.bitmap_index = 21765, .adv_w = 256, .box_w = 16, .box_h = 16, .ofs_x = 0, .ofs_y = -2},
    {.bitmap_index = 21876, .adv_w = 256, .box_w = 16, .box_h = 16, .ofs_x = 0, .ofs_y = -2},
    {.bitmap_index = 21973, .adv_w = 256, .box_w = 16, .box_h = 16, .ofs_x = 0, .ofs_y = -3},
    {.bitmap_index = 22081, .adv_w = 256, .box_w = 16, .box_h = 15, .ofs_x = 0, .ofs_y = -2},
    {.bitmap_index = 22181, .adv_w = 256, .box_w = 16, .box_h = 15, .ofs_x = 0, .ofs_y = -2},
    {.bitmap_index = 22290, .adv_w = 256, .box_w = 16, .box_h = 15, .ofs_x = 0, .ofs_y = -2},
    {.bitmap_index = 22398, .adv_w = 256, .box_w = 16, .box_h = 15, .ofs_x = 0, .ofs_y = -2},
    {.bitmap_index = 22507, .adv_w = 256, .box_w = 15, .box_h = 14, .ofs_x = 0, .ofs_y = -2},
    {.bitmap_index = 22586, .adv_w = 256, .box_w = 16, .box_h = 16, .ofs_x = 0, .ofs_y = -2},
    {.bitmap_index = 22686, .adv_w = 256, .box_w = 16, .box_h = 15, .ofs_x = 0, .ofs_y = -2},
    {.bitmap_index = 22783, .adv_w = 256, .box_w = 16, .box_h = 16, .ofs_x = 0, .ofs_y = -2},
    {.bitmap_index = 22896, .adv_w = 256, .box_w = 15, .box_h = 15, .ofs_x = 0, .ofs_y = -2},
    {.bitmap_index = 23006, .adv_w = 256, .box_w = 16, .box_h = 16, .ofs_x = 0, .ofs_y = -2},
    {.bitmap_index = 23100, .adv_w = 256, .box_w = 16, .box_h = 16, .ofs_x = 0, .ofs_y = -2},
    {.bitmap_index = 23206, .adv_w = 256, .box_w = 15, .box_h = 15, .ofs_x = 1, .ofs_y = -2},
    {.bitmap_index = 23304, .adv_w = 256, .box_w = 16, .box_h = 16, .ofs_x = 0, .ofs_y = -3},
    {.bitmap_index = 23420, .adv_w = 256, .box_w = 15, .box_h = 16, .ofs_x = 0, .ofs_y = -2},
    {.bitmap_index = 23504, .adv_w = 256, .box_w = 16, .box_h = 15, .ofs_x = 0, .ofs_y = -2},
    {.bitmap_index = 23587, .adv_w = 256, .box_w = 11, .box_h = 13, .ofs_x = 3, .ofs_y = -1},
    {.bitmap_index = 23626, .adv_w = 256, .box_w = 15, .box_h = 15, .ofs_x = 1, .ofs_y = -2},
    {.bitmap_index = 23712, .adv_w = 256, .box_w = 14, .box_h = 14, .ofs_x = 1, .ofs_y = -2},
    {.bitmap_index = 23792, .adv_w = 256, .box_w = 16, .box_h = 15, .ofs_x = 0, .ofs_y = -3},
    {.bitmap_index = 23879, .adv_w = 256, .box_w = 16, .box_h = 15, .ofs_x = 0, .ofs_y = -2},
    {.bitmap_index = 23977, .adv_w = 256, .box_w = 16, .box_h = 15, .ofs_x = 0, .ofs_y = -2},
    {.bitmap_index = 24072, .adv_w = 256, .box_w = 15, .box_h = 14, .ofs_x = 1, .ofs_y = -2},
    {.bitmap_index = 24154, .adv_w = 256, .box_w = 15, .box_h = 13, .ofs_x = 1, .ofs_y = -1},
    {.bitmap_index = 24230, .adv_w = 256, .box_w = 16, .box_h = 15, .ofs_x = 0, .ofs_y = -2},
    {.bitmap_index = 24319, .adv_w = 256, .box_w = 15, .box_h = 15, .ofs_x = 1, .ofs_y = -2},
    {.bitmap_index = 24407, .adv_w = 256, .box_w = 14, .box_h = 14, .ofs_x = 1, .ofs_y = -1},
    {.bitmap_index = 24493, .adv_w = 256, .box_w = 15, .box_h = 15, .ofs_x = 1, .ofs_y = -2},
    {.bitmap_index = 24600, .adv_w = 256, .box_w = 15, .box_h = 16, .ofs_x = 1, .ofs_y = -2},
    {.bitmap_index = 24696, .adv_w = 256, .box_w = 16, .box_h = 14, .ofs_x = 0, .ofs_y = -2},
    {.bitmap_index = 24793, .adv_w = 256, .box_w = 14, .box_h = 15, .ofs_x = 1, .ofs_y = -1},
    {.bitmap_index = 24858, .adv_w = 256, .box_w = 15, .box_h = 15, .ofs_x = 1, .ofs_y = -2},
    {.bitmap_index = 24948, .adv_w = 256, .box_w = 15, .box_h = 14, .ofs_x = 1, .ofs_y = -2},
    {.bitmap_index = 25032, .adv_w = 256, .box_w = 13, .box_h = 14, .ofs_x = 1, .ofs_y = -2},
    {.bitmap_index = 25091, .adv_w = 256, .box_w = 16, .box_h = 16, .ofs_x = 0, .ofs_y = -2},
    {.bitmap_index = 25177, .adv_w = 256, .box_w = 15, .box_h = 15, .ofs_x = 0, .ofs_y = -2},
    {.bitmap_index = 25277, .adv_w = 256, .box_w = 16, .box_h = 14, .ofs_x = 0, .ofs_y = -1},
    {.bitmap_index = 25363, .adv_w = 256, .box_w = 15, .box_h = 15, .ofs_x = 0, .ofs_y = -2},
    {.bitmap_index = 25448, .adv_w = 256, .box_w = 16, .box_h = 15, .ofs_x = 0, .ofs_y = -2},
    {.bitmap_index = 25537, .adv_w = 256, .box_w = 15, .box_h = 14, .ofs_x = 1, .ofs_y = -1},
    {.bitmap_index = 25624, .adv_w = 256, .box_w = 16, .box_h = 17, .ofs_x = 0, .ofs_y = -3},
    {.bitmap_index = 25742, .adv_w = 256, .box_w = 16, .box_h = 14, .ofs_x = 0, .ofs_y = -1},
    {.bitmap_index = 25836, .adv_w = 256, .box_w = 16, .box_h = 16, .ofs_x = 0, .ofs_y = -3},
    {.bitmap_index = 25949, .adv_w = 256, .box_w = 16, .box_h = 15, .ofs_x = 0, .ofs_y = -2},
    {.bitmap_index = 26058, .adv_w = 256, .box_w = 15, .box_h = 16, .ofs_x = 0, .ofs_y = -2},
    {.bitmap_index = 26157, .adv_w = 256, .box_w = 16, .box_h = 15, .ofs_x = 0, .ofs_y = -2},
    {.bitmap_index = 26257, .adv_w = 256, .box_w = 15, .box_h = 13, .ofs_x = 1, .ofs_y = -1},
    {.bitmap_index = 26333, .adv_w = 256, .box_w = 16, .box_h = 16, .ofs_x = 0, .ofs_y = -2},
    {.bitmap_index = 26445, .adv_w = 256, .box_w = 16, .box_h = 14, .ofs_x = 0, .ofs_y = -1},
    {.bitmap_index = 26529, .adv_w = 256, .box_w = 16, .box_h = 14, .ofs_x = 0, .ofs_y = -1},
    {.bitmap_index = 26626, .adv_w = 256, .box_w = 16, .box_h = 16, .ofs_x = 0, .ofs_y = -2},
    {.bitmap_index = 26733, .adv_w = 256, .box_w = 16, .box_h = 16, .ofs_x = 0, .ofs_y = -2},
    {.bitmap_index = 26837, .adv_w = 256, .box_w = 16, .box_h = 15, .ofs_x = 0, .ofs_y = -2},
    {.bitmap_index = 26936, .adv_w = 256, .box_w = 16, .box_h = 14, .ofs_x = 0, .ofs_y = -1},
    {.bitmap_index = 27024, .adv_w = 256, .box_w = 16, .box_h = 16, .ofs_x = 0, .ofs_y = -2},
    {.bitmap_index = 27131, .adv_w = 256, .box_w = 16, .box_h = 17, .ofs_x = 0, .ofs_y = -3},
    {.bitmap_index = 27249, .adv_w = 256, .box_w = 16, .box_h = 15, .ofs_x = 0, .ofs_y = -2},
    {.bitmap_index = 27350, .adv_w = 256, .box_w = 15, .box_h = 13, .ofs_x = 0, .ofs_y = -1},
    {.bitmap_index = 27403, .adv_w = 256, .box_w = 15, .box_h = 15, .ofs_x = 1, .ofs_y = -2},
    {.bitmap_index = 27473, .adv_w = 256, .box_w = 16, .box_h = 15, .ofs_x = 0, .ofs_y = -2},
    {.bitmap_index = 27567, .adv_w = 256, .box_w = 15, .box_h = 15, .ofs_x = 0, .ofs_y = -2},
    {.bitmap_index = 27664, .adv_w = 256, .box_w = 16, .box_h = 16, .ofs_x = 0, .ofs_y = -3},
    {.bitmap_index = 27776, .adv_w = 256, .box_w = 15, .box_h = 15, .ofs_x = 0, .ofs_y = -2},
    {.bitmap_index = 27870, .adv_w = 256, .box_w = 15, .box_h = 14, .ofs_x = 1, .ofs_y = -1},
    {.bitmap_index = 27958, .adv_w = 256, .box_w = 16, .box_h = 15, .ofs_x = 0, .ofs_y = -2},
    {.bitmap_index = 28030, .adv_w = 256, .box_w = 16, .box_h = 15, .ofs_x = 0, .ofs_y = -2},
    {.bitmap_index = 28117, .adv_w = 256, .box_w = 16, .box_h = 15, .ofs_x = 0, .ofs_y = -2},
    {.bitmap_index = 28216, .adv_w = 256, .box_w = 16, .box_h = 15, .ofs_x = 0, .ofs_y = -2},
    {.bitmap_index = 28318, .adv_w = 256, .box_w = 15, .box_h = 15, .ofs_x = 0, .ofs_y = -2},
    {.bitmap_index = 28419, .adv_w = 256, .box_w = 16, .box_h = 15, .ofs_x = 0, .ofs_y = -2},
    {.bitmap_index = 28529, .adv_w = 256, .box_w = 16, .box_h = 16, .ofs_x = 0, .ofs_y = -2},
    {.bitmap_index = 28624, .adv_w = 256, .box_w = 15, .box_h = 15, .ofs_x = 0, .ofs_y = -2},
    {.bitmap_index = 28722, .adv_w = 256, .box_w = 16, .box_h = 15, .ofs_x = 0, .ofs_y = -2},
    {.bitmap_index = 28835, .adv_w = 256, .box_w = 15, .box_h = 15, .ofs_x = 0, .ofs_y = -2},
    {.bitmap_index = 28930, .adv_w = 256, .box_w = 15, .box_h = 15, .ofs_x = 0, .ofs_y = -2},
    {.bitmap_index = 29030, .adv_w = 256, .box_w = 16, .box_h = 16, .ofs_x = 0, .ofs_y = -3},
    {.bitmap_index = 29141, .adv_w = 256, .box_w = 16, .box_h = 15, .ofs_x = 0, .ofs_y = -2},
    {.bitmap_index = 29248, .adv_w = 256, .box_w = 15, .box_h = 16, .ofs_x = 0, .ofs_y = -3},
    {.bitmap_index = 29352, .adv_w = 256, .box_w = 16, .box_h = 15, .ofs_x = 0, .ofs_y = -2},
    {.bitmap_index = 29444, .adv_w = 256, .box_w = 16, .box_h = 16, .ofs_x = 0, .ofs_y = -2},
    {.bitmap_index = 29541, .adv_w = 256, .box_w = 16, .box_h = 15, .ofs_x = 0, .ofs_y = -2},
    {.bitmap_index = 29655, .adv_w = 256, .box_w = 16, .box_h = 15, .ofs_x = 0, .ofs_y = -2},
    {.bitmap_index = 29756, .adv_w = 256, .box_w = 16, .box_h = 15, .ofs_x = 0, .ofs_y = -2},
    {.bitmap_index = 29864, .adv_w = 256, .box_w = 16, .box_h = 16, .ofs_x = 0, .ofs_y = -2},
    {.bitmap_index = 29969, .adv_w = 256, .box_w = 16, .box_h = 15, .ofs_x = 0, .ofs_y = -2},
    {.bitmap_index = 30083, .adv_w = 256, .box_w = 16, .box_h = 15, .ofs_x = 0, .ofs_y = -2},
    {.bitmap_index = 30183, .adv_w = 256, .box_w = 16, .box_h = 16, .ofs_x = 0, .ofs_y = -2},
    {.bitmap_index = 30289, .adv_w = 256, .box_w = 16, .box_h = 16, .ofs_x = 0, .ofs_y = -2},
    {.bitmap_index = 30401, .adv_w = 256, .box_w = 16, .box_h = 15, .ofs_x = 0, .ofs_y = -2},
    {.bitmap_index = 30474, .adv_w = 256, .box_w = 16, .box_h = 15, .ofs_x = 0, .ofs_y = -2},
    {.bitmap_index = 30586, .adv_w = 256, .box_w = 16, .box_h = 15, .ofs_x = 0, .ofs_y = -2},
    {.bitmap_index = 30699, .adv_w = 256, .box_w = 15, .box_h = 15, .ofs_x = 0, .ofs_y = -2},
    {.bitmap_index = 30771, .adv_w = 256, .box_w = 16, .box_h = 14, .ofs_x = 0, .ofs_y = -2},
    {.bitmap_index = 30869, .adv_w = 256, .box_w = 16, .box_h = 16, .ofs_x = 0, .ofs_y = -3},
    {.bitmap_index = 30975, .adv_w = 256, .box_w = 16, .box_h = 15, .ofs_x = 0, .ofs_y = -2},
    {.bitmap_index = 31078, .adv_w = 256, .box_w = 16, .box_h = 15, .ofs_x = 0, .ofs_y = -2},
    {.bitmap_index = 31175, .adv_w = 256, .box_w = 16, .box_h = 15, .ofs_x = 0, .ofs_y = -2},
    {.bitmap_index = 31260, .adv_w = 256, .box_w = 16, .box_h = 14, .ofs_x = 0, .ofs_y = -2},
    {.bitmap_index = 31353, .adv_w = 256, .box_w = 16, .box_h = 14, .ofs_x = 0, .ofs_y = -2},
    {.bitmap_index = 31444, .adv_w = 256, .box_w = 15, .box_h = 14, .ofs_x = 0, .ofs_y = -1},
    {.bitmap_index = 31517, .adv_w = 256, .box_w = 14, .box_h = 14, .ofs_x = 0, .ofs_y = -2},
    {.bitmap_index = 31585, .adv_w = 256, .box_w = 14, .box_h = 15, .ofs_x = 1, .ofs_y = -2},
    {.bitmap_index = 31643, .adv_w = 256, .box_w = 15, .box_h = 15, .ofs_x = 1, .ofs_y = -2},
    {.bitmap_index = 31715, .adv_w = 256, .box_w = 14, .box_h = 15, .ofs_x = 1, .ofs_y = -2},
    {.bitmap_index = 31786, .adv_w = 256, .box_w = 16, .box_h = 16, .ofs_x = 0, .ofs_y = -3},
    {.bitmap_index = 31883, .adv_w = 256, .box_w = 14, .box_h = 15, .ofs_x = 1, .ofs_y = -2},
    {.bitmap_index = 31971, .adv_w = 256, .box_w = 13, .box_h = 15, .ofs_x = 2, .ofs_y = -2},
    {.bitmap_index = 32031, .adv_w = 256, .box_w = 14, .box_h = 15, .ofs_x = 1, .ofs_y = -2},
    {.bitmap_index = 32088, .adv_w = 256, .box_w = 14, .box_h = 16, .ofs_x = 1, .ofs_y = -2},
    {.bitmap_index = 32183, .adv_w = 256, .box_w = 16, .box_h = 14, .ofs_x = 0, .ofs_y = -1},
    {.bitmap_index = 32258, .adv_w = 256, .box_w = 16, .box_h = 16, .ofs_x = 0, .ofs_y = -3},
    {.bitmap_index = 32351, .adv_w = 256, .box_w = 16, .box_h = 15, .ofs_x = 0, .ofs_y = -2},
    {.bitmap_index = 32442, .adv_w = 256, .box_w = 16, .box_h = 16, .ofs_x = 0, .ofs_y = -2},
    {.bitmap_index = 32532, .adv_w = 256, .box_w = 16, .box_h = 14, .ofs_x = 0, .ofs_y = -2},
    {.bitmap_index = 32630, .adv_w = 256, .box_w = 15, .box_h = 16, .ofs_x = 1, .ofs_y = -2},
    {.bitmap_index = 32723, .adv_w = 256, .box_w = 14, .box_h = 15, .ofs_x = 1, .ofs_y = -2},
    {.bitmap_index = 32809, .adv_w = 256, .box_w = 16, .box_h = 15, .ofs_x = 0, .ofs_y = -2},
    {.bitmap_index = 32912, .adv_w = 256, .box_w = 16, .box_h = 15, .ofs_x = 0, .ofs_y = -2},
    {.bitmap_index = 33016, .adv_w = 256, .box_w = 15, .box_h = 16, .ofs_x = 0, .ofs_y = -2},
    {.bitmap_index = 33124, .adv_w = 256, .box_w = 14, .box_h = 15, .ofs_x = 1, .ofs_y = -2},
    {.bitmap_index = 33199, .adv_w = 256, .box_w = 16, .box_h = 16, .ofs_x = 0, .ofs_y = -3},
    {.bitmap_index = 33318, .adv_w = 256, .box_w = 16, .box_h = 15, .ofs_x = 0, .ofs_y = -2},
    {.bitmap_index = 33425, .adv_w = 256, .box_w = 15, .box_h = 16, .ofs_x = 1, .ofs_y = -2},
    {.bitmap_index = 33514, .adv_w = 256, .box_w = 16, .box_h = 15, .ofs_x = 0, .ofs_y = -2},
    {.bitmap_index = 33623, .adv_w = 256, .box_w = 14, .box_h = 16, .ofs_x = 1, .ofs_y = -2},
    {.bitmap_index = 33708, .adv_w = 256, .box_w = 14, .box_h = 16, .ofs_x = 1, .ofs_y = -2},
    {.bitmap_index = 33799, .adv_w = 256, .box_w = 16, .box_h = 15, .ofs_x = 0, .ofs_y = -1},
    {.bitmap_index = 33883, .adv_w = 256, .box_w = 16, .box_h = 14, .ofs_x = 0, .ofs_y = -1},
    {.bitmap_index = 33975, .adv_w = 256, .box_w = 15, .box_h = 16, .ofs_x = 0, .ofs_y = -3},
    {.bitmap_index = 34079, .adv_w = 256, .box_w = 16, .box_h = 16, .ofs_x = 0, .ofs_y = -2},
    {.bitmap_index = 34182, .adv_w = 256, .box_w = 16, .box_h = 16, .ofs_x = 0, .ofs_y = -2},
    {.bitmap_index = 34295, .adv_w = 256, .box_w = 16, .box_h = 15, .ofs_x = 0, .ofs_y = -1},
    {.bitmap_index = 34404, .adv_w = 256, .box_w = 15, .box_h = 16, .ofs_x = 1, .ofs_y = -2},
    {.bitmap_index = 34513, .adv_w = 256, .box_w = 16, .box_h = 15, .ofs_x = 0, .ofs_y = -2},
    {.bitmap_index = 34615, .adv_w = 256, .box_w = 16, .box_h = 15, .ofs_x = 0, .ofs_y = -2},
    {.bitmap_index = 34723, .adv_w = 256, .box_w = 15, .box_h = 15, .ofs_x = 0, .ofs_y = -2},
    {.bitmap_index = 34824, .adv_w = 256, .box_w = 15, .box_h = 15, .ofs_x = 0, .ofs_y = -2},
    {.bitmap_index = 34927, .adv_w = 256, .box_w = 16, .box_h = 15, .ofs_x = 0, .ofs_y = -2},
    {.bitmap_index = 35040, .adv_w = 256, .box_w = 15, .box_h = 15, .ofs_x = 0, .ofs_y = -2},
    {.bitmap_index = 35126, .adv_w = 256, .box_w = 16, .box_h = 15, .ofs_x = 0, .ofs_y = -2},
    {.bitmap_index = 35236, .adv_w = 256, .box_w = 16, .box_h = 15, .ofs_x = 0, .ofs_y = -2},
    {.bitmap_index = 35352, .adv_w = 256, .box_w = 15, .box_h = 15, .ofs_x = 0, .ofs_y = -2},
    {.bitmap_index = 35442, .adv_w = 256, .box_w = 16, .box_h = 15, .ofs_x = 0, .ofs_y = -2},
    {.bitmap_index = 35555, .adv_w = 256, .box_w = 16, .box_h = 14, .ofs_x = 0, .ofs_y = -1},
    {.bitmap_index = 35656, .adv_w = 256, .box_w = 16, .box_h = 15, .ofs_x = 0, .ofs_y = -2},
    {.bitmap_index = 35760, .adv_w = 256, .box_w = 16, .box_h = 16, .ofs_x = 0, .ofs_y = -2},
    {.bitmap_index = 35873, .adv_w = 256, .box_w = 16, .box_h = 15, .ofs_x = 0, .ofs_y = -2},
    {.bitmap_index = 35976, .adv_w = 256, .box_w = 16, .box_h = 16, .ofs_x = 0, .ofs_y = -3},
    {.bitmap_index = 36091, .adv_w = 256, .box_w = 16, .box_h = 16, .ofs_x = 0, .ofs_y = -2},
    {.bitmap_index = 36209, .adv_w = 256, .box_w = 16, .box_h = 14, .ofs_x = 0, .ofs_y = -1},
    {.bitmap_index = 36319, .adv_w = 256, .box_w = 16, .box_h = 15, .ofs_x = 0, .ofs_y = -2},
    {.bitmap_index = 36431, .adv_w = 256, .box_w = 16, .box_h = 15, .ofs_x = 0, .ofs_y = -2},
    {.bitmap_index = 36548, .adv_w = 256, .box_w = 16, .box_h = 15, .ofs_x = 0, .ofs_y = -2},
    {.bitmap_index = 36658, .adv_w = 256, .box_w = 15, .box_h = 15, .ofs_x = 0, .ofs_y = -2},
    {.bitmap_index = 36771, .adv_w = 256, .box_w = 16, .box_h = 16, .ofs_x = 0, .ofs_y = -3},
    {.bitmap_index = 36886, .adv_w = 256, .box_w = 16, .box_h = 15, .ofs_x = 0, .ofs_y = -2},
    {.bitmap_index = 37001, .adv_w = 256, .box_w = 15, .box_h = 14, .ofs_x = 1, .ofs_y = -2},
    {.bitmap_index = 37085, .adv_w = 256, .box_w = 15, .box_h = 13, .ofs_x = 1, .ofs_y = -1},
    {.bitmap_index = 37162, .adv_w = 256, .box_w = 15, .box_h = 15, .ofs_x = 0, .ofs_y = -2},
    {.bitmap_index = 37261, .adv_w = 256, .box_w = 16, .box_h = 15, .ofs_x = 0, .ofs_y = -2},
    {.bitmap_index = 37349, .adv_w = 256, .box_w = 16, .box_h = 15, .ofs_x = 0, .ofs_y = -2},
    {.bitmap_index = 37413, .adv_w = 256, .box_w = 16, .box_h = 15, .ofs_x = 0, .ofs_y = -2},
    {.bitmap_index = 37518, .adv_w = 256, .box_w = 16, .box_h = 15, .ofs_x = 0, .ofs_y = -2},
    {.bitmap_index = 37609, .adv_w = 256, .box_w = 15, .box_h = 17, .ofs_x = 1, .ofs_y = -3},
    {.bitmap_index = 37721, .adv_w = 256, .box_w = 16, .box_h = 14, .ofs_x = 0, .ofs_y = -1},
    {.bitmap_index = 37814, .adv_w = 256, .box_w = 12, .box_h = 15, .ofs_x = 2, .ofs_y = -1},
    {.bitmap_index = 37871, .adv_w = 256, .box_w = 16, .box_h = 15, .ofs_x = 0, .ofs_y = -2},
    {.bitmap_index = 37974, .adv_w = 256, .box_w = 16, .box_h = 14, .ofs_x = 0, .ofs_y = -1},
    {.bitmap_index = 38050, .adv_w = 256, .box_w = 16, .box_h = 15, .ofs_x = 0, .ofs_y = -2},
    {.bitmap_index = 38131, .adv_w = 256, .box_w = 15, .box_h = 14, .ofs_x = 1, .ofs_y = -1},
    {.bitmap_index = 38222, .adv_w = 256, .box_w = 16, .box_h = 15, .ofs_x = 0, .ofs_y = -1},
    {.bitmap_index = 38319, .adv_w = 256, .box_w = 15, .box_h = 16, .ofs_x = 0, .ofs_y = -2},
    {.bitmap_index = 38430, .adv_w = 256, .box_w = 16, .box_h = 14, .ofs_x = 0, .ofs_y = -1},
    {.bitmap_index = 38531, .adv_w = 256, .box_w = 16, .box_h = 16, .ofs_x = 0, .ofs_y = -2},
    {.bitmap_index = 38644, .adv_w = 256, .box_w = 16, .box_h = 15, .ofs_x = 0, .ofs_y = -1},
    {.bitmap_index = 38743, .adv_w = 256, .box_w = 16, .box_h = 16, .ofs_x = 0, .ofs_y = -2},
    {.bitmap_index = 38816, .adv_w = 256, .box_w = 16, .box_h = 16, .ofs_x = 0, .ofs_y = -2},
    {.bitmap_index = 38924, .adv_w = 256, .box_w = 14, .box_h = 15, .ofs_x = 1, .ofs_y = -2},
    {.bitmap_index = 39021, .adv_w = 256, .box_w = 15, .box_h = 14, .ofs_x = 1, .ofs_y = -2},
    {.bitmap_index = 39098, .adv_w = 256, .box_w = 16, .box_h = 15, .ofs_x = 0, .ofs_y = -2},
    {.bitmap_index = 39192, .adv_w = 256, .box_w = 16, .box_h = 16, .ofs_x = 0, .ofs_y = -2},
    {.bitmap_index = 39291, .adv_w = 256, .box_w = 16, .box_h = 15, .ofs_x = 0, .ofs_y = -2},
    {.bitmap_index = 39402, .adv_w = 256, .box_w = 16, .box_h = 16, .ofs_x = 0, .ofs_y = -2},
    {.bitmap_index = 39509, .adv_w = 256, .box_w = 16, .box_h = 16, .ofs_x = 0, .ofs_y = -2},
    {.bitmap_index = 39610, .adv_w = 256, .box_w = 16, .box_h = 14, .ofs_x = 0, .ofs_y = -1},
    {.bitmap_index = 39682, .adv_w = 256, .box_w = 16, .box_h = 16, .ofs_x = 0, .ofs_y = -2},
    {.bitmap_index = 39775, .adv_w = 256, .box_w = 14, .box_h = 15, .ofs_x = 1, .ofs_y = -2},
    {.bitmap_index = 39837, .adv_w = 256, .box_w = 16, .box_h = 14, .ofs_x = 0, .ofs_y = -1},
    {.bitmap_index = 39913, .adv_w = 256, .box_w = 16, .box_h = 15, .ofs_x = 0, .ofs_y = -2},
    {.bitmap_index = 40010, .adv_w = 256, .box_w = 16, .box_h = 15, .ofs_x = 0, .ofs_y = -2},
    {.bitmap_index = 40114, .adv_w = 256, .box_w = 16, .box_h = 16, .ofs_x = 0, .ofs_y = -2},
    {.bitmap_index = 40217, .adv_w = 256, .box_w = 16, .box_h = 14, .ofs_x = 0, .ofs_y = -1},
    {.bitmap_index = 40302, .adv_w = 256, .box_w = 16, .box_h = 16, .ofs_x = 0, .ofs_y = -2},
    {.bitmap_index = 40398, .adv_w = 256, .box_w = 16, .box_h = 15, .ofs_x = 0, .ofs_y = -2},
    {.bitmap_index = 40496, .adv_w = 256, .box_w = 16, .box_h = 15, .ofs_x = 0, .ofs_y = -2},
    {.bitmap_index = 40600, .adv_w = 256, .box_w = 16, .box_h = 15, .ofs_x = 0, .ofs_y = -2},
    {.bitmap_index = 40700, .adv_w = 256, .box_w = 16, .box_h = 15, .ofs_x = 0, .ofs_y = -2},
    {.bitmap_index = 40809, .adv_w = 256, .box_w = 15, .box_h = 15, .ofs_x = 0, .ofs_y = -2},
    {.bitmap_index = 40904, .adv_w = 256, .box_w = 16, .box_h = 16, .ofs_x = 0, .ofs_y = -2},
    {.bitmap_index = 41015, .adv_w = 256, .box_w = 15, .box_h = 15, .ofs_x = 0, .ofs_y = -2},
    {.bitmap_index = 41100, .adv_w = 256, .box_w = 15, .box_h = 15, .ofs_x = 0, .ofs_y = -2},
    {.bitmap_index = 41188, .adv_w = 256, .box_w = 16, .box_h = 16, .ofs_x = 0, .ofs_y = -2},
    {.bitmap_index = 41289, .adv_w = 256, .box_w = 16, .box_h = 16, .ofs_x = 0, .ofs_y = -2},
    {.bitmap_index = 41392, .adv_w = 256, .box_w = 16, .box_h = 14, .ofs_x = 0, .ofs_y = -1},
    {.bitmap_index = 41493, .adv_w = 256, .box_w = 16, .box_h = 15, .ofs_x = 0, .ofs_y = -2},
    {.bitmap_index = 41594, .adv_w = 256, .box_w = 16, .box_h = 14, .ofs_x = 0, .ofs_y = -2},
    {.bitmap_index = 41691, .adv_w = 256, .box_w = 16, .box_h = 16, .ofs_x = 0, .ofs_y = -2},
    {.bitmap_index = 41803, .adv_w = 256, .box_w = 16, .box_h = 16, .ofs_x = 0, .ofs_y = -2},
    {.bitmap_index = 41912, .adv_w = 256, .box_w = 16, .box_h = 16, .ofs_x = 0, .ofs_y = -2},
    {.bitmap_index = 42021, .adv_w = 256, .box_w = 16, .box_h = 16, .ofs_x = 0, .ofs_y = -2},
    {.bitmap_index = 42139, .adv_w = 256, .box_w = 16, .box_h = 17, .ofs_x = 0, .ofs_y = -3},
    {.bitmap_index = 42256, .adv_w = 256, .box_w = 16, .box_h = 15, .ofs_x = 0, .ofs_y = -2},
    {.bitmap_index = 42368, .adv_w = 256, .box_w = 16, .box_h = 16, .ofs_x = 0, .ofs_y = -2},
    {.bitmap_index = 42471, .adv_w = 256, .box_w = 16, .box_h = 15, .ofs_x = 0, .ofs_y = -2},
    {.bitmap_index = 42564, .adv_w = 256, .box_w = 15, .box_h = 15, .ofs_x = 0, .ofs_y = -2},
    {.bitmap_index = 42660, .adv_w = 256, .box_w = 16, .box_h = 15, .ofs_x = 0, .ofs_y = -2},
    {.bitmap_index = 42754, .adv_w = 256, .box_w = 16, .box_h = 15, .ofs_x = 0, .ofs_y = -2},
    {.bitmap_index = 42861, .adv_w = 256, .box_w = 16, .box_h = 15, .ofs_x = 0, .ofs_y = -2},
    {.bitmap_index = 42960, .adv_w = 256, .box_w = 15, .box_h = 15, .ofs_x = 0, .ofs_y = -1},
    {.bitmap_index = 43052, .adv_w = 256, .box_w = 16, .box_h = 15, .ofs_x = 0, .ofs_y = -2},
    {.bitmap_index = 43157, .adv_w = 256, .box_w = 16, .box_h = 15, .ofs_x = 0, .ofs_y = -2},
    {.bitmap_index = 43256, .adv_w = 256, .box_w = 16, .box_h = 14, .ofs_x = 0, .ofs_y = -1},
    {.bitmap_index = 43350, .adv_w = 256, .box_w = 16, .box_h = 15, .ofs_x = 0, .ofs_y = -2},
    {.bitmap_index = 43451, .adv_w = 256, .box_w = 16, .box_h = 15, .ofs_x = 0, .ofs_y = -2},
    {.bitmap_index = 43558, .adv_w = 256, .box_w = 16, .box_h = 15, .ofs_x = 0, .ofs_y = -2},
    {.bitmap_index = 43664, .adv_w = 256, .box_w = 16, .box_h = 15, .ofs_x = 0, .ofs_y = -2},
    {.bitmap_index = 43776, .adv_w = 256, .box_w = 16, .box_h = 15, .ofs_x = 0, .ofs_y = -2},
    {.bitmap_index = 43877, .adv_w = 256, .box_w = 16, .box_h = 15, .ofs_x = 0, .ofs_y = -2},
    {.bitmap_index = 43986, .adv_w = 256, .box_w = 16, .box_h = 15, .ofs_x = 0, .ofs_y = -1},
    {.bitmap_index = 44086, .adv_w = 256, .box_w = 16, .box_h = 15, .ofs_x = 0, .ofs_y = -2},
    {.bitmap_index = 44197, .adv_w = 256, .box_w = 16, .box_h = 16, .ofs_x = 0, .ofs_y = -2},
    {.bitmap_index = 44303, .adv_w = 256, .box_w = 16, .box_h = 15, .ofs_x = 0, .ofs_y = -2},
    {.bitmap_index = 44410, .adv_w = 256, .box_w = 16, .box_h = 15, .ofs_x = 0, .ofs_y = -2},
    {.bitmap_index = 44500, .adv_w = 256, .box_w = 16, .box_h = 16, .ofs_x = 0, .ofs_y = -3},
    {.bitmap_index = 44615, .adv_w = 256, .box_w = 16, .box_h = 15, .ofs_x = 0, .ofs_y = -2},
    {.bitmap_index = 44724, .adv_w = 256, .box_w = 15, .box_h = 14, .ofs_x = 0, .ofs_y = -2},
    {.bitmap_index = 44802, .adv_w = 256, .box_w = 15, .box_h = 14, .ofs_x = 0, .ofs_y = -1},
    {.bitmap_index = 44890, .adv_w = 256, .box_w = 15, .box_h = 13, .ofs_x = 0, .ofs_y = -1},
    {.bitmap_index = 44966, .adv_w = 256, .box_w = 16, .box_h = 14, .ofs_x = 0, .ofs_y = -1},
    {.bitmap_index = 45048, .adv_w = 256, .box_w = 16, .box_h = 14, .ofs_x = 0, .ofs_y = -1},
    {.bitmap_index = 45139, .adv_w = 256, .box_w = 15, .box_h = 15, .ofs_x = 0, .ofs_y = -2},
    {.bitmap_index = 45227, .adv_w = 256, .box_w = 16, .box_h = 15, .ofs_x = 0, .ofs_y = -2},
    {.bitmap_index = 45335, .adv_w = 256, .box_w = 16, .box_h = 15, .ofs_x = 0, .ofs_y = -2},
    {.bitmap_index = 45444, .adv_w = 256, .box_w = 16, .box_h = 15, .ofs_x = 0, .ofs_y = -2},
    {.bitmap_index = 45557, .adv_w = 256, .box_w = 16, .box_h = 15, .ofs_x = 0, .ofs_y = -2},
    {.bitmap_index = 45662, .adv_w = 256, .box_w = 16, .box_h = 15, .ofs_x = 0, .ofs_y = -2},
    {.bitmap_index = 45778, .adv_w = 256, .box_w = 15, .box_h = 15, .ofs_x = 0, .ofs_y = -2},
    {.bitmap_index = 45860, .adv_w = 256, .box_w = 14, .box_h = 16, .ofs_x = 1, .ofs_y = -2},
    {.bitmap_index = 45903, .adv_w = 256, .box_w = 14, .box_h = 15, .ofs_x = 1, .ofs_y = -2},
    {.bitmap_index = 45986, .adv_w = 256, .box_w = 14, .box_h = 16, .ofs_x = 1, .ofs_y = -2},
    {.bitmap_index = 46074, .adv_w = 256, .box_w = 14, .box_h = 16, .ofs_x = 1, .ofs_y = -2},
    {.bitmap_index = 46147, .adv_w = 256, .box_w = 15, .box_h = 15, .ofs_x = 1, .ofs_y = -2},
    {.bitmap_index = 46241, .adv_w = 256, .box_w = 15, .box_h = 16, .ofs_x = 1, .ofs_y = -2},
    {.bitmap_index = 46335, .adv_w = 256, .box_w = 15, .box_h = 15, .ofs_x = 1, .ofs_y = -2},
    {.bitmap_index = 46433, .adv_w = 256, .box_w = 15, .box_h = 17, .ofs_x = 1, .ofs_y = -3},
    {.bitmap_index = 46545, .adv_w = 256, .box_w = 15, .box_h = 15, .ofs_x = 1, .ofs_y = -2},
    {.bitmap_index = 46648, .adv_w = 256, .box_w = 15, .box_h = 14, .ofs_x = 1, .ofs_y = -1},
    {.bitmap_index = 46724, .adv_w = 256, .box_w = 14, .box_h = 15, .ofs_x = 1, .ofs_y = -2},
    {.bitmap_index = 46805, .adv_w = 256, .box_w = 15, .box_h = 15, .ofs_x = 0, .ofs_y = -2},
    {.bitmap_index = 46906, .adv_w = 256, .box_w = 15, .box_h = 16, .ofs_x = 0, .ofs_y = -3},
    {.bitmap_index = 47004, .adv_w = 256, .box_w = 15, .box_h = 15, .ofs_x = 0, .ofs_y = -2},
    {.bitmap_index = 47109, .adv_w = 256, .box_w = 14, .box_h = 15, .ofs_x = 1, .ofs_y = -2},
    {.bitmap_index = 47199, .adv_w = 256, .box_w = 15, .box_h = 16, .ofs_x = 0, .ofs_y = -3},
    {.bitmap_index = 47281, .adv_w = 256, .box_w = 16, .box_h = 16, .ofs_x = 0, .ofs_y = -2},
    {.bitmap_index = 47399, .adv_w = 256, .box_w = 14, .box_h = 14, .ofs_x = 1, .ofs_y = -1},
    {.bitmap_index = 47463, .adv_w = 256, .box_w = 14, .box_h = 15, .ofs_x = 1, .ofs_y = -2},
    {.bitmap_index = 47539, .adv_w = 256, .box_w = 16, .box_h = 15, .ofs_x = 0, .ofs_y = -2},
    {.bitmap_index = 47650, .adv_w = 256, .box_w = 16, .box_h = 15, .ofs_x = 0, .ofs_y = -2},
    {.bitmap_index = 47761, .adv_w = 256, .box_w = 16, .box_h = 15, .ofs_x = 0, .ofs_y = -3},
    {.bitmap_index = 47855, .adv_w = 256, .box_w = 15, .box_h = 15, .ofs_x = 0, .ofs_y = -2},
    {.bitmap_index = 47960, .adv_w = 256, .box_w = 14, .box_h = 16, .ofs_x = 1, .ofs_y = -2},
    {.bitmap_index = 48041, .adv_w = 256, .box_w = 16, .box_h = 15, .ofs_x = 0, .ofs_y = -2},
    {.bitmap_index = 48144, .adv_w = 256, .box_w = 14, .box_h = 16, .ofs_x = 1, .ofs_y = -2},
    {.bitmap_index = 48216, .adv_w = 256, .box_w = 16, .box_h = 15, .ofs_x = 0, .ofs_y = -2},
    {.bitmap_index = 48318, .adv_w = 256, .box_w = 16, .box_h = 15, .ofs_x = 0, .ofs_y = -2},
    {.bitmap_index = 48424, .adv_w = 256, .box_w = 6, .box_h = 14, .ofs_x = 9, .ofs_y = -1},
    {.bitmap_index = 48459, .adv_w = 256, .box_w = 6, .box_h = 14, .ofs_x = 1, .ofs_y = -1},
    {.bitmap_index = 48495, .adv_w = 256, .box_w = 4, .box_h = 6, .ofs_x = 1, .ofs_y = -3},
    {.bitmap_index = 48507, .adv_w = 256, .box_w = 3, .box_h = 7, .ofs_x = 3, .ofs_y = 0},
    {.bitmap_index = 48518, .adv_w = 256, .box_w = 4, .box_h = 10, .ofs_x = 2, .ofs_y = -3}
};

/*---------------------
 *  CHARACTER MAPPING
 *--------------------*/

static const uint16_t unicode_list_2[] = {
    0x0, 0x1, 0x4, 0x5, 0x6, 0x7, 0x8, 0x9,
    0xa, 0xb, 0xc, 0x21, 0x1de3, 0x1de6, 0x1dea, 0x1dec,
    0x1ded, 0x1dee, 0x1df0, 0x1df1, 0x1dff, 0x1e0d, 0x1e10, 0x1e15,
    0x1e1d, 0x1e1e, 0x1e40, 0x1e42, 0x1e69, 0x1e6c, 0x1e6e, 0x1e6f,
    0x1e71, 0x1e74, 0x1e77, 0x1e7e, 0x1e8a, 0x1e8f, 0x1e91, 0x1e9d,
    0x1ea2, 0x1eb1, 0x1eb9, 0x1ec8, 0x1ecf, 0x1ed9, 0x1ede, 0x1ef4,
    0x1efd, 0x1f29, 0x1f30, 0x1f36, 0x1f38, 0x1f3f, 0x1f43, 0x1f62,
    0x1f6e, 0x1f7e, 0x1fa2, 0x1fc4, 0x201f, 0x202a, 0x203d, 0x203f,
    0x208b, 0x20b2, 0x212c, 0x2130, 0x2148, 0x214b, 0x214e, 0x2150,
    0x2156, 0x2159, 0x2168, 0x216f, 0x2170, 0x217c, 0x218f, 0x2195,
    0x219a, 0x21a9, 0x21ac, 0x21dd, 0x21de, 0x21e9, 0x21ea, 0x21fe,
    0x2200, 0x2203, 0x2213, 0x2219, 0x221a, 0x2230, 0x224a, 0x227e,
    0x2282, 0x2283, 0x228b, 0x22a2, 0x22f9, 0x22fa, 0x231d, 0x2324,
    0x2326, 0x2338, 0x233a, 0x2343, 0x2353, 0x2356, 0x239e, 0x23a5,
    0x23ab, 0x23af, 0x23b0, 0x23b4, 0x23b9, 0x23c6, 0x23cd, 0x23d2,
    0x23d6, 0x23da, 0x23e6, 0x23e7, 0x23ef, 0x23f0, 0x23f1, 0x23f4,
    0x2409, 0x2412, 0x242d, 0x243b, 0x244b, 0x2460, 0x246f, 0x24b0,
    0x2507, 0x264b, 0x26be, 0x26c1, 0x26c3, 0x26dd, 0x26e0, 0x26e1,
    0x26e9, 0x270b, 0x2713, 0x2723, 0x2732, 0x2733, 0x273a, 0x2765,
    0x276e, 0x27c2, 0x2881, 0x28e7, 0x28f0, 0x28f2, 0x28f9, 0x28fd,
    0x290a, 0x290c, 0x290d, 0x2914, 0x2917, 0x295c, 0x2960, 0x2965,
    0x29ae, 0x2b33, 0x2b3a, 0x2b3b, 0x2b46, 0x2b66, 0x2b6f, 0x2b7d,
    0x2b81, 0x2b85, 0x2b9c, 0x2ba0, 0x2ba9, 0x2bc4, 0x2bdc, 0x2bdf,
    0x2be4, 0x2be7, 0x2bf2, 0x2bf7, 0x2bf9, 0x2c14, 0x2c23, 0x2c25,
    0x2c32, 0x2dc9, 0x2dd5, 0x2de6, 0x2e09, 0x2e0a, 0x2e1b, 0x2e25,
    0x2e38, 0x2e55, 0x2e56, 0x2e57, 0x2e59, 0x2e72, 0x2e77, 0x2e78,
    0x2e89, 0x2edd, 0x2ee3, 0x2ef8, 0x2f12, 0x2f14, 0x2f1d, 0x2f36,
    0x2f63, 0x2f68, 0x2f6b, 0x2f8d, 0x2fa9, 0x2fba, 0x2fce, 0x2fe4,
    0x301e, 0x3052, 0x30d6, 0x30f2, 0x3145, 0x31f2, 0x31f3, 0x31f4,
    0x31f9, 0x3223, 0x322e, 0x3236, 0x324e, 0x325c, 0x3261, 0x326d,
    0x3279, 0x327a, 0x3285, 0x32a9, 0x32e4, 0x32ea, 0x32ec, 0x3307,
    0x3345, 0x3351, 0x3375, 0x3388, 0x338a, 0x33b2, 0x33b3, 0x33ff,
    0x345b, 0x34b0, 0x3512, 0x3519, 0x351c, 0x3521, 0x3553, 0x356a,
    0x357f, 0x3590, 0x3593, 0x359c, 0x35c3, 0x35c8, 0x35d9, 0x35f1,
    0x3602, 0x3603, 0x3608, 0x3612, 0x3621, 0x3652, 0x3657, 0x3665,
    0x3679, 0x367a, 0x3697, 0x36d5, 0x36d7, 0x36e3, 0x36eb, 0x36ec,
    0x3702, 0x370d, 0x370f, 0x371d, 0x3742, 0x3744, 0x3748, 0x3762,
    0x3764, 0x3767, 0x3773, 0x377f, 0x37b6, 0x37c8, 0x37ea, 0x3804,
    0x381a, 0x381f, 0x3829, 0x38a3, 0x3a0d, 0x3b04, 0x3b46, 0x3b47,
    0x3b48, 0x3b5e, 0x3b98, 0x3bb2, 0x3bbe, 0x3bf7, 0x3c17, 0x3c25,
    0x3c43, 0x3c84, 0x3cc5, 0x3ccb, 0x3d1e, 0x3d28, 0x3d2e, 0x3d32,
    0x3d6b, 0x3dd4, 0x3de8, 0x3e0c, 0x3e15, 0x3e1b, 0x3e62, 0x3e73,
    0x3eb4, 0x3ec7, 0x4050, 0x4053, 0x4071, 0x409c, 0x40d0, 0x4119,
    0x422a, 0x422b, 0x425c, 0x4299, 0x436a, 0x4392, 0x4393, 0x43e9,
    0x4502, 0x450b, 0x4514, 0x4518, 0x451e, 0x452f, 0x453c, 0x4660,
    0x4661, 0x4667, 0x46d7, 0x46e4, 0x46ee, 0x4702, 0x4703, 0x47c5,
    0x47c8, 0x47e4, 0x484f, 0x4851, 0x491d, 0x49ae, 0x49b5, 0x4a5d,
    0x4a64, 0x4a67, 0x4a7a, 0x4aae, 0x4ab9, 0x4ad2, 0x4b2c, 0x4b3e,
    0x4b61, 0x4c5e, 0x4c7a, 0x4cde, 0x4d03, 0x4d05, 0x4d0e, 0x4e85,
    0x4e8a, 0x4ea2, 0x4ea9, 0x4eab, 0x4eb2, 0x4eb6, 0x4ebb, 0x4ebc,
    0x4ebf, 0x4ec2, 0x4eca, 0x4ecd, 0x4ed0, 0x4ee2, 0x4ef6, 0x4ef9,
    0x4f0c, 0x4f34, 0x4f51, 0x4fe4, 0x4fe8, 0x4fef, 0x5037, 0x50af,
    0x50e0, 0x50fd, 0x51cd, 0x520d, 0x5255, 0x5265, 0x5292, 0x5294,
    0x539a, 0x54c0, 0x5520, 0x56aa, 0x582f, 0x588e, 0x58a8, 0x5962,
    0x5964, 0x59ab, 0x59c6, 0x59c9, 0x5b49, 0x5b84, 0x5b87, 0x5b8c,
    0x5b93, 0x5ba1, 0x5bb4, 0x5bb8, 0x5bc0, 0x5bc5, 0x5bd2, 0x5bd7,
    0x5bda, 0x5bde, 0x5be6, 0x5c44, 0x5d02, 0x5d06, 0x5d08, 0x5d0d,
    0x5d68, 0x5da6, 0x5dc2, 0x5f51, 0x5f52, 0x5f5e, 0x5f60, 0x5f76,
    0x5f8b, 0x5f9c, 0x5faa, 0x5fb3, 0x5fb4, 0x5fb7, 0x5fbb, 0x5fbc,
    0x5fbe, 0x5fbf, 0x5fc1, 0x5fe3, 0x5fe4, 0x5fec, 0x5ff2, 0x5ffd,
    0x6002, 0x6036, 0x6062, 0x6086, 0x60e0, 0x6130, 0x6175, 0x61ad,
    0x61af, 0x61b0, 0x61b2, 0x646b, 0x6480, 0x6482, 0x6491, 0x64e4,
    0x64f3, 0x64fc, 0x6511, 0x6562, 0x65cb, 0x65d0, 0x65d5, 0x65d7,
    0x6618, 0x6619, 0x6630, 0x6647, 0x6672, 0x66cb, 0x66cd, 0x66d9,
    0x66da, 0x66e1, 0x66e3, 0x6735, 0x673c, 0x6745, 0x6858, 0x687b,
    0x687f, 0x68b1, 0x6962, 0x6979, 0x6a54, 0x6abb, 0x6ea7, 0x6eb4,
    0xceeb, 0xceec, 0xceef, 0xcefd, 0xcefe
};

/*Collect the unicode lists and glyph_id offsets*/
static const lv_font_fmt_txt_cmap_t cmaps[] =
{
    {
        .range_start = 12288, .range_length = 4, .glyph_id_start = 1,
        .unicode_list = NULL, .glyph_id_ofs_list = NULL, .list_length = 0, .type = LV_FONT_FMT_TXT_CMAP_FORMAT0_TINY
    },
    {
        .range_start = 12293, .range_length = 19, .glyph_id_start = 5,
        .unicode_list = NULL, .glyph_id_ofs_list = NULL, .list_length = 0, .type = LV_FONT_FMT_TXT_CMAP_FORMAT0_TINY
    },
    {
        .range_start = 12317, .range_length = 52991, .glyph_id_start = 24,
        .unicode_list = unicode_list_2, .glyph_id_ofs_list = NULL, .list_length = 533, .type = LV_FONT_FMT_TXT_CMAP_SPARSE_TINY
    }
};



/*--------------------
 *  ALL CUSTOM DATA
 *--------------------*/

#if LVGL_VERSION_MAJOR == 8
/*Store all the custom data of the font*/
static  lv_font_fmt_txt_glyph_cache_t cache;
#endif

#if LVGL_VERSION_MAJOR >= 8
static const lv_font_fmt_txt_dsc_t font_dsc = {
#else
static lv_font_fmt_txt_dsc_t font_dsc = {
#endif
    .glyph_bitmap = glyph_bitmap,
    .glyph_dsc = glyph_dsc,
    .cmaps = cmaps,
    .kern_dsc = NULL,
    .kern_scale = 0,
    .cmap_num = 3,
    .bpp = 4,
    .kern_classes = 0,
    .bitmap_format = 1,
#if LVGL_VERSION_MAJOR == 8
    .cache = &cache
#endif
};



/*-----------------
 *  PUBLIC FONT
 *----------------*/

/*Initialize a public general font descriptor*/
#if LVGL_VERSION_MAJOR >= 8
const lv_font_t font_zh_16 = {
#else
lv_font_t font_zh_16 = {
#endif
    .get_glyph_dsc = lv_font_get_glyph_dsc_fmt_txt,    /*Function pointer to get glyph's data*/
    .get_glyph_bitmap = lv_font_get_bitmap_fmt_txt,    /*Function pointer to get glyph's bitmap*/
    .line_height = 17,          /*The maximum line height required by the font*/
    .base_line = 3,             /*Baseline measured from the bottom of the line*/
#if !(LVGL_VERSION_MAJOR == 6 && LVGL_VERSION_MINOR == 0)
    .subpx = LV_FONT_SUBPX_NONE,
#endif
#if LV_VERSION_CHECK(7, 4, 0) || LVGL_VERSION_MAJOR >= 8
    .underline_position = -1,
    .underline_thickness = 1,
#endif
    .dsc = &font_dsc,          /*The custom font data. Will be accessed by `get_glyph_bitmap/dsc` */
#if LV_VERSION_CHECK(8, 2, 0) || LVGL_VERSION_MAJOR >= 9
    .fallback = NULL,
#endif
    .user_data = NULL,
};



#endif /*#if FONT_ZH_16*/

