/*******************************************************************************
 * Size: 24 px
 * Bpp: 1
 * Opts: --font C:\Windows\Fonts\simhei.ttf --size 24 --bpp 1 --format lvgl --no-compress --output C:\Users\longyaosi\Downloads\C3713 4.0inch_ESP32-4848S040\geek-terminal\src\app\font_zh_24.c --symbols 0123456789abcdefghijklmnopqrstuvwxyzABCDEFGHIJKLMNOPQRSTUVWXYZ .,:-/%!?@#$&*()+=[]{};'"<>_~|^`\
的一是不了在人有我他这中大来上个国和地也子时道说们要就你会对为以到生而于出想其实现后然便所间用头面话又但看被没行期次位者老因给事成可些此样动同何力理做当从把体前进门件日新最经能开方已还三主产好长本多如自里外下只都很那她它年月点分秒星周钟设置返回退确认取消关否错误警告功连接断扫描密码网络无线未入校准固版编译软屏锁解滑左右源双击待游戏贪吃蛇数高重始暂停继续浏览器址输加载刷页搜索首终端极客系统信息存储亮暗度背光级阶触摸显示驱配引脚率宽色深黑白底图标格阵渲染缓冲突读写发送收请求响应状态机活休眠醒闭启更检查测试调志打印串口波特束完失败正负寡窄粗细圆尖钝锐直弯平斜反内东西南北往导航选删增改排序筛过滤找定记签类型名值键布尔空真假季春夏秋冬温湿干冷暖凉炎热强弱快慢远近轻坏曲横竖红绿蓝黄青紫灰透明浅边框画景文题提清向区域小颜唤结零二四五六七八九十百千万亿（）全局幕指针轮询去抖：窗复果，避免风暴挤占带任按闲计初化每太让拆量批剧争抢注册构建各并条或由循环需支持容绪字号。板除　、〃々〆〇〈〉《》「」『』【】〒〓〔〕〖〗〝〞〡〢〣〤〥〦〧〨〩〾池矢运绘制意缩放创象责命跟随忆天气步参操作静员手势层省电超再段；界常切帧处换与立即钮跃联块芯片晴云雾毛雨雪雷知速析京垂水像素据降留抗饿死花通总控辨封装供单例使蔽节硬获灭幂等坐映射释感优良阴霾あ专且丝丢两严么义之书乱互交享什仅仍代令份传住余依侧保修倍候儿允元充先公共具典决净减凑几函列则判别刻剩剪务包半协卡卫厂历压原及变句另台史叶合吞含听哪唯喘场堆塞填境声壳备够套守安宝家寄寸将少尚尺尽尾属崩嵌工差己帮帽异弃式张弧弹归录形影径律得心必忽性恒恢悬懒截户才执扩承抑护报抬抽拍拿挂挪捕掉探推搓摆摊撑撞擎效散整料斥旦旧早易普晰替末杜松架柄栈栏树核根案桌档棵槽模欢款止残毁比毫永沿泄法流淘溃溢滚满漏烧焊照熄父牙狗狠独申略监盖盘目着矩矮破碎碰社离私种称移程稍窝站符第答策简算管糟紧繁约纯纵组绑绝维缺罩考耗脏腐至致若荐落藏虚补表裁裕覆见规视角许论访证诉诊该详谁豆貌账贴贵费资赖走起足跑距路跳踩身辑迎迭述适逆逐递途逻遇遍遮部野铺链销问闸闻队防阻际限险隐障集露非靠音顶项顺须频颗马驻验默！？“”‘’——…·￥℃°±×÷§†‡•‰′″※①②③④⑤⑥⑦⑧⑨⑩®™€£≈≤≥√∞←→↑↓★☆◆●○■□▲▼©
 ******************************************************************************/

#ifdef LV_LVGL_H_INCLUDE_SIMPLE
#include "lvgl.h"
#else
#include "lvgl/lvgl.h"
#endif

#ifndef FONT_ZH_24
#define FONT_ZH_24 1
#endif

#if FONT_ZH_24

/*-----------------
 *    BITMAPS
 *----------------*/

/*Store the image of the glyphs*/
static LV_ATTRIBUTE_LARGE_CONST const uint8_t glyph_bitmap[] = {
    /* U+0020 " " */
    0x0,

    /* U+0021 "!" */
    0xff, 0xff, 0xff, 0x0, 0xc0,

    /* U+0022 "\"" */
    0xcf, 0x3c, 0xf3, 0xcc,

    /* U+0023 "#" */
    0x18, 0xc3, 0x10, 0x62, 0xc, 0x41, 0x9, 0xff,
    0xc4, 0x61, 0x8c, 0x31, 0x86, 0x23, 0xff, 0x90,
    0x82, 0x30, 0x46, 0x8, 0xc3, 0x18,

    /* U+0024 "$" */
    0xc, 0x6, 0xf, 0xcd, 0xac, 0xde, 0x6f, 0x31,
    0xd8, 0x7c, 0x1f, 0x3, 0xc1, 0xf0, 0xde, 0x6f,
    0x37, 0x9b, 0x6d, 0x1f, 0x3, 0x1, 0x80, 0xc0,

    /* U+0025 "%" */
    0x70, 0x5b, 0x13, 0x62, 0x6c, 0x8d, 0x91, 0xb4,
    0x36, 0x83, 0xa0, 0x5, 0xc1, 0x6c, 0x2d, 0x85,
    0xb1, 0x36, 0x26, 0xc8, 0xd9, 0xe,

    /* U+0026 "&" */
    0x1e, 0x6, 0x60, 0xcc, 0x19, 0x83, 0x30, 0x6c,
    0x7, 0x0, 0xc0, 0x78, 0xd, 0x9b, 0x1b, 0x63,
    0x6c, 0x39, 0x83, 0x18, 0x79, 0xf2,

    /* U+0027 "'" */
    0xff, 0xc0,

    /* U+0028 "(" */
    0xc, 0x63, 0x8c, 0x61, 0x8c, 0x30, 0xc3, 0xc,
    0x30, 0xc1, 0x86, 0x1c, 0x30, 0x60, 0xc1,

    /* U+0029 ")" */
    0xc1, 0x87, 0xc, 0x18, 0x60, 0xc3, 0xc, 0x30,
    0xc3, 0xc, 0x61, 0x8c, 0x31, 0x8c, 0x20,

    /* U+002A "*" */
    0x6, 0x0, 0x60, 0x46, 0x2f, 0x6f, 0x3f, 0xc0,
    0xf0, 0x3f, 0xce, 0x67, 0x46, 0x20, 0x60, 0x6,
    0x0,

    /* U+002B "+" */
    0xc, 0x1, 0x80, 0x30, 0x6, 0xf, 0xfe, 0x18,
    0x3, 0x0, 0x60, 0xc, 0x1, 0x80,

    /* U+002C "," */
    0xda,

    /* U+002D "-" */
    0xff, 0xe0,

    /* U+002E "." */
    0xc0,

    /* U+002F "/" */
    0x0, 0x20, 0xc, 0x1, 0x0, 0x40, 0x8, 0x2,
    0x0, 0xc0, 0x10, 0x6, 0x0, 0x80, 0x20, 0x4,
    0x1, 0x0, 0x60, 0x8, 0x3, 0x0, 0x40, 0x0,
    0x0,

    /* U+0030 "0" */
    0x1e, 0xc, 0xc6, 0x19, 0x2, 0xc0, 0xf0, 0x3c,
    0xf, 0x3, 0xc0, 0xf0, 0x3c, 0xf, 0x7, 0x61,
    0xdc, 0xe3, 0xf8, 0x7c, 0x0, 0x0,

    /* U+0031 "1" */
    0x18, 0xcf, 0xf9, 0x8c, 0x63, 0x18, 0xc6, 0x31,
    0x8c, 0x63,

    /* U+0032 "2" */
    0x3e, 0x3f, 0xb8, 0xf8, 0x30, 0x18, 0xc, 0x6,
    0x6, 0x7, 0x7, 0x3, 0x3, 0x3, 0x83, 0x83,
    0x81, 0xff,

    /* U+0033 "3" */
    0x0, 0xf, 0xc7, 0x39, 0x86, 0xc1, 0x80, 0x60,
    0x18, 0x3c, 0xf, 0x0, 0xe0, 0x1c, 0x3, 0xc0,
    0xf0, 0x66, 0x18, 0xf8,

    /* U+0034 "4" */
    0x1, 0x80, 0x70, 0xe, 0x3, 0xc0, 0xd8, 0x1b,
    0x6, 0x61, 0x8c, 0x31, 0x8c, 0x33, 0x6, 0x7f,
    0xf0, 0x18, 0x3, 0x0, 0x60, 0xc,

    /* U+0035 "5" */
    0x3f, 0x88, 0x6, 0x1, 0x80, 0x60, 0x17, 0x87,
    0xfb, 0x6, 0x0, 0xc0, 0x30, 0xc, 0x3, 0xc1,
    0xf8, 0x67, 0xf0, 0xf8,

    /* U+0036 "6" */
    0x6, 0x3, 0x80, 0xc0, 0x60, 0x38, 0xc, 0x7,
    0xf1, 0xfe, 0xe1, 0xf8, 0x3c, 0xf, 0x3, 0xc0,
    0xd0, 0x26, 0x18, 0x7c,

    /* U+0037 "7" */
    0xff, 0xc0, 0x30, 0x18, 0x6, 0x3, 0x0, 0xc0,
    0x60, 0x18, 0xc, 0x3, 0x0, 0xc0, 0x60, 0x18,
    0x6, 0x3, 0x80, 0xc0,

    /* U+0038 "8" */
    0x3e, 0x18, 0xec, 0x1b, 0x6, 0xc1, 0xb0, 0x66,
    0x38, 0xfc, 0x71, 0xb0, 0x2c, 0xf, 0x3, 0xc0,
    0xf8, 0x77, 0xf8, 0xfc,

    /* U+0039 "9" */
    0x1e, 0x18, 0x64, 0xf, 0x3, 0xc0, 0xf0, 0x3c,
    0x1f, 0xce, 0x7f, 0x87, 0xc0, 0x70, 0x18, 0xe,
    0x3, 0x1, 0x80, 0x60,

    /* U+003A ":" */
    0xc0, 0x0, 0xc,

    /* U+003B ";" */
    0xc0, 0x0, 0xd, 0xa0,

    /* U+003C "<" */
    0x0, 0x0, 0x30, 0x18, 0x18, 0xc, 0x6, 0x3,
    0x1, 0x80, 0xc0, 0x18, 0x3, 0x0, 0x60, 0xc,
    0x1, 0x80, 0x30, 0x6, 0x0, 0x40,

    /* U+003D "=" */
    0xff, 0xe0, 0x0, 0x0, 0x0, 0x0, 0x0, 0x0,
    0x3f, 0xf8,

    /* U+003E ">" */
    0x80, 0x30, 0x6, 0x0, 0xc0, 0x8, 0x1, 0x80,
    0x30, 0x6, 0x0, 0xc0, 0x60, 0x30, 0x18, 0xc,
    0x6, 0x3, 0x3, 0x0, 0x80, 0x0,

    /* U+003F "?" */
    0x3e, 0x31, 0xb0, 0x78, 0x3c, 0x18, 0xc, 0xc,
    0xe, 0xe, 0xe, 0x6, 0x3, 0x0, 0x0, 0x0,
    0x0, 0x30,

    /* U+0040 "@" */
    0xf, 0x6, 0x11, 0x81, 0x23, 0xf4, 0xdb, 0x32,
    0x6c, 0x4d, 0x89, 0xb1, 0x36, 0x66, 0xcd, 0x4e,
    0xc4, 0x0, 0x80, 0xc, 0x20, 0xf8,

    /* U+0041 "A" */
    0x6, 0x0, 0x60, 0xf, 0x0, 0xf0, 0xf, 0x1,
    0x90, 0x19, 0x81, 0x98, 0x39, 0x83, 0x1c, 0x3f,
    0xc3, 0xc, 0x60, 0xe6, 0x6, 0x60, 0x6e, 0x6,

    /* U+0042 "B" */
    0xfe, 0x30, 0xcc, 0x1b, 0x6, 0xc1, 0xb0, 0x6c,
    0x33, 0xf8, 0xc1, 0xb0, 0x3c, 0xf, 0x3, 0xc0,
    0xf0, 0x3c, 0x1b, 0xf8,

    /* U+0043 "C" */
    0x1e, 0xc, 0x66, 0x19, 0x83, 0xc0, 0xf0, 0x3c,
    0x3, 0x0, 0xc0, 0x30, 0xc, 0xf, 0x3, 0x40,
    0xd8, 0x63, 0x18, 0x78,

    /* U+0044 "D" */
    0xfc, 0x31, 0xcc, 0x1b, 0x6, 0xc0, 0xf0, 0x3c,
    0xf, 0x3, 0xc0, 0xf0, 0x3c, 0xf, 0x3, 0xc1,
    0xb0, 0x6c, 0x73, 0xf0,

    /* U+0045 "E" */
    0xff, 0xb0, 0xc, 0x3, 0x0, 0xc0, 0x30, 0xc,
    0x3, 0xfe, 0xc0, 0x30, 0xc, 0x3, 0x0, 0xc0,
    0x30, 0xc, 0x3, 0xff,

    /* U+0046 "F" */
    0xff, 0xf0, 0xc, 0x3, 0x0, 0xc0, 0x30, 0xc,
    0x3, 0x0, 0xff, 0x30, 0xc, 0x3, 0x0, 0xc0,
    0x30, 0xc, 0x3, 0x0,

    /* U+0047 "G" */
    0x1f, 0xc, 0x66, 0x19, 0x83, 0xc0, 0xf0, 0xc,
    0x3, 0x0, 0xc7, 0xf0, 0x3c, 0xf, 0x3, 0x40,
    0xd8, 0x73, 0x1c, 0x7f,

    /* U+0048 "H" */
    0xc0, 0xf0, 0x3c, 0xf, 0x3, 0xc0, 0xf0, 0x3c,
    0xf, 0xff, 0xc0, 0xf0, 0x3c, 0xf, 0x3, 0xc0,
    0xf0, 0x3c, 0xf, 0x3,

    /* U+0049 "I" */
    0xff, 0xff, 0xff, 0xff,

    /* U+004A "J" */
    0x1, 0x80, 0xc0, 0x60, 0x30, 0x18, 0xc, 0x6,
    0x3, 0x1, 0x80, 0xf0, 0x78, 0x3c, 0x1e, 0xd,
    0x8c, 0x7c,

    /* U+004B "K" */
    0xc1, 0xb0, 0xec, 0x73, 0x18, 0xcc, 0x37, 0xf,
    0x83, 0xf0, 0xec, 0x33, 0x8c, 0x63, 0x1c, 0xc3,
    0x30, 0xec, 0x1b, 0x3,

    /* U+004C "L" */
    0xc0, 0x30, 0xc, 0x3, 0x0, 0xc0, 0x30, 0xc,
    0x3, 0x0, 0xc0, 0x30, 0xc, 0x3, 0x0, 0xc0,
    0x30, 0xc, 0x3, 0xff,

    /* U+004D "M" */
    0xe1, 0xf8, 0x7e, 0x1f, 0xcf, 0xf3, 0xfc, 0xfd,
    0x2f, 0x4b, 0xd2, 0xf7, 0xbd, 0xef, 0x7b, 0xcc,
    0xf3, 0x3c, 0xcf, 0x33,

    /* U+004E "N" */
    0xc0, 0xf8, 0x3e, 0xf, 0xc3, 0xf0, 0xf6, 0x3d,
    0x8f, 0x33, 0xcc, 0xf1, 0xbc, 0x6f, 0xf, 0xc3,
    0xf0, 0x7c, 0x1f, 0x3,

    /* U+004F "O" */
    0x1e, 0xc, 0xc6, 0x19, 0x2, 0xc0, 0xf0, 0x3c,
    0xf, 0x3, 0xc0, 0xf0, 0x3c, 0xf, 0x3, 0x40,
    0x98, 0x63, 0x30, 0x78,

    /* U+0050 "P" */
    0xff, 0x30, 0x6c, 0xf, 0x3, 0xc0, 0xf0, 0x3c,
    0xf, 0x6, 0xfe, 0x30, 0xc, 0x3, 0x0, 0xc0,
    0x30, 0xc, 0x3, 0x0,

    /* U+0051 "Q" */
    0x1e, 0xc, 0xc6, 0x19, 0x2, 0xc0, 0xf0, 0x3c,
    0xf, 0x3, 0xc0, 0xf0, 0x3c, 0x2f, 0x1b, 0x43,
    0xd8, 0xe3, 0x38, 0x7e, 0x0, 0x80,

    /* U+0052 "R" */
    0xff, 0x30, 0xec, 0x1f, 0x3, 0xc0, 0xf0, 0x3c,
    0xf, 0x6, 0xff, 0x31, 0x8c, 0x73, 0xc, 0xc1,
    0xb0, 0x6c, 0xf, 0x3,

    /* U+0053 "S" */
    0x1e, 0x18, 0xec, 0x1b, 0x7, 0xc0, 0x3c, 0x7,
    0xc0, 0xfc, 0x1f, 0x80, 0xf0, 0x1f, 0x3, 0xc0,
    0xf0, 0x36, 0x18, 0xf8,

    /* U+0054 "T" */
    0xff, 0xc3, 0x0, 0xc0, 0x30, 0xc, 0x3, 0x0,
    0xc0, 0x30, 0xc, 0x3, 0x0, 0xc0, 0x30, 0xc,
    0x3, 0x0, 0xc0, 0x30,

    /* U+0055 "U" */
    0xc0, 0xf0, 0x3c, 0xf, 0x3, 0xc0, 0xf0, 0x3c,
    0xf, 0x3, 0xc0, 0xf0, 0x3c, 0xf, 0x3, 0xc0,
    0xf0, 0x36, 0x18, 0xfc,

    /* U+0056 "V" */
    0xe0, 0x6c, 0xd, 0x83, 0xb0, 0x63, 0xc, 0x61,
    0x8c, 0x71, 0x8c, 0x19, 0x83, 0x30, 0x6c, 0x7,
    0x80, 0xf0, 0x1e, 0x3, 0x80, 0x30,

    /* U+0057 "W" */
    0xc6, 0x6c, 0x66, 0xce, 0x66, 0xe6, 0x6e, 0x66,
    0xf6, 0x6b, 0x66, 0xb6, 0x69, 0x47, 0x9c, 0x79,
    0xc3, 0x9c, 0x39, 0xc3, 0x1c, 0x31, 0xc3, 0xc,

    /* U+0058 "X" */
    0x60, 0xe6, 0x18, 0xc6, 0xc, 0xc1, 0xb0, 0x1e,
    0x3, 0x80, 0x30, 0xe, 0x1, 0xe0, 0x6c, 0xc,
    0xc3, 0x18, 0x61, 0x98, 0x33, 0x3,

    /* U+0059 "Y" */
    0xc0, 0xf0, 0x36, 0x19, 0x86, 0x33, 0xc, 0xc1,
    0xe0, 0x78, 0xc, 0x3, 0x0, 0xc0, 0x30, 0xc,
    0x3, 0x0, 0xc0, 0x30,

    /* U+005A "Z" */
    0x7f, 0xc0, 0x30, 0x18, 0xe, 0x3, 0x1, 0xc0,
    0x60, 0x38, 0xc, 0x6, 0x1, 0x80, 0xc0, 0x70,
    0x18, 0xe, 0x3, 0xff,

    /* U+005B "[" */
    0xff, 0xc, 0x30, 0xc3, 0xc, 0x30, 0xc3, 0xc,
    0x30, 0xc3, 0xc, 0x30, 0xc3, 0xc, 0x3f,

    /* U+005C "\\" */
    0xc0, 0x10, 0x6, 0x0, 0x80, 0x30, 0xc, 0x1,
    0x0, 0x60, 0x8, 0x3, 0x0, 0x40, 0x10, 0x6,
    0x0, 0x80, 0x30, 0x4, 0x1, 0x80, 0x60, 0x8,

    /* U+005D "]" */
    0xfc, 0x30, 0xc3, 0xc, 0x30, 0xc3, 0xc, 0x30,
    0xc3, 0xc, 0x30, 0xc3, 0xc, 0x30, 0xff,

    /* U+005E "^" */
    0x1c, 0x1f, 0xc, 0xcc, 0x30,

    /* U+005F "_" */
    0xff, 0xf0,

    /* U+0060 "`" */
    0xe1, 0x83, 0x6, 0x18,

    /* U+0061 "a" */
    0x3e, 0x18, 0xc6, 0x18, 0xe, 0x3f, 0x9f, 0xee,
    0x1b, 0x6, 0xc3, 0xb1, 0xe7, 0xd8,

    /* U+0062 "b" */
    0xc0, 0x60, 0x30, 0x18, 0xc, 0x6, 0xf3, 0x8d,
    0xc6, 0xc1, 0xe0, 0xf0, 0x78, 0x3c, 0x1f, 0xb,
    0x8d, 0xbc,

    /* U+0063 "c" */
    0x1f, 0x1c, 0x66, 0xf, 0x0, 0xc0, 0x30, 0xc,
    0x3, 0x3, 0x60, 0xdc, 0x61, 0xf0,

    /* U+0064 "d" */
    0x0, 0xc0, 0x30, 0xc, 0x3, 0x0, 0xc7, 0xb6,
    0x3d, 0x87, 0xc0, 0xf0, 0x3c, 0xf, 0x3, 0xc0,
    0xd8, 0x76, 0x3c, 0x7b,

    /* U+0065 "e" */
    0x1e, 0x18, 0xe6, 0x1b, 0x6, 0xff, 0xb0, 0xc,
    0x3, 0x7, 0x61, 0x9c, 0xe1, 0xe0,

    /* U+0066 "f" */
    0x7, 0xc6, 0x11, 0x80, 0x60, 0x18, 0x3f, 0xe1,
    0x80, 0x60, 0x18, 0x6, 0x1, 0x80, 0x60, 0x18,
    0x6, 0x1, 0x80, 0x60,

    /* U+0067 "g" */
    0x1f, 0xcd, 0xc6, 0x31, 0x8c, 0x63, 0x19, 0x83,
    0xc3, 0x0, 0xc0, 0x38, 0x3, 0xfb, 0x3, 0xc0,
    0xdf, 0xe0,

    /* U+0068 "h" */
    0xc0, 0x60, 0x30, 0x18, 0xc, 0x6, 0xfb, 0xcf,
    0xc3, 0xc1, 0xe0, 0xf0, 0x78, 0x3c, 0x1e, 0xf,
    0x7, 0x83,

    /* U+0069 "i" */
    0xc0, 0x3f, 0xff, 0xff,

    /* U+006A "j" */
    0x6, 0x0, 0x0, 0x0, 0x0, 0xc1, 0x83, 0x6,
    0xc, 0x18, 0x30, 0x60, 0xc1, 0x83, 0x7, 0xb,
    0xe0,

    /* U+006B "k" */
    0xc0, 0x30, 0xc, 0x3, 0x0, 0xc0, 0x30, 0xec,
    0x73, 0x38, 0xdc, 0x3f, 0xf, 0xc3, 0x98, 0xc3,
    0x30, 0xcc, 0x1b, 0x6,

    /* U+006C "l" */
    0xff, 0xff, 0xff, 0xff,

    /* U+006D "m" */
    0xdf, 0xee, 0x73, 0xc6, 0x3c, 0x63, 0xc6, 0x3c,
    0x63, 0xc6, 0x3c, 0x63, 0xc6, 0x3c, 0x63, 0xc6,
    0x30,

    /* U+006E "n" */
    0xdf, 0x79, 0xf8, 0x78, 0x3c, 0x1e, 0xf, 0x7,
    0x83, 0xc1, 0xe0, 0xf0, 0x60,

    /* U+006F "o" */
    0x1e, 0x1c, 0xe6, 0x1b, 0x3, 0xc0, 0xf0, 0x3c,
    0xf, 0x3, 0x61, 0x9c, 0xe1, 0xe0,

    /* U+0070 "p" */
    0xde, 0x71, 0xb8, 0x58, 0x3c, 0x1e, 0xf, 0x7,
    0x83, 0xe3, 0x71, 0xb7, 0x98, 0xc, 0x6, 0x0,

    /* U+0071 "q" */
    0x1e, 0xd8, 0xf6, 0x1f, 0x3, 0xc0, 0xf0, 0x3c,
    0xf, 0x3, 0x61, 0xd8, 0xf1, 0xec, 0x3, 0x0,
    0xc0, 0x30,

    /* U+0072 "r" */
    0xcf, 0xbf, 0xc7, 0xc, 0x18, 0x30, 0x60, 0xc1,
    0x83, 0x0,

    /* U+0073 "s" */
    0x3e, 0x31, 0xf0, 0x78, 0xf, 0xc3, 0xf8, 0x3e,
    0x3, 0xc1, 0xf1, 0x8f, 0x80,

    /* U+0074 "t" */
    0x18, 0x6, 0x1, 0x83, 0xfe, 0x18, 0x6, 0x1,
    0x80, 0x60, 0x18, 0x6, 0x1, 0x80, 0x60, 0x8,
    0x41, 0xf0,

    /* U+0075 "u" */
    0xc1, 0xe0, 0xf0, 0x78, 0x3c, 0x1e, 0xf, 0x7,
    0x83, 0xc3, 0xf3, 0xdf, 0x60,

    /* U+0076 "v" */
    0xc0, 0xf0, 0x66, 0x19, 0x86, 0x63, 0x8, 0xc3,
    0x20, 0x48, 0x16, 0x7, 0x0, 0xc0,

    /* U+0077 "w" */
    0xc6, 0x6c, 0x66, 0x4e, 0x66, 0xa6, 0x6b, 0x66,
    0x94, 0x69, 0x42, 0x9c, 0x39, 0xc3, 0x1c, 0x31,
    0x80,

    /* U+0078 "x" */
    0xe1, 0x98, 0xe3, 0x30, 0xd8, 0x1e, 0x3, 0x1,
    0xe0, 0xd8, 0x33, 0x18, 0x6c, 0x18,

    /* U+0079 "y" */
    0xc0, 0xf0, 0x66, 0x19, 0x86, 0x63, 0xc, 0xc3,
    0x30, 0x58, 0x1e, 0x7, 0x0, 0xc0, 0x30, 0x8,
    0x1c, 0x0,

    /* U+007A "z" */
    0x7f, 0x81, 0xc0, 0xc0, 0xc0, 0xe0, 0xe0, 0x60,
    0x70, 0x70, 0x70, 0x3f, 0xe0,

    /* U+007B "{" */
    0x3b, 0x18, 0xc6, 0x31, 0x8c, 0x63, 0x30, 0xc6,
    0x31, 0x8c, 0x63, 0x18, 0xc3, 0x80,

    /* U+007C "|" */
    0xff, 0xff, 0xff, 0xff, 0xff, 0xff,

    /* U+007D "}" */
    0xe1, 0x8c, 0x63, 0x18, 0xc6, 0x31, 0x86, 0x63,
    0x18, 0xc6, 0x31, 0x8c, 0x6e, 0x0,

    /* U+007E "~" */
    0x30, 0x12, 0x34, 0x48, 0xc,

    /* U+00A7 "§" */
    0x1e, 0x18, 0x6c, 0xf, 0x3, 0x60, 0x1e, 0x1,
    0xf1, 0xfe, 0xe1, 0xf0, 0x3c, 0xd, 0xc6, 0x3f,
    0x3, 0xc0, 0x1c, 0x3, 0xc0, 0xd8, 0x73, 0xf0,

    /* U+00B0 "°" */
    0x7a, 0x28, 0xa2, 0x78,

    /* U+00B1 "±" */
    0x1, 0x80, 0x1, 0x80, 0x1, 0x80, 0x1, 0x80,
    0x1, 0x80, 0x1, 0x80, 0xff, 0xff, 0x1, 0x80,
    0x1, 0x80, 0x1, 0x80, 0x1, 0x80, 0x1, 0x80,
    0x1, 0x80, 0x0, 0x0, 0x0, 0x0, 0x0, 0x0,
    0xff, 0xff,

    /* U+00B7 "·" */
    0xff, 0xf0,

    /* U+00D7 "×" */
    0x40, 0x2, 0xc0, 0xc, 0xc0, 0x30, 0xc0, 0xc0,
    0xc3, 0x0, 0xcc, 0x0, 0xf0, 0x0, 0xc0, 0x3,
    0xc0, 0xc, 0xc0, 0x30, 0xc0, 0xc0, 0xc3, 0x0,
    0xcc, 0x0, 0xd0, 0x0, 0x80,

    /* U+00F7 "÷" */
    0x1, 0xc0, 0x1, 0xc0, 0x1, 0xc0, 0x0, 0x0,
    0x0, 0x0, 0x0, 0x0, 0x0, 0x0, 0x0, 0x0,
    0xff, 0xff, 0x0, 0x0, 0x0, 0x0, 0x0, 0x0,
    0x0, 0x0, 0x1, 0xc0, 0x1, 0xc0, 0x1, 0xc0,

    /* U+2014 "—" */
    0xff, 0xff, 0xff,

    /* U+2018 "‘" */
    0x2b, 0x4f, 0xf8,

    /* U+2019 "’" */
    0xff, 0xf3, 0x36, 0x40,

    /* U+201C "“" */
    0x21, 0x42, 0xc6, 0x84, 0xe7, 0xe7, 0xe7,

    /* U+201D "”" */
    0xf3, 0xf9, 0xfc, 0xe6, 0x13, 0x1b, 0x9, 0xc,

    /* U+2026 "…" */
    0xf0, 0xf1, 0xfe, 0x1e, 0x3f, 0xc3, 0xc7, 0x80,

    /* U+2030 "‰" */
    0x0, 0x6, 0x0, 0x80, 0x20, 0x1a, 0x3, 0x1,
    0x8, 0x30, 0x8, 0x43, 0x0, 0x42, 0x10, 0x2,
    0x11, 0x80, 0x19, 0x98, 0x0, 0x79, 0x80, 0x1,
    0xc8, 0x0, 0x0, 0x80, 0x0, 0xc, 0x60, 0xc0,
    0xcc, 0x89, 0x4, 0x44, 0x84, 0x42, 0x24, 0x26,
    0x11, 0x21, 0x60, 0x89, 0xa, 0x7, 0xcf, 0xc0,
    0x1c, 0x3c, 0x0, 0x40, 0x40,

    /* U+2032 "′" */
    0x1, 0x8c, 0xc6, 0x62, 0x10,

    /* U+2033 "″" */
    0x30, 0x32, 0x33, 0x66, 0x46, 0xcc, 0x88, 0x18,
    0x0,

    /* U+203B "※" */
    0xc0, 0xe0, 0x2c, 0x3e, 0xc, 0xc7, 0xc3, 0xc,
    0xf8, 0xc0, 0xce, 0x30, 0xc, 0xc, 0x0, 0x83,
    0x0, 0x8, 0xc0, 0x78, 0xb1, 0xcf, 0xc, 0x7d,
    0xe3, 0x8f, 0xb8, 0xcc, 0xe0, 0x30, 0xc0, 0xc,
    0xc, 0x3, 0x38, 0xc1, 0x8f, 0x8c, 0x61, 0xf0,
    0xd8, 0x1c, 0xc,

    /* U+20AC "€" */
    0x1, 0xfc, 0xc, 0x1c, 0x30, 0x0, 0xc0, 0x1,
    0x80, 0x6, 0x0, 0x1f, 0xff, 0x18, 0x0, 0x30,
    0x0, 0xff, 0xf0, 0xc0, 0x0, 0xc0, 0x1, 0x80,
    0x1, 0x80, 0x1, 0xc3, 0x1, 0xfc,

    /* U+2103 "℃" */
    0x70, 0x0, 0x4, 0x40, 0x0, 0x22, 0x0, 0x1,
    0x10, 0x7f, 0x7, 0x7, 0xfe, 0x0, 0x70, 0x38,
    0x7, 0x0, 0xc0, 0x30, 0x6, 0x3, 0x0, 0x0,
    0x18, 0x0, 0x0, 0xc0, 0x0, 0x6, 0x0, 0x0,
    0x30, 0x0, 0x1, 0x80, 0x0, 0x4, 0x0, 0x60,
    0x30, 0x6, 0x0, 0xc0, 0x60, 0x3, 0x6, 0x0,
    0x7, 0xe0,

    /* U+2190 "←" */
    0x0, 0x0, 0x0, 0x80, 0x0, 0x30, 0x0, 0xe,
    0x0, 0x1, 0xc0, 0x0, 0x78, 0x0, 0x1f, 0xff,
    0xff, 0xff, 0xff, 0x7f, 0xff, 0xe7, 0x80, 0x0,
    0x70, 0x0, 0x6, 0x0, 0x0, 0xc0, 0x0, 0x8,
    0x0, 0x0, 0x0, 0x0,

    /* U+2191 "↑" */
    0x1, 0x0, 0xf, 0x0, 0x3f, 0x80, 0xff, 0x83,
    0xff, 0x8f, 0xff, 0x80, 0xe0, 0x1, 0xc0, 0x3,
    0x80, 0x7, 0x0, 0xe, 0x0, 0x1c, 0x0, 0x38,
    0x0, 0x70, 0x0, 0xe0, 0x1, 0xc0, 0x3, 0x80,
    0x7, 0x0, 0xe, 0x0,

    /* U+2192 "→" */
    0x0, 0x0, 0x0, 0x0, 0x20, 0x0, 0x2, 0x0,
    0x0, 0x30, 0x0, 0x3, 0x80, 0x0, 0x3c, 0xff,
    0xff, 0xef, 0xff, 0xff, 0xff, 0xff, 0xe0, 0x0,
    0x3c, 0x0, 0x3, 0x80, 0x0, 0x30, 0x0, 0x2,
    0x0, 0x0, 0x20, 0x0, 0x0, 0x0,

    /* U+2193 "↓" */
    0x3, 0x80, 0x7, 0x0, 0xe, 0x0, 0x1c, 0x0,
    0x38, 0x0, 0x70, 0x0, 0xe0, 0x1, 0xc0, 0x3,
    0x80, 0x7, 0x0, 0xe, 0x0, 0x1c, 0x0, 0x38,
    0xf, 0xff, 0x8f, 0xfe, 0xf, 0xf8, 0xf, 0xc0,
    0x7, 0x0, 0x4, 0x0,

    /* U+221A "√" */
    0x0, 0x0, 0x1, 0x0, 0x30, 0x2, 0x0, 0x20,
    0x6, 0x0, 0x40, 0x4, 0x0, 0xc0, 0x8, 0x40,
    0x8e, 0x18, 0xb1, 0x1, 0x90, 0xf, 0x0, 0xe0,
    0x6, 0x0, 0x20,

    /* U+221E "∞" */
    0x0, 0x0, 0x3, 0xe0, 0xfc, 0x63, 0x98, 0x6c,
    0xf, 0x3, 0x80, 0x60, 0x18, 0xe, 0x3, 0xc1,
    0xb0, 0x37, 0x31, 0xc6, 0x1e, 0x7, 0xc0, 0x0,
    0x0,

    /* U+2248 "≈" */
    0x1e, 0x0, 0xf, 0xf0, 0x7, 0x7, 0x81, 0xc0,
    0x3c, 0xe0, 0x1, 0xf8, 0x18, 0x0, 0x1f, 0xe0,
    0x7, 0xe, 0x3, 0x80, 0x78, 0xe0, 0x3, 0xf0,
    0x0, 0x0, 0x0,

    /* U+2264 "≤" */
    0x0, 0x0, 0x0, 0x0, 0x70, 0x0, 0xf0, 0x1,
    0xe0, 0x3, 0xc0, 0x7, 0x80, 0xf, 0x0, 0x1,
    0xe0, 0x0, 0xf, 0x0, 0x0, 0x78, 0x0, 0x3,
    0xc3, 0x0, 0x1e, 0x78, 0x0, 0xc3, 0xc0, 0x0,
    0x1e, 0x0, 0x0, 0xf0, 0x0, 0x7, 0x80, 0x0,
    0x30,

    /* U+2265 "≥" */
    0x0, 0x0, 0x3c, 0x0, 0x1, 0xe0, 0x0, 0xf,
    0x0, 0x0, 0x78, 0x0, 0x7, 0xc0, 0x0, 0x3c,
    0x0, 0x1e, 0x0, 0x7c, 0x0, 0xf8, 0x1, 0xe0,
    0x3, 0xc0, 0x3, 0x0, 0x7, 0x80, 0xf, 0x0,
    0x1e, 0x0, 0x3c, 0x0, 0x7c, 0x0, 0x18, 0x0,
    0x0,

    /* U+2460 "①" */
    0x0, 0xfc, 0x0, 0x1f, 0xfc, 0x0, 0xe0, 0x1c,
    0x6, 0x0, 0x18, 0x30, 0x10, 0x31, 0x80, 0xc0,
    0x44, 0x7, 0x0, 0x90, 0x3c, 0x2, 0xc1, 0xb0,
    0x6, 0x4, 0xc0, 0x18, 0x3, 0x0, 0x60, 0xc,
    0x1, 0x80, 0x30, 0x6, 0x0, 0xc0, 0x18, 0x3,
    0x0, 0x50, 0xc, 0x2, 0x40, 0x30, 0x8, 0x80,
    0xc0, 0x42, 0x3, 0x3, 0x6, 0x0, 0x18, 0x4,
    0x0, 0x80, 0xf, 0xfc, 0x0,

    /* U+2461 "②" */
    0x0, 0xfc, 0x0, 0x1c, 0xc, 0x0, 0xc0, 0xc,
    0x4, 0xe, 0x8, 0x20, 0xfc, 0x11, 0x86, 0x18,
    0x44, 0x30, 0x60, 0x90, 0xc1, 0x82, 0x80, 0x6,
    0x6, 0x0, 0x18, 0x18, 0x0, 0xc0, 0x60, 0x3,
    0x1, 0x80, 0x18, 0x6, 0x0, 0xc0, 0x18, 0x7,
    0x0, 0xd0, 0x18, 0x2, 0x40, 0xc0, 0x18, 0x87,
    0xfc, 0x41, 0x3f, 0xf3, 0x2, 0x0, 0x38, 0x6,
    0x3, 0x80, 0x7, 0xf8, 0x0,

    /* U+2462 "③" */
    0x0, 0xfc, 0x0, 0x1c, 0xc, 0x0, 0xc0, 0xc,
    0x4, 0xe, 0x8, 0x30, 0xfe, 0x11, 0x86, 0x18,
    0x44, 0x30, 0x30, 0x90, 0xc0, 0xc2, 0x80, 0x3,
    0x6, 0x0, 0x18, 0x18, 0x3, 0xc0, 0x60, 0x1,
    0x81, 0x80, 0x3, 0x6, 0x0, 0xc, 0x1c, 0x30,
    0x30, 0xd0, 0xc0, 0xc2, 0x43, 0x87, 0x18, 0x87,
    0xf8, 0x41, 0xf, 0x83, 0x2, 0x0, 0x38, 0x6,
    0x1, 0x80, 0x7, 0xf8, 0x0,

    /* U+2463 "④" */
    0x0, 0xfc, 0x0, 0x1f, 0xfc, 0x0, 0xe0, 0x1c,
    0x6, 0x0, 0x18, 0x30, 0xc, 0x31, 0x80, 0x30,
    0x44, 0x1, 0xc0, 0x90, 0xf, 0x2, 0xc0, 0x6c,
    0x6, 0x1, 0xb0, 0x18, 0xc, 0xc0, 0x60, 0x63,
    0x1, 0x83, 0xc, 0x6, 0x18, 0x30, 0x18, 0x7f,
    0xf8, 0x51, 0xff, 0xe2, 0x40, 0xc, 0x8, 0x80,
    0x30, 0x42, 0x0, 0xc3, 0x6, 0x0, 0x18, 0x4,
    0x0, 0x80, 0xf, 0xfc, 0x0,

    /* U+2464 "⑤" */
    0x0, 0xfc, 0x0, 0x1f, 0xfc, 0x0, 0xc0, 0xc,
    0x6, 0x0, 0x18, 0x30, 0xff, 0x31, 0x86, 0x0,
    0x44, 0x18, 0x0, 0x90, 0x60, 0x2, 0x81, 0xb8,
    0x6, 0x7, 0xf0, 0x18, 0x38, 0xe0, 0x60, 0x0,
    0xc1, 0x80, 0x3, 0x6, 0x0, 0xc, 0x18, 0x0,
    0x30, 0xd0, 0xc0, 0xc2, 0x43, 0x86, 0x8, 0x87,
    0xf0, 0x41, 0xf, 0x83, 0x2, 0x0, 0x18, 0x4,
    0x1, 0x80, 0xf, 0xf8, 0x0,

    /* U+2465 "⑥" */
    0x0, 0xfc, 0x0, 0x1f, 0xfc, 0x0, 0xe0, 0x1c,
    0x6, 0x0, 0x18, 0x30, 0x10, 0x31, 0x80, 0xc0,
    0x44, 0x6, 0x0, 0x90, 0x18, 0x2, 0xc0, 0xc0,
    0x6, 0x6, 0x0, 0x18, 0x1f, 0xc0, 0x60, 0xe3,
    0x81, 0x83, 0x7, 0x6, 0x18, 0xc, 0x18, 0x60,
    0x30, 0xd0, 0x80, 0xc2, 0x43, 0x6, 0x8, 0x86,
    0x38, 0x41, 0xf, 0xc3, 0x2, 0x0, 0x18, 0x4,
    0x0, 0x80, 0xf, 0xfc, 0x0,

    /* U+2466 "⑦" */
    0x0, 0xfc, 0x0, 0x1f, 0xfc, 0x0, 0xc0, 0xc,
    0x6, 0x0, 0x18, 0x33, 0xff, 0x31, 0x80, 0xc,
    0x44, 0x0, 0x60, 0x90, 0x3, 0x82, 0x80, 0xc,
    0x6, 0x0, 0x30, 0x18, 0x1, 0x80, 0x60, 0x6,
    0x1, 0x80, 0x30, 0x6, 0x0, 0xc0, 0x18, 0x3,
    0x0, 0xd0, 0x18, 0x2, 0x40, 0x60, 0x8, 0x81,
    0x80, 0x41, 0xe, 0x3, 0x2, 0x0, 0x18, 0x4,
    0x1, 0x80, 0xf, 0xf8, 0x0,

    /* U+2467 "⑧" */
    0x0, 0xfc, 0x0, 0x1f, 0xfc, 0x0, 0xe0, 0x1c,
    0x6, 0x0, 0x18, 0x30, 0xfc, 0x31, 0x86, 0x18,
    0x44, 0x10, 0x30, 0x90, 0xc0, 0xc2, 0xc3, 0x3,
    0x6, 0x6, 0x18, 0x18, 0xf, 0xc0, 0x60, 0x7f,
    0x1, 0x81, 0x86, 0x6, 0xc, 0xc, 0x18, 0x30,
    0x30, 0x50, 0xc0, 0xc2, 0x43, 0x3, 0x8, 0x87,
    0xf8, 0x42, 0xf, 0x83, 0x6, 0x0, 0x18, 0x4,
    0x0, 0x80, 0xf, 0xfc, 0x0,

    /* U+2468 "⑨" */
    0x0, 0xfc, 0x0, 0x1f, 0xfc, 0x0, 0xe0, 0x1c,
    0x6, 0x0, 0x18, 0x30, 0x7c, 0x31, 0x86, 0x18,
    0x44, 0x18, 0x30, 0x90, 0xc0, 0xc2, 0xc3, 0x1,
    0x6, 0xc, 0xc, 0x18, 0x30, 0x30, 0x60, 0x61,
    0x81, 0x80, 0xfe, 0x6, 0x0, 0x30, 0x18, 0x1,
    0xc0, 0x50, 0x6, 0x2, 0x40, 0x30, 0x8, 0x81,
    0xc0, 0x42, 0x6, 0x3, 0x6, 0x0, 0x18, 0x4,
    0x0, 0x80, 0xf, 0xfc, 0x0,

    /* U+2469 "⑩" */
    0x0, 0xfc, 0x0, 0x1f, 0xfc, 0x0, 0xe0, 0x1c,
    0x6, 0x1, 0x98, 0x31, 0x1f, 0x31, 0x8c, 0x62,
    0x44, 0x73, 0xc, 0x97, 0xcc, 0x32, 0xdb, 0x30,
    0xc6, 0xc, 0xc3, 0x18, 0x33, 0xc, 0x60, 0xcc,
    0x31, 0x83, 0x30, 0xc6, 0xc, 0xc3, 0x18, 0x33,
    0xc, 0x50, 0xcc, 0x32, 0x43, 0x18, 0x88, 0x8c,
    0x76, 0x42, 0x30, 0xf3, 0x6, 0x0, 0x18, 0x4,
    0x0, 0x80, 0xf, 0xfc, 0x0,

    /* U+25A0 "■" */
    0xff, 0xff, 0xff, 0xff, 0xff, 0xff, 0xff, 0xff,
    0xff, 0xff, 0xff, 0xff, 0xff, 0xff, 0xff, 0xff,
    0xff, 0xff, 0xff, 0xff, 0xff, 0xff, 0xff, 0xff,
    0xff, 0xff, 0xff, 0xff, 0xff, 0xff, 0xff, 0xff,
    0xff, 0xff, 0xff, 0xff, 0xff, 0xff, 0xff, 0xff,
    0xff, 0xff, 0xff, 0xff, 0xff, 0xff, 0xff, 0xf0,

    /* U+25A1 "□" */
    0xff, 0xff, 0xf0, 0x0, 0x6, 0x0, 0x0, 0xc0,
    0x0, 0x18, 0x0, 0x3, 0x0, 0x0, 0x60, 0x0,
    0xc, 0x0, 0x1, 0x80, 0x0, 0x30, 0x0, 0x6,
    0x0, 0x0, 0xc0, 0x0, 0x18, 0x0, 0x3, 0x0,
    0x0, 0x60, 0x0, 0xc, 0x0, 0x1, 0x80, 0x0,
    0x30, 0x0, 0x7, 0xff, 0xff, 0x80,

    /* U+25B2 "▲" */
    0x0, 0x40, 0x0, 0x6, 0x0, 0x0, 0xe0, 0x0,
    0xf, 0x0, 0x1, 0xf8, 0x0, 0x1f, 0x80, 0x3,
    0xfc, 0x0, 0x3f, 0xc0, 0x7, 0xfe, 0x0, 0x7f,
    0xe0, 0xf, 0xff, 0x1, 0xff, 0xf0, 0x1f, 0xff,
    0x83, 0xff, 0xfc, 0x3f, 0xff, 0xc7, 0xff, 0xfe,
    0x7f, 0xff, 0xef, 0xff, 0xff,

    /* U+25BC "▼" */
    0xff, 0xff, 0xff, 0xff, 0xe7, 0xff, 0xf8, 0xff,
    0xfc, 0x3f, 0xff, 0x7, 0xff, 0x81, 0xff, 0xc0,
    0x3f, 0xf0, 0x7, 0xf8, 0x1, 0xfc, 0x0, 0x3f,
    0x0, 0xf, 0x80, 0x1, 0xe0, 0x0, 0x70, 0x0,
    0x8, 0x0, 0x0, 0x0,

    /* U+25C6 "◆" */
    0x0, 0x0, 0x0, 0x0, 0xc0, 0x0, 0x7, 0x80,
    0x0, 0x3f, 0x0, 0x1, 0xfe, 0x0, 0xf, 0xfc,
    0x0, 0x7f, 0xf8, 0x3, 0xff, 0xf0, 0x1f, 0xff,
    0xe0, 0xff, 0xff, 0xc7, 0xff, 0xff, 0xbf, 0xff,
    0xff, 0x7f, 0xff, 0xf8, 0xff, 0xff, 0xc1, 0xff,
    0xfe, 0x3, 0xff, 0xf0, 0x7, 0xff, 0x80, 0xf,
    0xfc, 0x0, 0x1f, 0xe0, 0x0, 0x3f, 0x0, 0x0,
    0x78, 0x0, 0x0, 0xc0, 0x0,

    /* U+25CB "○" */
    0x0, 0xf8, 0x0, 0x38, 0x38, 0x3, 0x0, 0x60,
    0x20, 0x0, 0x82, 0x0, 0x2, 0x30, 0x0, 0x11,
    0x0, 0x0, 0x58, 0x0, 0x2, 0x80, 0x0, 0xc,
    0x0, 0x0, 0x60, 0x0, 0x3, 0x0, 0x0, 0x18,
    0x0, 0x0, 0xc0, 0x0, 0x7, 0x0, 0x0, 0x48,
    0x0, 0x2, 0x60, 0x0, 0x31, 0x0, 0x1, 0x6,
    0x0, 0x10, 0x18, 0x1, 0x0, 0x70, 0x30, 0x0,
    0xfe, 0x0,

    /* U+25CF "●" */
    0x0, 0xfc, 0x0, 0x1f, 0xfe, 0x0, 0xff, 0xfc,
    0x7, 0xff, 0xf8, 0x3f, 0xff, 0xf1, 0xff, 0xff,
    0xc7, 0xff, 0xff, 0x9f, 0xff, 0xfe, 0xff, 0xff,
    0xfb, 0xff, 0xff, 0xff, 0xff, 0xff, 0xff, 0xff,
    0xfe, 0xff, 0xff, 0xfb, 0xff, 0xff, 0xe7, 0xff,
    0xff, 0x9f, 0xff, 0xfc, 0x3f, 0xff, 0xf0, 0x7f,
    0xff, 0x80, 0xff, 0xfc, 0x1, 0xff, 0xc0, 0x1,
    0xfc, 0x0,

    /* U+2605 "★" */
    0x0, 0x0, 0x0, 0x0, 0x80, 0x0, 0x3, 0x0,
    0x0, 0xc, 0x0, 0x0, 0x70, 0x0, 0x1, 0xe0,
    0x0, 0x7, 0x80, 0x0, 0x3e, 0x0, 0x7f, 0xff,
    0xf8, 0xff, 0xff, 0xc0, 0xff, 0xfc, 0x1, 0xff,
    0xe0, 0x3, 0xfe, 0x0, 0xf, 0xfc, 0x0, 0x3f,
    0xf0, 0x0, 0xff, 0xc0, 0x7, 0x8f, 0x80, 0x1c,
    0xe, 0x0, 0x60, 0x18, 0x2, 0x0, 0x10, 0x0,
    0x0, 0x0,

    /* U+2606 "☆" */
    0x0, 0x0, 0x0, 0x0, 0x80, 0x0, 0x3, 0x0,
    0x0, 0xc, 0x0, 0x0, 0x70, 0x0, 0x1, 0x20,
    0x0, 0x4, 0x80, 0x0, 0x32, 0x0, 0x7f, 0x87,
    0xf8, 0xe0, 0x1, 0xc0, 0xc0, 0xc, 0x1, 0x80,
    0x60, 0x3, 0x3, 0x0, 0xc, 0xc, 0x0, 0x23,
    0x10, 0x0, 0x9e, 0x40, 0x7, 0x8f, 0x80, 0x1c,
    0xe, 0x0, 0x60, 0x18, 0x2, 0x0, 0x30, 0x0,
    0x0, 0x0,

    /* U+3000 "　" */
    0x0,

    /* U+3001 "、" */
    0x41, 0x87, 0xc, 0x38, 0x71, 0x80,

    /* U+3002 "。" */
    0x1, 0xe8, 0xa3, 0x89, 0xe0,

    /* U+3003 "〃" */
    0x30, 0x32, 0x33, 0x66, 0x46, 0xcc, 0x88, 0x8,
    0x0,

    /* U+3005 "々" */
    0x6, 0x0, 0x7, 0x0, 0xe, 0x0, 0xc, 0x0,
    0xf, 0xfe, 0x1f, 0xff, 0x18, 0x6, 0x30, 0xe,
    0x70, 0xc, 0x60, 0x18, 0xc4, 0x38, 0x4f, 0x30,
    0x3, 0xe0, 0x1, 0xe0, 0x0, 0x70, 0x0, 0x38,
    0x0, 0x10,

    /* U+3006 "〆" */
    0x0, 0x0, 0x0, 0x0, 0x70, 0x0, 0x38, 0x0,
    0x1c, 0x0, 0xe, 0x0, 0x7, 0x0, 0xfb, 0x80,
    0x7f, 0xc0, 0x10, 0xe0, 0xc, 0x7c, 0x2, 0x3a,
    0x0, 0x8c, 0x0, 0x26, 0x0, 0x13, 0x0, 0x5,
    0x80, 0x1, 0xc0, 0x0, 0xf0, 0x0, 0x38, 0x0,
    0x4, 0x0, 0x0,

    /* U+3007 "〇" */
    0x1, 0xf8, 0x0, 0xc1, 0xc0, 0x60, 0xc, 0x18,
    0x0, 0xc2, 0x0, 0xc, 0xc0, 0x1, 0x90, 0x0,
    0x1e, 0x0, 0x3, 0xc0, 0x0, 0x78, 0x0, 0xf,
    0x0, 0x1, 0xe0, 0x0, 0x3e, 0x0, 0xe, 0xc0,
    0x1, 0x9c, 0x0, 0x71, 0xc0, 0x1c, 0x1e, 0xf,
    0x1, 0xff, 0xc0, 0xf, 0xe0, 0x0,

    /* U+3008 "〈" */
    0x1, 0x3, 0x6, 0x4, 0xc, 0x8, 0x18, 0x30,
    0x20, 0x60, 0xc0, 0xc0, 0x40, 0x60, 0x30, 0x10,
    0x18, 0x8, 0xc, 0x6, 0x2, 0x3,

    /* U+3009 "〉" */
    0x80, 0xc0, 0x40, 0x60, 0x30, 0x10, 0x18, 0xc,
    0x4, 0x6, 0x2, 0x3, 0x2, 0x6, 0xc, 0x8,
    0x18, 0x30, 0x30, 0x60, 0xc0, 0xc0,

    /* U+300A "《" */
    0x6, 0x41, 0x30, 0xc8, 0x26, 0x19, 0x4, 0xc3,
    0x20, 0x98, 0x64, 0x13, 0xc, 0x82, 0x20, 0xcc,
    0x11, 0x6, 0x60, 0x88, 0x33, 0x4, 0x41, 0x98,
    0x22, 0xc, 0xc1, 0x10, 0x0,

    /* U+300B "》" */
    0x98, 0x32, 0x4, 0xc1, 0x10, 0x26, 0x8, 0x83,
    0x30, 0x44, 0x19, 0x82, 0x20, 0xc8, 0x13, 0xc,
    0x82, 0x61, 0x90, 0x4c, 0x32, 0x9, 0x86, 0x41,
    0x10, 0xc8, 0x22, 0x0, 0x0,

    /* U+300C "「" */
    0xff, 0xc0, 0xc0, 0xc0, 0xc0, 0xc0, 0xc0, 0xc0,
    0xc0, 0xc0, 0xc0, 0xc0, 0xc0, 0xc0, 0xc0, 0xc0,
    0xc0, 0xc0, 0xc0, 0xc0,

    /* U+300D "」" */
    0x3, 0x3, 0x3, 0x3, 0x3, 0x3, 0x3, 0x3,
    0x3, 0x3, 0x3, 0x3, 0x3, 0x3, 0x3, 0x3,
    0x3, 0x3, 0x3, 0xff,

    /* U+300E "『" */
    0xff, 0x81, 0xbf, 0xa0, 0xa0, 0xa0, 0xa0, 0xa0,
    0xa0, 0xa0, 0xa0, 0xa0, 0xa0, 0xa0, 0xa0, 0xa0,
    0xa0, 0xa0, 0xa0, 0xe0,

    /* U+300F "』" */
    0xf, 0x9, 0x9, 0x9, 0x9, 0x9, 0x9, 0x9,
    0x9, 0x9, 0x9, 0x9, 0x9, 0x9, 0x9, 0x9,
    0x9, 0xf9, 0x81, 0xff,

    /* U+3010 "【" */
    0xff, 0xff, 0xbf, 0x9f, 0x8f, 0xc7, 0xc3, 0xe1,
    0xe0, 0xf0, 0x78, 0x3c, 0x1e, 0xf, 0x7, 0xc3,
    0xe1, 0xf8, 0xfc, 0x7f, 0x3f, 0xdf, 0xe0,

    /* U+3011 "】" */
    0x7f, 0x9f, 0xcf, 0xe3, 0xf1, 0xf8, 0x7c, 0x3e,
    0xf, 0x7, 0x83, 0xc1, 0xe0, 0xf0, 0x78, 0x7c,
    0x3e, 0x3f, 0x1f, 0x9f, 0xdf, 0xef, 0xf0,

    /* U+3012 "〒" */
    0xff, 0xff, 0xf8, 0x0, 0x0, 0x0, 0x0, 0x0,
    0x0, 0x0, 0x0, 0x0, 0x0, 0x7f, 0xff, 0xfc,
    0x0, 0x80, 0x0, 0x4, 0x0, 0x0, 0x20, 0x0,
    0x1, 0x0, 0x0, 0x8, 0x0, 0x0, 0x40, 0x0,
    0x2, 0x0, 0x0, 0x10, 0x0, 0x0, 0x80, 0x0,
    0x4, 0x0, 0x0, 0x20, 0x0, 0x1, 0x0, 0x0,
    0x8, 0x0, 0x0, 0x40, 0x0,

    /* U+3013 "〓" */
    0xff, 0xff, 0xff, 0xff, 0xff, 0xff, 0xff, 0xff,
    0xff, 0xff, 0xff, 0xff, 0xff, 0xff, 0xff, 0x0,
    0x0, 0x0, 0x0, 0x0, 0x0, 0x0, 0x0, 0x0,
    0x0, 0x0, 0x0, 0x0, 0x0, 0x0, 0xff, 0xff,
    0xff, 0xff, 0xff, 0xff, 0xff, 0xff, 0xff, 0xff,
    0xff, 0xff, 0xff, 0xff, 0xff,

    /* U+3014 "〔" */
    0x6, 0x3d, 0xe7, 0xc, 0x18, 0x30, 0x60, 0xc1,
    0x83, 0x6, 0xc, 0x18, 0x30, 0x60, 0xc1, 0x83,
    0x3, 0x83, 0xc1, 0xc0, 0x0,

    /* U+3015 "〕" */
    0x83, 0x83, 0x83, 0x4, 0x10, 0x41, 0x4, 0x10,
    0x41, 0x4, 0x10, 0x41, 0x4, 0x10, 0x47, 0x73,
    0x8, 0x0,

    /* U+3016 "〖" */
    0xff, 0xe0, 0x68, 0x12, 0x8, 0x84, 0x21, 0x8,
    0x82, 0x20, 0x90, 0x24, 0x9, 0x2, 0x40, 0x90,
    0x22, 0x8, 0x82, 0x10, 0x84, 0x20, 0x88, 0x32,
    0x6, 0xff, 0xc0,

    /* U+3017 "〗" */
    0x7f, 0xc8, 0x11, 0x4, 0x41, 0x8, 0x41, 0x10,
    0x44, 0x11, 0x2, 0x40, 0x90, 0x24, 0x9, 0x4,
    0x41, 0x10, 0xc4, 0x21, 0x10, 0x44, 0x12, 0x5,
    0xff,

    /* U+301D "〝" */
    0x8, 0x4c, 0xcc, 0x66, 0x62, 0x23, 0x31, 0x10,
    0x0,

    /* U+301E "〞" */
    0x30, 0x32, 0x63, 0x66, 0x46, 0xcc, 0x88, 0x18,
    0x0,

    /* U+3021 "〡" */
    0xdb, 0x6d, 0xb6, 0xdb, 0x6d, 0xb6, 0xdb, 0x6c,

    /* U+3022 "〢" */
    0x0, 0x30, 0x3, 0xc0, 0x3c, 0x3, 0xc0, 0x3c,
    0x3, 0xc0, 0x3c, 0x3, 0xc0, 0x3c, 0x3, 0xc0,
    0x3c, 0x3, 0xc0, 0x3c, 0x3, 0xc0, 0x3c, 0x3,
    0xc0, 0x3c, 0x3, 0xc0, 0x30, 0x3, 0x0, 0x30,

    /* U+3023 "〣" */
    0xc0, 0x1, 0xe0, 0x0, 0xf0, 0x60, 0x78, 0x30,
    0x3c, 0x18, 0x1e, 0xc, 0xf, 0x6, 0x7, 0x83,
    0x3, 0xc1, 0x81, 0xe0, 0xc0, 0xf0, 0x60, 0x78,
    0x30, 0x3c, 0x18, 0x1e, 0xc, 0xf, 0x6, 0x7,
    0x83, 0x3, 0xc1, 0x81, 0xe0, 0xc0, 0xf0, 0x60,
    0x78, 0x0, 0x30, 0x0, 0x18,

    /* U+3024 "〤" */
    0x0, 0x4, 0x0, 0xc, 0x0, 0x30, 0x0, 0x60,
    0x1, 0x88, 0x3, 0x1c, 0xc, 0x1c, 0x18, 0xc,
    0x60, 0xe, 0xc0, 0xf, 0x0, 0xe, 0x0, 0x1e,
    0x0, 0x6e, 0x1, 0x8e, 0x7, 0xe, 0x1c, 0xe,
    0x70, 0x9, 0x80, 0x6, 0x0, 0x0,

    /* U+3025 "〥" */
    0x0, 0x1, 0x82, 0x1, 0x83, 0x80, 0xc3, 0x0,
    0xc1, 0x81, 0xc0, 0xc1, 0xc0, 0x33, 0x80, 0xf,
    0x0, 0x7, 0xe0, 0xe, 0x38, 0x6, 0x6, 0x6,
    0x1, 0x86, 0x0, 0xe3, 0x0, 0x31, 0x0, 0x18,
    0x80, 0xc, 0x60, 0xc, 0x30, 0x6, 0xc, 0xe,
    0x3, 0xde, 0x0, 0x7c, 0x0,

    /* U+3026 "〦" */
    0x0, 0x30, 0x0, 0x0, 0xc0, 0x0, 0x3, 0x0,
    0x0, 0xc, 0x0, 0x0, 0x30, 0x0, 0x0, 0xc0,
    0xf, 0xff, 0xff, 0xc0,

    /* U+3027 "〧" */
    0x0, 0x30, 0x0, 0x0, 0xc0, 0x0, 0x3, 0x0,
    0x0, 0xc, 0x0, 0x0, 0x30, 0x3, 0xff, 0xff,
    0xf0, 0x0, 0x0, 0x0, 0x0, 0x0, 0xff, 0xff,
    0xfc,

    /* U+3028 "〨" */
    0x0, 0x30, 0x0, 0x0, 0xc0, 0x0, 0x3, 0x0,
    0x0, 0xc, 0x0, 0x0, 0x30, 0x3, 0xff, 0xff,
    0xf0, 0x0, 0x0, 0x0, 0x0, 0x0, 0x0, 0x0,
    0x3, 0xff, 0xff, 0xf0, 0x0, 0x0, 0x0, 0x0,
    0x0, 0x0, 0x0, 0x3, 0xff, 0xff, 0xf0,

    /* U+3029 "〩" */
    0x1, 0x80, 0x0, 0xe0, 0x0, 0x30, 0x0, 0x18,
    0x0, 0x6, 0x0, 0x3, 0xff, 0xf0, 0x80, 0x30,
    0x60, 0x18, 0x30, 0x6, 0x1b, 0x83, 0x0, 0x70,
    0xc0, 0x7, 0x60, 0x0, 0xf8, 0x0, 0x1c, 0x0,
    0xf, 0xc0, 0x7, 0x38, 0x7, 0x7, 0x3, 0x80,
    0xe3, 0x80, 0x3, 0xc0, 0x0, 0xc0, 0x0, 0x0,

    /* U+303E "〾" */
    0xda, 0xdb, 0x60, 0x0, 0x2, 0x0, 0x0, 0x80,
    0x0, 0x0, 0x0, 0x1, 0x3, 0x8, 0x41, 0x9e,
    0x4, 0x1, 0x1, 0x0, 0x20, 0x0, 0x8, 0x2,
    0xf, 0xe0, 0x83, 0xfe, 0x0, 0x10, 0x1, 0x2,
    0x0, 0x40, 0x0, 0x0, 0x0, 0x0, 0x80, 0x0,
    0x20, 0x0, 0x3, 0x6b, 0x6d, 0x80,

    /* U+3042 "あ" */
    0x1, 0x0, 0x1, 0x80, 0x0, 0xc3, 0xf, 0xff,
    0x87, 0xfe, 0x0, 0x18, 0x0, 0xc, 0x0, 0x5,
    0xf0, 0x7, 0xfe, 0xf, 0x1f, 0x8f, 0x98, 0xee,
    0xd8, 0x3e, 0x6c, 0x1e, 0x1c, 0xf, 0xc, 0x7,
    0x9e, 0x7, 0xfd, 0x7, 0x38, 0xf, 0x0, 0x1e,
    0x0, 0x0, 0x0,

    /* U+4E00 "一" */
    0xff, 0xff, 0xff, 0xff, 0xff, 0xc0,

    /* U+4E03 "七" */
    0x0, 0xc0, 0x0, 0x3, 0x0, 0x0, 0xc, 0x0,
    0x0, 0x30, 0x0, 0x0, 0xc0, 0x8, 0x3, 0x1,
    0xe0, 0xc, 0x7f, 0x80, 0x3f, 0xe0, 0xf, 0xf0,
    0x3, 0xff, 0x0, 0xf, 0xc, 0x0, 0x0, 0x30,
    0x0, 0x0, 0xc0, 0x0, 0x3, 0x0, 0x0, 0xc,
    0x0, 0x0, 0x30, 0x4, 0x0, 0xc0, 0x18, 0x3,
    0x0, 0xe0, 0x7, 0xff, 0x0,

    /* U+4E07 "万" */
    0x7f, 0xff, 0xf8, 0xc, 0x0, 0x0, 0x60, 0x0,
    0x3, 0x0, 0x0, 0x18, 0x0, 0x0, 0xc0, 0x0,
    0x7, 0xff, 0x0, 0x70, 0x18, 0x3, 0x0, 0xc0,
    0x18, 0x6, 0x0, 0xc0, 0x30, 0xc, 0x1, 0x80,
    0x60, 0xc, 0x6, 0x0, 0x60, 0x70, 0x3, 0x3,
    0x0, 0x18, 0x38, 0x1, 0xc7, 0x80, 0x7c, 0x18,
    0x3, 0x80,

    /* U+4E09 "三" */
    0x3f, 0xff, 0xe1, 0xff, 0xff, 0x0, 0x0, 0x0,
    0x0, 0x0, 0x0, 0x0, 0x0, 0x0, 0x0, 0x0,
    0x0, 0x0, 0x3, 0xff, 0xf0, 0x1f, 0xff, 0x80,
    0x0, 0x0, 0x0, 0x0, 0x0, 0x0, 0x0, 0x0,
    0x0, 0x0, 0x0, 0x0, 0x0, 0x0, 0x0, 0x0,
    0x0, 0x0, 0xff, 0xff, 0xff, 0xff, 0xff, 0xc0,

    /* U+4E0A "上" */
    0x0, 0x60, 0x0, 0x1, 0x80, 0x0, 0x6, 0x0,
    0x0, 0x18, 0x0, 0x0, 0x60, 0x0, 0x1, 0x80,
    0x0, 0x6, 0x0, 0x0, 0x1f, 0xfc, 0x0, 0x7f,
    0xf0, 0x1, 0x80, 0x0, 0x6, 0x0, 0x0, 0x18,
    0x0, 0x0, 0x60, 0x0, 0x1, 0x80, 0x0, 0x6,
    0x0, 0x0, 0x18, 0x0, 0x0, 0x60, 0x0, 0x1,
    0x80, 0xf, 0xff, 0xff, 0xff, 0xff, 0xff,

    /* U+4E0B "下" */
    0xff, 0xff, 0xff, 0xff, 0xff, 0xc0, 0x18, 0x0,
    0x0, 0xc0, 0x0, 0x6, 0x0, 0x0, 0x30, 0x0,
    0x1, 0x80, 0x0, 0xc, 0xc0, 0x0, 0x67, 0x0,
    0x3, 0x1c, 0x0, 0x18, 0x70, 0x0, 0xc1, 0xc0,
    0x6, 0x7, 0x0, 0x30, 0x30, 0x1, 0x80, 0x0,
    0xc, 0x0, 0x0, 0x60, 0x0, 0x3, 0x0, 0x0,
    0x18, 0x0, 0x0, 0xc0, 0x0,

    /* U+4E0D "不" */
    0x7f, 0xff, 0xfb, 0xff, 0xff, 0xc0, 0xe, 0x0,
    0x0, 0x60, 0x0, 0x6, 0x0, 0x0, 0x30, 0x0,
    0x3, 0x80, 0x0, 0x3c, 0xc0, 0x3, 0x63, 0x0,
    0x3b, 0xc, 0x3, 0x98, 0x70, 0x38, 0xc1, 0xc3,
    0x86, 0x7, 0x70, 0x30, 0x19, 0x1, 0x80, 0x0,
    0xc, 0x0, 0x0, 0x60, 0x0, 0x3, 0x0, 0x0,
    0x18, 0x0, 0x0, 0xc0, 0x0, 0x6, 0x0, 0x0,

    /* U+4E0E "与" */
    0xc, 0x0, 0x1, 0x80, 0x0, 0x18, 0x0, 0x1,
    0xff, 0xff, 0x18, 0x0, 0x1, 0x80, 0x0, 0x18,
    0x0, 0x1, 0x80, 0x0, 0x18, 0x0, 0x3, 0xff,
    0xfe, 0x0, 0x0, 0x60, 0x0, 0x6, 0x0, 0x0,
    0x60, 0x0, 0x6, 0xff, 0xfe, 0x6f, 0xff, 0xe6,
    0x0, 0x0, 0x40, 0x0, 0xc, 0x0, 0x0, 0xc0,
    0x0, 0xfc, 0x0, 0xf, 0x80, 0x0, 0x0,

    /* U+4E13 "专" */
    0x0, 0x60, 0x0, 0x3, 0x0, 0x0, 0x18, 0x0,
    0x0, 0xc0, 0x3, 0xff, 0xfe, 0x0, 0x60, 0x0,
    0x3, 0x0, 0x0, 0x10, 0x0, 0xff, 0xff, 0xff,
    0xff, 0xff, 0xc0, 0x60, 0x0, 0x6, 0x0, 0x0,
    0x30, 0x0, 0x3, 0xff, 0xe0, 0xf, 0xff, 0x0,
    0x0, 0x70, 0x0, 0x3, 0x0, 0x8, 0x30, 0x0,
    0xf3, 0x0, 0x3, 0xf0, 0x0, 0x3, 0xe0, 0x0,
    0x3, 0x80, 0x0, 0x0, 0x0,

    /* U+4E14 "且" */
    0x7, 0xff, 0x80, 0x18, 0x6, 0x0, 0x60, 0x18,
    0x1, 0x80, 0x60, 0x6, 0x1, 0x80, 0x18, 0x6,
    0x0, 0x7f, 0xf8, 0x1, 0x80, 0x60, 0x6, 0x1,
    0x80, 0x18, 0x6, 0x0, 0x60, 0x18, 0x1, 0x80,
    0x60, 0x7, 0xff, 0x80, 0x18, 0x6, 0x0, 0x60,
    0x18, 0x1, 0x80, 0x60, 0x6, 0x1, 0x80, 0x18,
    0x6, 0xf, 0xff, 0xff, 0xc0,

    /* U+4E1C "东" */
    0x0, 0x60, 0x0, 0x7, 0x0, 0x0, 0x30, 0x0,
    0x3, 0x80, 0x7, 0xff, 0xff, 0x1, 0x80, 0x0,
    0x1c, 0x0, 0x0, 0xc7, 0x0, 0xc, 0x38, 0x0,
    0xe1, 0xc0, 0xe, 0xe, 0x0, 0x7f, 0xff, 0xe0,
    0x3, 0x80, 0x0, 0x1c, 0x0, 0x18, 0xe2, 0x1,
    0xc7, 0x38, 0x1c, 0x38, 0xe1, 0xc1, 0xc3, 0x9c,
    0xe, 0xe, 0xc1, 0xe0, 0x20, 0xf, 0x0, 0x0,

    /* U+4E1D "丝" */
    0x6, 0x1, 0xc0, 0x30, 0xc, 0x3, 0x0, 0xc0,
    0x18, 0x6, 0x1, 0x80, 0x60, 0xc, 0x73, 0x18,
    0xc3, 0x31, 0xcc, 0x33, 0xc, 0x7f, 0x1f, 0xc0,
    0x18, 0xc, 0x1, 0x80, 0xc0, 0x18, 0xe, 0x1,
    0x80, 0x60, 0x19, 0xef, 0xf9, 0xff, 0x7f, 0x8e,
    0x0, 0x0, 0x0, 0x0, 0x0, 0x0, 0x0, 0x3f,
    0xff, 0xff, 0xff, 0xff, 0xf0,

    /* U+4E22 "丢" */
    0x0, 0x0, 0x20, 0x0, 0x3f, 0x83, 0xff, 0xf0,
    0x0, 0xc, 0x0, 0x0, 0x30, 0x0, 0x0, 0xc0,
    0x3, 0xff, 0xfe, 0x0, 0xc, 0x0, 0x0, 0x30,
    0x0, 0x0, 0xc0, 0x0, 0x3, 0x0, 0x3f, 0xff,
    0xff, 0x0, 0xc0, 0x0, 0x3, 0x0, 0x0, 0x1c,
    0x20, 0x0, 0x60, 0xc0, 0x3, 0x3, 0x80, 0x18,
    0x7, 0x0, 0xc0, 0xe, 0x7, 0xff, 0xfc, 0x0,
    0x0, 0x30,

    /* U+4E24 "两" */
    0xff, 0xff, 0xf8, 0xc, 0x30, 0x0, 0x61, 0x80,
    0x3, 0xc, 0x0, 0x18, 0x60, 0x3f, 0xff, 0xf9,
    0x84, 0x18, 0xcc, 0x60, 0x86, 0x63, 0xc, 0x33,
    0x1c, 0x61, 0x99, 0xb3, 0xcc, 0xcc, 0xb7, 0x66,
    0xc1, 0x9f, 0x36, 0x18, 0x59, 0x81, 0xc0, 0xcc,
    0x4, 0x6, 0x60, 0x0, 0x33, 0x0, 0x1, 0x98,
    0x0, 0x7c, 0xc0, 0x3, 0x80,

    /* U+4E25 "严" */
    0x3f, 0xff, 0xf0, 0xc, 0xc0, 0x0, 0xcc, 0x1,
    0x8c, 0xc6, 0x18, 0xcc, 0xc0, 0xcc, 0xcc, 0xc,
    0xcc, 0x80, 0xc, 0xc0, 0x3f, 0xff, 0xf3, 0x0,
    0x0, 0x30, 0x0, 0x3, 0x0, 0x0, 0x30, 0x0,
    0x3, 0x0, 0x0, 0x30, 0x0, 0x6, 0x0, 0x0,
    0x60, 0x0, 0xe, 0x0, 0x0, 0xc0, 0x0, 0x4,
    0x0, 0x0,

    /* U+4E2A "个" */
    0x0, 0x30, 0x0, 0x0, 0xc0, 0x0, 0x7, 0x80,
    0x0, 0x3e, 0x0, 0x0, 0xcc, 0x0, 0x6, 0x18,
    0x0, 0x30, 0x38, 0x3, 0x8c, 0x70, 0x1c, 0x30,
    0xf1, 0xe0, 0xc1, 0xf7, 0x3, 0x1, 0x80, 0xc,
    0x0, 0x0, 0x30, 0x0, 0x0, 0xc0, 0x0, 0x3,
    0x0, 0x0, 0xc, 0x0, 0x0, 0x30, 0x0, 0x0,
    0xc0, 0x0, 0x3, 0x0, 0x0, 0xc, 0x0, 0x0,
    0x30, 0x0, 0x0, 0xc0, 0x0,

    /* U+4E2D "中" */
    0x0, 0xc0, 0x0, 0x30, 0x0, 0xc, 0x0, 0x3,
    0x0, 0x0, 0xc0, 0x3f, 0xff, 0xfc, 0xc, 0xf,
    0x3, 0x3, 0xc0, 0xc0, 0xf0, 0x30, 0x3c, 0xc,
    0xf, 0x3, 0x3, 0xff, 0xff, 0xf0, 0x30, 0x30,
    0xc, 0x0, 0x3, 0x0, 0x0, 0xc0, 0x0, 0x30,
    0x0, 0xc, 0x0, 0x3, 0x0, 0x0, 0xc0, 0x0,

    /* U+4E32 "串" */
    0x0, 0xc0, 0x0, 0x30, 0x0, 0xc, 0x1, 0xff,
    0xfe, 0x60, 0xc1, 0x98, 0x30, 0x66, 0xc, 0x19,
    0xff, 0xfe, 0x0, 0xc0, 0x0, 0x30, 0x0, 0xc,
    0x3, 0xff, 0xff, 0xc0, 0xc0, 0xf0, 0x30, 0x3c,
    0xc, 0xf, 0x3, 0x3, 0xff, 0xff, 0xf0, 0x30,
    0x30, 0xc, 0x0, 0x3, 0x0, 0x0, 0xc0, 0x0,

    /* U+4E3A "为" */
    0x0, 0x30, 0x0, 0x41, 0x80, 0x7, 0xc, 0x0,
    0x1c, 0x60, 0x0, 0x73, 0x0, 0x1, 0x10, 0x0,
    0x1, 0x80, 0x7, 0xff, 0xff, 0x0, 0x60, 0x18,
    0x3, 0x0, 0xc0, 0x30, 0x6, 0x1, 0x90, 0x60,
    0xd, 0xe3, 0x0, 0xc3, 0x98, 0xe, 0xc, 0xc0,
    0xe0, 0x26, 0x6, 0x0, 0x30, 0xe0, 0x1, 0x8e,
    0x0, 0x1c, 0xe0, 0xf, 0xc2, 0x0, 0x3c, 0x0,

    /* U+4E3B "主" */
    0x0, 0x40, 0x0, 0x3, 0x80, 0x0, 0x7, 0x0,
    0x0, 0xe, 0x0, 0x0, 0x10, 0x1, 0xff, 0xff,
    0xe0, 0x3, 0x0, 0x0, 0xc, 0x0, 0x0, 0x30,
    0x0, 0x0, 0xc0, 0x0, 0x3, 0x0, 0x7, 0xff,
    0xf8, 0x0, 0x30, 0x0, 0x0, 0xc0, 0x0, 0x3,
    0x0, 0x0, 0xc, 0x0, 0x0, 0x30, 0x0, 0x0,
    0xc0, 0x0, 0x3, 0x0, 0x3f, 0xff, 0xff,

    /* U+4E48 "么" */
    0x0, 0x60, 0x0, 0x1, 0x80, 0x0, 0xe, 0x0,
    0x0, 0x30, 0x0, 0x1, 0x84, 0x0, 0xe, 0x18,
    0x0, 0x70, 0xe0, 0x3, 0x83, 0x0, 0x1c, 0x1c,
    0x0, 0xe0, 0xe0, 0x7, 0x3, 0x0, 0x18, 0x18,
    0x20, 0x0, 0xc1, 0x80, 0x6, 0x7, 0x0, 0x30,
    0xe, 0x1, 0x80, 0x18, 0xc, 0x0, 0x70, 0xff,
    0xff, 0xe3, 0xf8, 0x1, 0x80, 0x0, 0x6,

    /* U+4E49 "义" */
    0x0, 0xe0, 0x0, 0x1, 0x80, 0x0, 0x87, 0xe,
    0x3, 0xc, 0x30, 0xc, 0x30, 0xc0, 0x30, 0x46,
    0x0, 0x60, 0x18, 0x1, 0x80, 0xe0, 0x3, 0x3,
    0x0, 0xc, 0x1c, 0x0, 0x18, 0x60, 0x0, 0x73,
    0x80, 0x0, 0xdc, 0x0, 0x3, 0xe0, 0x0, 0x7,
    0x0, 0x0, 0x3e, 0x0, 0x1, 0xde, 0x0, 0x1e,
    0x1e, 0x1, 0xe0, 0x3f, 0x3f, 0x0, 0x3e, 0x60,
    0x0, 0x38,

    /* U+4E4B "之" */
    0x0, 0x0, 0x0, 0x7, 0x0, 0x0, 0xe, 0x0,
    0x0, 0x1c, 0x0, 0x0, 0x20, 0x0, 0x0, 0x0,
    0x7, 0xff, 0xfc, 0x1f, 0xff, 0xf0, 0x0, 0x3,
    0x80, 0x0, 0x18, 0x0, 0x1, 0xc0, 0x0, 0xe,
    0x0, 0x0, 0x70, 0x0, 0x3, 0x80, 0x0, 0x1c,
    0x0, 0x0, 0xe0, 0x0, 0x7, 0x0, 0x0, 0x78,
    0x0, 0x3, 0xf0, 0x0, 0x38, 0x78, 0x0, 0x60,
    0xff, 0xf8, 0x0, 0x7f, 0xe0,

    /* U+4E5D "九" */
    0x0, 0x0, 0x0, 0xc, 0x0, 0x0, 0x60, 0x0,
    0x3, 0x0, 0x0, 0x18, 0x0, 0x0, 0xc0, 0x0,
    0x7f, 0xf8, 0xf, 0xff, 0xc0, 0x71, 0x86, 0x0,
    0xc, 0x30, 0x0, 0xc1, 0x80, 0x6, 0xc, 0x0,
    0x30, 0x60, 0x1, 0x83, 0x0, 0x18, 0x18, 0x0,
    0xc0, 0xc0, 0xe, 0x6, 0x0, 0x60, 0x30, 0xc6,
    0x1, 0x8e, 0x70, 0xc, 0x77, 0x0, 0x7f, 0x70,
    0x1, 0xf8, 0x0, 0x0, 0x0,

    /* U+4E5F "也" */
    0x0, 0x60, 0x0, 0x3, 0x0, 0x6, 0x18, 0x0,
    0x30, 0xc0, 0x1, 0x86, 0xc, 0xc, 0x33, 0xe0,
    0x61, 0xff, 0x3, 0x7e, 0x18, 0x3f, 0x60, 0xc7,
    0xc3, 0x6, 0x36, 0x18, 0x20, 0x30, 0xc3, 0x1,
    0x86, 0x18, 0xc, 0x37, 0xc0, 0x61, 0x9c, 0x3,
    0xc, 0x80, 0x18, 0x60, 0x30, 0xc0, 0x1, 0x86,
    0x0, 0xc, 0x1f, 0xff, 0xe0,

    /* U+4E66 "书" */
    0x0, 0xc1, 0x0, 0xc, 0x18, 0x0, 0xc0, 0xc0,
    0xc, 0x6, 0x0, 0xc0, 0x33, 0xff, 0xf8, 0x0,
    0xc1, 0x80, 0xc, 0x18, 0x0, 0xc1, 0x80, 0xc,
    0x18, 0x0, 0xc1, 0x8f, 0xff, 0xff, 0xff, 0xff,
    0xf0, 0xc, 0x3, 0x0, 0xc0, 0x30, 0xc, 0x3,
    0x0, 0xc0, 0x30, 0xc, 0x1e, 0x0, 0xc1, 0xe0,
    0xc, 0x0, 0x0, 0xc0, 0x0,

    /* U+4E71 "乱" */
    0x0, 0x66, 0x0, 0xf, 0x98, 0x3, 0xfe, 0x60,
    0x3f, 0x81, 0x80, 0x6, 0x6, 0x0, 0x18, 0x18,
    0x0, 0x60, 0x60, 0x3f, 0xfd, 0x80, 0x6, 0x6,
    0x0, 0x18, 0x18, 0x0, 0x60, 0x60, 0x1, 0x81,
    0x80, 0x7f, 0xe6, 0x1, 0x81, 0x98, 0x6, 0x6,
    0x60, 0x18, 0x19, 0x80, 0x60, 0x66, 0x1, 0x81,
    0x98, 0x37, 0xfe, 0x61, 0x98, 0x19, 0xfe, 0x60,
    0x63, 0xf8,

    /* U+4E86 "了" */
    0xff, 0xff, 0xff, 0xff, 0xf0, 0x0, 0x3c, 0x0,
    0x3c, 0x0, 0x1c, 0x0, 0x1c, 0x0, 0xe, 0x0,
    0x3, 0x0, 0x0, 0xc0, 0x0, 0x30, 0x0, 0xc,
    0x0, 0x3, 0x0, 0x0, 0xc0, 0x0, 0x30, 0x0,
    0xc, 0x0, 0x3, 0x0, 0x0, 0xc0, 0x0, 0x30,
    0x0, 0xfc, 0x0, 0x1e, 0x0, 0x4, 0x0, 0x0,

    /* U+4E89 "争" */
    0x0, 0x0, 0x0, 0x38, 0x0, 0x1, 0x80, 0x0,
    0x1f, 0xfc, 0x1, 0x80, 0xc0, 0x18, 0xc, 0x1,
    0xc0, 0x60, 0x1f, 0xff, 0xf8, 0x0, 0x60, 0xc0,
    0x3, 0x6, 0x0, 0x18, 0x31, 0xff, 0xff, 0xf0,
    0x6, 0xc, 0x0, 0x30, 0x60, 0x1, 0x83, 0x7,
    0xff, 0xf8, 0x0, 0x60, 0xc0, 0x3, 0x0, 0x0,
    0x18, 0x0, 0x0, 0xc0, 0x0, 0x3e, 0x0, 0x0,
    0xf0, 0x0,

    /* U+4E8B "事" */
    0x0, 0x60, 0x0, 0x3, 0x0, 0x3f, 0xff, 0xfe,
    0x0, 0xc0, 0x3, 0xff, 0xf8, 0x18, 0x30, 0xc0,
    0xc1, 0x86, 0x6, 0xc, 0x30, 0x3f, 0xff, 0x80,
    0x3, 0x0, 0x1f, 0xff, 0xe0, 0x0, 0xc3, 0x0,
    0x6, 0x18, 0x7f, 0xff, 0xf8, 0x1, 0x86, 0x0,
    0xc, 0x30, 0x7f, 0xff, 0x80, 0x3, 0xc, 0x0,
    0x18, 0x0, 0x7, 0xc0, 0x0, 0x18, 0x0, 0x0,

    /* U+4E8C "二" */
    0x3f, 0xff, 0xe1, 0xff, 0xff, 0x0, 0x0, 0x0,
    0x0, 0x0, 0x0, 0x0, 0x0, 0x0, 0x0, 0x0,
    0x0, 0x0, 0x0, 0x0, 0x0, 0x0, 0x0, 0x0,
    0x0, 0x0, 0x0, 0x0, 0x0, 0x0, 0x0, 0x0,
    0x0, 0x0, 0x0, 0x0, 0x3, 0xff, 0xff, 0xff,
    0xff, 0xff,

    /* U+4E8E "于" */
    0x3f, 0xff, 0xe0, 0x0, 0xc0, 0x0, 0x3, 0x0,
    0x0, 0xc, 0x0, 0x0, 0x30, 0x0, 0x0, 0xc0,
    0x0, 0x3, 0x0, 0x3f, 0xff, 0xff, 0xff, 0xff,
    0xfc, 0x0, 0xc0, 0x0, 0x3, 0x0, 0x0, 0xc,
    0x0, 0x0, 0x30, 0x0, 0x0, 0xc0, 0x0, 0x3,
    0x0, 0x0, 0xc, 0x0, 0x0, 0x30, 0x0, 0x0,
    0xc0, 0x0, 0x1f, 0x0, 0x0, 0x78, 0x0,

    /* U+4E91 "云" */
    0x1f, 0xff, 0xc0, 0xff, 0xfe, 0x0, 0x0, 0x0,
    0x0, 0x0, 0x0, 0x0, 0x0, 0x0, 0x0, 0x0,
    0x0, 0x0, 0x1f, 0xff, 0xff, 0x0, 0x80, 0x0,
    0x6, 0x0, 0x0, 0x60, 0x0, 0x7, 0x4, 0x0,
    0x30, 0x70, 0x3, 0x1, 0x80, 0x30, 0x6, 0x1,
    0x80, 0x38, 0x18, 0x7f, 0xe1, 0xff, 0xff, 0x8f,
    0x0, 0x8,

    /* U+4E92 "互" */
    0x7f, 0xff, 0xf0, 0x8, 0x0, 0x0, 0xc0, 0x0,
    0x6, 0x0, 0x0, 0x30, 0x0, 0x1, 0xff, 0xc0,
    0x8, 0x6, 0x0, 0xc0, 0x20, 0x6, 0x3, 0x0,
    0x30, 0x18, 0x1, 0x80, 0xc0, 0x1f, 0xfe, 0x0,
    0x0, 0x30, 0x0, 0x1, 0x80, 0x0, 0x18, 0x0,
    0x0, 0xc0, 0x0, 0x6, 0x7, 0xff, 0xff, 0xc0,

    /* U+4E94 "五" */
    0x7f, 0xff, 0xe0, 0x6, 0x0, 0x0, 0x30, 0x0,
    0x1, 0x0, 0x0, 0x8, 0x0, 0x0, 0xc0, 0x0,
    0xff, 0xfc, 0x0, 0x30, 0x60, 0x1, 0x83, 0x0,
    0xc, 0x18, 0x0, 0x60, 0xc0, 0x2, 0x6, 0x0,
    0x30, 0x30, 0x1, 0x81, 0x80, 0xc, 0xc, 0x0,
    0x60, 0x60, 0xff, 0xff, 0xff, 0xff, 0xff, 0xc0,

    /* U+4E9B "些" */
    0x2, 0x18, 0x0, 0x10, 0xc0, 0x0, 0x86, 0x0,
    0x4, 0x30, 0x42, 0x3d, 0x9f, 0x11, 0xf, 0x80,
    0x88, 0x70, 0x4, 0x43, 0x0, 0x22, 0x18, 0x1,
    0x16, 0xc0, 0xcb, 0xf2, 0xd, 0xfc, 0x1f, 0xee,
    0x0, 0x0, 0x0, 0x0, 0x0, 0x0, 0x0, 0x3,
    0xff, 0xf8, 0x0, 0x0, 0x0, 0x0, 0x0, 0x0,
    0x0, 0x1, 0xff, 0xff, 0xf0,

    /* U+4EA4 "交" */
    0x0, 0x60, 0x0, 0x3, 0x80, 0x0, 0xc, 0x0,
    0x0, 0x60, 0x7, 0xff, 0xff, 0xbf, 0xff, 0xfc,
    0x8, 0x4, 0x0, 0xe0, 0xf0, 0xe, 0x1, 0xc0,
    0xe0, 0x7, 0xe, 0x40, 0xdc, 0x66, 0x6, 0x40,
    0x18, 0x60, 0x0, 0xc3, 0x0, 0x3, 0x30, 0x0,
    0x1f, 0x0, 0x0, 0x70, 0x0, 0x7, 0xc0, 0x0,
    0xf7, 0x80, 0x3e, 0xf, 0xc7, 0xc0, 0x1f, 0xb8,
    0x0, 0x18,

    /* U+4EA7 "产" */
    0x0, 0x30, 0x0, 0x0, 0xe0, 0x0, 0x1, 0x80,
    0x7, 0xff, 0xfe, 0x0, 0x0, 0x0, 0xe, 0x7,
    0x0, 0x18, 0x18, 0x0, 0x30, 0x60, 0x0, 0x83,
    0x0, 0x7f, 0xff, 0xf1, 0x80, 0x0, 0x6, 0x0,
    0x0, 0x18, 0x0, 0x0, 0x60, 0x0, 0x1, 0x0,
    0x0, 0xc, 0x0, 0x0, 0x30, 0x0, 0x1, 0x80,
    0x0, 0x6, 0x0, 0x0, 0x30, 0x0, 0x0, 0x40,
    0x0, 0x0,

    /* U+4EAB "享" */
    0x0, 0x0, 0x0, 0x0, 0xc0, 0x0, 0x3, 0x0,
    0x1f, 0xff, 0xfe, 0x0, 0x0, 0x0, 0x0, 0x0,
    0x0, 0xff, 0xfc, 0x3, 0x0, 0x30, 0xc, 0x0,
    0xc0, 0x3f, 0xff, 0x0, 0x0, 0x0, 0x0, 0x0,
    0x0, 0x1f, 0xff, 0xe0, 0x0, 0xf, 0x0, 0x0,
    0xe0, 0x0, 0xe, 0x0, 0xff, 0xff, 0xfc, 0x0,
    0xc0, 0x0, 0x3, 0x0, 0x0, 0xc, 0x0, 0x0,
    0xf0, 0x0, 0x1, 0x80, 0x0,

    /* U+4EAC "京" */
    0x0, 0xe0, 0x0, 0x3, 0x0, 0x0, 0xc, 0x1,
    0xff, 0xff, 0xf0, 0x0, 0x0, 0x0, 0x0, 0x0,
    0x3f, 0xff, 0x1, 0x80, 0x18, 0xc, 0x0, 0xc0,
    0x60, 0x6, 0x3, 0x0, 0x30, 0x18, 0x1, 0x80,
    0xff, 0xfc, 0x0, 0x18, 0x0, 0x18, 0xc4, 0x1,
    0xc6, 0x70, 0x1c, 0x31, 0xc1, 0xc1, 0x87, 0x1c,
    0xc, 0x1e, 0x81, 0xe0, 0x60, 0x1e, 0x0, 0x0,
    0x0, 0x0,

    /* U+4EAE "亮" */
    0x0, 0x60, 0x0, 0x3, 0x0, 0x1f, 0xff, 0xfe,
    0x0, 0x0, 0x0, 0x0, 0x0, 0x7, 0xff, 0xc0,
    0x30, 0x6, 0x1, 0x80, 0x30, 0xf, 0xff, 0x80,
    0x0, 0x0, 0x0, 0x0, 0x1, 0xff, 0xff, 0xfc,
    0x0, 0x1, 0xe0, 0x0, 0xc, 0xf, 0xf0, 0x0,
    0x61, 0x80, 0x3, 0xc, 0x0, 0x18, 0x60, 0x81,
    0x83, 0x6, 0x18, 0x18, 0x37, 0x80, 0xff, 0x10,
    0x0, 0x0,

    /* U+4EBA "人" */
    0x0, 0x60, 0x0, 0x3, 0x0, 0x0, 0x18, 0x0,
    0x0, 0xc0, 0x0, 0x6, 0x0, 0x0, 0x30, 0x0,
    0x1, 0x80, 0x0, 0xc, 0x0, 0x0, 0xf0, 0x0,
    0x7, 0x80, 0x0, 0x36, 0x0, 0x1, 0xb0, 0x0,
    0x18, 0xc0, 0x1, 0xc6, 0x0, 0xc, 0x18, 0x0,
    0xc0, 0xe0, 0xe, 0x3, 0x80, 0xe0, 0xe, 0x1e,
    0x0, 0x3d, 0xc0, 0x0, 0xf4, 0x0, 0x1, 0x0,

    /* U+4EBF "亿" */
    0x0, 0x0, 0x0, 0xc, 0x0, 0x0, 0x60, 0x0,
    0x1, 0xbf, 0xf8, 0xc, 0xff, 0xe0, 0x30, 0x7,
    0x0, 0xc0, 0x18, 0x7, 0x0, 0xe0, 0x3c, 0x7,
    0x0, 0xf0, 0x18, 0x6, 0xc0, 0xe0, 0x3b, 0x3,
    0x0, 0x4c, 0x18, 0x0, 0x30, 0xe0, 0x0, 0xc3,
    0x0, 0x3, 0x1c, 0x0, 0xc, 0x60, 0x0, 0x31,
    0x80, 0x20, 0xce, 0x1, 0xc3, 0x30, 0x6, 0xc,
    0x60, 0x18, 0x30, 0xff, 0xc0,

    /* U+4EC0 "什" */
    0x0, 0x6, 0x0, 0xc, 0x18, 0x0, 0x70, 0x60,
    0x1, 0x81, 0x80, 0xc, 0x6, 0x0, 0x30, 0x18,
    0x0, 0xc0, 0x60, 0x7, 0x1, 0x80, 0x3d, 0xff,
    0xfc, 0xf7, 0xff, 0xf6, 0xc0, 0x60, 0x3b, 0x1,
    0x80, 0x4c, 0x6, 0x0, 0x30, 0x18, 0x0, 0xc0,
    0x60, 0x3, 0x1, 0x80, 0xc, 0x6, 0x0, 0x30,
    0x18, 0x0, 0xc0, 0x60, 0x3, 0x1, 0x80, 0xc,
    0x6, 0x0, 0x30, 0x18, 0x0,

    /* U+4EC5 "仅" */
    0x6, 0x0, 0x0, 0x30, 0x0, 0x0, 0xdf, 0xff,
    0x6, 0x18, 0x18, 0x18, 0x60, 0x60, 0xe1, 0x81,
    0x83, 0x86, 0xe, 0x1e, 0xc, 0x30, 0xd8, 0x30,
    0xc3, 0x60, 0xc7, 0x1, 0x81, 0x98, 0x6, 0x6,
    0xe0, 0x18, 0x1f, 0x0, 0x60, 0x38, 0x1, 0x80,
    0xe0, 0x6, 0x7, 0xe0, 0x18, 0x39, 0xc0, 0x63,
    0xc3, 0xc1, 0x9c, 0x7, 0xc6, 0xe0, 0xe, 0x19,
    0x0, 0x8,

    /* U+4ECD "仍" */
    0x0, 0x0, 0x0, 0xc, 0x0, 0x0, 0x2f, 0xff,
    0x1, 0x86, 0x1c, 0x4, 0x18, 0x60, 0x30, 0x61,
    0x81, 0xc1, 0x86, 0x7, 0x6, 0x18, 0x3c, 0x18,
    0x61, 0xf0, 0x63, 0xfe, 0xc1, 0x80, 0xc3, 0xc,
    0x3, 0xc, 0x30, 0x8, 0x30, 0xc0, 0x60, 0xc3,
    0x1, 0x83, 0x18, 0x6, 0xc, 0x60, 0x18, 0x33,
    0x0, 0x60, 0xcc, 0x1, 0x83, 0x60, 0x7e, 0xd,
    0x80, 0xf0, 0x30, 0x0, 0x0,

    /* U+4ECE "从" */
    0x4, 0x6, 0x0, 0x18, 0x18, 0x0, 0x60, 0x60,
    0x1, 0x81, 0x80, 0x6, 0x6, 0x0, 0x18, 0x18,
    0x0, 0x60, 0x60, 0x1, 0x81, 0x80, 0x6, 0x6,
    0x0, 0x18, 0x18, 0x0, 0x70, 0xf0, 0x3, 0x63,
    0xc0, 0xd, 0xcd, 0x0, 0x33, 0xe6, 0x1, 0x85,
    0x98, 0x6, 0x6, 0x30, 0x30, 0x30, 0xe1, 0xc1,
    0x81, 0xce, 0xe, 0x3, 0x90, 0x70, 0xe, 0x0,
    0x80, 0x10,

    /* U+4ED6 "他" */
    0x4, 0x6, 0x0, 0x18, 0x18, 0x0, 0xc0, 0x60,
    0x3, 0x1, 0x80, 0x18, 0xc6, 0x0, 0x63, 0x18,
    0xc3, 0x8c, 0x7f, 0xe, 0x33, 0xec, 0x78, 0xfe,
    0x33, 0x7f, 0x98, 0xcd, 0xac, 0x63, 0x6, 0x31,
    0x8c, 0x18, 0xc6, 0x30, 0x63, 0x1b, 0xc1, 0x8c,
    0x6c, 0x6, 0x31, 0x80, 0x18, 0xc6, 0x8, 0x63,
    0x0, 0x31, 0x8c, 0x1, 0x86, 0x1f, 0xfe, 0x18,
    0x0, 0x0,

    /* U+4EE3 "代" */
    0x0, 0x0, 0x0, 0xc, 0x70, 0x0, 0x61, 0xcc,
    0x1, 0x83, 0x38, 0x6, 0xc, 0x70, 0x30, 0x30,
    0x0, 0xc0, 0xc0, 0x7, 0x3, 0xe, 0x1c, 0xf,
    0xf8, 0xf7, 0xfc, 0x6, 0xce, 0xc0, 0x3b, 0x3,
    0x0, 0x4c, 0x6, 0x0, 0x30, 0x18, 0x0, 0xc0,
    0x60, 0x3, 0x0, 0xc0, 0xc, 0x3, 0x0, 0x30,
    0x6, 0x20, 0xc0, 0x1c, 0xc3, 0x0, 0x3b, 0xc,
    0x0, 0x7c, 0x30, 0x0, 0x60,

    /* U+4EE4 "令" */
    0x0, 0x30, 0x0, 0x0, 0x60, 0x0, 0x1, 0xe0,
    0x0, 0x7, 0x60, 0x0, 0x1c, 0xe0, 0x0, 0x70,
    0xf0, 0x1, 0xc8, 0x70, 0x7, 0x38, 0x78, 0x3c,
    0x38, 0x7d, 0xf0, 0x38, 0x3d, 0x80, 0x20, 0x10,
    0x0, 0x0, 0x1, 0xff, 0xff, 0x3, 0xff, 0xfe,
    0x0, 0x0, 0x38, 0x0, 0x0, 0xe0, 0x0, 0x3,
    0x0, 0x3, 0xc, 0x0, 0x7, 0xf0, 0x0, 0x3,
    0xc0, 0x0, 0x1, 0xe0, 0x0, 0x1, 0xc0, 0x0,
    0x0, 0x80, 0x0,

    /* U+4EE5 "以" */
    0x0, 0x0, 0x0, 0x18, 0xe, 0x0, 0xe0, 0x70,
    0xc3, 0x83, 0x86, 0xe, 0x18, 0x30, 0x30, 0xc1,
    0x80, 0x86, 0xc, 0x0, 0x30, 0x60, 0x1, 0x83,
    0x0, 0xc, 0x18, 0x0, 0xe0, 0xc2, 0x6, 0x6,
    0x38, 0x30, 0x33, 0x83, 0x81, 0xb8, 0x3c, 0xf,
    0x81, 0xf0, 0x78, 0x19, 0xc3, 0x83, 0x87, 0x18,
    0x38, 0x1c, 0xf, 0x80, 0x70, 0x70, 0x0, 0x0,
    0x0, 0x0,

    /* U+4EEC "们" */
    0x6, 0x0, 0x0, 0x73, 0x0, 0x3, 0xc, 0x0,
    0x10, 0x77, 0xf1, 0x81, 0x1, 0x8c, 0x60, 0xc,
    0xe3, 0x0, 0x6f, 0x18, 0x3, 0x78, 0xc0, 0x1e,
    0xc6, 0x0, 0xc6, 0x30, 0x6, 0x31, 0x80, 0x31,
    0x8c, 0x1, 0x8c, 0x60, 0xc, 0x63, 0x0, 0x63,
    0x18, 0x3, 0x18, 0xc0, 0x18, 0xc6, 0x0, 0xc6,
    0x30, 0x6, 0x31, 0x81, 0xf1, 0x8c, 0x6, 0x0,

    /* U+4EF6 "件" */
    0x0, 0x0, 0x0, 0xc, 0xc, 0x0, 0x60, 0x30,
    0x1, 0x8c, 0xc0, 0xc, 0x63, 0x0, 0x31, 0x8c,
    0x1, 0xc7, 0xff, 0x8f, 0x30, 0xc0, 0x3c, 0xc3,
    0x1, 0xb6, 0xc, 0x4, 0xc8, 0x30, 0x3, 0x0,
    0xc0, 0xc, 0x3, 0x0, 0x37, 0xff, 0xf0, 0xc0,
    0x30, 0x3, 0x0, 0xc0, 0xc, 0x3, 0x0, 0x30,
    0xc, 0x0, 0xc0, 0x30, 0x3, 0x0, 0xc0, 0xc,
    0x3, 0x0, 0x30, 0xc, 0x0,

    /* U+4EFB "任" */
    0x6, 0x0, 0x0, 0x18, 0x0, 0x80, 0xc0, 0x3f,
    0x3, 0x3f, 0xf0, 0x18, 0xf6, 0x0, 0x60, 0x18,
    0x3, 0x80, 0x60, 0x1e, 0x1, 0x80, 0x78, 0x6,
    0x3, 0x60, 0x18, 0x1, 0xbf, 0xff, 0xc6, 0x1,
    0x80, 0x18, 0x6, 0x0, 0x60, 0x18, 0x1, 0x80,
    0x60, 0x6, 0x1, 0x80, 0x18, 0x6, 0x0, 0x60,
    0x18, 0x1, 0x9f, 0xff, 0x86, 0x0, 0x0, 0x18,
    0x0, 0x0,

    /* U+4EFD "份" */
    0x0, 0x0, 0x0, 0x18, 0x6, 0x0, 0x61, 0x98,
    0x3, 0xe, 0x30, 0xc, 0x30, 0xc0, 0x60, 0xc3,
    0x1, 0x86, 0x6, 0xe, 0x18, 0x1c, 0x78, 0xc0,
    0x33, 0xe7, 0x0, 0x6d, 0xbf, 0xfe, 0xc6, 0xc6,
    0x18, 0x18, 0x18, 0x60, 0x60, 0x61, 0x81, 0x81,
    0x86, 0x6, 0xe, 0x18, 0x18, 0x30, 0x60, 0x60,
    0xc1, 0x81, 0x86, 0x6, 0x6, 0x38, 0x18, 0x19,
    0xc3, 0xc0, 0x66, 0xe, 0x0,

    /* U+4F11 "休" */
    0x0, 0xc, 0x0, 0x30, 0x30, 0x1, 0xc0, 0xc0,
    0x6, 0x3, 0x0, 0x18, 0xc, 0x0, 0xe0, 0x30,
    0x3, 0xbf, 0xff, 0x9e, 0x7, 0x80, 0x78, 0x1e,
    0x3, 0x60, 0xfc, 0xd, 0x83, 0xf0, 0x6, 0xb,
    0x60, 0x18, 0x6d, 0x80, 0x61, 0xb3, 0x1, 0x8c,
    0xce, 0x6, 0x73, 0x1c, 0x19, 0x8c, 0x38, 0x6c,
    0x30, 0xe1, 0x90, 0xc1, 0x6, 0x3, 0x0, 0x18,
    0xc, 0x0, 0x60, 0x30, 0x0,

    /* U+4F18 "优" */
    0x0, 0x0, 0x0, 0xe, 0x18, 0x80, 0x18, 0x33,
    0x80, 0x30, 0x63, 0x0, 0xc0, 0xc3, 0x1, 0x81,
    0x80, 0x7, 0x3, 0x0, 0x1e, 0xff, 0xfe, 0x3c,
    0xd, 0x80, 0xd8, 0x1b, 0x3, 0xb0, 0x36, 0x2,
    0x60, 0x6c, 0x0, 0xc0, 0xd8, 0x1, 0x83, 0x30,
    0x3, 0x6, 0x60, 0x6, 0xc, 0xc0, 0xc, 0x39,
    0x80, 0x18, 0xe3, 0xc, 0x31, 0xc6, 0x38, 0x67,
    0xf, 0xe0, 0xdc, 0xf, 0x81, 0x90, 0x0, 0x0,

    /* U+4F1A "会" */
    0x0, 0x18, 0x0, 0x0, 0x70, 0x0, 0x1, 0xf0,
    0x0, 0x7, 0x70, 0x0, 0x1c, 0x70, 0x0, 0x60,
    0x70, 0x3, 0x80, 0x38, 0xe, 0x0, 0x3c, 0xf3,
    0xff, 0x9c, 0xc0, 0x0, 0x0, 0x0, 0x0, 0x0,
    0x0, 0x0, 0x3, 0xff, 0xff, 0x80, 0xc, 0x0,
    0x0, 0x38, 0x0, 0x0, 0x61, 0x80, 0x1, 0x83,
    0x80, 0x6, 0x3, 0x80, 0x38, 0x3, 0x80, 0xff,
    0xff, 0x80, 0x0, 0x3, 0x0,

    /* U+4F20 "传" */
    0x0, 0x4, 0x0, 0xc, 0x18, 0x0, 0x60, 0x40,
    0x1, 0x81, 0x0, 0xc, 0xff, 0xf8, 0x30, 0x30,
    0x1, 0xc0, 0xc0, 0x7, 0x3, 0x0, 0x3c, 0x8,
    0x1, 0xf7, 0xff, 0xf6, 0xc1, 0x80, 0x13, 0x6,
    0x0, 0xc, 0x18, 0x0, 0x30, 0xff, 0xc0, 0xc0,
    0x6, 0x3, 0x0, 0x18, 0xc, 0x0, 0xc0, 0x30,
    0x73, 0x0, 0xc0, 0xf8, 0x3, 0x0, 0xf0, 0xc,
    0x0, 0xf0, 0x30, 0x1, 0x80, 0x0, 0x0, 0x0,

    /* U+4F46 "但" */
    0xc, 0x0, 0x0, 0x30, 0x0, 0x1, 0xcf, 0xff,
    0x6, 0x30, 0xc, 0x18, 0xc0, 0x30, 0xe3, 0x0,
    0xc3, 0x8c, 0x3, 0x1e, 0x30, 0xc, 0xf8, 0xff,
    0xf3, 0x63, 0x0, 0xc1, 0x8c, 0x3, 0x6, 0x30,
    0xc, 0x18, 0xc0, 0x30, 0x63, 0x0, 0xc1, 0x8f,
    0xff, 0x6, 0x0, 0x0, 0x18, 0x0, 0x0, 0x60,
    0x0, 0x1, 0xbf, 0xff, 0xc6, 0xff, 0xff, 0x18,
    0x0, 0x0,

    /* U+4F4D "位" */
    0x7, 0x6, 0x0, 0xe, 0x6, 0x0, 0x18, 0xc,
    0x0, 0x60, 0x0, 0x0, 0xc7, 0xff, 0xc3, 0x80,
    0x0, 0x7, 0x0, 0x0, 0x1e, 0x8, 0x18, 0x6c,
    0x30, 0x71, 0xd8, 0x60, 0xc1, 0x30, 0x61, 0x80,
    0x60, 0xc3, 0x0, 0xc1, 0x86, 0x1, 0x81, 0x8c,
    0x3, 0x3, 0x30, 0x6, 0x6, 0x60, 0xc, 0xc,
    0xc0, 0x18, 0x1, 0x80, 0x33, 0xff, 0xf8, 0x60,
    0x0, 0x0, 0xc0, 0x0, 0x0,

    /* U+4F4F "住" */
    0x6, 0xc, 0x0, 0x18, 0x38, 0x0, 0x60, 0x60,
    0x3, 0x0, 0x0, 0xd, 0xff, 0xf8, 0x77, 0xff,
    0xe3, 0xc0, 0x60, 0xf, 0x1, 0x80, 0x6c, 0x6,
    0x1, 0xb0, 0x18, 0x0, 0xcf, 0xff, 0x3, 0x3f,
    0xfc, 0xc, 0x6, 0x0, 0x30, 0x18, 0x0, 0xc0,
    0x60, 0x3, 0x1, 0x80, 0xc, 0x6, 0x0, 0x30,
    0x18, 0x0, 0xc0, 0x60, 0x3, 0x7f, 0xff, 0xd,
    0xff, 0xfc,

    /* U+4F53 "体" */
    0x8, 0x6, 0x0, 0x1c, 0xc, 0x0, 0x30, 0x18,
    0x0, 0x60, 0x30, 0x1, 0x80, 0x60, 0x3, 0x3f,
    0xff, 0x8e, 0x7, 0xe0, 0x1c, 0xf, 0xc0, 0x78,
    0x16, 0x81, 0xb0, 0x6d, 0x81, 0x60, 0xd9, 0x80,
    0xc3, 0x33, 0x1, 0x8c, 0x63, 0x3, 0x30, 0xc3,
    0x6, 0xc1, 0x83, 0x8d, 0x1f, 0xf0, 0x18, 0x6,
    0x0, 0x30, 0xc, 0x0, 0x60, 0x18, 0x0, 0xc0,
    0x30, 0x1, 0x80, 0x60, 0x0,

    /* U+4F55 "何" */
    0xc, 0x0, 0x0, 0x18, 0x0, 0x0, 0x37, 0xff,
    0xf8, 0xc0, 0x1, 0x81, 0x80, 0x3, 0x7, 0x0,
    0x6, 0x1e, 0x3f, 0x8c, 0x6c, 0x63, 0x18, 0xd8,
    0xc6, 0x30, 0x31, 0x8c, 0x60, 0x63, 0x18, 0xc0,
    0xc6, 0x31, 0x81, 0x8c, 0x63, 0x3, 0x1f, 0xc6,
    0x6, 0x31, 0x8c, 0xc, 0x60, 0x18, 0x18, 0x0,
    0x30, 0x30, 0x0, 0x60, 0x60, 0x1, 0xc0, 0xc0,
    0x7, 0x81, 0x80, 0xe, 0x0,

    /* U+4F59 "余" */
    0x0, 0x70, 0x0, 0x1, 0xc0, 0x0, 0xf, 0x80,
    0x0, 0x73, 0x0, 0x3, 0x86, 0x0, 0x1c, 0xe,
    0x0, 0xe0, 0x1f, 0xf, 0x0, 0x1f, 0xf3, 0xff,
    0x9, 0x80, 0xc0, 0x0, 0x3, 0x0, 0x0, 0xc,
    0x0, 0x3f, 0xff, 0xe0, 0x0, 0xc0, 0x0, 0x3,
    0x10, 0x1, 0xcc, 0x60, 0x1c, 0x30, 0xc0, 0xe0,
    0xc1, 0x87, 0xf, 0x7, 0x8, 0x3c, 0x0, 0x0,
    0x80, 0x0,

    /* U+4F5C "作" */
    0x0, 0x0, 0x0, 0xc, 0x1c, 0x0, 0x1c, 0x30,
    0x0, 0x30, 0xe0, 0x0, 0xc1, 0x80, 0x1, 0x87,
    0xff, 0xc7, 0xd, 0x80, 0xe, 0x33, 0x0, 0x3c,
    0xe6, 0x0, 0xf9, 0x8c, 0x3, 0xb0, 0x1f, 0xe2,
    0x60, 0x30, 0x0, 0xc0, 0x60, 0x1, 0x80, 0xc0,
    0x3, 0x1, 0x80, 0x6, 0x3, 0x0, 0xc, 0x7,
    0xfc, 0x18, 0xc, 0x0, 0x30, 0x18, 0x0, 0x60,
    0x30, 0x0, 0xc0, 0x60, 0x1, 0x80, 0xc0, 0x0,

    /* U+4F60 "你" */
    0x4, 0x0, 0x0, 0x18, 0xe0, 0x0, 0xc3, 0x0,
    0x3, 0xc, 0x0, 0x18, 0x7f, 0xf8, 0xe1, 0x0,
    0x63, 0x8c, 0x3, 0x1e, 0x61, 0x8c, 0xdb, 0x86,
    0x1, 0x60, 0x18, 0x1, 0x80, 0x60, 0x6, 0xd,
    0x98, 0x18, 0x66, 0x70, 0x63, 0x98, 0xc1, 0x8c,
    0x61, 0x86, 0x61, 0x87, 0x19, 0x6, 0x8, 0x60,
    0x18, 0x1, 0x80, 0x60, 0x6, 0xf, 0x80, 0x18,
    0x1c, 0x0,

    /* U+4F7F "使" */
    0xc, 0x6, 0x0, 0x30, 0x18, 0x0, 0x80, 0x60,
    0x6, 0x7f, 0xff, 0x18, 0x6, 0x0, 0xe0, 0x18,
    0x3, 0x9f, 0xff, 0x9e, 0x61, 0x86, 0xd9, 0x86,
    0x1b, 0x66, 0x18, 0x65, 0x98, 0x61, 0x86, 0x7f,
    0xfe, 0x18, 0x6, 0x0, 0x63, 0x18, 0x1, 0x8c,
    0x60, 0x6, 0x1b, 0x80, 0x18, 0x3c, 0x0, 0x60,
    0x70, 0x1, 0x83, 0xe0, 0x6, 0x1c, 0xf0, 0x1b,
    0xc0, 0x7c,

    /* U+4F8B "例" */
    0x0, 0x0, 0x0, 0x70, 0x0, 0xc3, 0x7f, 0x6,
    0x1b, 0xf8, 0x31, 0x86, 0x19, 0x8c, 0x30, 0xcc,
    0xe1, 0x86, 0x67, 0xf, 0xb3, 0x78, 0xfd, 0x9e,
    0xc6, 0x6c, 0xd6, 0x63, 0x66, 0x33, 0x1b, 0x31,
    0xb6, 0xd9, 0x8c, 0x9e, 0xcc, 0x60, 0x66, 0x63,
    0x3, 0x33, 0x18, 0x30, 0x18, 0xc3, 0x80, 0xc6,
    0x18, 0x6, 0x33, 0xc1, 0x71, 0x9c, 0x7, 0x8c,
    0x80, 0x30,

    /* U+4F9B "供" */
    0x0, 0x0, 0x0, 0x71, 0x8c, 0x3, 0xc, 0x60,
    0x18, 0x63, 0x1, 0x83, 0x18, 0xc, 0x18, 0xc0,
    0xe7, 0xff, 0xef, 0x6, 0x30, 0x78, 0x31, 0x86,
    0xc1, 0x8c, 0x6, 0xc, 0x60, 0x30, 0x63, 0x1,
    0xbf, 0xff, 0x8d, 0xff, 0xfc, 0x60, 0x0, 0x3,
    0x4, 0x18, 0x18, 0x70, 0xe0, 0xc7, 0x3, 0x6,
    0x70, 0x1c, 0x37, 0x0, 0x71, 0x90, 0x1, 0x0,

    /* U+4F9D "依" */
    0x0, 0x2, 0x0, 0x18, 0x18, 0x0, 0x60, 0x60,
    0x1, 0x1, 0x80, 0xd, 0xff, 0xfc, 0x30, 0x30,
    0x1, 0xc0, 0xc0, 0x7, 0x3, 0x40, 0x3c, 0x1b,
    0x19, 0xb0, 0x6c, 0x7e, 0xc3, 0x93, 0x93, 0xe,
    0x78, 0xc, 0x79, 0xc0, 0x33, 0x63, 0x0, 0xdd,
    0x8c, 0x3, 0xe6, 0x30, 0xd, 0x18, 0x60, 0x30,
    0x69, 0xc0, 0xc1, 0xf3, 0x83, 0x7, 0x87, 0xc,
    0x3c, 0xc, 0x30, 0x40, 0x0,

    /* U+4FA7 "侧" */
    0xe, 0x0, 0xc, 0x37, 0xf8, 0x30, 0xdf, 0xe0,
    0xc6, 0x61, 0xb3, 0x19, 0x86, 0xcc, 0xe6, 0xdb,
    0x33, 0x9b, 0x6c, 0xde, 0x6d, 0xb3, 0x79, 0xb6,
    0xcd, 0x66, 0xdb, 0x31, 0x9b, 0x6c, 0xc6, 0x6d,
    0xb3, 0x19, 0xb6, 0xcc, 0x66, 0xdb, 0x31, 0x87,
    0xc, 0xc6, 0x1a, 0x33, 0x18, 0xfc, 0xc, 0x63,
    0x30, 0x31, 0x9c, 0x60, 0xc6, 0xe0, 0x8f, 0x19,
    0x0, 0x38,

    /* U+4FBF "便" */
    0x0, 0x0, 0x0, 0x18, 0x0, 0x0, 0x5f, 0xff,
    0x83, 0x1, 0x80, 0xc, 0x6, 0x0, 0x60, 0x18,
    0x1, 0x8f, 0xff, 0x8e, 0x31, 0x86, 0x78, 0xc6,
    0x19, 0xe3, 0xff, 0xed, 0x8c, 0x61, 0x96, 0x31,
    0x86, 0x18, 0xc6, 0x18, 0x63, 0xff, 0xe1, 0x84,
    0x60, 0x6, 0x39, 0x80, 0x18, 0x7c, 0x0, 0x60,
    0xf0, 0x1, 0x81, 0xc0, 0x6, 0x1d, 0xf0, 0x19,
    0xc1, 0xfc, 0x6e, 0x0, 0x60,

    /* U+4FDD "保" */
    0x4, 0x0, 0x0, 0x31, 0xff, 0x80, 0xc6, 0x6,
    0x2, 0x18, 0x18, 0x18, 0x60, 0x60, 0x61, 0x81,
    0x83, 0x87, 0xfe, 0xe, 0x1, 0x80, 0x58, 0x6,
    0x3, 0x60, 0x18, 0x9, 0x80, 0x60, 0x6, 0xff,
    0xff, 0x18, 0x1f, 0x0, 0x60, 0x5e, 0x1, 0x83,
    0x6c, 0x6, 0x19, 0x98, 0x18, 0xc6, 0x70, 0x66,
    0x18, 0xf1, 0xb0, 0x61, 0x86, 0x1, 0x80, 0x18,
    0x6, 0x0,

    /* U+4FE1 "信" */
    0x6, 0x6, 0x0, 0x18, 0x18, 0x0, 0x40, 0x20,
    0x3, 0x7f, 0xff, 0xc, 0x0, 0x0, 0x70, 0x0,
    0x1, 0xcf, 0xff, 0x8f, 0x0, 0x0, 0x2c, 0x0,
    0x1, 0xb0, 0x0, 0x4, 0xcf, 0xff, 0x83, 0x0,
    0x0, 0xc, 0x0, 0x0, 0x31, 0xff, 0xc0, 0xc4,
    0x1, 0x3, 0x10, 0x4, 0xc, 0x40, 0x10, 0x31,
    0x0, 0x40, 0xc7, 0xff, 0x3, 0x10, 0x4, 0xc,
    0x40, 0x10,

    /* U+4FEE "修" */
    0x0, 0x4, 0x0, 0x18, 0x18, 0x0, 0x30, 0x30,
    0x0, 0x60, 0xff, 0x81, 0x81, 0xc6, 0x3, 0x66,
    0xcc, 0xe, 0xd9, 0xf0, 0x1d, 0x90, 0xc0, 0x7b,
    0x7, 0xe1, 0xb6, 0x78, 0xf9, 0x6d, 0xc6, 0x30,
    0xd8, 0x1c, 0x1, 0xb0, 0xe0, 0x3, 0x63, 0xc,
    0x6, 0xc0, 0x78, 0xd, 0x83, 0xc4, 0x1b, 0x1e,
    0x1c, 0x30, 0x70, 0xf0, 0x60, 0x7, 0x80, 0xc0,
    0x7c, 0x1, 0x87, 0xe0, 0x3, 0xf, 0x0, 0x0,

    /* U+500D "倍" */
    0x0, 0x0, 0x0, 0xc, 0x18, 0x0, 0x60, 0x60,
    0x1, 0x80, 0x80, 0xc, 0xff, 0xf8, 0x20, 0x1,
    0x1, 0x83, 0xe, 0xe, 0xe, 0x30, 0x38, 0x18,
    0xc1, 0xe0, 0x42, 0xd, 0x9f, 0xff, 0xc6, 0x0,
    0x0, 0x18, 0x0, 0x0, 0x60, 0x0, 0x1, 0x87,
    0xff, 0x6, 0x10, 0xc, 0x18, 0x40, 0x30, 0x61,
    0x0, 0xc1, 0x84, 0x3, 0x6, 0x1f, 0xfc, 0x18,
    0x40, 0x30, 0x61, 0x0, 0xc0,

    /* U+5019 "候" */
    0xc, 0x0, 0x0, 0x18, 0x3f, 0xe0, 0x30, 0x1,
    0x80, 0xcc, 0x3, 0x1, 0x9b, 0xff, 0xe7, 0x37,
    0x1, 0xce, 0x63, 0x0, 0x3c, 0xc6, 0x0, 0xd9,
    0x8f, 0xf8, 0xb3, 0x3f, 0xf0, 0x66, 0xc6, 0x0,
    0xcc, 0xc, 0x1, 0x9b, 0xff, 0xe3, 0x37, 0xff,
    0xc6, 0x60, 0x60, 0xc, 0xc1, 0xe0, 0x18, 0x7,
    0x60, 0x30, 0x1c, 0xe0, 0x60, 0x70, 0xf0, 0xc3,
    0xc0, 0xf1, 0x86, 0x0, 0x40,

    /* U+503C "值" */
    0x0, 0x0, 0x0, 0x38, 0x18, 0x0, 0xe0, 0x60,
    0x3, 0x3f, 0xfe, 0x18, 0x6, 0x0, 0x60, 0x18,
    0x3, 0x8f, 0xfe, 0x1e, 0x30, 0x18, 0xf8, 0xc0,
    0x63, 0x63, 0xff, 0x81, 0x8c, 0x6, 0x6, 0x30,
    0x18, 0x18, 0xff, 0xe0, 0x63, 0x1, 0x81, 0x8c,
    0x6, 0x6, 0x3f, 0xf8, 0x18, 0xc0, 0x60, 0x63,
    0x1, 0x81, 0x8c, 0x6, 0x7, 0xff, 0xff, 0x18,
    0x0, 0x0,

    /* U+5047 "假" */
    0xc, 0x0, 0x0, 0x1b, 0xff, 0xf0, 0x36, 0x30,
    0x60, 0xcc, 0x60, 0xc1, 0x98, 0xc1, 0x83, 0x31,
    0x83, 0xe, 0x7f, 0xfe, 0x1c, 0xc0, 0x0, 0x79,
    0x80, 0x1, 0xb3, 0x7, 0xf1, 0x67, 0xef, 0xe0,
    0xcc, 0x8, 0xc1, 0x98, 0x11, 0x83, 0x30, 0x26,
    0x6, 0x60, 0x6c, 0xc, 0xfc, 0x58, 0x19, 0x80,
    0xe0, 0x33, 0x1, 0xc0, 0x66, 0x7, 0xc0, 0xcc,
    0x38, 0xe1, 0x98, 0x60, 0xc0,

    /* U+505A "做" */
    0x4, 0x0, 0x0, 0x19, 0x87, 0x0, 0xc6, 0x18,
    0x3, 0x18, 0x60, 0x18, 0x63, 0x0, 0x61, 0x8f,
    0xf3, 0xbf, 0xb3, 0x1e, 0x19, 0x8c, 0x78, 0x6e,
    0x33, 0x61, 0x9c, 0xc1, 0x9f, 0xb3, 0x6, 0x66,
    0xcc, 0x19, 0x9b, 0x60, 0x66, 0x65, 0x81, 0x99,
    0x9e, 0x6, 0x66, 0x78, 0x19, 0xf8, 0xc0, 0x66,
    0x7, 0x81, 0x80, 0x73, 0x86, 0x7, 0x86, 0x18,
    0xc, 0x8,

    /* U+505C "停" */
    0xc, 0xe, 0x0, 0x30, 0x18, 0x1, 0x9f, 0xff,
    0xc6, 0x0, 0x0, 0x18, 0x0, 0x0, 0xe1, 0xff,
    0x87, 0x84, 0x6, 0x1e, 0x10, 0x18, 0xd8, 0x7f,
    0xe3, 0x60, 0x0, 0x1, 0xbf, 0xff, 0xc6, 0xc0,
    0x3, 0x1b, 0x0, 0xc, 0x61, 0x0, 0xc1, 0x87,
    0xff, 0x6, 0x1, 0x80, 0x18, 0x6, 0x0, 0x60,
    0x18, 0x1, 0x80, 0x60, 0x6, 0x7, 0x80, 0x18,
    0x1e, 0x0,

    /* U+50A8 "储" */
    0x8, 0x1, 0x0, 0x30, 0x4, 0x0, 0xcc, 0x10,
    0x6, 0x33, 0xf6, 0x18, 0x41, 0x10, 0xe1, 0x4,
    0xc3, 0x80, 0x16, 0x1e, 0xf7, 0xff, 0xd8, 0xc0,
    0xc1, 0x63, 0x6, 0x1, 0x8c, 0x18, 0x6, 0x31,
    0xfe, 0x18, 0xce, 0x18, 0x63, 0xf8, 0x61, 0x8c,
    0x7f, 0x86, 0x39, 0x86, 0x18, 0xe6, 0x18, 0x63,
    0x18, 0x61, 0x88, 0x7f, 0x86, 0x1, 0x86, 0x18,
    0x6, 0x18,

    /* U+50CF "像" */
    0x0, 0x0, 0x0, 0x38, 0x60, 0x0, 0xc3, 0x0,
    0x3, 0x1f, 0xf0, 0x18, 0xe1, 0x80, 0x67, 0x6,
    0x3, 0xbf, 0xff, 0x8e, 0x31, 0x86, 0x78, 0xc6,
    0x1b, 0x63, 0xff, 0xe5, 0x81, 0xc0, 0x6, 0x1f,
    0xc, 0x19, 0xe6, 0xe0, 0x66, 0x7f, 0x1, 0x83,
    0x34, 0x6, 0x39, 0xd8, 0x1b, 0xcd, 0x30, 0x64,
    0x64, 0xe1, 0x87, 0x11, 0xc6, 0x78, 0xc2, 0x19,
    0x87, 0x0, 0x60, 0x38, 0x0, 0x0, 0x0, 0x0,

    /* U+513F "儿" */
    0x1, 0x86, 0x0, 0x6, 0x18, 0x0, 0x18, 0x60,
    0x0, 0x61, 0x80, 0x1, 0x86, 0x0, 0x6, 0x18,
    0x0, 0x18, 0x60, 0x0, 0x61, 0x80, 0x1, 0x86,
    0x0, 0x6, 0x18, 0x0, 0x18, 0x60, 0x0, 0xe1,
    0x80, 0x3, 0x6, 0x0, 0xc, 0x18, 0x0, 0x70,
    0x60, 0x1, 0x81, 0x82, 0xe, 0x6, 0xc, 0x70,
    0x18, 0x33, 0x80, 0x7f, 0xdc, 0x0, 0xfe, 0x20,
    0x0, 0x0,

    /* U+5141 "允" */
    0x1, 0x80, 0x0, 0xc, 0x0, 0x0, 0xc0, 0x0,
    0x6, 0x8, 0x0, 0x60, 0x60, 0x6, 0x1, 0x80,
    0x60, 0x6, 0x7, 0x3, 0xf8, 0x3f, 0xff, 0xe1,
    0xf8, 0xc2, 0x0, 0xc6, 0x0, 0x6, 0x30, 0x0,
    0x31, 0x80, 0x1, 0x8c, 0x0, 0x18, 0x60, 0x0,
    0xc3, 0x0, 0xe, 0x18, 0x20, 0xe0, 0xc1, 0xce,
    0x6, 0xd, 0xc0, 0x1f, 0xc0, 0x0, 0x0, 0x0,

    /* U+5143 "元" */
    0x1f, 0xff, 0xc0, 0x0, 0x0, 0x0, 0x0, 0x0,
    0x0, 0x0, 0x0, 0x0, 0x0, 0x0, 0x0, 0x0,
    0x7, 0xff, 0xff, 0x1f, 0xff, 0xfc, 0x1, 0x8c,
    0x0, 0x6, 0x30, 0x0, 0x18, 0xc0, 0x0, 0xc3,
    0x0, 0x3, 0xc, 0x0, 0xc, 0x30, 0x0, 0x60,
    0xc0, 0x1, 0x83, 0x0, 0xc, 0xc, 0x1c, 0x60,
    0x30, 0x67, 0x0, 0x7f, 0x8, 0x0, 0x0,

    /* U+5145 "充" */
    0x0, 0x70, 0x0, 0x0, 0xc0, 0x0, 0x3, 0x0,
    0x1f, 0xff, 0xfe, 0x0, 0xc0, 0x0, 0x7, 0x4,
    0x0, 0x38, 0x38, 0x1, 0xc0, 0x70, 0xe, 0x0,
    0xe0, 0x7f, 0xff, 0xc1, 0xf8, 0x63, 0x0, 0x61,
    0x80, 0x1, 0x86, 0x0, 0x6, 0x18, 0x0, 0x18,
    0x60, 0x0, 0xc1, 0x80, 0x3, 0x6, 0x0, 0x18,
    0x18, 0x30, 0xe0, 0x60, 0xc7, 0x1, 0x86, 0xf8,
    0x7, 0xf8, 0x80, 0x0, 0x0,

    /* U+5148 "先" */
    0x0, 0x30, 0x0, 0x38, 0xc0, 0x0, 0xc3, 0x0,
    0x3, 0xc, 0x0, 0x1f, 0xff, 0xe0, 0x7f, 0xff,
    0x83, 0x83, 0x0, 0x1c, 0xc, 0x0, 0x0, 0x30,
    0x3, 0xff, 0xff, 0xff, 0xff, 0xff, 0xc0, 0x61,
    0x80, 0x1, 0x86, 0x0, 0x6, 0x18, 0x0, 0x38,
    0x60, 0x0, 0xc1, 0x80, 0x7, 0x6, 0x0, 0x18,
    0x18, 0x60, 0xc0, 0x61, 0x8e, 0x1, 0x86, 0xf0,
    0x7, 0xf0,

    /* U+5149 "光" */
    0x0, 0x38, 0x0, 0x0, 0x70, 0x0, 0x0, 0xe0,
    0x80, 0x61, 0xc3, 0x80, 0xe3, 0x86, 0x0, 0xc7,
    0x1c, 0x1, 0xce, 0x70, 0x1, 0x1c, 0x40, 0x0,
    0x38, 0x0, 0xff, 0xff, 0xfc, 0x3, 0x18, 0x0,
    0x6, 0x30, 0x0, 0xc, 0x60, 0x0, 0x18, 0xc0,
    0x0, 0x61, 0x80, 0x0, 0xc3, 0x0, 0x3, 0x6,
    0x8, 0xc, 0xc, 0x1c, 0x70, 0x18, 0x33, 0xc0,
    0x1f, 0xc2, 0x0, 0x0, 0x0,

    /* U+514D "免" */
    0x1, 0x0, 0x0, 0x6, 0x0, 0x0, 0x30, 0x0,
    0x1, 0xff, 0xc0, 0xc, 0x6, 0x0, 0x60, 0x38,
    0x7, 0x80, 0xc0, 0x3f, 0xff, 0xf8, 0x58, 0x30,
    0x60, 0x60, 0x81, 0x81, 0x86, 0x6, 0x6, 0x18,
    0x18, 0x18, 0x60, 0x60, 0x7f, 0xff, 0x80, 0x5,
    0x80, 0x0, 0x36, 0x0, 0x1, 0x98, 0x0, 0xc,
    0x60, 0x0, 0x71, 0x80, 0x83, 0x6, 0x3, 0x38,
    0x18, 0x19, 0x80, 0x3f, 0xe0,

    /* U+5165 "入" */
    0x1, 0x0, 0x0, 0xe, 0x0, 0x0, 0x1c, 0x0,
    0x0, 0x38, 0x0, 0x0, 0x70, 0x0, 0x0, 0xc0,
    0x0, 0x3, 0x80, 0x0, 0x1e, 0x0, 0x0, 0x6c,
    0x0, 0x3, 0xb0, 0x0, 0xc, 0xe0, 0x0, 0x71,
    0x80, 0x1, 0x87, 0x0, 0xc, 0xc, 0x0, 0x70,
    0x38, 0x3, 0x80, 0x70, 0x1c, 0x0, 0xe0, 0xe0,
    0x1, 0xef, 0x0, 0x3, 0x98, 0x0, 0x6, 0x40,
    0x0, 0x0,

    /* U+5168 "全" */
    0x0, 0x0, 0x0, 0x1, 0xc0, 0x0, 0x7, 0x0,
    0x0, 0x36, 0x0, 0x1, 0xcc, 0x0, 0xe, 0x38,
    0x0, 0x70, 0x78, 0x7, 0x80, 0x70, 0x3c, 0x0,
    0xfb, 0xff, 0xff, 0xe4, 0x3, 0x0, 0x0, 0xc,
    0x0, 0x0, 0x30, 0x0, 0x0, 0xc0, 0x0, 0x3,
    0x0, 0x7, 0xff, 0xf8, 0x0, 0x30, 0x0, 0x0,
    0xc0, 0x0, 0x3, 0x0, 0x0, 0xc, 0x0, 0x0,
    0x30, 0x1, 0xff, 0xff, 0xc0,

    /* U+516B "八" */
    0x0, 0x6, 0x0, 0x0, 0x18, 0x0, 0x18, 0x60,
    0x0, 0x61, 0x80, 0x1, 0x86, 0x0, 0x6, 0x8,
    0x0, 0x10, 0x30, 0x0, 0xc0, 0xc0, 0x3, 0x3,
    0x0, 0xc, 0xc, 0x0, 0x30, 0x10, 0x1, 0x80,
    0x60, 0x6, 0x1, 0x80, 0x18, 0x6, 0x0, 0xc0,
    0xc, 0x3, 0x0, 0x38, 0x18, 0x0, 0x60, 0xe0,
    0x1, 0xc7, 0x0, 0x3, 0x98, 0x0, 0x7, 0x0,
    0x0, 0x0,

    /* U+516C "公" */
    0x0, 0x0, 0x0, 0x4, 0x30, 0x0, 0x18, 0x60,
    0x0, 0xe1, 0x80, 0x3, 0x3, 0x0, 0x18, 0xc,
    0x0, 0x60, 0x18, 0x3, 0x0, 0x70, 0x1c, 0x0,
    0xe0, 0x61, 0x1, 0xc3, 0x6, 0x3, 0x98, 0x38,
    0x7, 0x60, 0xc0, 0x0, 0x6, 0x0, 0x0, 0x18,
    0x30, 0x0, 0xc0, 0xc0, 0x3, 0x1, 0x80, 0x18,
    0x7, 0x0, 0xe3, 0xfc, 0x7, 0xff, 0xf8, 0x1f,
    0x80, 0x60, 0x0, 0x0, 0x80,

    /* U+516D "六" */
    0x0, 0xc0, 0x0, 0x7, 0x0, 0x0, 0x18, 0x0,
    0x0, 0xe0, 0x0, 0x3, 0x0, 0x0, 0x0, 0x3,
    0xff, 0xff, 0xff, 0xff, 0xff, 0x0, 0x0, 0x0,
    0x0, 0x0, 0x0, 0x80, 0x80, 0x7, 0x1c, 0x0,
    0x70, 0x70, 0x3, 0x1, 0xc0, 0x38, 0x7, 0x3,
    0x80, 0x18, 0x38, 0x0, 0xe1, 0xc0, 0x3, 0x9c,
    0x0, 0xd, 0xc0, 0x0, 0x40, 0x0, 0x0, 0x0,

    /* U+5171 "共" */
    0x3, 0x6, 0x0, 0x18, 0x30, 0x0, 0xc1, 0x80,
    0x6, 0xc, 0x0, 0x30, 0x60, 0x3f, 0xff, 0xf8,
    0xc, 0x18, 0x0, 0x60, 0xc0, 0x3, 0x6, 0x0,
    0x18, 0x30, 0x0, 0xc1, 0x80, 0x6, 0xc, 0xf,
    0xff, 0xff, 0x80, 0x0, 0x0, 0x0, 0x10, 0x0,
    0x71, 0xe0, 0xf, 0x7, 0x80, 0xe0, 0xf, 0x1e,
    0x0, 0x3c, 0xc0, 0x0, 0x60,

    /* U+5173 "关" */
    0x0, 0x4, 0x0, 0x30, 0x30, 0x1, 0xc1, 0x80,
    0x6, 0x18, 0x0, 0x0, 0xc0, 0x3f, 0xff, 0xf0,
    0x1, 0x80, 0x0, 0xc, 0x0, 0x0, 0x60, 0x0,
    0x3, 0x0, 0x0, 0x18, 0x1, 0xff, 0xff, 0xe0,
    0x7, 0x0, 0x0, 0x78, 0x0, 0x7, 0x60, 0x0,
    0x31, 0xc0, 0x7, 0x7, 0x0, 0x70, 0x1f, 0x1f,
    0x0, 0x7d, 0xe0, 0x0, 0xe4, 0x0, 0x0, 0x0,

    /* U+5176 "其" */
    0x6, 0x1, 0x80, 0x18, 0x6, 0x0, 0x60, 0x18,
    0x1f, 0xff, 0xfe, 0x6, 0x1, 0x80, 0x18, 0x6,
    0x0, 0x60, 0x18, 0x1, 0xff, 0xe0, 0x6, 0x1,
    0x80, 0x18, 0x6, 0x0, 0x7f, 0xf8, 0x1, 0x80,
    0x60, 0x6, 0x1, 0x80, 0x18, 0x6, 0xf, 0xff,
    0xff, 0xc0, 0x0, 0x0, 0x7, 0x3, 0x80, 0x38,
    0xf, 0x1, 0xc0, 0xe, 0x1e, 0x0, 0x1e, 0x20,
    0x0, 0x10,

    /* U+5177 "具" */
    0xf, 0xff, 0x80, 0x60, 0xc, 0x3, 0x0, 0x60,
    0x1f, 0xff, 0x0, 0xc0, 0x18, 0x6, 0x0, 0xc0,
    0x30, 0x6, 0x1, 0xff, 0xf0, 0xc, 0x1, 0x80,
    0x60, 0xc, 0x3, 0xff, 0xe0, 0x18, 0x3, 0x0,
    0xc0, 0x18, 0x7f, 0xff, 0xfc, 0x0, 0x10, 0x0,
    0x61, 0xe0, 0xf, 0x7, 0xc1, 0xe0, 0xf, 0x1e,
    0x0, 0x1c, 0x40, 0x0, 0x0,

    /* U+5178 "典" */
    0x0, 0xcc, 0x0, 0x3, 0x30, 0x0, 0xc, 0xc0,
    0x7, 0xff, 0xf8, 0x18, 0xcc, 0x60, 0x63, 0x31,
    0x81, 0x8c, 0xc6, 0x6, 0x33, 0x18, 0x1f, 0xff,
    0xe0, 0x63, 0x31, 0x81, 0x8c, 0xc6, 0x6, 0x33,
    0x18, 0x18, 0xcc, 0x60, 0x63, 0x31, 0x8f, 0xff,
    0xff, 0xc0, 0x0, 0x0, 0x1, 0x87, 0x0, 0xf,
    0x1f, 0x0, 0xf0, 0x1f, 0xf, 0x0, 0x1e, 0x30,
    0x0, 0x10,

    /* U+5185 "内" */
    0x0, 0xc0, 0x0, 0x18, 0x0, 0x3, 0x0, 0x0,
    0x60, 0xf, 0xff, 0xff, 0x81, 0x80, 0xf0, 0x30,
    0x1e, 0x6, 0x3, 0xc1, 0xc0, 0x78, 0x3c, 0xf,
    0xe, 0xe1, 0xe1, 0x8e, 0x3c, 0x60, 0xe7, 0x9c,
    0xe, 0xf7, 0x0, 0x9e, 0x0, 0x3, 0xc0, 0x0,
    0x78, 0x0, 0xf, 0x0, 0x1, 0xe0, 0x1, 0xfc,
    0x0, 0x3c,

    /* U+518C "册" */
    0x1f, 0xcf, 0xf0, 0x31, 0x98, 0x60, 0x63, 0x30,
    0xc0, 0xc6, 0x61, 0x81, 0x8c, 0xc3, 0x3, 0x19,
    0x86, 0x6, 0x33, 0xc, 0xc, 0x66, 0x18, 0x18,
    0xcc, 0x31, 0xff, 0xff, 0xfc, 0x63, 0x30, 0xc0,
    0xc6, 0x61, 0x81, 0x8c, 0xc3, 0x3, 0x19, 0x86,
    0x6, 0x33, 0xc, 0x18, 0x64, 0x18, 0x30, 0xd8,
    0x30, 0x61, 0xb0, 0x61, 0x8f, 0x47, 0xc3, 0xc,
    0x87, 0x0,

    /* U+518D "再" */
    0x3f, 0xff, 0xfc, 0x0, 0x30, 0x0, 0x0, 0x60,
    0x0, 0x0, 0xc0, 0x0, 0xff, 0xfe, 0x1, 0x83,
    0xc, 0x3, 0x6, 0x18, 0x6, 0xc, 0x30, 0xc,
    0x18, 0x60, 0x1f, 0xff, 0xc0, 0x30, 0x61, 0x80,
    0x60, 0xc3, 0x0, 0xc1, 0x86, 0x1f, 0xff, 0xff,
    0xc3, 0x0, 0x18, 0x6, 0x0, 0x30, 0xc, 0x0,
    0x60, 0x18, 0x0, 0xc0, 0x30, 0x7, 0x80, 0x60,
    0xe, 0x0,

    /* U+5199 "写" */
    0xff, 0xff, 0xfc, 0x0, 0x1, 0xc6, 0x0, 0x1c,
    0xe0, 0x1, 0xc, 0x0, 0x0, 0xc0, 0x0, 0xf,
    0xff, 0x80, 0xc0, 0x0, 0xc, 0x0, 0x0, 0xc0,
    0x0, 0xf, 0xff, 0xe0, 0x0, 0x6, 0x0, 0x0,
    0x60, 0x0, 0x6, 0x0, 0x0, 0x6f, 0xff, 0xc6,
    0x0, 0x0, 0x60, 0x0, 0xc, 0x0, 0x7, 0xc0,
    0x0, 0x78,

    /* U+51AC "冬" */
    0x1, 0x0, 0x0, 0x6, 0x0, 0x0, 0x30, 0x0,
    0x1, 0xff, 0xf0, 0x7, 0x1, 0xc0, 0x3e, 0xe,
    0x1, 0x9c, 0x70, 0xc, 0x3b, 0x80, 0x20, 0x7c,
    0x0, 0x1, 0xe0, 0x0, 0x1f, 0xe0, 0x3, 0xe1,
    0xf8, 0xfe, 0x0, 0xfd, 0xc3, 0xc0, 0xe0, 0xf,
    0xe0, 0x0, 0x3, 0x80, 0x0, 0x0, 0x0, 0xe,
    0x0, 0x0, 0x7f, 0x80, 0x0, 0x1f, 0xc0, 0x0,
    0xf, 0x0, 0x0, 0x4, 0x0,

    /* U+51B2 "冲" */
    0x0, 0x3, 0x0, 0x0, 0xc, 0x2, 0x0, 0x30,
    0x1c, 0x0, 0xc0, 0x3c, 0xff, 0xfc, 0x7b, 0xc,
    0x30, 0x8c, 0x30, 0xc0, 0x30, 0xc3, 0x0, 0xc3,
    0xc, 0x3, 0xc, 0x30, 0x4c, 0x30, 0xc1, 0xb0,
    0xc3, 0xe, 0xff, 0xfc, 0x33, 0xc, 0x31, 0x80,
    0x30, 0xe, 0x0, 0xc0, 0x30, 0x3, 0x1, 0xc0,
    0xc, 0x6, 0x0, 0x30, 0x8, 0x0, 0xc0, 0x0,
    0x3, 0x0,

    /* U+51B3 "决" */
    0x0, 0xc, 0x0, 0x0, 0x30, 0x6, 0x0, 0xc0,
    0x1c, 0x3, 0x0, 0x38, 0xff, 0xe0, 0x70, 0x31,
    0x80, 0x80, 0xc6, 0x0, 0x3, 0x18, 0x0, 0xc,
    0x60, 0x0, 0x31, 0x80, 0x80, 0xc6, 0x3, 0x7f,
    0xff, 0x18, 0xe, 0x0, 0x60, 0x78, 0x3, 0x1,
    0xb0, 0x1c, 0xc, 0xe0, 0x60, 0x71, 0xc1, 0x83,
    0x83, 0x80, 0x1c, 0x7, 0x81, 0xe0, 0xf, 0x6,
    0x0, 0x8,

    /* U+51B7 "冷" */
    0x0, 0x0, 0x0, 0x0, 0x30, 0x0, 0x0, 0xe0,
    0x18, 0x7, 0x80, 0x30, 0x1b, 0x0, 0x60, 0xc6,
    0x1, 0xc7, 0x1c, 0x2, 0x1b, 0x38, 0x1, 0xce,
    0x78, 0xe, 0x18, 0x70, 0xb0, 0x30, 0x83, 0x0,
    0x80, 0x19, 0xff, 0xf0, 0x60, 0x3, 0x83, 0x0,
    0xc, 0x18, 0x8, 0x60, 0x60, 0x3b, 0x3, 0x0,
    0x7c, 0x4, 0x0, 0xe0, 0x0, 0x1, 0xc0, 0x0,
    0x3, 0x80, 0x0, 0x4, 0x0,

    /* U+51C0 "净" */
    0x0, 0x0, 0x0, 0x1, 0xc0, 0x0, 0x6, 0x0,
    0x38, 0x3f, 0xe0, 0x70, 0xc1, 0x80, 0xe6, 0xc,
    0x1, 0xb0, 0x30, 0x1, 0xbf, 0xfc, 0x0, 0xc,
    0x30, 0x0, 0x30, 0xc0, 0x0, 0xc3, 0x0, 0xff,
    0xff, 0x18, 0xc, 0x30, 0x60, 0x30, 0xc3, 0x0,
    0xc3, 0xc, 0xff, 0xfc, 0x60, 0xc, 0x1, 0x80,
    0x30, 0x4, 0x0, 0xc0, 0x0, 0x3, 0x0, 0x0,
    0x7c, 0x0, 0x0, 0xe0, 0x0,

    /* U+51C6 "准" */
    0x0, 0x62, 0x0, 0x1, 0x8c, 0xe, 0x6, 0x18,
    0x1c, 0x30, 0x40, 0x38, 0xff, 0xf8, 0x67, 0xc,
    0x0, 0x1c, 0x30, 0x0, 0xf0, 0xc0, 0x3, 0xc3,
    0x0, 0x1b, 0xff, 0xc1, 0xc, 0x30, 0x6, 0x30,
    0xc0, 0x18, 0xc3, 0x0, 0xc3, 0xff, 0xc3, 0xc,
    0x30, 0x18, 0x30, 0xc0, 0x60, 0xc3, 0x3, 0x83,
    0xff, 0xf4, 0xf, 0xff, 0xc0, 0x30, 0x0, 0x0,
    0xc0, 0x0,

    /* U+51C9 "凉" */
    0x0, 0x0, 0x0, 0x0, 0x60, 0x0, 0x3, 0x0,
    0x80, 0x8, 0xe, 0x3f, 0xff, 0xb8, 0x0, 0x0,
    0xe0, 0x0, 0x2, 0x0, 0x0, 0x0, 0xff, 0xe0,
    0x6, 0x3, 0x0, 0x30, 0x18, 0x1, 0x80, 0xc0,
    0x8c, 0x6, 0xc, 0x7f, 0xf0, 0xe0, 0x10, 0x6,
    0x10, 0x88, 0x60, 0xc4, 0xc7, 0xc, 0x23, 0x30,
    0xe1, 0xc, 0xe, 0x8, 0x70, 0x63, 0xc1, 0x0,
    0x1e, 0x0,

    /* U+51CF "减" */
    0x0, 0x3, 0x20, 0x0, 0x6, 0x60, 0x0, 0xc,
    0x63, 0x0, 0x18, 0x83, 0x3f, 0xff, 0xc7, 0x60,
    0x20, 0x6, 0xc0, 0x40, 0x1, 0xbe, 0x8c, 0x3,
    0x1, 0x18, 0x6, 0x2, 0x30, 0xc, 0x6, 0x40,
    0x5b, 0xed, 0x81, 0xb6, 0xdb, 0x3, 0x6d, 0x9c,
    0xc, 0xdb, 0x38, 0x1b, 0xb6, 0x60, 0x66, 0x7c,
    0xc0, 0xcc, 0x3, 0xcc, 0x18, 0xc, 0xd8, 0x60,
    0x70, 0xf1, 0xc0, 0xc1, 0xc0, 0x0, 0x0, 0x0,

    /* U+51D1 "凑" */
    0x0, 0x6, 0x0, 0x0, 0xc, 0x1, 0x87, 0xff,
    0xf1, 0x80, 0x30, 0x3, 0x80, 0x60, 0x3, 0x1f,
    0xfe, 0x0, 0x3, 0x0, 0x0, 0x6, 0x0, 0x3,
    0xff, 0xfc, 0x0, 0x31, 0x80, 0x61, 0xc1, 0x80,
    0xc7, 0xff, 0x81, 0x7e, 0x63, 0xe6, 0xf0, 0xc0,
    0x8c, 0x81, 0x80, 0x30, 0x7f, 0xfc, 0x60, 0x4,
    0x1, 0x80, 0x1f, 0x0, 0x0, 0xe7, 0x80, 0xf,
    0x83, 0xc0, 0x1c, 0x1, 0x0,

    /* U+51E0 "几" */
    0x3, 0xff, 0x0, 0x7, 0xfe, 0x0, 0xc, 0xc,
    0x0, 0x18, 0x18, 0x0, 0x30, 0x30, 0x0, 0x60,
    0x60, 0x0, 0xc0, 0xc0, 0x1, 0x81, 0x80, 0x3,
    0x3, 0x0, 0x6, 0x6, 0x0, 0xc, 0xc, 0x0,
    0x18, 0x18, 0x0, 0x60, 0x30, 0x0, 0xc0, 0x60,
    0x3, 0x80, 0xc3, 0x6, 0x1, 0x87, 0x1c, 0x3,
    0xc, 0x70, 0x7, 0xfb, 0xc0, 0x7, 0xe1, 0x0,
    0x0, 0x0,

    /* U+51FA "出" */
    0x0, 0xc0, 0x0, 0x18, 0x1, 0x83, 0x3, 0x30,
    0x60, 0x66, 0xc, 0xc, 0xc1, 0x81, 0x98, 0x30,
    0x33, 0x6, 0x6, 0x7f, 0xff, 0xc0, 0x18, 0x0,
    0x3, 0x0, 0x0, 0x60, 0xc, 0xc, 0x7, 0x81,
    0x80, 0xf0, 0x30, 0x1e, 0x6, 0x3, 0xc0, 0xc0,
    0x78, 0x18, 0xf, 0xff, 0xff, 0x80, 0x0, 0x30,
    0x0, 0x6,

    /* U+51FB "击" */
    0x0, 0x30, 0x0, 0x0, 0xc0, 0x0, 0x3, 0x0,
    0x0, 0xc, 0x0, 0x3f, 0xff, 0xf0, 0x0, 0xc0,
    0x0, 0x3, 0x0, 0x0, 0xc, 0x0, 0x0, 0x30,
    0x3, 0xff, 0xff, 0xf0, 0x3, 0x0, 0x0, 0xc,
    0x0, 0x18, 0x30, 0x60, 0x60, 0xc1, 0x81, 0x83,
    0x6, 0x6, 0xc, 0x18, 0x18, 0x30, 0x60, 0x60,
    0xc1, 0x81, 0xff, 0xfe, 0x0, 0x0, 0x18, 0x0,
    0x0, 0x60,

    /* U+51FD "函" */
    0x7f, 0xff, 0xc0, 0x0, 0xf0, 0x0, 0x78, 0x0,
    0x3c, 0x0, 0x86, 0x0, 0x18, 0xc6, 0x31, 0xd9,
    0x9e, 0x13, 0x63, 0xc0, 0x60, 0x78, 0xd, 0xf,
    0x9, 0xa1, 0xe3, 0xb6, 0x3c, 0xe6, 0x67, 0xb0,
    0xc6, 0xf4, 0x18, 0xde, 0xf, 0x3, 0xc1, 0xc0,
    0x78, 0x0, 0xf, 0xff, 0xff, 0x80, 0x0, 0x30,

    /* U+5206 "分" */
    0x1, 0xc, 0x0, 0x6, 0x38, 0x0, 0x30, 0x60,
    0x0, 0xc1, 0xc0, 0x6, 0x3, 0x80, 0x18, 0x6,
    0x0, 0xc0, 0xe, 0x7, 0x0, 0x3c, 0x38, 0x0,
    0x3d, 0xdf, 0xff, 0x76, 0x7f, 0xfc, 0x80, 0x30,
    0x30, 0x0, 0xc0, 0x80, 0x3, 0x6, 0x0, 0x18,
    0x18, 0x0, 0x60, 0x60, 0x3, 0x81, 0x80, 0x1c,
    0x6, 0x0, 0xe0, 0x18, 0xf, 0x3, 0xc0, 0x30,
    0xe, 0x0,

    /* U+5207 "切" */
    0x18, 0x0, 0x0, 0xc0, 0x0, 0x6, 0x1f, 0xfe,
    0x30, 0xc, 0x31, 0x80, 0x61, 0x8c, 0x3, 0xc,
    0x7e, 0x18, 0x7f, 0xf0, 0xc3, 0x98, 0x6, 0x18,
    0xc0, 0x30, 0xc6, 0x3, 0x6, 0x30, 0x18, 0x31,
    0x88, 0xc1, 0x8c, 0xee, 0xc, 0x7c, 0x60, 0x63,
    0xc7, 0x3, 0x38, 0x30, 0x18, 0x83, 0x0, 0xc0,
    0x70, 0x7e, 0x7, 0x3, 0xe0, 0x0, 0x0, 0x0,

    /* U+5217 "列" */
    0x0, 0x0, 0x1f, 0xff, 0xc0, 0xff, 0xfe, 0x6,
    0x18, 0x6, 0x30, 0xc0, 0x31, 0x86, 0x1, 0x8c,
    0x7f, 0x8c, 0x63, 0xfc, 0x63, 0x18, 0x63, 0x19,
    0x83, 0x18, 0xdc, 0x18, 0xc7, 0xd8, 0x86, 0x3c,
    0x7c, 0x31, 0x81, 0xe1, 0x8c, 0x6, 0xc, 0x60,
    0x70, 0x63, 0x3, 0x0, 0x18, 0x70, 0x0, 0xc7,
    0x0, 0x6, 0xf0, 0x1, 0xf7, 0x0, 0x7, 0x0,
    0x0, 0x0,

    /* U+5219 "则" */
    0x0, 0x0, 0x37, 0xfe, 0x3, 0x7f, 0xe0, 0x36,
    0x6, 0x33, 0x60, 0x63, 0x36, 0x66, 0x33, 0x66,
    0x63, 0x36, 0x66, 0x33, 0x66, 0x63, 0x36, 0x66,
    0x33, 0x66, 0x63, 0x36, 0x66, 0x33, 0x66, 0x63,
    0x36, 0x66, 0x33, 0x6e, 0x63, 0x30, 0xc0, 0x33,
    0xd, 0x3, 0x31, 0x9c, 0x3, 0x38, 0xe0, 0x37,
    0x7, 0x3, 0xe0, 0x20, 0xf4, 0x0, 0xf,

    /* U+521B "创" */
    0x2, 0x0, 0x0, 0x18, 0x0, 0xc1, 0xc0, 0x6,
    0xf, 0x80, 0x30, 0xce, 0x31, 0x8e, 0x19, 0x8c,
    0xe0, 0x6c, 0x6e, 0x2, 0x63, 0xff, 0xe3, 0x1a,
    0xff, 0x18, 0xc6, 0x18, 0xc6, 0x30, 0xc6, 0x31,
    0x86, 0x31, 0x8c, 0x31, 0x8c, 0x63, 0x8c, 0x63,
    0x38, 0x63, 0x19, 0x3, 0x18, 0xc0, 0x80, 0xc6,
    0x6, 0x6, 0x30, 0x30, 0x31, 0xff, 0x7, 0x80,
    0x0, 0x30,

    /* U+521D "初" */
    0x6, 0x0, 0x0, 0x1c, 0x0, 0x0, 0x33, 0xff,
    0xc0, 0x0, 0xc3, 0x0, 0x3, 0xc, 0xfe, 0xc,
    0x30, 0x18, 0x30, 0xc0, 0xc0, 0xc3, 0x7, 0x23,
    0xc, 0x19, 0x8c, 0x30, 0xfc, 0x70, 0xc7, 0xe1,
    0x83, 0x36, 0xc6, 0xd, 0x99, 0x98, 0x30, 0x64,
    0xc0, 0xc1, 0x83, 0x3, 0x6, 0x1c, 0xc, 0x18,
    0x60, 0x30, 0x63, 0x7, 0xc1, 0x98, 0x3e, 0x6,
    0x40, 0x60,

    /* U+5220 "删" */
    0x3f, 0x7c, 0xc, 0xfd, 0xf0, 0x33, 0x34, 0xcc,
    0xcc, 0xd3, 0x33, 0x33, 0x4c, 0xcc, 0xcd, 0x33,
    0x33, 0x34, 0xcc, 0xcc, 0xd3, 0x33, 0xff, 0xfe,
    0xcf, 0xff, 0xfb, 0x33, 0x34, 0xcc, 0xcc, 0xd3,
    0x33, 0x33, 0x4c, 0xcc, 0xcd, 0x33, 0x33, 0x34,
    0xcc, 0xc8, 0xd3, 0x33, 0x63, 0x4c, 0xd, 0x8d,
    0x30, 0x36, 0x34, 0xc0, 0xf3, 0xf3, 0x3, 0xc7,
    0x5c, 0x3c, 0x0, 0x40, 0xc0,

    /* U+5224 "判" */
    0x3, 0x0, 0x18, 0x18, 0x0, 0xd8, 0xc6, 0x6,
    0x66, 0x63, 0x33, 0x33, 0x19, 0x91, 0x90, 0xcc,
    0xc, 0x6, 0x6f, 0xfe, 0x33, 0x7f, 0xf1, 0x98,
    0x18, 0xc, 0xc0, 0xc0, 0x66, 0x6, 0x3, 0x3f,
    0xff, 0x99, 0x81, 0x80, 0xcc, 0xc, 0x6, 0x60,
    0xc0, 0x33, 0x6, 0x0, 0x18, 0x60, 0x0, 0xc7,
    0x0, 0x6, 0xf0, 0x0, 0xf7, 0x0, 0x7, 0x80,

    /* U+522B "别" */
    0x0, 0x0, 0x19, 0xff, 0x0, 0xcf, 0xf8, 0x6,
    0x60, 0xc6, 0x33, 0x6, 0x31, 0x98, 0x31, 0x8c,
    0xc1, 0x8c, 0x67, 0xfc, 0x63, 0x0, 0x3, 0x18,
    0x30, 0x18, 0xc1, 0x80, 0xc6, 0xc, 0x6, 0x37,
    0xff, 0x31, 0x83, 0x19, 0x8c, 0x18, 0xcc, 0x60,
    0xc6, 0x63, 0xc, 0x33, 0x18, 0x61, 0x80, 0xc6,
    0xc, 0x6, 0x60, 0x60, 0x7e, 0xf, 0xf, 0xa0,
    0x60, 0x78,

    /* U+5230 "到" */
    0x0, 0x0, 0x3f, 0xff, 0x3, 0xff, 0xf0, 0x30,
    0xc0, 0x33, 0x1c, 0x3, 0x31, 0x9c, 0x33, 0x30,
    0xe3, 0x36, 0x7, 0x33, 0xff, 0xf3, 0x3f, 0xe3,
    0x33, 0x6, 0x3, 0x30, 0x60, 0x33, 0xff, 0xe3,
    0x3f, 0xfe, 0x33, 0x6, 0x3, 0x30, 0x60, 0x33,
    0x6, 0x8, 0x30, 0xff, 0x3, 0xff, 0xc0, 0x3e,
    0x0, 0xf, 0x0, 0x0, 0xe0,

    /* U+5236 "制" */
    0x3, 0x0, 0x19, 0x18, 0x0, 0xdc, 0xc0, 0x6,
    0xc6, 0x3, 0x37, 0xff, 0x99, 0xe1, 0x80, 0xcd,
    0xc, 0x6, 0x60, 0x60, 0x33, 0xff, 0xfd, 0x98,
    0x18, 0xc, 0xc0, 0xc0, 0x66, 0x6, 0x3, 0x37,
    0xff, 0x99, 0xb1, 0x8c, 0xcd, 0x8c, 0x66, 0x6c,
    0x63, 0x33, 0x63, 0x18, 0x1b, 0x1b, 0xc0, 0xd8,
    0xcc, 0x6, 0x6, 0x0, 0xf0, 0x30, 0x7, 0x0,

    /* U+5237 "刷" */
    0x0, 0x0, 0xc, 0x7f, 0xf0, 0x31, 0xff, 0xc0,
    0xc6, 0x3, 0x33, 0x18, 0xc, 0xcc, 0x60, 0x33,
    0x31, 0xff, 0xcc, 0xc6, 0x0, 0x33, 0x18, 0x0,
    0xcc, 0x61, 0x83, 0x31, 0x86, 0xc, 0xc7, 0xff,
    0x33, 0x3e, 0x6c, 0xcc, 0xf9, 0xb3, 0x33, 0x66,
    0xcc, 0xcd, 0x9b, 0x33, 0x36, 0x6c, 0xcd, 0xd9,
    0xb0, 0x36, 0x67, 0xc0, 0xd9, 0x9b, 0x3, 0x0,
    0x60, 0x3c, 0x1, 0x80, 0xc0,

    /* U+523B "刻" */
    0x2, 0x0, 0x0, 0x1c, 0x0, 0x30, 0x30, 0x0,
    0xc0, 0x80, 0x3, 0xff, 0xf9, 0x8c, 0x10, 0x26,
    0x30, 0xe0, 0x18, 0xc3, 0x10, 0x63, 0x18, 0x61,
    0x8c, 0xc3, 0x6, 0x37, 0xf8, 0x18, 0xde, 0xe0,
    0x63, 0x7, 0x39, 0x8c, 0x38, 0xc6, 0x31, 0xc6,
    0x18, 0xdc, 0x30, 0x63, 0x61, 0xc1, 0x8d, 0xd,
    0xc0, 0x30, 0xe3, 0x80, 0xc7, 0x7, 0x3, 0xf0,
    0x8, 0x7d, 0x80, 0x0, 0xe0,

    /* U+524D "前" */
    0x3, 0x1, 0x0, 0xc, 0x6, 0x0, 0x18, 0x30,
    0x0, 0x40, 0xc0, 0xff, 0xff, 0xfc, 0x0, 0x0,
    0x0, 0x0, 0x0, 0x0, 0x0, 0xc, 0x3f, 0xe0,
    0x30, 0xff, 0x98, 0xc3, 0x6, 0x63, 0xc, 0x19,
    0x8c, 0x3f, 0xe6, 0x30, 0xc1, 0x98, 0xc3, 0x6,
    0x63, 0xc, 0x19, 0x8c, 0x3f, 0xe6, 0x30, 0xc1,
    0x98, 0xc3, 0x6, 0x3, 0xc, 0x18, 0xc, 0x31,
    0xe0, 0xf0, 0xc7, 0x3, 0x80,

    /* U+5267 "剧" */
    0x0, 0x0, 0x19, 0xff, 0xc0, 0xcc, 0x6, 0x6,
    0x60, 0x33, 0x33, 0x1, 0x99, 0x9f, 0xfc, 0xcc,
    0xc3, 0x6, 0x66, 0x18, 0x33, 0x30, 0xc1, 0x99,
    0xff, 0xec, 0xcc, 0x31, 0x66, 0x61, 0x83, 0x33,
    0xc, 0x19, 0x9b, 0xfc, 0xcd, 0x9f, 0xe6, 0x6c,
    0xc3, 0x3, 0x66, 0x18, 0x1e, 0x30, 0xc0, 0xf1,
    0xfe, 0x6, 0x8c, 0x30, 0xf0, 0x60, 0x7, 0x80,

    /* U+5269 "剩" */
    0x0, 0x18, 0xc, 0xff, 0xe0, 0x31, 0xf8, 0x0,
    0xc0, 0x60, 0x33, 0x7f, 0xfc, 0xcd, 0xff, 0xf3,
    0x30, 0x18, 0xc, 0xc3, 0x6c, 0x33, 0xd, 0xb6,
    0xcd, 0xf6, 0xf3, 0x30, 0xdb, 0xc, 0xc7, 0x6c,
    0xb3, 0x7d, 0xbe, 0xcd, 0x3f, 0x23, 0x30, 0x3e,
    0xc, 0xc1, 0xec, 0x3, 0xd, 0x98, 0xc, 0x66,
    0x30, 0x37, 0x18, 0x0, 0xc8, 0x60, 0x1f, 0x1,
    0x80, 0x38,

    /* U+526A "剪" */
    0x4, 0x2, 0x0, 0x30, 0x18, 0x0, 0x81, 0x81,
    0xff, 0xff, 0xf0, 0x0, 0x0, 0x0, 0x0, 0x30,
    0xff, 0x81, 0x87, 0xfc, 0xcc, 0x30, 0x66, 0x61,
    0xff, 0x33, 0xc, 0x19, 0x98, 0x7f, 0xcc, 0xc3,
    0x6, 0x66, 0x18, 0x70, 0x70, 0x0, 0x0, 0xf,
    0xff, 0xfc, 0x0, 0xc0, 0x60, 0xc, 0x2, 0x0,
    0xe0, 0x30, 0x1c, 0xf, 0x87, 0xc0, 0x7c, 0x10,
    0x0, 0x0,

    /* U+529B "力" */
    0x0, 0x0, 0x0, 0x6, 0x0, 0x0, 0x60, 0x0,
    0x6, 0x0, 0x0, 0x60, 0x0, 0x6, 0x0, 0x7f,
    0xff, 0xf7, 0xff, 0xff, 0x0, 0x60, 0x30, 0x6,
    0x3, 0x0, 0x60, 0x30, 0x6, 0x3, 0x0, 0xc0,
    0x30, 0xc, 0x3, 0x0, 0xc0, 0x30, 0x18, 0x3,
    0x3, 0x80, 0x30, 0x30, 0x3, 0xe, 0x0, 0x71,
    0xe0, 0x6, 0x38, 0x7, 0xe7, 0x0, 0x3c, 0x20,
    0x0, 0x0,

    /* U+529F "功" */
    0x0, 0x0, 0x0, 0x0, 0x18, 0x0, 0x0, 0x60,
    0x0, 0x1, 0x80, 0x7f, 0x86, 0x0, 0x30, 0x18,
    0x0, 0xc7, 0xff, 0xc3, 0x1, 0x86, 0xc, 0x6,
    0x18, 0x30, 0x18, 0x60, 0xc0, 0x61, 0x83, 0x1,
    0x86, 0xc, 0x6, 0x18, 0x30, 0x30, 0x60, 0xdc,
    0xc1, 0x8f, 0xf7, 0x6, 0xfc, 0x18, 0x19, 0x0,
    0xc0, 0x60, 0x7, 0x3, 0x80, 0x38, 0x7c, 0x1,
    0xc0, 0xe0, 0x2, 0x0, 0x0,

    /* U+52A0 "加" */
    0x8, 0x0, 0x0, 0xc0, 0x0, 0xc, 0x0, 0x0,
    0xc0, 0x0, 0xc, 0xf, 0xf7, 0xfe, 0xc3, 0xc,
    0x6c, 0x30, 0xc6, 0xc3, 0xc, 0x6c, 0x30, 0xc6,
    0xc3, 0xc, 0x6c, 0x30, 0xc6, 0xc3, 0x18, 0x6c,
    0x31, 0x86, 0xc3, 0x18, 0x6c, 0x33, 0x86, 0xc3,
    0x30, 0x6f, 0xf3, 0x6, 0xff, 0x60, 0x6c, 0x3e,
    0x3e, 0xc3, 0xc3, 0xcc, 0x0,

    /* U+52A1 "务" */
    0x0, 0x0, 0x0, 0x7, 0x0, 0x0, 0x38, 0x0,
    0x0, 0xff, 0xf8, 0x7, 0x81, 0xc0, 0x37, 0xe,
    0x1, 0x8e, 0x70, 0xc, 0x1f, 0x80, 0x0, 0x3c,
    0x0, 0x1, 0xf0, 0x0, 0x7e, 0x7f, 0x1f, 0xcc,
    0x7f, 0x78, 0x30, 0x18, 0x0, 0xc0, 0x1, 0xff,
    0xfe, 0x0, 0x18, 0x18, 0x0, 0x60, 0x60, 0x3,
    0x1, 0x80, 0x1c, 0x6, 0x1, 0xe0, 0x38, 0x7e,
    0x7, 0xc0, 0xe0, 0xc, 0x0,

    /* U+52A8 "动" */
    0x0, 0x3, 0x0, 0x0, 0x18, 0x1f, 0xf0, 0xc0,
    0xff, 0x86, 0x0, 0x0, 0x30, 0x0, 0x1f, 0xfc,
    0x0, 0xc, 0x60, 0x0, 0x63, 0xff, 0xe3, 0x18,
    0x60, 0x18, 0xc6, 0x0, 0xc6, 0x33, 0x6, 0x31,
    0x18, 0x71, 0x98, 0x63, 0xc, 0x83, 0x18, 0x6f,
    0xfd, 0xc3, 0x7e, 0x7c, 0x1a, 0x2, 0xe0, 0xc0,
    0xe, 0xe, 0x0, 0xe1, 0xe0, 0x3, 0xc, 0x0,

    /* U+52BF "势" */
    0x6, 0x6, 0x0, 0xc, 0xc, 0x0, 0x18, 0x18,
    0x3, 0xfd, 0xff, 0x0, 0x60, 0x66, 0x0, 0xd0,
    0xcc, 0x3, 0xe7, 0x98, 0x7f, 0x7, 0x30, 0x66,
    0xf, 0x60, 0xc, 0x32, 0x6c, 0x18, 0xc0, 0xf0,
    0xf3, 0x1, 0xe1, 0xc0, 0x0, 0xc0, 0x6, 0x0,
    0xf, 0xff, 0xfc, 0x0, 0x30, 0x18, 0x0, 0xe0,
    0x60, 0x3, 0x80, 0xc0, 0x1e, 0x1, 0x83, 0xf0,
    0x3f, 0x3, 0x80, 0x3c, 0x0,

    /* U+5305 "包" */
    0x3, 0x0, 0x0, 0xc, 0x0, 0x0, 0x70, 0x0,
    0x3, 0xff, 0xf8, 0xc, 0x0, 0x60, 0x60, 0x1,
    0x83, 0x80, 0x6, 0x3f, 0xff, 0x18, 0x4c, 0xc,
    0x60, 0x30, 0x31, 0x80, 0xc0, 0xc6, 0x3, 0x3,
    0x18, 0xf, 0xfc, 0x60, 0x30, 0x1, 0x80, 0xc0,
    0x6, 0x3, 0x0, 0xf8, 0xc, 0x3, 0xc0, 0x30,
    0x0, 0x30, 0xc0, 0x1, 0xc3, 0x0, 0x6, 0x7,
    0xff, 0xf8,

    /* U+5316 "化" */
    0x2, 0xc, 0x0, 0x1c, 0x30, 0x0, 0x60, 0xc0,
    0x1, 0x83, 0x4, 0xc, 0xc, 0x18, 0x70, 0x30,
    0xe1, 0xc0, 0xc7, 0xf, 0x3, 0x38, 0x7c, 0xd,
    0xc3, 0xb0, 0x3e, 0x4, 0xc0, 0xe0, 0x3, 0x7,
    0x0, 0xc, 0x7c, 0x0, 0x33, 0xb0, 0x0, 0xdc,
    0xc0, 0x3, 0x3, 0x0, 0xc, 0xc, 0x8, 0x30,
    0x30, 0x30, 0xc0, 0xc0, 0xc3, 0x3, 0xfe, 0xc,
    0x0, 0x0,

    /* U+5317 "北" */
    0x1, 0x8c, 0x0, 0x6, 0x30, 0x0, 0x18, 0xc0,
    0x0, 0x63, 0x0, 0x1, 0x8c, 0x0, 0x6, 0x30,
    0x40, 0x18, 0xc7, 0x9f, 0xe3, 0x78, 0x1, 0x8f,
    0x80, 0x6, 0x30, 0x0, 0x18, 0xc0, 0x0, 0x63,
    0x0, 0x1, 0x8c, 0x0, 0x6, 0x30, 0x0, 0x18,
    0xc0, 0x0, 0x63, 0x0, 0xf, 0x8c, 0x3, 0xfe,
    0x30, 0x76, 0x18, 0xc1, 0x80, 0x61, 0xfc, 0x1,
    0x80, 0x0,

    /* U+533A "区" */
    0xff, 0xff, 0xfc, 0x0, 0x0, 0xc0, 0x0, 0xc,
    0x0, 0x10, 0xc3, 0x3, 0x8c, 0x78, 0x30, 0xc1,
    0xc7, 0xc, 0xe, 0xe0, 0xc0, 0x7c, 0xc, 0x3,
    0xc0, 0xc0, 0x3e, 0xc, 0x7, 0x70, 0xc0, 0xe3,
    0x8c, 0x1c, 0x1c, 0xc3, 0x80, 0xcc, 0xf0, 0xc,
    0xc6, 0x0, 0xc, 0x0, 0x0, 0xc0, 0x0, 0xf,
    0xff, 0xff,

    /* U+5341 "十" */
    0x0, 0x30, 0x0, 0x0, 0xc0, 0x0, 0x3, 0x0,
    0x0, 0xc, 0x0, 0x0, 0x30, 0x0, 0x0, 0xc0,
    0x0, 0x3, 0x0, 0x0, 0xc, 0x0, 0xff, 0xff,
    0xff, 0xff, 0xff, 0xf0, 0x3, 0x0, 0x0, 0xc,
    0x0, 0x0, 0x30, 0x0, 0x0, 0xc0, 0x0, 0x3,
    0x0, 0x0, 0xc, 0x0, 0x0, 0x30, 0x0, 0x0,
    0xc0, 0x0, 0x3, 0x0, 0x0, 0xc, 0x0, 0x0,
    0x30, 0x0,

    /* U+5343 "千" */
    0x0, 0x0, 0x80, 0x0, 0x7c, 0x3, 0xff, 0xc0,
    0xff, 0xc0, 0x0, 0x6, 0x0, 0x0, 0x30, 0x0,
    0x1, 0x80, 0x0, 0xc, 0x0, 0x0, 0x60, 0x0,
    0x3, 0x0, 0x3f, 0xff, 0xfe, 0x0, 0xc0, 0x0,
    0x6, 0x0, 0x0, 0x30, 0x0, 0x1, 0x80, 0x0,
    0xc, 0x0, 0x0, 0x60, 0x0, 0x3, 0x0, 0x0,
    0x18, 0x0, 0x0, 0xc0, 0x0, 0x6, 0x0, 0x0,

    /* U+534A "半" */
    0x0, 0x30, 0x0, 0x60, 0xc1, 0x3, 0x83, 0x6,
    0x7, 0xc, 0x38, 0xe, 0x31, 0xc0, 0x18, 0xc6,
    0x0, 0x3, 0x8, 0x0, 0xc, 0x0, 0x3f, 0xff,
    0xf0, 0x0, 0xc0, 0x0, 0x3, 0x0, 0x0, 0xc,
    0x0, 0x0, 0x30, 0x3, 0xff, 0xff, 0xf0, 0x3,
    0x0, 0x0, 0xc, 0x0, 0x0, 0x30, 0x0, 0x0,
    0xc0, 0x0, 0x3, 0x0, 0x0, 0xc, 0x0, 0x0,
    0x30, 0x0,

    /* U+534F "协" */
    0x18, 0xc, 0x0, 0x30, 0x18, 0x0, 0x60, 0x30,
    0x0, 0xc0, 0x60, 0x1, 0x80, 0xc0, 0x3, 0x1f,
    0xfc, 0x3f, 0xc3, 0x18, 0xc, 0x6, 0x30, 0x18,
    0xc, 0x60, 0x31, 0x98, 0xd8, 0x63, 0x31, 0xb0,
    0xc4, 0xc3, 0x31, 0x99, 0x86, 0x63, 0x33, 0xc,
    0x86, 0xe, 0x18, 0xc, 0x18, 0x30, 0x18, 0x70,
    0x60, 0x30, 0xc0, 0xc0, 0x63, 0xf, 0x80, 0xce,
    0x1e, 0x1, 0x88, 0x0, 0x0,

    /* U+5355 "单" */
    0x4, 0x6, 0x0, 0x30, 0x30, 0x0, 0xc3, 0x0,
    0x4, 0x18, 0x3, 0xff, 0xfc, 0x18, 0x30, 0x60,
    0xc1, 0x83, 0x6, 0xc, 0x18, 0x3f, 0xff, 0xc1,
    0x83, 0x6, 0xc, 0x18, 0x30, 0x60, 0xc1, 0x83,
    0xff, 0xfc, 0x0, 0x30, 0x0, 0x1, 0x80, 0x1f,
    0xff, 0xff, 0xff, 0xff, 0xf8, 0x3, 0x0, 0x0,
    0x18, 0x0, 0x0, 0xc0, 0x0, 0x6, 0x0, 0x0,

    /* U+5357 "南" */
    0x0, 0x60, 0x0, 0x3, 0x0, 0x0, 0x18, 0x1,
    0xff, 0xff, 0xf0, 0x6, 0x0, 0x0, 0x20, 0x0,
    0x3, 0x0, 0xf, 0xff, 0xfe, 0x40, 0x0, 0x32,
    0x10, 0x61, 0x90, 0xc3, 0xc, 0x83, 0x30, 0x64,
    0x1, 0x83, 0x27, 0xff, 0x99, 0x1, 0x80, 0xc8,
    0xc, 0x6, 0x5f, 0xff, 0xb2, 0x3, 0x1, 0x90,
    0x18, 0xc, 0x80, 0xc0, 0x64, 0x6, 0x1f, 0x20,
    0x0, 0x70,

    /* U+5360 "占" */
    0x1, 0x80, 0x0, 0x18, 0x0, 0x1, 0x80, 0x0,
    0x18, 0x0, 0x1, 0xff, 0xf0, 0x18, 0x0, 0x1,
    0x80, 0x0, 0x18, 0x0, 0x1, 0x80, 0x0, 0x18,
    0x0, 0x1, 0x80, 0xf, 0xff, 0xf8, 0xc0, 0x1,
    0x8c, 0x0, 0x18, 0xc0, 0x1, 0x8c, 0x0, 0x18,
    0xc0, 0x1, 0x8c, 0x0, 0x18, 0xff, 0xff, 0x8c,
    0x0, 0x18, 0xc0, 0x1, 0x80,

    /* U+5361 "卡" */
    0x0, 0x60, 0x0, 0x1, 0x80, 0x0, 0x6, 0x0,
    0x0, 0x1f, 0xf8, 0x0, 0x60, 0x0, 0x1, 0x80,
    0x0, 0x6, 0x0, 0x0, 0x18, 0x0, 0x0, 0x60,
    0x3, 0xff, 0xff, 0xf0, 0x6, 0x0, 0x0, 0x18,
    0x0, 0x0, 0x6c, 0x0, 0x1, 0xbc, 0x0, 0x6,
    0x38, 0x0, 0x18, 0x78, 0x0, 0x60, 0xc0, 0x1,
    0x80, 0x0, 0x6, 0x0, 0x0, 0x18, 0x0, 0x0,
    0x60, 0x0,

    /* U+536B "卫" */
    0x3f, 0xff, 0xe0, 0xff, 0xff, 0x80, 0xc, 0x6,
    0x0, 0x30, 0x18, 0x0, 0xc0, 0x60, 0x3, 0x1,
    0x80, 0xc, 0x6, 0x0, 0x30, 0x18, 0x0, 0xc0,
    0x60, 0x3, 0x1, 0x80, 0xc, 0x6, 0x0, 0x30,
    0x18, 0x0, 0xc7, 0xe0, 0x3, 0xf, 0x0, 0xc,
    0x0, 0x0, 0x30, 0x0, 0x0, 0xc0, 0x3, 0xff,
    0xff, 0xff, 0xff, 0xff, 0xc0,

    /* U+5370 "印" */
    0x3, 0x80, 0x7, 0xf9, 0xff, 0x60, 0x18, 0x36,
    0x1, 0x83, 0x60, 0x18, 0x36, 0x1, 0x83, 0x60,
    0x18, 0x37, 0xf9, 0x83, 0x60, 0x18, 0x36, 0x1,
    0x83, 0x60, 0x18, 0x36, 0x1, 0x83, 0x61, 0x98,
    0x36, 0x39, 0x83, 0x6f, 0x19, 0xf7, 0xc1, 0x8e,
    0x70, 0x18, 0x0, 0x1, 0x80, 0x0, 0x18, 0x0,
    0x1, 0x80,

    /* U+5373 "即" */
    0x7f, 0xcf, 0xf6, 0xc, 0xc3, 0x60, 0xcc, 0x36,
    0xc, 0xc3, 0x60, 0xcc, 0x37, 0xfc, 0xc3, 0x60,
    0xcc, 0x36, 0xc, 0xc3, 0x60, 0xcc, 0x37, 0xfc,
    0xc3, 0x60, 0xc, 0x36, 0x10, 0xc3, 0x63, 0x8c,
    0x36, 0x18, 0xc3, 0x63, 0xcc, 0xf6, 0xee, 0xce,
    0x78, 0x6c, 0x6, 0x4, 0xc0, 0x40, 0xc, 0x0,
    0x0, 0xc0,

    /* U+5382 "厂" */
    0x1f, 0xff, 0xfc, 0x7f, 0xff, 0xf1, 0x80, 0x0,
    0x6, 0x0, 0x0, 0x18, 0x0, 0x0, 0x60, 0x0,
    0x1, 0x80, 0x0, 0x6, 0x0, 0x0, 0x18, 0x0,
    0x0, 0x60, 0x0, 0x1, 0x80, 0x0, 0x6, 0x0,
    0x0, 0x18, 0x0, 0x0, 0x60, 0x0, 0x3, 0x0,
    0x0, 0xc, 0x0, 0x0, 0x30, 0x0, 0x1, 0xc0,
    0x0, 0x6, 0x0, 0x0, 0x38, 0x0, 0x0,

    /* U+5386 "历" */
    0x1f, 0xff, 0xf8, 0xc0, 0x0, 0x6, 0x3, 0x0,
    0x30, 0x18, 0x1, 0x80, 0xc0, 0xc, 0x6, 0x0,
    0x60, 0x30, 0x3, 0x3f, 0xff, 0x18, 0x18, 0x30,
    0xc0, 0xc1, 0x86, 0x6, 0xc, 0x30, 0x30, 0x61,
    0x81, 0x83, 0x1c, 0x18, 0x18, 0xc1, 0xc0, 0xc6,
    0xc, 0x6, 0x70, 0xc0, 0x33, 0x9e, 0xf, 0xb8,
    0xe0, 0x78, 0x42, 0x0, 0x0,

    /* U+538B "压" */
    0x1f, 0xff, 0xf8, 0x60, 0x0, 0x1, 0x80, 0x0,
    0x6, 0x3, 0x0, 0x18, 0xc, 0x0, 0x60, 0x30,
    0x1, 0x80, 0xc0, 0x6, 0x3, 0x0, 0x19, 0xff,
    0xf0, 0x67, 0xff, 0xc1, 0x80, 0xc0, 0x6, 0x3,
    0x0, 0x18, 0xc, 0xc0, 0x60, 0x33, 0x83, 0x0,
    0xc6, 0xc, 0x3, 0x0, 0x30, 0xc, 0x1, 0xdf,
    0xff, 0xf6, 0x7f, 0xff, 0xd8, 0x0, 0x0,

    /* U+539F "原" */
    0x1f, 0xff, 0xf8, 0x60, 0x20, 0x1, 0x80, 0xc0,
    0x6, 0x6, 0x0, 0x19, 0xff, 0xf0, 0x66, 0x0,
    0xc1, 0x98, 0x3, 0x6, 0x60, 0xc, 0x19, 0xff,
    0xf0, 0x66, 0x0, 0xc1, 0x98, 0x3, 0x6, 0x7f,
    0xfc, 0x18, 0x6, 0x0, 0xe0, 0x18, 0x3, 0xc,
    0x66, 0xc, 0x71, 0x9c, 0x33, 0x86, 0x39, 0x9c,
    0x18, 0x7e, 0x21, 0xe0, 0x80, 0x6, 0x0,

    /* U+53BB "去" */
    0x0, 0x30, 0x0, 0x0, 0xc0, 0x0, 0x3, 0x0,
    0x0, 0xc, 0x0, 0x0, 0x30, 0x0, 0xff, 0xff,
    0x80, 0x3, 0x0, 0x0, 0xc, 0x0, 0x0, 0x30,
    0x0, 0x0, 0xc0, 0x0, 0x3, 0x0, 0x3f, 0xff,
    0xff, 0x0, 0x40, 0x0, 0x3, 0x80, 0x0, 0x1c,
    0x20, 0x0, 0x61, 0xc0, 0x3, 0x3, 0x80, 0x18,
    0x7, 0x0, 0xc0, 0xfe, 0xf, 0xff, 0xdc, 0x1f,
    0x0, 0x30, 0x0, 0x0, 0x0,

    /* U+53C2 "参" */
    0x0, 0x40, 0x0, 0x3, 0x80, 0x0, 0x1c, 0x40,
    0x0, 0xe1, 0xc0, 0x6, 0x3, 0x80, 0x3f, 0xff,
    0x0, 0xcc, 0xc, 0x0, 0x30, 0x0, 0x0, 0xc0,
    0x3, 0xff, 0xff, 0xe0, 0x30, 0x60, 0x1, 0x84,
    0xe0, 0x1c, 0x79, 0xc1, 0xc7, 0x83, 0xee, 0xf8,
    0xe3, 0x81, 0x7, 0x0, 0x0, 0xf0, 0xc0, 0x7f,
    0xf, 0x0, 0xe0, 0x70, 0x0, 0xf, 0x0, 0x3,
    0xf0, 0x0, 0x7c, 0x0, 0x0,

    /* U+53C8 "又" */
    0x3f, 0xff, 0xe0, 0xff, 0xff, 0x80, 0xc0, 0xc,
    0x3, 0x0, 0x30, 0x6, 0x0, 0xc0, 0x18, 0x6,
    0x0, 0x70, 0x18, 0x0, 0xc0, 0xc0, 0x3, 0x83,
    0x0, 0x6, 0x18, 0x0, 0x1c, 0xe0, 0x0, 0x33,
    0x0, 0x0, 0x78, 0x0, 0x1, 0xe0, 0x0, 0xf,
    0xc0, 0x0, 0x73, 0x80, 0x7, 0x87, 0x80, 0x78,
    0x7, 0xcf, 0xc0, 0x7, 0xdc, 0x0, 0x6,

    /* U+53CA "及" */
    0x1f, 0xff, 0xe0, 0x3, 0x1, 0x80, 0x6, 0x7,
    0x0, 0xc, 0xc, 0x0, 0x18, 0x18, 0x0, 0x30,
    0x60, 0x0, 0xe0, 0xc0, 0x1, 0xc3, 0xf8, 0x3,
    0x80, 0x30, 0x7, 0x80, 0xc0, 0x1d, 0x81, 0x80,
    0x31, 0x86, 0x0, 0x63, 0x1c, 0x1, 0x83, 0x30,
    0x7, 0x3, 0xc0, 0xc, 0x3, 0x80, 0x30, 0x1f,
    0xc0, 0xe0, 0xf1, 0xe1, 0x9f, 0x81, 0xf2, 0x38,
    0x0, 0xe0,

    /* U+53CC "双" */
    0x7f, 0xff, 0xf1, 0xff, 0xff, 0xc0, 0x9, 0x83,
    0x0, 0x62, 0xc, 0x21, 0x88, 0x31, 0x86, 0x30,
    0x83, 0x18, 0xc6, 0x6, 0x63, 0x18, 0xf, 0xc,
    0x60, 0x1c, 0x13, 0x0, 0x70, 0x6c, 0x1, 0xe1,
    0xb0, 0x7, 0xc3, 0x80, 0x33, 0x8e, 0x0, 0xc6,
    0x78, 0x6, 0x13, 0xf0, 0x30, 0x1c, 0xe1, 0xc0,
    0xe1, 0xc6, 0x7, 0x3, 0xc0, 0x30, 0x2,

    /* U+53CD "反" */
    0x0, 0x7, 0xe0, 0xff, 0xfe, 0x6, 0x0, 0x0,
    0x30, 0x0, 0x1, 0x80, 0x0, 0xc, 0x0, 0x0,
    0x7f, 0xff, 0x3, 0x60, 0x18, 0x19, 0x81, 0xc0,
    0xcc, 0xc, 0x6, 0x30, 0xe0, 0x31, 0x86, 0x3,
    0x86, 0x60, 0x18, 0x3f, 0x0, 0xc0, 0xf0, 0xe,
    0x7, 0x80, 0x60, 0xff, 0x7, 0x1e, 0x1f, 0x37,
    0xc0, 0x3c, 0x10, 0x0, 0x60,

    /* U+53D1 "发" */
    0x0, 0x1, 0x0, 0x41, 0x98, 0x3, 0x18, 0x60,
    0x10, 0xc1, 0x81, 0x86, 0x4, 0xc, 0x30, 0x0,
    0xff, 0xff, 0xe0, 0x18, 0x0, 0x0, 0xc0, 0x0,
    0xc, 0x0, 0x0, 0x7f, 0xf8, 0x7, 0x1, 0x80,
    0x6c, 0x1c, 0x7, 0x30, 0xc0, 0x71, 0xcc, 0x7,
    0x7, 0xc0, 0x70, 0x1c, 0x3, 0x1, 0xf0, 0x0,
    0x79, 0xf0, 0x1f, 0x3, 0xf0, 0xe0, 0x3, 0x0,

    /* U+53D6 "取" */
    0xff, 0xf0, 0x0, 0xc3, 0x3f, 0xe3, 0xc, 0x43,
    0xc, 0x31, 0x8c, 0x30, 0xc6, 0x30, 0xff, 0x18,
    0xc3, 0xc, 0x63, 0xc, 0x31, 0x8c, 0x30, 0xc6,
    0x60, 0xc3, 0x9, 0x83, 0xfc, 0x36, 0xc, 0x30,
    0xf0, 0x30, 0xc1, 0xc0, 0xc3, 0xc6, 0x3, 0x7f,
    0x3c, 0x3f, 0xb0, 0xd8, 0xe0, 0xc6, 0x30, 0x3,
    0x70, 0x70, 0xc, 0x80, 0x80, 0x30, 0x0,

    /* U+53D8 "变" */
    0x0, 0x60, 0x0, 0x3, 0x0, 0x0, 0xc, 0x1,
    0xff, 0xff, 0xf0, 0x18, 0xc0, 0xc, 0xc6, 0x40,
    0xe6, 0x37, 0x6, 0x31, 0x9c, 0x61, 0x8c, 0x77,
    0xc, 0x61, 0x80, 0x63, 0x0, 0x0, 0x0, 0x3,
    0xff, 0xfc, 0x3, 0x1, 0xc0, 0xc, 0x1c, 0x0,
    0x31, 0xc0, 0x0, 0xfc, 0x0, 0x3, 0x80, 0x0,
    0x7f, 0x80, 0xfe, 0xf, 0xf7, 0x80, 0xf, 0x0,

    /* U+53E3 "口" */
    0xff, 0xff, 0xe0, 0x0, 0xf0, 0x0, 0x78, 0x0,
    0x3c, 0x0, 0x1e, 0x0, 0xf, 0x0, 0x7, 0x80,
    0x3, 0xc0, 0x1, 0xe0, 0x0, 0xf0, 0x0, 0x78,
    0x0, 0x3c, 0x0, 0x1e, 0x0, 0xf, 0xff, 0xff,
    0x80, 0x3, 0xc0, 0x1, 0xe0, 0x0, 0xc0,

    /* U+53E5 "句" */
    0x2, 0x0, 0x0, 0x38, 0x0, 0x1, 0x80, 0x0,
    0x1c, 0x0, 0x0, 0xff, 0xff, 0x8c, 0x0, 0xc,
    0xc0, 0x0, 0x6e, 0x0, 0x3, 0xe0, 0x0, 0x1a,
    0x7f, 0xe0, 0xc3, 0x3, 0x6, 0x18, 0x18, 0x30,
    0xc0, 0xc1, 0x86, 0x6, 0xc, 0x30, 0x30, 0x61,
    0x81, 0x86, 0xf, 0xfc, 0x30, 0x60, 0x61, 0x80,
    0x0, 0xc, 0x0, 0x0, 0x60, 0x0, 0x3f, 0x0,
    0x0, 0xf0,

    /* U+53E6 "另" */
    0x1f, 0xff, 0xe1, 0x80, 0x6, 0x18, 0x0, 0x61,
    0x80, 0x6, 0x18, 0x0, 0x61, 0x80, 0x6, 0x1f,
    0xff, 0xe0, 0x6, 0x0, 0x0, 0x60, 0x0, 0x6,
    0x0, 0x7f, 0xff, 0xf0, 0x6, 0x3, 0x0, 0xc0,
    0x30, 0xc, 0x3, 0x1, 0x80, 0x30, 0x38, 0x3,
    0xf, 0x0, 0x63, 0xe0, 0x7e, 0x78, 0x3, 0xe2,
    0x0, 0x30,

    /* U+53EA "只" */
    0x1f, 0xff, 0xc0, 0xc0, 0x6, 0x6, 0x0, 0x30,
    0x30, 0x1, 0x81, 0x80, 0xc, 0xc, 0x0, 0x60,
    0x60, 0x3, 0x3, 0x0, 0x18, 0x18, 0x0, 0xc0,
    0xc0, 0x6, 0x7, 0xff, 0xf0, 0x0, 0x0, 0x0,
    0x20, 0x20, 0x3, 0x83, 0x80, 0x38, 0xe, 0x1,
    0x80, 0x38, 0x18, 0x0, 0xe1, 0x80, 0x3, 0x98,
    0x0, 0xf, 0x80, 0x0, 0x60, 0x0, 0x0, 0x0,

    /* U+53EF "可" */
    0xff, 0xff, 0xfc, 0x0, 0x3, 0x0, 0x0, 0xc,
    0x0, 0x0, 0x30, 0x1f, 0xf0, 0xc0, 0x60, 0xc3,
    0x1, 0x83, 0xc, 0x6, 0xc, 0x30, 0x18, 0x30,
    0xc0, 0x60, 0xc3, 0x1, 0x83, 0xc, 0x7, 0xfc,
    0x30, 0x18, 0x30, 0xc0, 0x60, 0x3, 0x0, 0x0,
    0xc, 0x0, 0x0, 0x30, 0x0, 0x0, 0xc0, 0x0,
    0x3f, 0x0, 0x0, 0x70, 0x0,

    /* U+53F0 "台" */
    0x1, 0x80, 0x0, 0xe, 0x0, 0x0, 0xe0, 0x0,
    0xe, 0xc, 0x0, 0x60, 0x70, 0x6, 0x1, 0xc0,
    0x60, 0x7, 0xe, 0x1, 0xfc, 0x7f, 0xff, 0xf3,
    0xe0, 0x1, 0x80, 0x0, 0x0, 0x0, 0x0, 0x3,
    0xff, 0xfc, 0x1f, 0xff, 0xe0, 0xc0, 0x3, 0x6,
    0x0, 0x18, 0x30, 0x0, 0xc1, 0x80, 0x6, 0xc,
    0x0, 0x30, 0x7f, 0xff, 0x83, 0xff, 0xfc, 0x18,
    0x0, 0x60,

    /* U+53F2 "史" */
    0x0, 0x30, 0x0, 0x0, 0xc0, 0x0, 0x3, 0x0,
    0x0, 0xc, 0x0, 0x3f, 0xff, 0xe0, 0xc0, 0xc1,
    0x83, 0x3, 0x6, 0xc, 0xc, 0x18, 0x30, 0x30,
    0x60, 0xc0, 0xc1, 0x83, 0x3, 0x6, 0xf, 0xff,
    0xf8, 0x0, 0x30, 0x0, 0x70, 0xc0, 0x0, 0xe7,
    0x0, 0x1, 0xd8, 0x0, 0x3, 0xe0, 0x0, 0x7,
    0x80, 0x0, 0x1f, 0x0, 0x1, 0xef, 0x80, 0x3e,
    0xf, 0xfb, 0xe0, 0x7, 0xe0, 0x0, 0x0, 0x0,

    /* U+53F3 "右" */
    0x0, 0x30, 0x0, 0x0, 0xc0, 0x0, 0x7, 0x0,
    0x0, 0x18, 0x0, 0x7f, 0xff, 0xfd, 0xff, 0xff,
    0xf0, 0xc, 0x0, 0x0, 0x30, 0x0, 0x1, 0xc0,
    0x0, 0x6, 0x0, 0x0, 0x38, 0x0, 0x1, 0xff,
    0xfc, 0xf, 0x0, 0x30, 0x7c, 0x0, 0xc3, 0xb0,
    0x3, 0x1c, 0xc0, 0xc, 0x63, 0x0, 0x30, 0xc,
    0x0, 0xc0, 0x3f, 0xff, 0x0, 0xc0, 0xc, 0x3,
    0x0, 0x30,

    /* U+53F6 "叶" */
    0x0, 0x3, 0x0, 0x0, 0xc, 0xf, 0xe0, 0x30,
    0x31, 0x80, 0xc0, 0xc6, 0x3, 0x3, 0x18, 0xc,
    0xc, 0x60, 0x30, 0x31, 0xbf, 0xff, 0xc6, 0x3,
    0x3, 0x18, 0xc, 0xc, 0x60, 0x30, 0x31, 0x80,
    0xc0, 0xc6, 0x3, 0x3, 0xf8, 0xc, 0xc, 0x60,
    0x30, 0x31, 0x80, 0xc0, 0xc6, 0x3, 0x3, 0x0,
    0xc, 0x0, 0x0, 0x30, 0x0, 0x0, 0xc0, 0x0,
    0x3, 0x0,

    /* U+53F7 "号" */
    0xf, 0xff, 0x80, 0x60, 0xc, 0x3, 0x0, 0x60,
    0x18, 0x3, 0x0, 0xc0, 0x18, 0x7, 0xff, 0xc0,
    0x0, 0x0, 0x0, 0x0, 0x0, 0xff, 0xff, 0xf8,
    0x18, 0x0, 0x0, 0x80, 0x0, 0xc, 0x0, 0x0,
    0x60, 0x0, 0x3, 0xff, 0xe0, 0x0, 0x3, 0x0,
    0x0, 0x30, 0x0, 0x1, 0x80, 0x0, 0xc, 0x0,
    0xf, 0xe0, 0x0, 0x7e, 0x0,

    /* U+5403 "吃" */
    0x0, 0x0, 0x0, 0x0, 0xe0, 0x0, 0x3, 0x0,
    0x3f, 0x88, 0x0, 0xc6, 0x7f, 0xfb, 0x19, 0x0,
    0xc, 0x6c, 0x0, 0x31, 0xe0, 0x0, 0xc6, 0x7f,
    0xc3, 0x18, 0x6, 0xc, 0x60, 0x30, 0x31, 0x81,
    0x80, 0xc6, 0xc, 0x3, 0xf8, 0x60, 0xc, 0x63,
    0x80, 0x31, 0x9c, 0x0, 0xc6, 0x60, 0x13, 0x1,
    0x80, 0x70, 0xc, 0x1, 0x80, 0x30, 0xe, 0x0,
    0x7f, 0xf0,

    /* U+5404 "各" */
    0x1, 0x80, 0x0, 0x6, 0x0, 0x0, 0x30, 0x0,
    0x0, 0xff, 0xf0, 0x7, 0x81, 0xc0, 0x3b, 0xe,
    0x0, 0xcc, 0x70, 0xe, 0x1b, 0x80, 0x0, 0x3c,
    0x0, 0x1, 0xf0, 0x0, 0x1e, 0x78, 0x3, 0xc0,
    0x7f, 0xf8, 0x0, 0x39, 0x1f, 0xff, 0x0, 0x60,
    0xc, 0x1, 0x80, 0x30, 0x6, 0x0, 0xc0, 0x18,
    0x3, 0x0, 0x60, 0xc, 0x1, 0xff, 0xf0, 0x6,
    0x0, 0xc0,

    /* U+5408 "合" */
    0x0, 0x20, 0x0, 0x0, 0xc0, 0x0, 0x7, 0x80,
    0x0, 0x32, 0x0, 0x1, 0xcc, 0x0, 0xe, 0x1c,
    0x0, 0x70, 0x38, 0x3, 0x0, 0x30, 0x38, 0x0,
    0x79, 0xcf, 0xfc, 0x70, 0x0, 0x0, 0x0, 0x0,
    0x0, 0xf, 0xff, 0xc0, 0x30, 0x3, 0x0, 0xc0,
    0xc, 0x3, 0x0, 0x30, 0xc, 0x0, 0xc0, 0x30,
    0x3, 0x0, 0xff, 0xfc, 0x3, 0x0, 0x30, 0xc,
    0x0, 0xc0,

    /* U+540C "同" */
    0xff, 0xff, 0xff, 0xff, 0xff, 0x0, 0x1, 0xe0,
    0x0, 0x3c, 0x0, 0x7, 0x9f, 0xfe, 0xf0, 0x0,
    0x1e, 0x0, 0x3, 0xc0, 0x0, 0x78, 0x0, 0xf,
    0xf, 0xf1, 0xe1, 0x6, 0x3c, 0x20, 0xc7, 0x84,
    0x18, 0xf0, 0x83, 0x1e, 0x1f, 0xe3, 0xc0, 0x0,
    0x78, 0x0, 0xf, 0x0, 0x1, 0xe0, 0x0, 0xfc,
    0x0, 0xc,

    /* U+540D "名" */
    0x0, 0x80, 0x0, 0xc, 0x0, 0x1, 0x80, 0x0,
    0x3f, 0xfe, 0x7, 0x0, 0xc0, 0xe0, 0x1c, 0x1d,
    0x83, 0x83, 0x8e, 0x30, 0x10, 0x7e, 0x0, 0x3,
    0xc0, 0x0, 0x38, 0x0, 0xe, 0x0, 0x7, 0xff,
    0xf7, 0xf0, 0x3, 0x73, 0x0, 0x30, 0x30, 0x3,
    0x3, 0x0, 0x30, 0x30, 0x3, 0x3, 0xff, 0xf0,
    0x30, 0x3, 0x3, 0x0, 0x30,

    /* U+540E "后" */
    0x0, 0x0, 0x20, 0x0, 0x7f, 0xc1, 0xff, 0xe0,
    0x6, 0x0, 0x0, 0x18, 0x0, 0x0, 0x60, 0x0,
    0x1, 0xff, 0xff, 0xc7, 0xff, 0xff, 0x18, 0x0,
    0x0, 0x60, 0x0, 0x1, 0x80, 0x0, 0x6, 0x7f,
    0xfc, 0x19, 0x80, 0x30, 0x46, 0x0, 0xc3, 0x18,
    0x3, 0xc, 0x60, 0xc, 0x31, 0x80, 0x31, 0x86,
    0x0, 0xce, 0x1f, 0xff, 0x10, 0x60, 0xc, 0x1,
    0x80, 0x30,

    /* U+5411 "向" */
    0x2, 0x0, 0x0, 0x60, 0x0, 0x1c, 0x0, 0x3,
    0x0, 0xf, 0xff, 0xff, 0x80, 0x0, 0xf0, 0x0,
    0x1e, 0x0, 0x3, 0xc0, 0x0, 0x78, 0xff, 0x8f,
    0x18, 0x31, 0xe3, 0x6, 0x3c, 0x60, 0xc7, 0x8c,
    0x18, 0xf1, 0xff, 0x1e, 0x0, 0x3, 0xc0, 0x0,
    0x78, 0x0, 0xf, 0x0, 0x1, 0xe0, 0x1, 0xfc,
    0x0, 0x1c,

    /* U+541E "吞" */
    0x1f, 0xff, 0xe0, 0x1, 0x80, 0x0, 0x6, 0x0,
    0x0, 0x18, 0x0, 0x0, 0x60, 0x1, 0xff, 0xff,
    0xe0, 0xc, 0x60, 0x0, 0x71, 0x80, 0x3, 0x83,
    0x0, 0x1c, 0x7, 0x1, 0xe0, 0xf, 0x9f, 0xff,
    0xff, 0x66, 0x0, 0xc0, 0x18, 0x3, 0x0, 0x60,
    0xc, 0x1, 0x80, 0x30, 0x6, 0x0, 0xc0, 0x1f,
    0xff, 0x0, 0x60, 0xc, 0x1, 0x80, 0x30,

    /* U+5426 "否" */
    0x3f, 0xff, 0xf8, 0x0, 0xe0, 0x0, 0x7, 0x0,
    0x0, 0x3c, 0x0, 0x1, 0xf3, 0x80, 0x1e, 0xcf,
    0x80, 0xf3, 0xf, 0xf, 0xc, 0x1f, 0x78, 0x30,
    0x1d, 0x80, 0xc0, 0x20, 0x3, 0x0, 0x3, 0xff,
    0xf8, 0xc, 0x0, 0x60, 0x30, 0x1, 0x80, 0xc0,
    0x6, 0x3, 0x0, 0x18, 0xc, 0x0, 0x60, 0x3f,
    0xff, 0x80, 0xc0, 0x6, 0x3, 0x0, 0x18,

    /* U+542B "含" */
    0x0, 0x30, 0x0, 0x1, 0xc0, 0x0, 0x7, 0x80,
    0x0, 0x37, 0x0, 0x1, 0x8e, 0x0, 0x1c, 0x9e,
    0x0, 0xe6, 0x1e, 0xe, 0xc, 0x1f, 0xf0, 0x0,
    0x19, 0x3f, 0xfe, 0x0, 0x0, 0x70, 0x0, 0x1,
    0x80, 0x0, 0xc, 0x0, 0x0, 0x70, 0x0, 0x0,
    0x80, 0x3, 0xff, 0xf0, 0xc, 0x0, 0xc0, 0x30,
    0x3, 0x0, 0xc0, 0xc, 0x3, 0xff, 0xf0, 0xc,
    0x0, 0xc0, 0x30, 0x3, 0x0,

    /* U+542C "听" */
    0x0, 0x0, 0x20, 0x0, 0xff, 0xbf, 0x9f, 0xc1,
    0x8c, 0xc0, 0xc, 0x66, 0x0, 0x63, 0x30, 0x3,
    0x19, 0x80, 0x18, 0xcc, 0x0, 0xc6, 0x7f, 0xfe,
    0x33, 0xc, 0x31, 0x98, 0x61, 0x8c, 0xc3, 0xc,
    0x66, 0x18, 0x7f, 0x30, 0xc3, 0x1b, 0x6, 0x18,
    0xd8, 0x30, 0xc0, 0xc1, 0x80, 0xc, 0xc, 0x0,
    0xe0, 0x60, 0xe, 0x3, 0x0, 0x20, 0x18, 0x0,

    /* U+542F "启" */
    0x0, 0x18, 0x0, 0x1, 0xc0, 0x0, 0xc, 0x0,
    0xff, 0xff, 0xc, 0x0, 0x30, 0xc0, 0x3, 0xc,
    0x0, 0x30, 0xc0, 0x3, 0xf, 0xff, 0xf0, 0xc0,
    0x0, 0xc, 0x0, 0x0, 0xc0, 0x0, 0x1d, 0xff,
    0xf1, 0xd8, 0x3, 0x19, 0x80, 0x31, 0x98, 0x3,
    0x39, 0x80, 0x33, 0x18, 0x3, 0x71, 0xff, 0xf6,
    0x18, 0x3, 0x1, 0x80, 0x30,

    /* U+544A "告" */
    0x0, 0x30, 0x0, 0x61, 0x80, 0x3, 0xc, 0x0,
    0x30, 0x60, 0x1, 0xff, 0xfe, 0x18, 0x18, 0x1,
    0xc0, 0xc0, 0x0, 0x6, 0x0, 0x0, 0x30, 0x7,
    0xff, 0xff, 0xc0, 0x0, 0x0, 0x0, 0x0, 0x1,
    0xff, 0xfc, 0xc, 0x0, 0x60, 0x60, 0x3, 0x3,
    0x0, 0x18, 0x18, 0x0, 0xc0, 0xc0, 0x6, 0x7,
    0xff, 0xf0, 0x30, 0x1, 0x81, 0x80, 0xc, 0x0,

    /* U+5458 "员" */
    0x1f, 0xff, 0xc0, 0xc0, 0x6, 0x6, 0x0, 0x30,
    0x30, 0x1, 0x81, 0xff, 0xfc, 0x0, 0x0, 0x0,
    0x0, 0x0, 0x0, 0x0, 0x0, 0x3f, 0xff, 0xe1,
    0x80, 0x3, 0xc, 0x0, 0x18, 0x60, 0xe0, 0xc3,
    0x6, 0x6, 0x18, 0x30, 0x30, 0xc1, 0x81, 0x80,
    0x18, 0xc0, 0x1, 0xcf, 0x80, 0x3c, 0xf, 0x3f,
    0x80, 0x1f, 0xf0, 0x0, 0x20,

    /* U+5468 "周" */
    0x1f, 0xff, 0xf1, 0x80, 0x3, 0x18, 0x30, 0x31,
    0x83, 0x3, 0x1b, 0xff, 0x31, 0x83, 0x3, 0x18,
    0x30, 0x31, 0x83, 0x3, 0x1f, 0xff, 0xb1, 0x80,
    0x3, 0x18, 0x0, 0x31, 0x9f, 0xf3, 0x19, 0x83,
    0x33, 0x18, 0x33, 0x31, 0x83, 0x33, 0x18, 0x33,
    0x71, 0xff, 0x36, 0x0, 0x3, 0xe0, 0x1, 0xf4,
    0x0, 0xe,

    /* U+547D "命" */
    0x0, 0x38, 0x0, 0x0, 0xc0, 0x0, 0x7, 0x80,
    0x0, 0x33, 0x0, 0x1, 0x86, 0x0, 0x1c, 0xe,
    0x1, 0xe0, 0x1e, 0x1f, 0x7f, 0xdf, 0xf0, 0x0,
    0x19, 0x0, 0x0, 0x1, 0xfc, 0xfe, 0x6, 0x13,
    0x18, 0x18, 0x4c, 0x60, 0x61, 0x31, 0x81, 0x84,
    0xc6, 0x7, 0xf3, 0x18, 0x18, 0x4c, 0xe0, 0x61,
    0x33, 0x0, 0x0, 0xc0, 0x0, 0x3, 0x0, 0x0,
    0xc, 0x0,

    /* U+548C "和" */
    0x0, 0x60, 0x0, 0xff, 0x0, 0xf, 0xc0, 0x0,
    0x6, 0xf, 0xf0, 0x30, 0x61, 0x81, 0x83, 0xd,
    0xff, 0xd8, 0x60, 0x60, 0xc3, 0x7, 0x6, 0x18,
    0x3a, 0x30, 0xc3, 0xd9, 0x86, 0x1e, 0xcc, 0x31,
    0xb3, 0x61, 0x9d, 0x9b, 0xc, 0xcc, 0x18, 0x6c,
    0x60, 0xff, 0x43, 0x6, 0x18, 0x18, 0x30, 0xc0,
    0xc0, 0x0, 0x6, 0x0, 0x0,

    /* U+54CD "响" */
    0x0, 0x1c, 0x0, 0x1, 0x80, 0xfc, 0x18, 0xf,
    0xdf, 0xff, 0xcd, 0x80, 0x3c, 0xd8, 0x3, 0xcd,
    0x80, 0x3c, 0xd8, 0x3, 0xcd, 0x9f, 0xbc, 0xd9,
    0x9b, 0xcd, 0x99, 0xbc, 0xd9, 0x9b, 0xcd, 0x99,
    0xbc, 0xd9, 0x9b, 0xfd, 0x9f, 0xbc, 0xd8, 0x3,
    0xcd, 0x80, 0x3c, 0x18, 0x3, 0x1, 0x80, 0x30,
    0x18, 0xf, 0x1, 0x80, 0x60,

    /* U+54EA "哪" */
    0x3, 0x0, 0x3, 0xff, 0xf7, 0xfc, 0xcc, 0xd8,
    0xb3, 0x33, 0x66, 0xcc, 0xcd, 0x9b, 0x33, 0x36,
    0x6c, 0xff, 0xdb, 0x33, 0x33, 0x6c, 0xcc, 0xcd,
    0xb3, 0x33, 0x36, 0x4c, 0xcc, 0xd9, 0xb3, 0xff,
    0x66, 0xcf, 0xfd, 0x8f, 0xf3, 0x36, 0x3c, 0xcc,
    0xd8, 0xf3, 0x23, 0x63, 0xc1, 0x8d, 0xbb, 0x6,
    0x36, 0x40, 0x30, 0xd8, 0x1, 0xcf, 0x60, 0x2,
    0x31, 0x80,

    /* U+5524 "唤" */
    0x0, 0x10, 0x0, 0x0, 0x70, 0x0, 0x3, 0x80,
    0x3f, 0x1f, 0xf0, 0xcc, 0x60, 0xc3, 0x37, 0x6,
    0xc, 0xd8, 0x18, 0x33, 0x3f, 0xfc, 0xcc, 0xc6,
    0x33, 0x33, 0x18, 0xcc, 0xcc, 0x63, 0x33, 0x31,
    0x8c, 0xcc, 0xc6, 0x33, 0x33, 0x18, 0xcf, 0xff,
    0xff, 0xf3, 0x3, 0xc0, 0xcc, 0xd, 0x83, 0x0,
    0x76, 0x0, 0x3, 0x8e, 0x0, 0x3c, 0x1e, 0x3,
    0xc0, 0x38, 0xc, 0x0, 0x20,

    /* U+552F "唯" */
    0x0, 0x33, 0x0, 0x1, 0x98, 0x3f, 0xc, 0xe1,
    0xf8, 0xc0, 0xc, 0xc7, 0xff, 0xe6, 0x71, 0x83,
    0x33, 0x8c, 0x19, 0xbc, 0x60, 0xcf, 0xff, 0xf6,
    0x6b, 0x18, 0x33, 0x18, 0xc1, 0x98, 0xc6, 0xc,
    0xc6, 0x30, 0x66, 0x3f, 0xfb, 0xf1, 0x8c, 0x19,
    0x8c, 0x60, 0xcc, 0x63, 0x6, 0x3, 0x18, 0x30,
    0x1f, 0xfe, 0x0, 0xc0, 0x0, 0x6, 0x0, 0x0,

    /* U+5598 "喘" */
    0x0, 0x3, 0x0, 0x1, 0x8, 0x60, 0x4, 0x21,
    0x3f, 0x10, 0x84, 0xcc, 0x42, 0x13, 0x31, 0xff,
    0xec, 0xc0, 0x0, 0x33, 0x0, 0x0, 0xcd, 0xff,
    0xff, 0x30, 0x18, 0xc, 0xc0, 0x60, 0x33, 0x3f,
    0xfe, 0xcc, 0xff, 0xfb, 0xf3, 0x26, 0x6c, 0xcc,
    0x99, 0xb3, 0x32, 0x66, 0xcc, 0xc9, 0x9b, 0x3,
    0x66, 0x60, 0xd, 0x99, 0x80, 0x30, 0xe, 0x0,
    0xc0, 0x30,

    /* U+5668 "器" */
    0x3f, 0xcf, 0xe0, 0xc2, 0x20, 0x83, 0x8, 0x82,
    0xc, 0x22, 0x8, 0x3f, 0xcf, 0xe0, 0x1, 0x4,
    0x0, 0x7, 0x38, 0x0, 0x18, 0x40, 0x7f, 0xff,
    0xf8, 0x3, 0x60, 0x0, 0x1c, 0xe0, 0x3, 0xc1,
    0xff, 0xfe, 0x1, 0xf9, 0x80, 0x0, 0x63, 0xf8,
    0xfe, 0xc, 0x22, 0x8, 0x30, 0x88, 0x20, 0xc2,
    0x20, 0x83, 0xf8, 0xfe, 0xc, 0x22, 0x8, 0x30,
    0x88, 0x20,

    /* U+56DB "四" */
    0xff, 0xff, 0xf8, 0x63, 0xf, 0xc, 0x61, 0xe1,
    0x8c, 0x3c, 0x31, 0x87, 0x86, 0x30, 0xf0, 0xc6,
    0x1e, 0x30, 0xc3, 0xc6, 0x18, 0x79, 0xc3, 0xf,
    0x30, 0x61, 0xec, 0xf, 0xbd, 0x80, 0x7, 0x80,
    0x0, 0xf0, 0x0, 0x1e, 0x0, 0x3, 0xc0, 0x0,
    0x7f, 0xff, 0xff, 0x0, 0x1, 0xe0, 0x0, 0x30,

    /* U+56DE "回" */
    0xff, 0xff, 0xf8, 0x0, 0xf, 0x0, 0x1, 0xe0,
    0x0, 0x3c, 0x0, 0x7, 0x8f, 0xf8, 0xf1, 0x83,
    0x1e, 0x30, 0x63, 0xc6, 0xc, 0x78, 0xc1, 0x8f,
    0x18, 0x31, 0xe3, 0xfe, 0x3c, 0x0, 0x7, 0x80,
    0x0, 0xf0, 0x0, 0x1e, 0x0, 0x3, 0xff, 0xff,
    0xf8, 0x0, 0xf, 0x0, 0x1, 0x80,

    /* U+56E0 "因" */
    0xff, 0xff, 0xf8, 0x0, 0xf, 0x0, 0x1, 0xe0,
    0x30, 0x3c, 0x6, 0x7, 0x80, 0xc0, 0xf3, 0xff,
    0xfe, 0x3, 0x3, 0xc0, 0x60, 0x78, 0x1c, 0xf,
    0x3, 0xe1, 0xe0, 0xce, 0x3c, 0x30, 0xe7, 0x9c,
    0xe, 0xf3, 0x0, 0x9e, 0x0, 0x3, 0xc0, 0x0,
    0x7f, 0xff, 0xff, 0x0, 0x1, 0xe0, 0x0, 0x30,

    /* U+56FA "固" */
    0xff, 0xff, 0xfc, 0x0, 0x3, 0xc0, 0x0, 0x3c,
    0x6, 0x3, 0xc0, 0x60, 0x3c, 0x6, 0x3, 0xcf,
    0xff, 0x3c, 0x6, 0x3, 0xc0, 0x60, 0x3c, 0x6,
    0x3, 0xc0, 0x60, 0x3c, 0x7f, 0xe3, 0xc6, 0x6,
    0x3c, 0x60, 0x63, 0xc6, 0x6, 0x3c, 0x7f, 0xe3,
    0xc0, 0x0, 0x3c, 0x0, 0x3, 0xc0, 0x0, 0x3f,
    0xff, 0xff, 0xc0, 0x0, 0x30,

    /* U+56FD "国" */
    0xff, 0xff, 0xf8, 0x0, 0xf, 0x0, 0x1, 0xe0,
    0x0, 0x3d, 0xff, 0xe7, 0x81, 0x80, 0xf0, 0x30,
    0x1e, 0x6, 0x3, 0xcf, 0xfe, 0x78, 0x18, 0xf,
    0x3, 0x21, 0xe0, 0x66, 0x3c, 0xc, 0xc7, 0x81,
    0x80, 0xf7, 0xff, 0xde, 0x0, 0x3, 0xc0, 0x0,
    0x78, 0x0, 0xf, 0xff, 0xff, 0xe0, 0x0, 0x30,

    /* U+56FE "图" */
    0xff, 0xff, 0xf8, 0x0, 0xf, 0x7, 0x1, 0xe1,
    0xc0, 0x3c, 0x3f, 0xc7, 0x8e, 0x18, 0xf3, 0x46,
    0x1e, 0x6f, 0x83, 0xc0, 0xe0, 0x78, 0x3f, 0xf,
    0x7c, 0x7d, 0xe6, 0x63, 0x3c, 0xf, 0x87, 0x80,
    0x60, 0xf0, 0xe0, 0x1e, 0xf, 0x83, 0xc0, 0x30,
    0x78, 0x0, 0xf, 0xff, 0xff, 0xe0, 0x0, 0x30,

    /* U+5706 "圆" */
    0xff, 0xff, 0xf8, 0x0, 0xf, 0xf, 0xf1, 0xe1,
    0x86, 0x3c, 0x30, 0xc7, 0x87, 0xf8, 0xf0, 0x0,
    0x1e, 0x0, 0x3, 0xc7, 0xfe, 0x78, 0xc0, 0xcf,
    0x19, 0x99, 0xe3, 0x23, 0x3c, 0x64, 0x67, 0x81,
    0xa0, 0xf0, 0x27, 0x1e, 0x3c, 0x73, 0xce, 0x2,
    0x79, 0x0, 0xf, 0xff, 0xff, 0xe0, 0x0, 0x30,

    /* U+5728 "在" */
    0x0, 0x30, 0x0, 0x0, 0xc0, 0x0, 0x3, 0x0,
    0x0, 0x18, 0x0, 0x3f, 0xff, 0xfc, 0x3, 0x0,
    0x0, 0xc, 0x0, 0x0, 0x60, 0xc0, 0x7, 0x83,
    0x0, 0x1c, 0xc, 0x0, 0x60, 0x30, 0x3, 0x9f,
    0xfe, 0x3e, 0x3, 0x1, 0xd8, 0xc, 0x6, 0x60,
    0x30, 0x1, 0x80, 0xc0, 0x6, 0x3, 0x0, 0x18,
    0xc, 0x0, 0x60, 0x30, 0x1, 0xbf, 0xff, 0x6,
    0x0, 0x0,

    /* U+5730 "地" */
    0x18, 0x6, 0x0, 0x60, 0x18, 0x1, 0x86, 0x60,
    0x6, 0x19, 0x80, 0x18, 0x66, 0x0, 0x61, 0x99,
    0xcf, 0xf6, 0x7f, 0x3f, 0xdf, 0xcc, 0x18, 0xfe,
    0x30, 0x67, 0x98, 0xc1, 0x96, 0x63, 0x6, 0x19,
    0x8c, 0x18, 0x66, 0x30, 0x61, 0x9b, 0xc1, 0x86,
    0x6e, 0x6, 0xd9, 0xa0, 0x3f, 0x66, 0x3, 0xe1,
    0x80, 0x74, 0x6, 0x1, 0x80, 0xf, 0xfc,

    /* U+573A "场" */
    0xc, 0x0, 0x0, 0x30, 0xff, 0xe0, 0xc0, 0x7,
    0x3, 0x0, 0x30, 0xc, 0x1, 0x80, 0x30, 0xc,
    0x0, 0xc0, 0x60, 0x1f, 0xe3, 0x0, 0xc, 0x3f,
    0xfc, 0x30, 0x99, 0xb0, 0xc0, 0x6c, 0xc3, 0x3,
    0x33, 0xc, 0xc, 0xcc, 0x32, 0x63, 0x30, 0xfb,
    0x98, 0xc7, 0xdc, 0x63, 0xf8, 0xe3, 0xd, 0x80,
    0x1c, 0x30, 0x0, 0xe0, 0xc0, 0xf, 0x1f, 0x0,
    0x10, 0x38,

    /* U+5740 "址" */
    0x18, 0x3, 0x0, 0x60, 0xc, 0x1, 0x80, 0x30,
    0x6, 0x0, 0xc0, 0x18, 0x3, 0x0, 0x60, 0xcc,
    0xf, 0xf3, 0x30, 0x3f, 0xcc, 0xfe, 0x18, 0x33,
    0x0, 0x60, 0xcc, 0x1, 0x83, 0x30, 0x6, 0xc,
    0xc0, 0x18, 0x33, 0x0, 0x60, 0xcc, 0x1, 0x93,
    0x30, 0x7, 0xcc, 0xc0, 0x7f, 0x33, 0x3, 0xe0,
    0xcc, 0xc, 0x3, 0x30, 0x0, 0x7f, 0xff,

    /* U+574F "坏" */
    0x18, 0x0, 0x0, 0x60, 0x0, 0x1, 0x8f, 0xff,
    0xc6, 0x0, 0xc0, 0x18, 0x3, 0x0, 0x60, 0xc,
    0xf, 0xf0, 0x70, 0x6, 0x1, 0xc0, 0x18, 0xf,
    0xe0, 0x60, 0x3d, 0x81, 0x81, 0xb3, 0x6, 0x6,
    0xce, 0x19, 0x33, 0x18, 0x7d, 0x8c, 0x37, 0xce,
    0x30, 0xfc, 0x70, 0xc0, 0xc1, 0x83, 0x0, 0x0,
    0xc, 0x0, 0x0, 0x30, 0x0, 0x0, 0xc0, 0x0,
    0x3, 0x0,

    /* U+5750 "坐" */
    0x0, 0x30, 0x0, 0x0, 0xc0, 0x0, 0x83, 0x8,
    0x3, 0xc, 0x30, 0xc, 0x30, 0xc0, 0x30, 0xc2,
    0x1, 0xc3, 0x1c, 0x7, 0x8c, 0x78, 0x37, 0x33,
    0x70, 0xce, 0xcc, 0xe6, 0x1b, 0x61, 0xb8, 0x4d,
    0x80, 0x0, 0x30, 0x0, 0x0, 0xc0, 0x1, 0xff,
    0xff, 0x0, 0xc, 0x0, 0x0, 0x30, 0x0, 0x0,
    0xc0, 0x0, 0x3, 0x0, 0x1f, 0xff, 0xff,

    /* U+5757 "块" */
    0x18, 0xc, 0x0, 0x60, 0x30, 0x1, 0x80, 0xc0,
    0x6, 0x3, 0x0, 0x18, 0xff, 0xe0, 0x62, 0x31,
    0x8f, 0xf0, 0xc6, 0x6, 0x3, 0x18, 0x18, 0xc,
    0x60, 0x60, 0x31, 0x81, 0x80, 0xc6, 0x6, 0x7f,
    0xff, 0x18, 0xe, 0x0, 0x64, 0x28, 0x1, 0xf1,
    0xb0, 0x3f, 0x6, 0x60, 0xe0, 0x31, 0xc0, 0x1,
    0x83, 0x80, 0xc, 0x7, 0x0, 0xf0, 0xf, 0x3,
    0x0, 0x18,

    /* U+5782 "垂" */
    0x0, 0x3, 0xe0, 0x7f, 0xfe, 0x0, 0x3, 0x0,
    0x0, 0xc, 0x0, 0x3f, 0xff, 0xf8, 0x18, 0xc3,
    0x0, 0x63, 0xc, 0x1, 0x8c, 0x30, 0x6, 0x30,
    0xc3, 0xff, 0xff, 0xf0, 0x63, 0xc, 0x1, 0x8c,
    0x30, 0x6, 0x30, 0xc0, 0x18, 0xc3, 0x3, 0xff,
    0xff, 0x80, 0xc, 0x0, 0x0, 0x30, 0x0, 0x0,
    0xc0, 0x1, 0xff, 0xfe, 0x0,

    /* U+578B "型" */
    0x0, 0x0, 0x19, 0xff, 0xe0, 0x67, 0xff, 0xb1,
    0x83, 0x18, 0xc6, 0xc, 0x63, 0x18, 0x31, 0x8c,
    0x60, 0xc6, 0x31, 0xbf, 0xff, 0xc6, 0xc, 0x63,
    0x18, 0x71, 0x8c, 0x61, 0x86, 0x1, 0x9e, 0x18,
    0x1e, 0x70, 0x0, 0x79, 0x80, 0xc1, 0x0, 0x3,
    0x0, 0x7, 0xff, 0xf8, 0x0, 0x30, 0x0, 0x0,
    0xc0, 0x0, 0x3, 0x0, 0x0, 0xc, 0x0, 0xff,
    0xff, 0xfc,

    /* U+57DF "域" */
    0x18, 0x1, 0x90, 0x30, 0x3, 0x30, 0x60, 0x6,
    0x20, 0xc0, 0xc, 0x1, 0x9f, 0xff, 0xe3, 0x0,
    0x30, 0x6, 0x0, 0x60, 0x7f, 0x0, 0xc0, 0x18,
    0xfd, 0x9c, 0x31, 0x9b, 0x30, 0x63, 0x36, 0x60,
    0xc6, 0x66, 0xc1, 0x8c, 0xcd, 0x3, 0x1f, 0x9e,
    0x7, 0x80, 0x1c, 0x1f, 0x0, 0x30, 0xf8, 0x1c,
    0xe2, 0x83, 0xe3, 0xec, 0x7, 0xe, 0x78, 0x0,
    0x78, 0x60, 0x0, 0x20, 0x0,

    /* U+5806 "堆" */
    0x0, 0x10, 0x0, 0x60, 0x6e, 0x1, 0x81, 0x98,
    0x6, 0xc, 0x70, 0x18, 0x30, 0x0, 0x60, 0xff,
    0xf1, 0x87, 0x18, 0x3f, 0xdc, 0x60, 0x18, 0xf1,
    0x80, 0x62, 0xc6, 0x1, 0x9b, 0xff, 0x86, 0xc,
    0x60, 0x18, 0x31, 0x80, 0x60, 0xc6, 0x1, 0x83,
    0xff, 0x87, 0xcc, 0x60, 0x3f, 0x31, 0x83, 0xe0,
    0xc6, 0xc, 0x3, 0x18, 0x0, 0xf, 0xff, 0x0,
    0x30, 0x0, 0x0, 0xc0, 0x0,

    /* U+585E "塞" */
    0x0, 0x60, 0x0, 0x1, 0x0, 0x1f, 0xff, 0xfc,
    0xc0, 0x0, 0x66, 0x18, 0xc3, 0x7, 0xff, 0xe0,
    0x6, 0x30, 0x0, 0x31, 0x80, 0xf, 0xff, 0xc0,
    0xc, 0x60, 0x0, 0x63, 0x0, 0xff, 0xff, 0xe0,
    0x38, 0xe0, 0x3, 0x83, 0x80, 0x78, 0x8e, 0xf,
    0x4, 0x1e, 0xe7, 0xfe, 0x38, 0x1, 0x0, 0x0,
    0x8, 0x0, 0x0, 0x40, 0x3, 0xff, 0xfe, 0x0,

    /* U+586B "填" */
    0x0, 0x4, 0x0, 0x60, 0x18, 0x1, 0x80, 0x60,
    0x6, 0x7f, 0xfe, 0x18, 0x4, 0x0, 0x60, 0x10,
    0x1, 0x87, 0xfe, 0x3f, 0xd8, 0x8, 0x18, 0x7f,
    0xe0, 0x61, 0x80, 0x81, 0x86, 0x2, 0x6, 0x1f,
    0xf8, 0x18, 0x60, 0x20, 0x61, 0xff, 0x81, 0x86,
    0x2, 0x6, 0x98, 0x8, 0x3f, 0xff, 0xff, 0xc0,
    0x81, 0x0, 0x7, 0xe, 0x0, 0x38, 0x1c, 0x1,
    0xc0, 0x18, 0x4, 0x0, 0x20,

    /* U+5883 "境" */
    0x0, 0x2, 0x0, 0x30, 0xc, 0x0, 0x60, 0x18,
    0x0, 0xcf, 0xff, 0xc1, 0x81, 0x8, 0x3, 0x6,
    0x18, 0x6, 0x4, 0x60, 0x3f, 0xff, 0xfe, 0x18,
    0x0, 0x0, 0x30, 0x0, 0x0, 0x63, 0xff, 0xc0,
    0xc6, 0x1, 0x81, 0x8f, 0xff, 0x3, 0x18, 0x6,
    0x6, 0x30, 0xc, 0xf, 0x7f, 0xf8, 0xfc, 0x19,
    0x0, 0xc0, 0x22, 0x1, 0x0, 0xc4, 0x0, 0x3,
    0x8, 0x60, 0x1c, 0x18, 0xc0, 0x60, 0x3f, 0x80,

    /* U+589E "增" */
    0x0, 0x8, 0x20, 0x30, 0x70, 0x80, 0xc0, 0xc6,
    0x3, 0x1f, 0xff, 0xc, 0x61, 0x8c, 0x31, 0x86,
    0x30, 0xc7, 0x9a, 0xdf, 0xfb, 0x6b, 0xc, 0x6d,
    0xac, 0x31, 0x86, 0x30, 0xc7, 0xff, 0xc3, 0x0,
    0x0, 0xc, 0x0, 0x0, 0x30, 0xff, 0xe0, 0xcb,
    0x1, 0x83, 0xec, 0x6, 0x7e, 0x3f, 0xf9, 0xc0,
    0xc0, 0x60, 0x3, 0x1, 0x80, 0xf, 0xfe, 0x0,
    0x30, 0x18,

    /* U+58F0 "声" */
    0x0, 0x18, 0x0, 0x0, 0x60, 0x3, 0xff, 0xff,
    0xc0, 0x6, 0x0, 0x0, 0x18, 0x0, 0x0, 0x60,
    0x1, 0xff, 0xff, 0x80, 0x0, 0x0, 0x0, 0x0,
    0x0, 0x3f, 0xff, 0xc0, 0xc1, 0x83, 0x3, 0x6,
    0xc, 0xc, 0x18, 0x30, 0x30, 0x60, 0xc0, 0xff,
    0xff, 0x3, 0x0, 0xc, 0x18, 0x0, 0x0, 0x60,
    0x0, 0x3, 0x0, 0x0, 0x1c, 0x0, 0x0, 0x60,
    0x0, 0x0,

    /* U+58F3 "壳" */
    0x0, 0x60, 0x0, 0x3, 0x0, 0x3f, 0xff, 0xfc,
    0x0, 0xc0, 0x0, 0x6, 0x0, 0x0, 0x30, 0x0,
    0xff, 0xff, 0x0, 0x0, 0x0, 0x0, 0x0, 0x7,
    0xff, 0xff, 0xb0, 0x0, 0xd, 0x80, 0x0, 0x60,
    0x0, 0x0, 0x3, 0xfe, 0x0, 0x18, 0x30, 0x0,
    0xc1, 0x80, 0x6, 0xc, 0x0, 0x30, 0x60, 0x3,
    0x3, 0x6, 0x70, 0x18, 0x6f, 0x0, 0xfe, 0x0,

    /* U+5904 "处" */
    0x6, 0x3, 0x0, 0x18, 0xc, 0x0, 0xc0, 0x30,
    0x3, 0x0, 0xc0, 0xf, 0xf3, 0x0, 0x60, 0xcc,
    0x1, 0x83, 0x36, 0x6, 0x8, 0xcc, 0x38, 0x63,
    0x39, 0xb1, 0x8c, 0x76, 0xc6, 0x30, 0xf1, 0x90,
    0xc0, 0x6, 0xc3, 0x0, 0xf, 0xc, 0x0, 0x38,
    0x30, 0x0, 0xe0, 0xc0, 0x7, 0xc3, 0x0, 0x39,
    0xc0, 0x1, 0xc3, 0xc0, 0x1c, 0x3, 0xff, 0xe0,
    0x0, 0xf8,

    /* U+5907 "备" */
    0x1, 0x0, 0x0, 0x6, 0x0, 0x0, 0x30, 0x0,
    0x0, 0xff, 0xf0, 0x6, 0x1, 0x80, 0x3c, 0xe,
    0x1, 0x98, 0x70, 0xc, 0x33, 0x80, 0x0, 0x7c,
    0x0, 0x1, 0xe0, 0x0, 0x3f, 0xf8, 0x1f, 0xe1,
    0xff, 0xf8, 0x0, 0x78, 0x3f, 0xff, 0x0, 0xc3,
    0xc, 0x3, 0xc, 0x30, 0xf, 0xff, 0xc0, 0x30,
    0xc3, 0x0, 0xc3, 0xc, 0x3, 0xc, 0x30, 0xf,
    0xff, 0xc0, 0x30, 0x3, 0x0,

    /* U+590D "复" */
    0x3, 0x0, 0x0, 0x30, 0x0, 0x3, 0xff, 0xfc,
    0x30, 0x0, 0x3, 0x80, 0x0, 0x7f, 0xff, 0xe3,
    0x30, 0x3, 0x1, 0x80, 0x18, 0xf, 0xff, 0xc0,
    0x60, 0x6, 0x3, 0xff, 0xf0, 0x6, 0x0, 0x0,
    0x30, 0x0, 0x3, 0xff, 0xc0, 0x74, 0xe, 0x7,
    0x70, 0xe0, 0x30, 0xce, 0x0, 0x3, 0xc0, 0x0,
    0x7f, 0xc0, 0xff, 0xf, 0xf7, 0x80, 0x3, 0x80,

    /* U+590F "夏" */
    0xff, 0xff, 0xf8, 0x1, 0x80, 0x0, 0x6, 0x0,
    0x7, 0xff, 0xf0, 0x18, 0x0, 0x40, 0x60, 0x1,
    0x1, 0xff, 0xfc, 0x6, 0x0, 0x10, 0x1f, 0xff,
    0xc0, 0x60, 0x1, 0x1, 0x80, 0x4, 0x7, 0xff,
    0xf0, 0x3, 0x0, 0x0, 0x3f, 0xfe, 0x1, 0xe0,
    0x38, 0x1c, 0xe1, 0x80, 0x21, 0xdc, 0x0, 0x1,
    0xe0, 0x0, 0x7f, 0xf0, 0x3f, 0xe1, 0xfe, 0x78,
    0x0, 0x38,

    /* U+5916 "外" */
    0x4, 0x6, 0x0, 0x18, 0x18, 0x0, 0xc0, 0x60,
    0x3, 0x1, 0x80, 0xf, 0xe6, 0x0, 0x61, 0x98,
    0x1, 0x6, 0x7c, 0xc, 0x19, 0xb8, 0x60, 0x66,
    0x63, 0xb3, 0x18, 0xc4, 0xec, 0x63, 0x81, 0xf1,
    0x87, 0x1, 0x86, 0xc, 0xe, 0x18, 0x0, 0x30,
    0x60, 0x1, 0x81, 0x80, 0xc, 0x6, 0x0, 0xe0,
    0x18, 0x7, 0x0, 0x60, 0x38, 0x1, 0x80, 0x0,
    0x6, 0x0,

    /* U+591A "多" */
    0x0, 0x0, 0x0, 0x18, 0x0, 0x3, 0x0, 0x0,
    0x7f, 0xf8, 0xc, 0x3, 0x83, 0x90, 0x70, 0x73,
    0xe, 0x0, 0x19, 0xc0, 0x0, 0xf8, 0x0, 0xf,
    0x0, 0x3, 0xdc, 0x1, 0xf3, 0x80, 0x7c, 0x7f,
    0xf4, 0x1c, 0x7, 0x3, 0x80, 0x61, 0xe6, 0xc,
    0x18, 0x31, 0x80, 0x1, 0xb8, 0x0, 0xe, 0x0,
    0x7, 0xc0, 0xf, 0xe0, 0x7, 0xf8, 0x0, 0x60,
    0x0, 0x0,

    /* U+591F "够" */
    0x0, 0x0, 0x0, 0x60, 0x18, 0x6, 0x1, 0x80,
    0x30, 0xc, 0x3, 0xfc, 0xff, 0x18, 0x6e, 0x19,
    0x83, 0xe9, 0x9c, 0x18, 0x6c, 0x7e, 0xc1, 0xc1,
    0xb6, 0x3c, 0xd, 0xb7, 0xc0, 0x6d, 0xb7, 0x3,
    0x6c, 0x3f, 0x9b, 0x63, 0xc, 0xdb, 0x30, 0x67,
    0xdb, 0x6, 0x30, 0xc3, 0xf0, 0xe, 0xf, 0x0,
    0xf0, 0x70, 0xf, 0x8f, 0x0, 0x73, 0xe0, 0x0,
    0xc, 0x0,

    /* U+5927 "大" */
    0x0, 0x0, 0x0, 0x0, 0xc0, 0x0, 0x3, 0x0,
    0x0, 0xc, 0x0, 0x0, 0x30, 0x0, 0x0, 0xc0,
    0x0, 0x3, 0x0, 0x1f, 0xff, 0xfe, 0x7f, 0xff,
    0xf8, 0x0, 0xc0, 0x0, 0x3, 0x80, 0x0, 0x1e,
    0x0, 0x0, 0x6c, 0x0, 0x3, 0x30, 0x0, 0xc,
    0x60, 0x0, 0x61, 0xc0, 0x3, 0x83, 0x80, 0x1c,
    0x7, 0x1, 0xe0, 0xe, 0x1f, 0x0, 0x1e, 0xf0,
    0x0, 0x39, 0x80, 0x0, 0x20,

    /* U+5929 "天" */
    0x1f, 0xff, 0xe0, 0x7f, 0xff, 0x80, 0x3, 0x0,
    0x0, 0xc, 0x0, 0x0, 0x30, 0x0, 0x0, 0xc0,
    0x7, 0xff, 0xff, 0x9f, 0xff, 0xfe, 0x0, 0x30,
    0x0, 0x1, 0xe0, 0x0, 0x7, 0x80, 0x0, 0x3b,
    0x0, 0x0, 0xce, 0x0, 0x7, 0x18, 0x0, 0x38,
    0x30, 0x1, 0xc0, 0x70, 0x1e, 0x0, 0xe1, 0xf0,
    0x1, 0xff, 0x0, 0x1, 0x90, 0x0, 0x0,

    /* U+592A "太" */
    0x0, 0x30, 0x0, 0x0, 0xc0, 0x0, 0x3, 0x0,
    0x0, 0xc, 0x0, 0x0, 0x30, 0x0, 0x0, 0xc0,
    0x7, 0xff, 0xff, 0x9f, 0xff, 0xfe, 0x0, 0x38,
    0x0, 0x0, 0xe0, 0x0, 0x7, 0x80, 0x0, 0x1b,
    0x0, 0x0, 0xcc, 0x0, 0x3, 0x18, 0x0, 0x18,
    0x70, 0x0, 0xe0, 0xe0, 0x7, 0xc1, 0xc0, 0x3b,
    0x83, 0x81, 0xc6, 0x7, 0x9e, 0xc, 0xf, 0x60,
    0x10, 0x8,

    /* U+5931 "失" */
    0x0, 0x60, 0x0, 0x3, 0x0, 0x3, 0x18, 0x0,
    0x30, 0xc0, 0x1, 0x86, 0x0, 0x1f, 0xff, 0xe0,
    0xc1, 0x80, 0xc, 0xc, 0x0, 0xe0, 0x60, 0x2,
    0x3, 0x0, 0x0, 0x18, 0x1, 0xff, 0xff, 0xe0,
    0xf, 0x0, 0x0, 0x78, 0x0, 0x6, 0x60, 0x0,
    0x71, 0x80, 0x7, 0x7, 0x0, 0x70, 0x1e, 0xf,
    0x0, 0x3d, 0xe0, 0x0, 0xe4, 0x0, 0x0, 0x0,

    /* U+5934 "头" */
    0x0, 0x1c, 0x0, 0x60, 0xc0, 0x3, 0xc6, 0x0,
    0x7, 0x30, 0x0, 0x19, 0x80, 0x0, 0xc, 0x1,
    0xc0, 0x60, 0x7, 0x83, 0x0, 0xe, 0x18, 0x0,
    0x20, 0xc0, 0x0, 0x6, 0x1, 0xff, 0xff, 0xff,
    0xff, 0xff, 0x80, 0x18, 0x0, 0x0, 0xc0, 0x0,
    0xc, 0xc0, 0x0, 0xc7, 0x0, 0xc, 0x1e, 0x1,
    0xc0, 0x38, 0x3c, 0x0, 0xe7, 0x80, 0x3, 0x10,
    0x0, 0x0,

    /* U+5957 "套" */
    0x0, 0x20, 0x0, 0x1, 0xc0, 0x0, 0x6, 0x0,
    0x1f, 0xff, 0xfe, 0x1, 0xc6, 0x0, 0x6, 0xc,
    0x0, 0x30, 0x38, 0x1, 0xff, 0xf8, 0x1e, 0x0,
    0x78, 0xe8, 0x0, 0xf6, 0x3f, 0xf8, 0x0, 0x80,
    0x0, 0x2, 0x0, 0x0, 0xf, 0xfe, 0x0, 0x20,
    0x0, 0x0, 0x80, 0x0, 0x7f, 0xff, 0xf8, 0x6,
    0x4, 0x0, 0x30, 0x38, 0x1, 0x80, 0x78, 0x1f,
    0xff, 0xf0, 0x3e, 0x0, 0x80,

    /* U+5979 "她" */
    0x0, 0x3, 0x0, 0x70, 0x6, 0x0, 0xc0, 0xc,
    0x1, 0x81, 0x98, 0x3, 0x3, 0x30, 0x6, 0x6,
    0x61, 0x3f, 0xcc, 0xfe, 0x19, 0x9b, 0xec, 0x22,
    0x7f, 0x18, 0xcd, 0xe6, 0x31, 0x98, 0xcc, 0x63,
    0x31, 0x98, 0xc4, 0x63, 0x31, 0x9c, 0x86, 0x6f,
    0x1f, 0xc, 0xdc, 0xe, 0x19, 0x80, 0x1f, 0x33,
    0x4, 0x37, 0x60, 0xc, 0xc4, 0xc0, 0x33, 0x0,
    0xff, 0xcc, 0x0, 0x0, 0x0,

    /* U+597D "好" */
    0xe, 0x0, 0x0, 0x30, 0x0, 0x0, 0xc3, 0xff,
    0x83, 0x0, 0xe, 0x8, 0x0, 0x63, 0xff, 0x7,
    0x1, 0x88, 0x38, 0x4, 0x20, 0x40, 0x31, 0x81,
    0x0, 0xc6, 0x4, 0x2, 0x1b, 0xff, 0xdc, 0xc0,
    0x40, 0x3b, 0x1, 0x0, 0x38, 0x4, 0x0, 0x70,
    0x10, 0x3, 0xe0, 0x40, 0x19, 0x81, 0x0, 0xc3,
    0x4, 0xe, 0x1, 0xf0, 0x30, 0x3, 0xc0, 0x0,
    0x8, 0x0,

    /* U+5982 "如" */
    0x3, 0x0, 0x0, 0x30, 0x0, 0x1, 0x80, 0x0,
    0xc, 0x0, 0x0, 0x60, 0x7f, 0xbf, 0xf3, 0xc,
    0x31, 0x98, 0x61, 0x8c, 0xc3, 0x8, 0x66, 0x18,
    0xc3, 0x30, 0xc6, 0x11, 0x86, 0x31, 0x8c, 0x33,
    0xc, 0x61, 0x9e, 0x63, 0xc, 0x3e, 0x18, 0x60,
    0x78, 0xc3, 0x3, 0xf7, 0xf8, 0x31, 0xb0, 0xc7,
    0x1, 0x86, 0xf0, 0xc, 0x32, 0x0, 0x60, 0x0,

    /* U+59CB "始" */
    0x10, 0x0, 0x0, 0x60, 0x18, 0x1, 0x80, 0x60,
    0x6, 0x3, 0x0, 0x18, 0x8, 0x43, 0xfe, 0x63,
    0x8f, 0xf3, 0x6, 0xc, 0xcc, 0xc, 0x33, 0x7f,
    0xf8, 0xcd, 0xe0, 0x62, 0x30, 0x0, 0x18, 0xc0,
    0x0, 0x62, 0x0, 0x1, 0x98, 0xff, 0xc7, 0x63,
    0x3, 0x7, 0xc, 0xc, 0xe, 0x30, 0x30, 0x7c,
    0xc0, 0xc1, 0x9b, 0x3, 0xc, 0xf, 0xfc, 0xe0,
    0x30, 0x31, 0x0, 0xc0, 0xc0,

    /* U+5B50 "子" */
    0x3f, 0xff, 0xe0, 0x0, 0x7, 0x0, 0x0, 0x70,
    0x0, 0x3, 0x80, 0x0, 0x3c, 0x0, 0x0, 0xc0,
    0x0, 0x2, 0x0, 0x0, 0x8, 0x0, 0x0, 0x20,
    0x3, 0xff, 0xff, 0xf0, 0x2, 0x0, 0x0, 0x8,
    0x0, 0x0, 0x20, 0x0, 0x0, 0x80, 0x0, 0x2,
    0x0, 0x0, 0x8, 0x0, 0x0, 0x20, 0x0, 0x1,
    0x80, 0x0, 0x3e, 0x0, 0x0, 0x78, 0x0,

    /* U+5B57 "字" */
    0x0, 0x80, 0x0, 0xe, 0x0, 0x0, 0x30, 0x1,
    0xff, 0xff, 0xcc, 0x0, 0x6, 0x60, 0x0, 0x33,
    0x0, 0x1, 0x83, 0xff, 0xe0, 0x0, 0xe, 0x0,
    0x0, 0xe0, 0x0, 0xe, 0x0, 0x0, 0xc0, 0x0,
    0x6, 0x0, 0x7f, 0xff, 0xfc, 0x1, 0x80, 0x0,
    0xc, 0x0, 0x0, 0x60, 0x0, 0x3, 0x0, 0x0,
    0x18, 0x0, 0x7, 0xc0, 0x0, 0x3c, 0x0, 0x0,

    /* U+5B58 "存" */
    0x0, 0xe0, 0x0, 0x6, 0x0, 0x0, 0x60, 0x0,
    0xff, 0xff, 0xe0, 0x30, 0x0, 0x1, 0x80, 0x0,
    0x18, 0x0, 0x3, 0x80, 0x0, 0xc, 0xff, 0xe0,
    0xc0, 0x7, 0xe, 0x0, 0xe0, 0xf0, 0xc, 0xd,
    0x80, 0x60, 0xd, 0xff, 0xfc, 0x60, 0x18, 0x3,
    0x0, 0xc0, 0x18, 0x6, 0x0, 0xc0, 0x30, 0x6,
    0x1, 0x80, 0x30, 0x3c, 0x1, 0x81, 0xc0, 0x0,

    /* U+5B63 "季" */
    0x0, 0x7, 0xc0, 0x7f, 0xfc, 0x0, 0x3, 0x0,
    0x0, 0xc, 0x0, 0x0, 0x30, 0x1, 0xff, 0xff,
    0xe0, 0x1b, 0x60, 0x0, 0xcc, 0xc0, 0x6, 0x31,
    0xc0, 0x70, 0xc3, 0xef, 0x0, 0x3, 0x91, 0xff,
    0xc0, 0x0, 0xe, 0x0, 0x0, 0x70, 0x0, 0x1,
    0x80, 0x1f, 0xff, 0xfe, 0x0, 0x10, 0x0, 0x0,
    0x40, 0x0, 0x1, 0x0, 0x0, 0x3c, 0x0, 0x0,
    0xf0, 0x0,

    /* U+5B83 "它" */
    0x0, 0x80, 0x0, 0x38, 0x0, 0x3, 0x0, 0x0,
    0x20, 0xf, 0xff, 0xff, 0x80, 0x0, 0xf0, 0x0,
    0x1e, 0x0, 0x3, 0xcc, 0x1, 0x1, 0x80, 0x60,
    0x30, 0x3e, 0x6, 0x3e, 0x0, 0xfe, 0x0, 0x1e,
    0x0, 0x3, 0x0, 0x0, 0x60, 0x0, 0xc, 0x0,
    0x1, 0x80, 0x1c, 0x30, 0x3, 0x86, 0x0, 0x60,
    0xff, 0xf8,

    /* U+5B88 "守" */
    0x0, 0x40, 0x0, 0xc, 0x0, 0x0, 0x60, 0x0,
    0x6, 0x0, 0x7f, 0xff, 0xf6, 0x0, 0x3, 0x60,
    0x0, 0x36, 0x0, 0xc3, 0x0, 0xc, 0x0, 0x0,
    0xc0, 0xff, 0xff, 0xff, 0xff, 0xff, 0x0, 0xc,
    0x1, 0x0, 0xc0, 0x18, 0xc, 0x0, 0xc0, 0xc0,
    0xe, 0xc, 0x0, 0x60, 0xc0, 0x0, 0xc, 0x0,
    0x0, 0xc0, 0x0, 0x7c, 0x0, 0x7, 0x80,

    /* U+5B89 "安" */
    0x0, 0x40, 0x0, 0x7, 0x0, 0x0, 0x18, 0x0,
    0x0, 0x40, 0x7, 0xff, 0xfe, 0x30, 0x0, 0x31,
    0x83, 0x1, 0x8c, 0x18, 0xc, 0x1, 0x80, 0x0,
    0xc, 0x0, 0x0, 0x60, 0x1, 0xff, 0xff, 0xf0,
    0x60, 0x30, 0x3, 0x1, 0x80, 0x30, 0x18, 0x3,
    0xf9, 0xc0, 0x1, 0xfc, 0x0, 0x1, 0xf0, 0x0,
    0x39, 0xf0, 0xf, 0x83, 0xe7, 0xf0, 0x7, 0xb8,
    0x0, 0x8,

    /* U+5B8C "完" */
    0x0, 0x40, 0x0, 0x3, 0x80, 0x0, 0x7, 0x0,
    0x3f, 0xff, 0xfc, 0xc0, 0x0, 0x33, 0x0, 0x0,
    0xcc, 0x0, 0x3, 0x3, 0xff, 0xc0, 0xf, 0xff,
    0x0, 0x0, 0x0, 0x0, 0x0, 0x0, 0x0, 0x0,
    0x0, 0xff, 0xff, 0xf8, 0xc, 0x30, 0x0, 0x30,
    0xc0, 0x0, 0xc3, 0x0, 0x3, 0xc, 0x0, 0x18,
    0x30, 0x0, 0x60, 0xc2, 0x3, 0x3, 0xe, 0x38,
    0xc, 0x3b, 0xc0, 0x3f, 0xc4, 0x0, 0x0, 0x0,

    /* U+5B9A "定" */
    0x0, 0x10, 0x0, 0x0, 0xc0, 0x0, 0x3, 0x80,
    0x0, 0x4, 0x0, 0x3f, 0xff, 0xf8, 0xc0, 0x0,
    0x63, 0x0, 0x1, 0x80, 0x0, 0x0, 0x0, 0x0,
    0x0, 0x1f, 0xff, 0x80, 0x1, 0x80, 0x0, 0x6,
    0x0, 0x4, 0x18, 0x0, 0x18, 0x60, 0x0, 0x61,
    0xff, 0x3, 0x6, 0x0, 0xe, 0x18, 0x0, 0x6c,
    0x60, 0x1, 0xb9, 0x80, 0xc, 0x7e, 0x0, 0x60,
    0x7f, 0xff, 0x80, 0x7f, 0xe0,

    /* U+5B9D "宝" */
    0x0, 0xe0, 0x0, 0x3, 0x0, 0x0, 0x18, 0x1,
    0xff, 0xff, 0xfc, 0x0, 0x1, 0xe0, 0x0, 0xf,
    0x0, 0x0, 0x63, 0xff, 0xf8, 0x0, 0x60, 0x0,
    0x3, 0x0, 0x0, 0x18, 0x0, 0x0, 0xc0, 0x0,
    0x6, 0x0, 0x1f, 0xff, 0xe0, 0x1, 0x80, 0x0,
    0xc, 0x60, 0x0, 0x63, 0x80, 0x3, 0xe, 0x0,
    0x18, 0x1, 0xff, 0xff, 0xff, 0xff, 0xff, 0x80,

    /* U+5B9E "实" */
    0x0, 0x70, 0x0, 0x1, 0x80, 0x0, 0xc, 0x0,
    0xff, 0xff, 0xe6, 0x0, 0x3, 0x30, 0x4, 0x19,
    0x98, 0x30, 0xc0, 0xf1, 0x80, 0x1, 0xec, 0x0,
    0x82, 0x60, 0xf, 0x3, 0x0, 0x1c, 0x18, 0x0,
    0x60, 0xc0, 0x0, 0x4, 0x3, 0xff, 0xff, 0xe0,
    0x3, 0x0, 0x0, 0x32, 0x0, 0x7, 0x3c, 0x0,
    0xf0, 0x70, 0x3e, 0x1, 0xe7, 0xc0, 0x3, 0x10,
    0x0, 0x8,

    /* U+5BA2 "客" */
    0x0, 0x30, 0x0, 0x0, 0xc0, 0x7, 0xff, 0xff,
    0x98, 0x0, 0x6, 0x61, 0xc0, 0x19, 0x86, 0x0,
    0x60, 0x3f, 0xf8, 0x1, 0xc0, 0xe0, 0xf, 0x87,
    0x0, 0xf3, 0x38, 0x1, 0x87, 0xc0, 0x0, 0x1e,
    0x0, 0x1, 0xff, 0x0, 0x7e, 0x1f, 0xff, 0xe0,
    0xf, 0x99, 0xff, 0xf0, 0x6, 0x0, 0xc0, 0x18,
    0x3, 0x0, 0x60, 0xc, 0x1, 0xff, 0xf0, 0x6,
    0x0, 0xc0,

    /* U+5BB6 "家" */
    0x0, 0x20, 0x0, 0x0, 0xc0, 0x0, 0x3, 0x0,
    0x1f, 0xff, 0xfe, 0x60, 0x0, 0x19, 0x80, 0x0,
    0x66, 0x0, 0x1, 0x99, 0xff, 0xe6, 0x0, 0x60,
    0x0, 0x7, 0x1, 0x0, 0x7e, 0xf, 0xf, 0x9c,
    0x70, 0x78, 0xf7, 0x0, 0x86, 0x7c, 0x0, 0x71,
    0x98, 0x7, 0x1e, 0x60, 0x78, 0xc8, 0xc0, 0x8e,
    0x31, 0x80, 0xf0, 0xc3, 0x8f, 0x6, 0x7, 0x70,
    0x78, 0x8, 0x1, 0xc0, 0x0,

    /* U+5BB9 "容" */
    0x0, 0x0, 0x0, 0x0, 0xe0, 0x0, 0x0, 0xe0,
    0x0, 0x0, 0x80, 0x3, 0xff, 0xff, 0x86, 0x0,
    0x3, 0xc, 0x0, 0x86, 0x1, 0xc1, 0xc0, 0x7,
    0x18, 0xe0, 0x38, 0x60, 0xf0, 0x61, 0xe0, 0x40,
    0x7, 0x60, 0x0, 0x18, 0x70, 0x0, 0xe0, 0x78,
    0x7, 0x80, 0x3e, 0x7f, 0xff, 0xfe, 0x46, 0x0,
    0xc0, 0xc, 0x1, 0x80, 0x18, 0x3, 0x0, 0x30,
    0x6, 0x0, 0x7f, 0xfc, 0x0, 0xc0, 0x18, 0x0,

    /* U+5BBD "宽" */
    0x0, 0x20, 0x0, 0x1, 0x80, 0x0, 0x3, 0x0,
    0x3f, 0xff, 0xfe, 0xc0, 0x0, 0x1b, 0x6, 0x30,
    0x6c, 0x18, 0xc1, 0x87, 0xff, 0xe0, 0x1, 0x8c,
    0x0, 0x6, 0x30, 0x0, 0x18, 0xc0, 0x3, 0xff,
    0xe0, 0x8, 0x1, 0x80, 0x21, 0x86, 0x0, 0x84,
    0x18, 0x2, 0x10, 0x60, 0x8, 0xd9, 0x80, 0x2,
    0x60, 0x0, 0x19, 0x80, 0x80, 0xc6, 0x3, 0xe,
    0x18, 0x1b, 0xe0, 0x7f, 0xc4, 0x0, 0x0, 0x0,

    /* U+5BC4 "寄" */
    0x0, 0x0, 0x0, 0x1, 0x80, 0x0, 0x3, 0x0,
    0x1f, 0xff, 0xfe, 0x60, 0x0, 0x11, 0x80, 0x80,
    0x46, 0x2, 0x1, 0x3, 0xff, 0xf0, 0x0, 0x60,
    0x0, 0x7, 0xfc, 0x1, 0xf0, 0x3c, 0x7, 0x0,
    0x10, 0xff, 0xff, 0xfc, 0x0, 0x3, 0x0, 0x0,
    0xc, 0x3, 0xfe, 0x30, 0xc, 0x18, 0xc0, 0x30,
    0x63, 0x0, 0xff, 0x8c, 0x3, 0x6, 0x30, 0xc,
    0x19, 0xc0, 0x0, 0xf, 0x0, 0x0, 0x20, 0x0,

    /* U+5BC6 "密" */
    0x0, 0x60, 0x0, 0x3, 0x80, 0x1f, 0xff, 0xfe,
    0xc0, 0x80, 0x36, 0xe, 0x1, 0x80, 0x39, 0x0,
    0x0, 0xdc, 0x3, 0x65, 0xe4, 0x33, 0x1c, 0x71,
    0x99, 0xc1, 0xdc, 0xf8, 0x66, 0x7, 0x83, 0x3,
    0xff, 0xf8, 0x78, 0x0, 0x0, 0x0, 0xc1, 0x83,
    0x6, 0xc, 0x18, 0x30, 0x60, 0xc1, 0x83, 0x6,
    0xc, 0x18, 0x3f, 0xff, 0xc0, 0x0, 0x6, 0x0,

    /* U+5BE1 "寡" */
    0x0, 0x30, 0x0, 0x0, 0xc0, 0x7, 0xff, 0xff,
    0x98, 0x0, 0x6, 0x6f, 0xff, 0xd8, 0x3f, 0xff,
    0x0, 0x3, 0x0, 0x3, 0xff, 0xf0, 0xc, 0x0,
    0xc0, 0x30, 0x3, 0x0, 0xff, 0xfc, 0x3, 0x0,
    0x30, 0xf, 0xff, 0xc0, 0x30, 0x3, 0xf, 0xff,
    0xff, 0xc0, 0xc0, 0xc0, 0xe, 0x1, 0xc0, 0xff,
    0xff, 0xe7, 0x4, 0x1b, 0xd0, 0x30, 0x60, 0xf,
    0x8f, 0x80, 0x78, 0x1c, 0x0,

    /* U+5BF8 "寸" */
    0x0, 0x6, 0x0, 0x0, 0x60, 0x0, 0x6, 0x0,
    0x0, 0x60, 0x0, 0x6, 0xf, 0xff, 0xff, 0xff,
    0xff, 0xf0, 0x0, 0x60, 0x0, 0x6, 0x1, 0x0,
    0x60, 0x38, 0x6, 0x1, 0x80, 0x60, 0x1c, 0x6,
    0x0, 0xe0, 0x60, 0x6, 0x6, 0x0, 0x60, 0x60,
    0x0, 0x6, 0x0, 0x0, 0x60, 0x0, 0x6, 0x0,
    0x7, 0xe0, 0x0, 0x3c, 0x0,

    /* U+5BF9 "对" */
    0x0, 0x0, 0x60, 0x0, 0x1, 0x80, 0x0, 0x6,
    0x1f, 0xe0, 0x18, 0x1, 0x80, 0x60, 0x6, 0x1,
    0x80, 0x1b, 0xff, 0xc8, 0x60, 0x18, 0x71, 0x0,
    0x60, 0xcc, 0x41, 0x81, 0xb1, 0x86, 0x3, 0xc6,
    0x18, 0x6, 0xc, 0x60, 0x1c, 0x31, 0x80, 0xf0,
    0x46, 0x7, 0x60, 0x18, 0x18, 0xc0, 0x60, 0xc3,
    0x81, 0x86, 0x4, 0x6, 0x30, 0x0, 0x78, 0x0,
    0x3, 0xc0, 0x0, 0x4, 0x0,

    /* U+5BFC "导" */
    0x3f, 0xff, 0xc1, 0x80, 0x6, 0xc, 0x0, 0x30,
    0x60, 0x1, 0x83, 0xff, 0xfc, 0x18, 0x0, 0x10,
    0xc0, 0x0, 0xc6, 0x0, 0x6, 0x30, 0x0, 0x30,
    0xff, 0xff, 0x0, 0x0, 0x0, 0x0, 0x6, 0x0,
    0x0, 0x30, 0x7f, 0xff, 0xfc, 0x0, 0xc, 0x3,
    0x0, 0x60, 0x1c, 0x3, 0x0, 0x60, 0x18, 0x1,
    0x80, 0xc0, 0x0, 0x3e, 0x0, 0x1, 0xe0, 0x0,

    /* U+5C01 "封" */
    0x6, 0x0, 0x60, 0x18, 0x1, 0x80, 0x60, 0x6,
    0x1, 0x80, 0x18, 0x7f, 0xe0, 0x61, 0xff, 0x81,
    0x80, 0x60, 0xff, 0xc1, 0x80, 0x18, 0x6, 0x0,
    0x63, 0xff, 0x81, 0x80, 0x0, 0x46, 0x1, 0x83,
    0x98, 0x6, 0x6, 0x60, 0x18, 0x19, 0x87, 0xfe,
    0x26, 0x1, 0x80, 0x18, 0x6, 0x0, 0x60, 0x18,
    0x1, 0x80, 0x7e, 0x6, 0x3f, 0xf8, 0x18, 0xf0,
    0x3, 0xe0, 0x0, 0x7, 0x0,

    /* U+5C04 "射" */
    0xc, 0x0, 0x60, 0x30, 0x1, 0x83, 0xfe, 0x6,
    0xc, 0x18, 0x18, 0x30, 0x60, 0x60, 0xc1, 0x81,
    0x83, 0xff, 0xff, 0xcc, 0x18, 0x18, 0x30, 0x60,
    0x60, 0xff, 0xb1, 0x83, 0x6, 0xc6, 0xc, 0x19,
    0x18, 0x30, 0x66, 0x63, 0xff, 0x99, 0x80, 0x36,
    0x6, 0x1, 0x98, 0x18, 0xe, 0x60, 0x60, 0x71,
    0x81, 0x87, 0x86, 0x6, 0x38, 0x78, 0xf8, 0x41,
    0xc1, 0xc0,

    /* U+5C06 "将" */
    0x0, 0x8, 0x0, 0x18, 0x30, 0x0, 0x61, 0xc0,
    0x1, 0x87, 0xfe, 0xc6, 0x30, 0x39, 0x99, 0x80,
    0xc7, 0x6c, 0x47, 0xd, 0x91, 0xb8, 0x36, 0x7,
    0xc0, 0x18, 0x1e, 0x0, 0x63, 0xe6, 0x1, 0x9e,
    0x18, 0xe, 0x0, 0x60, 0x7b, 0xff, 0xf3, 0x60,
    0x6, 0x39, 0x8e, 0x18, 0x46, 0x18, 0x60, 0x18,
    0x31, 0x80, 0x60, 0x86, 0x1, 0x80, 0x18, 0x6,
    0x1, 0xe0, 0x18, 0x7, 0x0,

    /* U+5C0F "小" */
    0x0, 0x60, 0x0, 0x6, 0x0, 0x0, 0x60, 0x0,
    0x6, 0x0, 0x0, 0x60, 0x0, 0x6, 0x10, 0x1c,
    0x63, 0x1, 0x86, 0x38, 0x18, 0x61, 0x83, 0x86,
    0x1c, 0x30, 0x60, 0xc3, 0x6, 0xe, 0x60, 0x60,
    0x66, 0x6, 0x7, 0xe0, 0x60, 0x34, 0x6, 0x0,
    0x0, 0x60, 0x0, 0x6, 0x0, 0x0, 0x60, 0x0,
    0x3e, 0x0, 0x1, 0xc0, 0x0,

    /* U+5C11 "少" */
    0x0, 0x30, 0x0, 0x0, 0xc0, 0x0, 0x3, 0x0,
    0x0, 0xc, 0x0, 0x6, 0x31, 0x80, 0x18, 0xc7,
    0x0, 0xc3, 0x7, 0x7, 0xc, 0xe, 0x18, 0x30,
    0x1c, 0xc0, 0xc0, 0x26, 0x3, 0x0, 0x18, 0xc,
    0x10, 0x0, 0x30, 0xe0, 0x0, 0xc7, 0x0, 0x0,
    0x38, 0x0, 0x1, 0xc0, 0x0, 0xe, 0x0, 0x1,
    0xe0, 0x0, 0x3f, 0x0, 0x1f, 0xe0, 0x0, 0x3c,
    0x0, 0x0,

    /* U+5C14 "尔" */
    0x1, 0x80, 0x0, 0xc, 0x0, 0x0, 0x70, 0x0,
    0x1, 0x80, 0x0, 0xf, 0xff, 0xf8, 0x60, 0x0,
    0xc3, 0x80, 0x3, 0x1c, 0xc, 0x18, 0x20, 0x30,
    0x0, 0x0, 0xc0, 0x0, 0x63, 0x10, 0x1, 0x8c,
    0x60, 0xc, 0x31, 0xc0, 0x70, 0xc3, 0x83, 0x83,
    0x7, 0x1c, 0xc, 0xc, 0xe0, 0x30, 0x19, 0x0,
    0xc0, 0x60, 0x3, 0x0, 0x0, 0x7c, 0x0, 0x1,
    0xc0, 0x0,

    /* U+5C16 "尖" */
    0x0, 0x38, 0x0, 0x0, 0x60, 0x0, 0x10, 0xc2,
    0x0, 0x31, 0x8e, 0x0, 0xc3, 0xe, 0x3, 0x86,
    0xe, 0x6, 0xc, 0xe, 0x18, 0x18, 0xc, 0x10,
    0x0, 0x0, 0x0, 0x0, 0x0, 0x0, 0xc0, 0x0,
    0x1, 0x80, 0x7, 0xff, 0xff, 0xcf, 0xff, 0xff,
    0x80, 0x1e, 0x0, 0x0, 0x36, 0x0, 0x0, 0xce,
    0x0, 0x3, 0x8e, 0x0, 0x1e, 0xf, 0x0, 0xf0,
    0x7, 0xe7, 0xc0, 0x3, 0xc4, 0x0, 0x1, 0x0,

    /* U+5C1A "尚" */
    0x0, 0x60, 0x0, 0xc, 0x19, 0x81, 0x83, 0x18,
    0x30, 0xc1, 0x86, 0x30, 0x18, 0xce, 0x0, 0x18,
    0x87, 0xff, 0xff, 0xc0, 0x0, 0x78, 0x0, 0xf,
    0x0, 0x1, 0xe3, 0xfe, 0x3c, 0x60, 0xc7, 0x8c,
    0x18, 0xf1, 0x83, 0x1e, 0x30, 0x63, 0xc7, 0xfc,
    0x78, 0x0, 0xf, 0x0, 0x1, 0xe0, 0x0, 0xfc,
    0x0, 0x1c,

    /* U+5C31 "就" */
    0x0, 0x3, 0x0, 0x30, 0xc, 0x0, 0x60, 0x32,
    0x0, 0x80, 0xcc, 0xff, 0xf3, 0x38, 0x0, 0xc,
    0x40, 0x0, 0x31, 0x0, 0x0, 0xc0, 0x7f, 0xdf,
    0xfd, 0x81, 0xc, 0x6, 0x4, 0x30, 0x18, 0x10,
    0xf0, 0x7f, 0xc3, 0xc0, 0x18, 0xf, 0x2, 0x6c,
    0x6c, 0xd, 0xb1, 0xb0, 0x66, 0x66, 0xc3, 0x19,
    0xb3, 0x2c, 0x61, 0xcc, 0xc1, 0x86, 0x33, 0x1e,
    0x70, 0xfc, 0x70, 0x80, 0x0,

    /* U+5C3A "尺" */
    0xf, 0xff, 0xf0, 0x18, 0x0, 0x60, 0x30, 0x0,
    0xc0, 0x60, 0x1, 0x80, 0xc0, 0x3, 0x1, 0x80,
    0x6, 0x3, 0xff, 0xfc, 0x7, 0xff, 0xf8, 0xc,
    0x18, 0x30, 0x18, 0x30, 0x0, 0x30, 0x60, 0x0,
    0x60, 0x60, 0x1, 0xc0, 0xc0, 0x3, 0x0, 0xc0,
    0x6, 0x1, 0xc0, 0x1c, 0x1, 0xc0, 0x30, 0x1,
    0xe0, 0xe0, 0x1, 0xf9, 0x80, 0x0, 0xf3, 0x0,
    0x0, 0xc0, 0x0, 0x0, 0x0,

    /* U+5C3D "尽" */
    0xf, 0xff, 0xe0, 0x30, 0x1, 0x80, 0xc0, 0x6,
    0x3, 0x0, 0x18, 0xc, 0x0, 0x60, 0x30, 0x1,
    0x80, 0xff, 0xfe, 0x3, 0x1, 0x80, 0xc, 0x6,
    0x0, 0x70, 0xc, 0x1, 0x8e, 0x18, 0x6, 0x1c,
    0x38, 0x38, 0x3c, 0x71, 0xc0, 0x38, 0xf6, 0x10,
    0x41, 0x90, 0xf0, 0x0, 0x0, 0xf0, 0x0, 0x0,
    0xf0, 0x0, 0x0, 0xf0, 0x0, 0x0, 0x80,

    /* U+5C3E "尾" */
    0x3f, 0xff, 0xe0, 0xc0, 0x1, 0x83, 0x0, 0x6,
    0xc, 0x0, 0x18, 0x3f, 0xff, 0xe0, 0xc0, 0x0,
    0x3, 0x0, 0x38, 0xd, 0xff, 0xf0, 0x37, 0xf8,
    0x0, 0xc0, 0x60, 0x3, 0x1, 0xfe, 0xd, 0xff,
    0xf8, 0x32, 0x18, 0x0, 0xc0, 0x60, 0xc3, 0x2f,
    0xff, 0x1b, 0xff, 0x80, 0x66, 0x18, 0x1, 0x80,
    0x60, 0x46, 0x1, 0x81, 0xf0, 0x6, 0x6, 0xc0,
    0xf, 0xf9, 0x0, 0x0, 0x0,

    /* U+5C40 "局" */
    0x1f, 0xff, 0xf0, 0x60, 0x0, 0xc1, 0x80, 0x3,
    0x6, 0x0, 0xc, 0x18, 0x0, 0x30, 0x7f, 0xff,
    0xc1, 0x80, 0x0, 0x6, 0x0, 0x0, 0x18, 0x0,
    0x0, 0x7f, 0xff, 0xf1, 0x80, 0x0, 0xc6, 0x0,
    0x3, 0x19, 0xff, 0xc, 0xc6, 0xc, 0x33, 0x18,
    0x30, 0xcc, 0x60, 0xc3, 0x71, 0x83, 0xd, 0x87,
    0xfc, 0x3e, 0x0, 0x1, 0xb0, 0x0, 0x1e, 0x40,
    0x0, 0x70,

    /* U+5C42 "层" */
    0x1f, 0xff, 0xe0, 0xc0, 0x3, 0x6, 0x0, 0x18,
    0x30, 0x0, 0xc1, 0x80, 0x6, 0xf, 0xff, 0xf0,
    0x60, 0x0, 0x3, 0x0, 0x0, 0x18, 0x0, 0x0,
    0xcf, 0xff, 0x6, 0x0, 0x0, 0x30, 0x0, 0x1,
    0x80, 0x0, 0x1f, 0xff, 0xfc, 0xc0, 0xc0, 0x6,
    0x4, 0x10, 0x30, 0x61, 0xc1, 0x86, 0x7, 0x18,
    0x60, 0x1c, 0xc3, 0xff, 0xe4, 0x1c, 0x1, 0x0,

    /* U+5C4F "屏" */
    0x1f, 0xff, 0xf0, 0x60, 0x0, 0xc1, 0x80, 0x3,
    0x6, 0x0, 0xc, 0x1f, 0xff, 0xf0, 0x60, 0x0,
    0x1, 0x86, 0x8, 0x6, 0x18, 0x60, 0x18, 0x31,
    0x80, 0x60, 0x46, 0x1, 0xbf, 0xff, 0x86, 0xc,
    0x60, 0x18, 0x31, 0x80, 0xe0, 0xc6, 0x3, 0x3f,
    0xff, 0xcc, 0xc, 0x60, 0x30, 0x31, 0x81, 0x81,
    0x86, 0x6, 0xe, 0x18, 0x10, 0x70, 0x60, 0x1,
    0x81, 0x80,

    /* U+5C5E "属" */
    0x1f, 0xff, 0xf8, 0x60, 0x0, 0xe1, 0x80, 0x3,
    0x86, 0x0, 0xe, 0x1f, 0xff, 0xf8, 0x60, 0x0,
    0x41, 0xbf, 0xff, 0x6, 0x3, 0x0, 0x18, 0xc,
    0x0, 0x67, 0xff, 0xc1, 0x98, 0xc3, 0x6, 0x63,
    0xc, 0x19, 0xff, 0xf0, 0x60, 0x30, 0x3, 0x3f,
    0xff, 0xcc, 0xc3, 0x23, 0x33, 0xc, 0xcd, 0xcd,
    0xff, 0xb6, 0x36, 0x4, 0xf8, 0xc0, 0xf, 0x3,
    0x0, 0x38,

    /* U+5D29 "崩" */
    0x0, 0x30, 0x3, 0x3, 0x3, 0x30, 0x30, 0x33,
    0x3, 0x3, 0x3f, 0xff, 0xf0, 0x0, 0x0, 0x0,
    0x0, 0x3, 0xf8, 0xff, 0x31, 0x8c, 0x33, 0x18,
    0xc3, 0x31, 0x8c, 0x33, 0x18, 0xc3, 0x3f, 0x8f,
    0xf3, 0x18, 0xc3, 0x31, 0x8c, 0x33, 0x18, 0xc3,
    0x3f, 0x8f, 0xf3, 0x18, 0x83, 0x61, 0x98, 0x36,
    0x19, 0x83, 0xe7, 0xb8, 0xfc, 0x27, 0xf, 0x0,
    0x10, 0x0,

    /* U+5D4C "嵌" */
    0x0, 0x30, 0x0, 0xc0, 0xc0, 0xc3, 0x3, 0x3,
    0xc, 0xc, 0xc, 0x3f, 0xff, 0xf0, 0x0, 0x8,
    0x3, 0xc, 0x30, 0xc, 0x30, 0x80, 0x30, 0xc7,
    0xff, 0xff, 0xd0, 0x23, 0xc, 0xc1, 0x8c, 0x36,
    0x46, 0x30, 0xc1, 0x80, 0xff, 0x6, 0x3, 0xc,
    0x18, 0xc, 0x30, 0xf0, 0x30, 0xc3, 0x60, 0xff,
    0x19, 0x83, 0xc, 0xe3, 0x8c, 0x37, 0x7, 0x30,
    0x18, 0x8,

    /* U+5DE5 "工" */
    0x3f, 0xff, 0xf0, 0xff, 0xff, 0xc0, 0x3, 0x0,
    0x0, 0xc, 0x0, 0x0, 0x30, 0x0, 0x0, 0xc0,
    0x0, 0x3, 0x0, 0x0, 0xc, 0x0, 0x0, 0x30,
    0x0, 0x0, 0xc0, 0x0, 0x3, 0x0, 0x0, 0xc,
    0x0, 0x0, 0x30, 0x0, 0x0, 0xc0, 0x0, 0x3,
    0x0, 0x0, 0xc, 0x0, 0x0, 0x30, 0x3, 0xff,
    0xff, 0xff, 0xff, 0xff, 0xc0,

    /* U+5DE6 "左" */
    0x0, 0x60, 0x0, 0x3, 0x80, 0x0, 0xc, 0x0,
    0x0, 0x30, 0x0, 0x3f, 0xff, 0xf8, 0x3, 0x0,
    0x0, 0x18, 0x0, 0x0, 0x60, 0x0, 0x1, 0x80,
    0x0, 0xc, 0x0, 0x0, 0x3f, 0xff, 0x1, 0xff,
    0xfc, 0x6, 0xc, 0x0, 0x30, 0x30, 0x1, 0xc0,
    0xc0, 0x6, 0x3, 0x0, 0x30, 0xc, 0x3, 0x80,
    0x30, 0x0, 0x0, 0xc0, 0x3, 0xff, 0xff, 0xf,
    0xff, 0xfc,

    /* U+5DEE "差" */
    0x0, 0x0, 0x0, 0x6, 0x7, 0x0, 0xc, 0x18,
    0x0, 0x20, 0xc0, 0x3f, 0xff, 0xfc, 0x0, 0xc0,
    0x0, 0x3, 0x0, 0x0, 0xc, 0x0, 0xf, 0xff,
    0xf8, 0x1, 0x80, 0x0, 0x6, 0x0, 0x0, 0x18,
    0x0, 0x7f, 0xff, 0xfc, 0x3, 0x0, 0x0, 0x18,
    0x0, 0x0, 0xe0, 0x0, 0x7, 0xff, 0xf0, 0x38,
    0x18, 0x1, 0xc0, 0x60, 0x1e, 0x1, 0x80, 0x60,
    0x6, 0x0, 0x1f, 0xff, 0xf0,

    /* U+5DF1 "己" */
    0xff, 0xff, 0x8f, 0xff, 0xf8, 0x0, 0x1, 0x80,
    0x0, 0x18, 0x0, 0x1, 0x80, 0x0, 0x18, 0x0,
    0x1, 0x87, 0xff, 0xf8, 0x7f, 0xff, 0x86, 0x0,
    0x18, 0x60, 0x1, 0x86, 0x0, 0x0, 0x60, 0x0,
    0x6, 0x0, 0x0, 0x60, 0x0, 0x46, 0x0, 0x7,
    0x60, 0x0, 0x76, 0x0, 0x6, 0x7f, 0xff, 0xe3,
    0xff, 0xfc,

    /* U+5DF2 "已" */
    0xff, 0xff, 0x8f, 0xff, 0xf8, 0x0, 0x1, 0x80,
    0x0, 0x18, 0x0, 0x1, 0x86, 0x0, 0x18, 0x60,
    0x1, 0x86, 0x0, 0x18, 0x7f, 0xff, 0x86, 0x0,
    0x18, 0x60, 0x1, 0x86, 0x0, 0x0, 0x60, 0x0,
    0x6, 0x0, 0x0, 0x60, 0x0, 0x46, 0x0, 0x7,
    0x60, 0x0, 0x67, 0x0, 0xe, 0x7f, 0xff, 0xe3,
    0xff, 0xfc,

    /* U+5E03 "布" */
    0x0, 0x20, 0x0, 0x1, 0xc0, 0x0, 0x6, 0x0,
    0x0, 0x18, 0x0, 0x7f, 0xff, 0xfc, 0x6, 0x0,
    0x0, 0x18, 0x0, 0x0, 0xc3, 0x0, 0x7, 0xc,
    0x0, 0x38, 0x30, 0x1, 0xff, 0xff, 0xf, 0x83,
    0xc, 0x76, 0xc, 0x31, 0x98, 0x30, 0xc0, 0x60,
    0xc3, 0x1, 0x83, 0xc, 0x6, 0xc, 0x30, 0x18,
    0x37, 0xc0, 0x60, 0xcf, 0x0, 0x3, 0x0, 0x0,
    0xc, 0x0, 0x0, 0x30, 0x0,

    /* U+5E26 "带" */
    0xc, 0x61, 0x80, 0x63, 0xc, 0x3, 0x18, 0x61,
    0xff, 0xff, 0xf0, 0xc6, 0x18, 0x6, 0x30, 0xc0,
    0x0, 0x0, 0x0, 0x0, 0x0, 0xff, 0xff, 0xfe,
    0x0, 0x0, 0xf0, 0x18, 0x7, 0x80, 0xc0, 0x31,
    0xff, 0xfc, 0x8, 0x30, 0x20, 0x41, 0x81, 0x2,
    0xc, 0x8, 0x10, 0x60, 0x40, 0x83, 0x1e, 0x4,
    0x18, 0xf0, 0x0, 0xc6, 0x0, 0x6, 0x0, 0x0,

    /* U+5E27 "帧" */
    0x18, 0x6, 0x0, 0x60, 0x18, 0x1, 0x80, 0x7f,
    0x86, 0x1, 0x80, 0xff, 0x86, 0x3, 0x66, 0x18,
    0xd, 0x9b, 0xff, 0x36, 0x68, 0xc, 0xd9, 0xa7,
    0x33, 0x66, 0x98, 0xcd, 0x9a, 0x63, 0x36, 0x69,
    0x8c, 0xd9, 0xa6, 0x33, 0x66, 0x98, 0xcd, 0xfa,
    0x63, 0x36, 0xc1, 0xa0, 0xd8, 0xc, 0xc0, 0x60,
    0x33, 0x81, 0x81, 0x87, 0x86, 0x1c, 0xf, 0x18,
    0x60, 0x18,

    /* U+5E2E "帮" */
    0x0, 0x0, 0x0, 0x30, 0x0, 0x1, 0x83, 0xfe,
    0xff, 0xd8, 0x60, 0x60, 0xc6, 0x3, 0x6, 0x31,
    0xff, 0xb3, 0x80, 0xc1, 0x8e, 0x6, 0xc, 0x37,
    0xff, 0x60, 0xc3, 0x3, 0xe, 0x30, 0x19, 0xe3,
    0x86, 0xc4, 0x38, 0x30, 0x3, 0x7f, 0xff, 0x83,
    0xc, 0xc, 0x18, 0x60, 0x60, 0xc3, 0x3, 0x6,
    0x18, 0x38, 0x30, 0xc7, 0xc1, 0x86, 0x30, 0x0,
    0x30, 0x0,

    /* U+5E38 "常" */
    0x10, 0x61, 0x1, 0x86, 0x18, 0xc, 0x63, 0x0,
    0x86, 0x30, 0xff, 0xff, 0xfc, 0x0, 0x3, 0xc0,
    0x0, 0x3d, 0xff, 0xfb, 0x18, 0x1, 0x81, 0x80,
    0x18, 0x18, 0x1, 0x81, 0xff, 0xf8, 0x0, 0x60,
    0x0, 0x6, 0x0, 0x3f, 0xff, 0xc2, 0x6, 0x4,
    0x20, 0x60, 0x42, 0x6, 0x4, 0x20, 0x63, 0xc2,
    0x6, 0x3c, 0x0, 0x60, 0x0,

    /* U+5E3D "帽" */
    0x18, 0x0, 0x0, 0x60, 0x0, 0x1, 0x87, 0xff,
    0xc6, 0x18, 0x3, 0x18, 0x60, 0xf, 0xff, 0x9f,
    0x3d, 0x9e, 0x0, 0xf6, 0x79, 0xf3, 0xd9, 0xe0,
    0xf, 0x66, 0x0, 0xd, 0x9b, 0xff, 0xb6, 0x6c,
    0x6, 0xd9, 0xb0, 0x1b, 0x66, 0xff, 0xed, 0x9b,
    0x1, 0xb6, 0x6c, 0x6, 0xdb, 0xb0, 0x1b, 0x6c,
    0xff, 0xe1, 0x83, 0x1, 0x86, 0xf, 0xfe, 0x18,
    0x30, 0x18, 0x60, 0xc0, 0x60,

    /* U+5E42 "幂" */
    0x3f, 0xff, 0xf8, 0x60, 0x0, 0x30, 0xc0, 0x0,
    0x61, 0xbf, 0xfe, 0x0, 0x60, 0xc, 0x0, 0xff,
    0xf8, 0x1, 0x80, 0x30, 0x3, 0x0, 0x60, 0x7,
    0xff, 0xc0, 0x1, 0x80, 0x1, 0xff, 0xff, 0xf0,
    0x18, 0xc, 0x0, 0x71, 0x1c, 0x3, 0xc2, 0x1e,
    0x3f, 0xff, 0xff, 0x33, 0x8, 0x62, 0x6, 0x10,
    0xc0, 0xc, 0x27, 0x80, 0x18, 0x4f, 0x0, 0x0,
    0x80, 0x0,

    /* U+5E55 "幕" */
    0x0, 0x83, 0x0, 0x1, 0x6, 0x0, 0xff, 0xff,
    0xe0, 0x4, 0x18, 0x0, 0x7f, 0xfe, 0x0, 0x80,
    0xc, 0x1, 0x0, 0x18, 0x3, 0xff, 0xf0, 0x4,
    0x0, 0x60, 0xf, 0xff, 0xc0, 0x1, 0x80, 0x3,
    0xff, 0xff, 0xe0, 0x18, 0x38, 0x0, 0x70, 0x38,
    0x3, 0xc6, 0x3c, 0x7f, 0xff, 0xff, 0x62, 0x18,
    0x64, 0x4, 0x30, 0xc0, 0x8, 0x61, 0x80, 0x10,
    0xcf, 0x0, 0x1, 0x80, 0x0,

    /* U+5E72 "干" */
    0x7f, 0xff, 0xe7, 0xff, 0xfe, 0x0, 0x60, 0x0,
    0x6, 0x0, 0x0, 0x60, 0x0, 0x6, 0x0, 0x0,
    0x60, 0x0, 0x6, 0x0, 0x0, 0x60, 0xf, 0xff,
    0xff, 0x0, 0x60, 0x0, 0x6, 0x0, 0x0, 0x60,
    0x0, 0x6, 0x0, 0x0, 0x60, 0x0, 0x6, 0x0,
    0x0, 0x60, 0x0, 0x6, 0x0, 0x0, 0x60, 0x0,
    0x6, 0x0,

    /* U+5E73 "平" */
    0x3f, 0xff, 0xe0, 0x0, 0xc0, 0x0, 0x83, 0x4,
    0x6, 0xc, 0x18, 0xc, 0x30, 0xe0, 0x38, 0xc3,
    0x0, 0x63, 0x18, 0x1, 0xcc, 0xe0, 0x3, 0x33,
    0x0, 0x8, 0xc4, 0x0, 0x3, 0x0, 0x3f, 0xff,
    0xff, 0x0, 0x30, 0x0, 0x0, 0xc0, 0x0, 0x3,
    0x0, 0x0, 0xc, 0x0, 0x0, 0x30, 0x0, 0x0,
    0xc0, 0x0, 0x3, 0x0, 0x0, 0xc, 0x0,

    /* U+5E74 "年" */
    0x0, 0x0, 0x0, 0xc, 0x0, 0x0, 0x70, 0x0,
    0x3, 0x80, 0x0, 0xf, 0xff, 0xf0, 0x60, 0x60,
    0x3, 0x81, 0x80, 0x1c, 0x6, 0x0, 0xe0, 0x18,
    0x0, 0x3f, 0xff, 0x80, 0xc1, 0x80, 0x3, 0x6,
    0x0, 0xc, 0x18, 0x0, 0x30, 0x60, 0x0, 0xc1,
    0x80, 0x3f, 0xff, 0xff, 0x0, 0x18, 0x0, 0x0,
    0x60, 0x0, 0x1, 0x80, 0x0, 0x6, 0x0, 0x0,
    0x18, 0x0, 0x0, 0x60, 0x0,

    /* U+5E76 "并" */
    0x0, 0x2, 0x0, 0x70, 0x18, 0x1, 0xc1, 0xc0,
    0x6, 0xc, 0x0, 0x30, 0x60, 0x3f, 0xff, 0xf9,
    0xff, 0xff, 0xc0, 0x60, 0xc0, 0x3, 0x6, 0x0,
    0x18, 0x30, 0x0, 0xc1, 0x80, 0x6, 0xc, 0xf,
    0xff, 0xff, 0xff, 0xff, 0xfc, 0xc, 0x18, 0x0,
    0x60, 0xc0, 0x6, 0x6, 0x0, 0x30, 0x30, 0x3,
    0x1, 0x80, 0x78, 0xc, 0x7, 0x80, 0x60, 0x30,
    0x3, 0x0,

    /* U+5E8F "序" */
    0x0, 0x18, 0x0, 0x0, 0xc0, 0x0, 0x6, 0x0,
    0x7f, 0xff, 0xf3, 0x0, 0x0, 0x18, 0x0, 0x0,
    0xc0, 0x0, 0x6, 0x7f, 0xfc, 0x30, 0x1, 0xc1,
    0x81, 0xb8, 0xc, 0x7, 0x0, 0x60, 0x1c, 0x3,
    0x7f, 0xff, 0x98, 0x6, 0x1c, 0xc0, 0x30, 0xce,
    0x1, 0x82, 0x60, 0xc, 0x3, 0x0, 0x60, 0x18,
    0x3, 0x1, 0xc0, 0x18, 0xc, 0x7, 0xc0, 0x0,
    0x1c, 0x0,

    /* U+5E94 "应" */
    0x0, 0x18, 0x0, 0x0, 0x60, 0x0, 0x0, 0xc0,
    0x7, 0xff, 0xfe, 0x18, 0x0, 0x0, 0x60, 0x0,
    0x1, 0x81, 0x2, 0x6, 0x6, 0xc, 0x19, 0x18,
    0x30, 0x6c, 0x30, 0xc1, 0x98, 0xc6, 0x6, 0x61,
    0x98, 0x18, 0xc6, 0x40, 0x63, 0x3, 0x1, 0x6,
    0xc, 0xc, 0x10, 0x60, 0x30, 0x1, 0x80, 0xc0,
    0xc, 0x6, 0x7f, 0xff, 0xd9, 0xff, 0xff, 0x60,
    0x0, 0x0,

    /* U+5E95 "底" */
    0x0, 0x10, 0x0, 0x0, 0xe0, 0x0, 0x1, 0x80,
    0x7, 0xff, 0xfe, 0x18, 0x0, 0x0, 0x60, 0x0,
    0x81, 0x80, 0x3f, 0x6, 0x7f, 0xf0, 0x19, 0x86,
    0x0, 0x66, 0x18, 0x1, 0x98, 0x60, 0x6, 0x61,
    0x80, 0x19, 0xff, 0xf8, 0x66, 0xc, 0x1, 0x98,
    0x30, 0xc, 0x64, 0xc0, 0x31, 0xb1, 0x80, 0xc7,
    0xc6, 0x26, 0x1d, 0x8c, 0xf8, 0x66, 0x1e, 0x40,
    0xc, 0x38, 0x0, 0x0, 0x0,

    /* U+5EA6 "度" */
    0x0, 0x10, 0x0, 0x0, 0xe0, 0x0, 0x1, 0x80,
    0xf, 0xff, 0xfc, 0x30, 0x0, 0x0, 0xc0, 0x0,
    0x3, 0xc, 0x18, 0xc, 0x30, 0x60, 0x37, 0xff,
    0xf0, 0xc3, 0x6, 0x3, 0xc, 0x18, 0xc, 0x3f,
    0xe0, 0x30, 0x0, 0x0, 0xc0, 0x0, 0x3, 0x7f,
    0xfc, 0xc, 0x30, 0x70, 0x60, 0x63, 0x81, 0x80,
    0xdc, 0x6, 0x1, 0xe0, 0x30, 0xf, 0xc0, 0xcf,
    0xe3, 0xfd, 0x3c, 0x1, 0xe0,

    /* U+5EFA "建" */
    0x0, 0x6, 0x0, 0x0, 0xc, 0x0, 0x0, 0x18,
    0x3, 0xf3, 0xff, 0x80, 0x40, 0x63, 0x1, 0x80,
    0xc6, 0x3, 0x3f, 0xff, 0xc, 0x3, 0x18, 0x18,
    0x6, 0x30, 0x60, 0xff, 0xe0, 0xf9, 0xff, 0xc0,
    0x30, 0x30, 0x2, 0x6f, 0xff, 0xc, 0xc0, 0xc0,
    0x9, 0x1, 0x80, 0x1e, 0x3, 0x0, 0x1c, 0xff,
    0xf8, 0x38, 0xc, 0x0, 0x78, 0x18, 0x1, 0x98,
    0x30, 0x6, 0x1f, 0x0, 0x58, 0x7, 0xff, 0x80,

    /* U+5F00 "开" */
    0x3f, 0xff, 0xf8, 0xff, 0xff, 0xe0, 0x18, 0x30,
    0x0, 0x60, 0xc0, 0x1, 0x83, 0x0, 0x6, 0xc,
    0x0, 0x18, 0x30, 0x0, 0x60, 0xc0, 0x1, 0x83,
    0x3, 0xff, 0xff, 0xf0, 0x18, 0x30, 0x0, 0x60,
    0xc0, 0x1, 0x3, 0x0, 0xc, 0xc, 0x0, 0x30,
    0x30, 0x1, 0x80, 0xc0, 0xe, 0x3, 0x0, 0x70,
    0xc, 0x7, 0x80, 0x30, 0xc, 0x0, 0xc0,

    /* U+5F02 "异" */
    0x1f, 0xff, 0xc0, 0xc0, 0x6, 0x6, 0x0, 0x30,
    0x30, 0x1, 0x81, 0xff, 0xfc, 0xc, 0x0, 0x0,
    0x60, 0x0, 0x43, 0x0, 0x3, 0x18, 0x0, 0x30,
    0x7f, 0xff, 0x80, 0x0, 0x0, 0x0, 0x0, 0x0,
    0x38, 0x30, 0x1, 0x81, 0x83, 0xff, 0xff, 0xe0,
    0x60, 0x60, 0x3, 0x3, 0x0, 0x30, 0x18, 0x7,
    0x0, 0xc0, 0xf0, 0x6, 0x6, 0x0, 0x30, 0x0,

    /* U+5F03 "弃" */
    0x0, 0x60, 0x0, 0x0, 0xc0, 0x0, 0x3, 0x0,
    0x3f, 0xff, 0xfe, 0x0, 0xc0, 0x0, 0x6, 0x1c,
    0x0, 0x70, 0x38, 0x7, 0x8f, 0xf0, 0x1f, 0xfe,
    0xe0, 0x40, 0x1, 0x0, 0x38, 0x30, 0x0, 0xc0,
    0xc0, 0x3, 0x3, 0x3, 0xff, 0xff, 0xf0, 0x30,
    0x30, 0x0, 0xc0, 0xc0, 0x6, 0x3, 0x0, 0x18,
    0xc, 0x0, 0xc0, 0x30, 0x1e, 0x0, 0xc0, 0x30,
    0x3, 0x0,

    /* U+5F0F "式" */
    0x0, 0x18, 0x0, 0x0, 0x66, 0x0, 0x1, 0x9c,
    0x0, 0x6, 0x38, 0x0, 0x18, 0x3, 0xff, 0xff,
    0xef, 0xff, 0xff, 0x80, 0x6, 0x0, 0x0, 0x8,
    0x0, 0x0, 0x30, 0x0, 0x0, 0xc0, 0x1f, 0xfb,
    0x0, 0x6, 0xc, 0x0, 0x18, 0x18, 0x0, 0x60,
    0x60, 0x1, 0x81, 0x80, 0x6, 0x3, 0x10, 0x1b,
    0xcc, 0x60, 0xfe, 0x19, 0xdf, 0x80, 0x76, 0x70,
    0x0, 0xf8, 0x0, 0x0, 0xc0,

    /* U+5F15 "引" */
    0x0, 0x1, 0xff, 0xe0, 0xc0, 0x30, 0x60, 0x18,
    0x30, 0xc, 0x18, 0x6, 0xf, 0xff, 0x7, 0x80,
    0x3, 0xc0, 0x1, 0xe0, 0x0, 0xf0, 0x0, 0x7f,
    0xf8, 0x30, 0xc, 0x18, 0x6, 0xc, 0x3, 0x6,
    0x1, 0x83, 0x1, 0xc1, 0x80, 0xc0, 0xc0, 0x60,
    0x67, 0xf0, 0x31, 0xf0, 0x18,

    /* U+5F20 "张" */
    0x0, 0x30, 0x0, 0x0, 0xc1, 0xf, 0xe3, 0x6,
    0x1, 0x8c, 0x30, 0x6, 0x31, 0x80, 0x18, 0xc6,
    0x0, 0x63, 0x30, 0x3f, 0x8d, 0x80, 0xc0, 0x30,
    0x3, 0x7, 0xff, 0xec, 0x3, 0x20, 0x3f, 0x8c,
    0xc0, 0x6, 0x33, 0x0, 0x18, 0xc4, 0x0, 0x63,
    0x18, 0x1, 0x8c, 0x30, 0x6, 0x32, 0xe0, 0x18,
    0xf9, 0xc7, 0xc3, 0xc3, 0x8f, 0xc, 0x4, 0x0,
    0x20, 0x0,

    /* U+5F27 "弧" */
    0x0, 0x0, 0xf1, 0xf9, 0xff, 0xc0, 0x13, 0x33,
    0x0, 0x26, 0x66, 0x0, 0x4c, 0xcc, 0x0, 0x99,
    0x98, 0x3f, 0x33, 0x30, 0x60, 0x66, 0x60, 0xc0,
    0xcc, 0xc1, 0x81, 0x99, 0xc3, 0x3, 0x31, 0x87,
    0xe6, 0x63, 0x0, 0x4c, 0xc6, 0x1, 0x99, 0x8c,
    0x3, 0x33, 0xc, 0x6, 0xe6, 0xd8, 0x9, 0x8c,
    0x98, 0x13, 0x3f, 0xb9, 0xec, 0x7b, 0x33, 0x98,
    0x4, 0x0,

    /* U+5F2F "弯" */
    0x0, 0x30, 0x0, 0x0, 0x30, 0x1, 0xff, 0xff,
    0xf0, 0x6, 0x30, 0x0, 0xcc, 0x66, 0x3, 0x98,
    0xce, 0x6, 0x31, 0x8e, 0x38, 0x63, 0xf, 0x60,
    0x0, 0xc, 0x0, 0x0, 0x0, 0x7f, 0xff, 0x80,
    0x0, 0x3, 0x0, 0xff, 0xfe, 0x1, 0x80, 0x0,
    0x3, 0x0, 0x0, 0x6, 0x0, 0x0, 0xf, 0xff,
    0xf0, 0x0, 0x0, 0x60, 0x0, 0x1, 0xc0, 0x0,
    0x3f, 0x80, 0x0, 0x7c, 0x0,

    /* U+5F31 "弱" */
    0x7f, 0x9f, 0xf0, 0x18, 0x3, 0x1, 0x80, 0x30,
    0x18, 0x3, 0x7f, 0x9f, 0xf6, 0x1, 0x80, 0x60,
    0x18, 0x6, 0x1, 0x80, 0x7f, 0x9f, 0xf0, 0x18,
    0x3, 0x31, 0x9c, 0x33, 0x18, 0xe3, 0x19, 0x86,
    0x70, 0x78, 0x1f, 0x3d, 0x9f, 0x3f, 0x1b, 0xc3,
    0xc1, 0x80, 0x30, 0x18, 0x3, 0xf, 0x81, 0xf0,
    0x60, 0xc,

    /* U+5F39 "弹" */
    0x0, 0x8, 0x0, 0x0, 0x61, 0x8f, 0xe1, 0xc6,
    0x1, 0x82, 0x30, 0x6, 0x0, 0xc0, 0x19, 0xff,
    0xe0, 0x66, 0x31, 0x9f, 0x98, 0xc6, 0x7e, 0x63,
    0x19, 0x81, 0xff, 0xe6, 0x6, 0x31, 0x98, 0x18,
    0xc6, 0x7e, 0x63, 0x18, 0x19, 0xff, 0xe0, 0x60,
    0x30, 0x1, 0x80, 0xc0, 0x6, 0x3, 0x0, 0x1b,
    0xff, 0xf0, 0xe0, 0x30, 0x1f, 0x0, 0xc0, 0x3c,
    0x3, 0x0, 0x0, 0xc, 0x0,

    /* U+5F3A "强" */
    0xfe, 0x7f, 0xe0, 0x19, 0x81, 0x80, 0x66, 0x6,
    0x1, 0x98, 0x18, 0x6, 0x7f, 0xe3, 0xf8, 0x18,
    0xc, 0x0, 0x60, 0x30, 0x3f, 0xfc, 0xc0, 0xc6,
    0x33, 0xf3, 0x18, 0xcf, 0xcc, 0x63, 0x3, 0x31,
    0x8c, 0xc, 0xff, 0xf0, 0x33, 0x18, 0x0, 0xc0,
    0x66, 0x3, 0x1, 0x8c, 0xc, 0x7, 0xf3, 0xf7,
    0xfc, 0x67, 0x8e, 0x1, 0x90, 0x0, 0x0,

    /* U+5F52 "归" */
    0x3, 0x0, 0x0, 0x18, 0x0, 0x18, 0xcf, 0xfe,
    0xc6, 0x0, 0x36, 0x30, 0x1, 0xb1, 0x80, 0xd,
    0x8c, 0x0, 0x6c, 0x60, 0x3, 0x63, 0x0, 0x1b,
    0x18, 0xff, 0xd8, 0xc0, 0x6, 0xce, 0x0, 0x36,
    0x70, 0x1, 0xb3, 0x0, 0xc, 0x18, 0x0, 0x61,
    0xc0, 0x3, 0x1c, 0x7f, 0xf8, 0xc0, 0x0, 0xce,
    0x0, 0x6, 0xe0, 0x0, 0x32, 0x0, 0x0, 0x0,

    /* U+5F53 "当" */
    0x0, 0x60, 0x4, 0xc, 0x9, 0xc1, 0x83, 0x9c,
    0x30, 0x61, 0xc6, 0x18, 0x18, 0xc7, 0x2, 0x18,
    0x40, 0x3, 0x0, 0x7f, 0xff, 0xe0, 0x0, 0xc,
    0x0, 0x1, 0x80, 0x0, 0x30, 0x0, 0x6, 0xff,
    0xff, 0xdf, 0xff, 0xf8, 0x0, 0x3, 0x0, 0x0,
    0x60, 0x0, 0xf, 0xff, 0xff, 0x80, 0x0, 0x30,
    0x0, 0x6,

    /* U+5F55 "录" */
    0x1f, 0xff, 0xc0, 0x0, 0x3, 0x0, 0x0, 0xc,
    0x0, 0x0, 0x30, 0x1f, 0xff, 0xc0, 0x0, 0x3,
    0x0, 0x0, 0xc, 0x3f, 0xff, 0xff, 0x0, 0x30,
    0x0, 0x40, 0xc1, 0x1, 0x83, 0xe, 0x3, 0x8e,
    0x70, 0x4, 0xbf, 0x0, 0x7, 0xd8, 0x0, 0x73,
    0x30, 0xf, 0xc, 0x70, 0xf0, 0x30, 0xf9, 0x0,
    0xc0, 0xe0, 0xf, 0x0, 0x0, 0x30, 0x0,

    /* U+5F62 "形" */
    0x0, 0x0, 0x21, 0xff, 0xe1, 0xc1, 0x8c, 0x6,
    0x6, 0x30, 0x30, 0x18, 0xc1, 0x80, 0x63, 0xc,
    0x1, 0x8c, 0x70, 0x6, 0x30, 0x8c, 0x18, 0xc0,
    0x73, 0xff, 0xe3, 0x81, 0x8c, 0x1c, 0x6, 0x30,
    0xe0, 0x18, 0xcf, 0x0, 0x63, 0x18, 0x63, 0x8c,
    0x3, 0x8c, 0x30, 0x1c, 0x30, 0xc0, 0xe1, 0xc3,
    0xe, 0x6, 0xc, 0x70, 0x30, 0x33, 0x80, 0x0,
    0x0, 0x0,

    /* U+5F71 "影" */
    0x0, 0x0, 0x20, 0xff, 0xc0, 0xc3, 0x3, 0x6,
    0xc, 0xc, 0x30, 0x3f, 0xf1, 0x80, 0xc0, 0xcc,
    0x3, 0xff, 0x60, 0x0, 0x0, 0x4, 0x3, 0x0,
    0x3b, 0xff, 0xf1, 0xc0, 0x0, 0x6, 0x0, 0x0,
    0x30, 0x3f, 0xf1, 0x80, 0xc0, 0xdc, 0x3, 0x3,
    0x20, 0x8f, 0xfc, 0x7, 0x3, 0x0, 0x38, 0x4c,
    0x81, 0xc3, 0x33, 0xe, 0x18, 0xcc, 0xe0, 0xcf,
    0x7, 0x0, 0x18, 0x38, 0x0, 0x0, 0x0, 0x0,

    /* U+5F80 "往" */
    0xc, 0xc, 0x0, 0x30, 0x18, 0x1, 0x80, 0x60,
    0xc, 0x1, 0x0, 0xe0, 0xff, 0xf9, 0x18, 0x18,
    0x0, 0xc0, 0x60, 0x7, 0x1, 0x80, 0x18, 0x6,
    0x0, 0xe0, 0x18, 0x7, 0x8f, 0xff, 0x36, 0x1,
    0x80, 0x58, 0x6, 0x0, 0x60, 0x18, 0x1, 0x80,
    0x60, 0x6, 0x1, 0x80, 0x18, 0x6, 0x0, 0x60,
    0x18, 0x1, 0x80, 0x60, 0x6, 0x7f, 0xff, 0x18,
    0x0, 0x0,

    /* U+5F84 "径" */
    0x2, 0x0, 0x0, 0x1c, 0x0, 0x0, 0x67, 0xff,
    0x7, 0x0, 0x1c, 0x39, 0x0, 0xe1, 0xc6, 0x7,
    0x0, 0x30, 0x3c, 0x1, 0x83, 0xb8, 0xe, 0x3c,
    0x38, 0x73, 0xc0, 0x73, 0xcc, 0x0, 0x9b, 0x0,
    0x0, 0x4c, 0x7f, 0xf8, 0x30, 0xc, 0x0, 0xc0,
    0x30, 0x3, 0x0, 0xc0, 0xc, 0x3, 0x0, 0x30,
    0xc, 0x0, 0xc0, 0x30, 0x3, 0x7f, 0xff, 0xc,
    0x0, 0x0,

    /* U+5F85 "待" */
    0x0, 0x6, 0x0, 0xc, 0xc, 0x0, 0x18, 0x18,
    0x0, 0x60, 0x30, 0x1, 0x8f, 0xff, 0x6, 0x40,
    0xc0, 0x1c, 0x81, 0x80, 0x13, 0x83, 0x0, 0x6,
    0x6, 0x0, 0x1b, 0xff, 0xfc, 0x70, 0x1, 0x81,
    0xe0, 0x3, 0x7, 0xc0, 0x6, 0x1d, 0xbf, 0xff,
    0x93, 0x0, 0x18, 0x6, 0x38, 0x30, 0xc, 0x30,
    0x60, 0x18, 0x70, 0xc0, 0x30, 0x41, 0x80, 0x60,
    0xf, 0x0, 0xc0, 0x3e, 0x1, 0x80, 0x60, 0x0,

    /* U+5F88 "很" */
    0x2, 0x0, 0x0, 0xe, 0xff, 0xe0, 0x31, 0x80,
    0xc1, 0xc3, 0x1, 0x8f, 0x6, 0x3, 0x0, 0x4f,
    0xfe, 0x0, 0xd8, 0xc, 0x3, 0x30, 0x18, 0xc,
    0x60, 0x30, 0x38, 0xff, 0xe1, 0xf1, 0x98, 0x7,
    0x63, 0x10, 0xc4, 0xc6, 0x33, 0x81, 0x8c, 0x6e,
    0x3, 0x18, 0x70, 0x6, 0x30, 0xc0, 0xc, 0x60,
    0xc0, 0x18, 0xd8, 0xe0, 0x31, 0xf0, 0xf0, 0x63,
    0x80, 0xe0, 0xc6, 0x0, 0x0,

    /* U+5F8B "律" */
    0x0, 0xc, 0x0, 0x30, 0x30, 0x0, 0xc0, 0xc0,
    0x6, 0x7f, 0xfc, 0x30, 0xc, 0x31, 0x80, 0x30,
    0xc4, 0x40, 0xc3, 0x3, 0xff, 0xff, 0xc, 0xc,
    0x30, 0x60, 0x30, 0xc3, 0x9f, 0xff, 0x1e, 0x3,
    0x0, 0xd8, 0xc, 0x1, 0x60, 0x30, 0x1, 0x9f,
    0xff, 0x6, 0x3, 0x0, 0x18, 0xc, 0x0, 0x6f,
    0xff, 0xf1, 0x80, 0xc0, 0x6, 0x3, 0x0, 0x18,
    0xc, 0x0, 0x60, 0x30, 0x0,

    /* U+5F97 "得" */
    0x4, 0x0, 0x0, 0x39, 0xff, 0xc1, 0xc6, 0x3,
    0xe, 0x18, 0xc, 0x70, 0x7f, 0xf1, 0x91, 0x80,
    0xc0, 0x76, 0x3, 0x3, 0x9f, 0xfc, 0x1c, 0x0,
    0x0, 0xe0, 0x0, 0x7, 0x8f, 0xff, 0xfe, 0x0,
    0x18, 0x58, 0x0, 0x60, 0x6f, 0xff, 0xf1, 0x80,
    0x6, 0x6, 0x18, 0x18, 0x18, 0x60, 0x60, 0x60,
    0xc1, 0x81, 0x83, 0x6, 0x6, 0x0, 0xf8, 0x18,
    0x1, 0x80,

    /* U+5FAA "循" */
    0x0, 0x0, 0x0, 0x30, 0x3, 0xc0, 0xcf, 0xff,
    0x86, 0x30, 0x60, 0x38, 0xc1, 0x81, 0xc3, 0x6,
    0xe, 0x6f, 0xff, 0xd1, 0xb0, 0x60, 0xc, 0xc1,
    0x80, 0x73, 0x4, 0x1, 0x8d, 0xff, 0x8e, 0x36,
    0x6, 0x78, 0xd8, 0x19, 0x63, 0x7f, 0xe1, 0x8d,
    0x81, 0x86, 0x76, 0x6, 0x19, 0x9f, 0xf8, 0x66,
    0x60, 0x61, 0x99, 0x81, 0x86, 0xe7, 0xfe, 0x19,
    0x18, 0x18, 0x60, 0x60, 0x60,

    /* U+5FC3 "心" */
    0x0, 0x60, 0x0, 0x1, 0xc0, 0x0, 0x3, 0x0,
    0x0, 0xe, 0x0, 0x0, 0x1c, 0x0, 0x0, 0x40,
    0x0, 0x18, 0x0, 0x8, 0x60, 0x10, 0x31, 0x80,
    0x60, 0xc6, 0x1, 0xc3, 0x18, 0x3, 0x8c, 0x60,
    0x6, 0x71, 0x80, 0x1d, 0x86, 0x0, 0x26, 0x18,
    0x0, 0x38, 0x60, 0x0, 0x1, 0x80, 0xc0, 0x6,
    0x3, 0x0, 0x18, 0xc, 0x0, 0x7f, 0xf0, 0x0,
    0xff, 0x80,

    /* U+5FC5 "必" */
    0x0, 0x80, 0x0, 0x7, 0x0, 0x0, 0xe, 0x10,
    0x0, 0x18, 0x60, 0x0, 0x73, 0x80, 0x0, 0xc,
    0x0, 0x30, 0x70, 0x0, 0xc1, 0x80, 0x33, 0xe,
    0xc1, 0xcc, 0x33, 0x86, 0x31, 0xc7, 0x18, 0xce,
    0xe, 0xc3, 0x30, 0x1b, 0xd, 0x80, 0x6c, 0x3e,
    0x0, 0x0, 0xe0, 0x0, 0xf, 0x0, 0xc0, 0xfc,
    0x7, 0xf, 0xb0, 0x18, 0x18, 0xff, 0xe0, 0x1,
    0xff, 0x0,

    /* U+5FC6 "忆" */
    0xc, 0x0, 0x0, 0x30, 0x0, 0x0, 0xc7, 0xff,
    0x3, 0x0, 0x38, 0x6d, 0x1, 0xc1, 0xb6, 0x6,
    0x6, 0xd8, 0x30, 0x1b, 0x21, 0xc0, 0x4c, 0x6,
    0x3, 0x30, 0x30, 0x4, 0xc1, 0xc0, 0x3, 0x6,
    0x0, 0xc, 0x30, 0x0, 0x30, 0xc0, 0x0, 0xc6,
    0x0, 0x3, 0x18, 0x7, 0xc, 0x60, 0x18, 0x31,
    0x80, 0x60, 0xc3, 0xff, 0x3, 0x0, 0x0, 0xc,
    0x0, 0x0,

    /* U+5FD7 "志" */
    0x0, 0x30, 0x0, 0x0, 0xc0, 0x0, 0x3, 0x0,
    0x0, 0xc, 0x0, 0x7f, 0xff, 0xf8, 0x0, 0xc0,
    0x0, 0x3, 0x0, 0x0, 0xc, 0x0, 0x0, 0x30,
    0x0, 0x7f, 0xff, 0x80, 0x0, 0x0, 0x0, 0x0,
    0x0, 0x0, 0x30, 0x0, 0x0, 0xe1, 0x1, 0x31,
    0x86, 0xc, 0xc7, 0x1c, 0x33, 0x8, 0x39, 0x8c,
    0x0, 0x76, 0x30, 0x1c, 0xb0, 0xc0, 0x60, 0x3,
    0xff, 0x0,

    /* U+5FEB "快" */
    0x18, 0xc, 0x0, 0x60, 0x30, 0x1, 0x80, 0xc0,
    0x6, 0x3, 0x0, 0x1e, 0xff, 0xe1, 0x68, 0x31,
    0x8d, 0xb0, 0xc6, 0x36, 0xc3, 0x18, 0xd9, 0xc,
    0x63, 0x60, 0x31, 0x8d, 0x80, 0xc6, 0x6, 0x7f,
    0xff, 0x18, 0xe, 0x0, 0x60, 0x6c, 0x1, 0x81,
    0x90, 0x6, 0xc, 0x60, 0x18, 0x30, 0xc0, 0x61,
    0x81, 0x81, 0x8c, 0x3, 0x86, 0xe0, 0x7, 0x19,
    0x0, 0x8,

    /* U+5FFD "忽" */
    0x4, 0x0, 0x0, 0x30, 0x0, 0x3, 0x0, 0x0,
    0x1f, 0xff, 0x81, 0x98, 0xcc, 0x18, 0xcc, 0x61,
    0xc6, 0x63, 0xc, 0x63, 0x18, 0x6, 0x30, 0xc0,
    0x71, 0x86, 0x7, 0x18, 0x30, 0x71, 0xc1, 0x83,
    0x1c, 0x3c, 0x1, 0xc3, 0xc0, 0xc, 0x18, 0x0,
    0xc, 0x8, 0x36, 0x30, 0xc3, 0x31, 0x83, 0x19,
    0x80, 0xd, 0x8c, 0x7, 0x7c, 0x60, 0x31, 0x3,
    0xff, 0x0,

    /* U+6001 "态" */
    0x0, 0x70, 0x0, 0x1, 0x80, 0x0, 0x6, 0x0,
    0x1f, 0xff, 0xfe, 0x7f, 0xff, 0xf8, 0x3, 0x10,
    0x0, 0x1c, 0x60, 0x0, 0x60, 0xc0, 0x3, 0x43,
    0x80, 0x39, 0x87, 0x3, 0xc3, 0x7, 0x9e, 0x0,
    0xe, 0x20, 0x0, 0x0, 0x0, 0xc0, 0x83, 0x19,
    0x86, 0xc, 0x67, 0xc, 0x31, 0x80, 0x18, 0xc6,
    0x3, 0x76, 0x18, 0x1c, 0x98, 0x7f, 0xe0, 0x1,
    0xff, 0x0,

    /* U+6027 "性" */
    0x18, 0x3, 0x0, 0x60, 0xc, 0x1, 0x83, 0x30,
    0x6, 0x8, 0xc0, 0x1a, 0x63, 0x3, 0x69, 0xff,
    0xed, 0xb6, 0x30, 0x36, 0xd0, 0xc0, 0xd8, 0xc3,
    0x3, 0x63, 0xc, 0x9, 0x88, 0x30, 0x6, 0x0,
    0xc0, 0x18, 0x3f, 0xf8, 0x60, 0xc, 0x1, 0x80,
    0x30, 0x6, 0x0, 0xc0, 0x18, 0x3, 0x0, 0x60,
    0xc, 0x1, 0x80, 0x30, 0x6, 0x3f, 0xff, 0x18,
    0x0, 0x0,

    /* U+603B "总" */
    0x0, 0x0, 0x0, 0x30, 0x38, 0x1, 0x81, 0x80,
    0x6, 0xc, 0x0, 0x10, 0xc0, 0xf, 0xff, 0xe0,
    0x60, 0x3, 0x3, 0x0, 0x18, 0x18, 0x0, 0xc0,
    0xc0, 0x6, 0x7, 0xff, 0xf0, 0x0, 0x0, 0x0,
    0x0, 0x0, 0x0, 0x30, 0x0, 0x99, 0xc1, 0x4,
    0xc6, 0x1c, 0x66, 0x18, 0x73, 0x30, 0x1, 0xd1,
    0x80, 0x67, 0x84, 0x3, 0x0, 0x3f, 0xf0, 0x0,

    /* U+6052 "恒" */
    0x18, 0x0, 0x0, 0xc7, 0xff, 0x86, 0x0, 0x0,
    0x30, 0x0, 0x1, 0xa0, 0x0, 0x6d, 0x3f, 0xf3,
    0x6d, 0x80, 0x9b, 0x6c, 0x4, 0xda, 0x60, 0x24,
    0xc3, 0x1, 0x26, 0x1f, 0xf8, 0x30, 0xc0, 0x41,
    0x86, 0x2, 0xc, 0x30, 0x10, 0x61, 0xff, 0x83,
    0xc, 0x4, 0x18, 0x0, 0x0, 0xc0, 0x0, 0x6,
    0x0, 0x0, 0x33, 0xff, 0xf1, 0x80, 0x0, 0x0,

    /* U+6062 "恢" */
    0x0, 0x0, 0x0, 0x30, 0x20, 0x0, 0xc1, 0x80,
    0x3, 0x6, 0x0, 0xc, 0xff, 0xf9, 0xb4, 0x40,
    0x6, 0xd1, 0x0, 0x1b, 0x6c, 0x60, 0x6d, 0xb1,
    0x81, 0xb4, 0xa4, 0x64, 0xc6, 0xd3, 0x33, 0x1e,
    0x4c, 0xc, 0xdb, 0x30, 0x33, 0x6f, 0x80, 0xd8,
    0x38, 0x3, 0xe1, 0xa0, 0xf, 0x6, 0xc0, 0x30,
    0x31, 0x80, 0xc1, 0x87, 0x3, 0xe, 0xe, 0xc,
    0xe0, 0x18, 0x33, 0x0, 0x20,

    /* U+606F "息" */
    0x0, 0x80, 0x0, 0x3, 0x0, 0x0, 0xc, 0x0,
    0x7, 0xff, 0xf8, 0x18, 0x0, 0x60, 0x60, 0x1,
    0x81, 0xff, 0xfe, 0x6, 0x0, 0x18, 0x18, 0x0,
    0x60, 0x7f, 0xff, 0x81, 0x80, 0x6, 0x6, 0x0,
    0x18, 0x1f, 0xff, 0xe0, 0x0, 0x0, 0x0, 0x0,
    0x0, 0x0, 0x4, 0x0, 0x3, 0x30, 0x71, 0x8c,
    0x60, 0xc6, 0x31, 0x1, 0x98, 0xc0, 0x63, 0xc3,
    0x1, 0x88, 0xf, 0xfc, 0x0,

    /* U+60AC "悬" */
    0xf, 0xff, 0xc0, 0x30, 0x3, 0x0, 0xc0, 0xc,
    0x3, 0xff, 0xf0, 0xc, 0x0, 0xc0, 0x30, 0x3,
    0x0, 0xff, 0xfc, 0x3, 0x0, 0x30, 0xc, 0x0,
    0xc3, 0xff, 0xff, 0xf0, 0x18, 0x10, 0x0, 0xc0,
    0xe0, 0x7, 0x3, 0xe0, 0x7f, 0xff, 0xc0, 0xc0,
    0x2, 0x0, 0x4, 0x0, 0x33, 0x18, 0x20, 0xcc,
    0x60, 0xc2, 0x30, 0x11, 0x98, 0xc0, 0x67, 0xe3,
    0xff, 0x0,

    /* U+60F3 "想" */
    0xc, 0x0, 0x0, 0x30, 0x0, 0x0, 0xc3, 0xff,
    0x3, 0xc, 0xc, 0xff, 0xb0, 0x30, 0x30, 0xff,
    0xc1, 0xc3, 0x3, 0x7, 0x4c, 0xc, 0x3d, 0xb0,
    0x31, 0xf2, 0xff, 0xc6, 0xcb, 0x3, 0x33, 0xc,
    0xc, 0xc, 0x3f, 0xf0, 0x0, 0x0, 0x0, 0x0,
    0x0, 0x0, 0x4, 0x0, 0x11, 0xb8, 0x60, 0xc6,
    0x61, 0xc3, 0x18, 0x83, 0x8c, 0x60, 0x66, 0x61,
    0x81, 0x89, 0x87, 0xfe, 0x0,

    /* U+610F "意" */
    0x0, 0x30, 0x0, 0x0, 0xc0, 0x7, 0xff, 0xff,
    0x0, 0x40, 0x80, 0x3, 0x3, 0x0, 0x4, 0x8,
    0xf, 0xff, 0xff, 0xc0, 0x0, 0x0, 0x1f, 0xff,
    0xc0, 0x60, 0x1, 0x1, 0x80, 0x4, 0x7, 0xff,
    0xf0, 0x18, 0x0, 0x40, 0x60, 0x1, 0x1, 0xff,
    0xfc, 0x0, 0x4, 0x0, 0x0, 0x30, 0x10, 0xcc,
    0xe0, 0xc6, 0x31, 0x91, 0x98, 0xc0, 0x63, 0xc3,
    0xff, 0x0,

    /* U+611F "感" */
    0x0, 0xc, 0x80, 0x0, 0x37, 0x0, 0x0, 0xc0,
    0xf, 0xff, 0xfe, 0x30, 0xc, 0x0, 0xc0, 0x31,
    0x3, 0x7e, 0x46, 0xc, 0x1, 0xb0, 0x37, 0xe6,
    0xc0, 0xd0, 0x8f, 0x3, 0x42, 0x38, 0xd, 0x8,
    0xe2, 0x67, 0xe7, 0xcd, 0x80, 0x3b, 0xec, 0x0,
    0xc3, 0x90, 0x18, 0x0, 0x23, 0x30, 0x0, 0xcc,
    0xe1, 0xc7, 0x30, 0x13, 0x98, 0xc0, 0x66, 0x1,
    0xff, 0x0,

    /* U+6162 "慢" */
    0xc, 0x0, 0x0, 0x18, 0x7f, 0xe0, 0x30, 0x80,
    0x40, 0x61, 0x0, 0x80, 0xc3, 0xff, 0x1, 0xe4,
    0x2, 0xb, 0x4f, 0xfc, 0x36, 0xc0, 0x0, 0x6d,
    0x0, 0x0, 0xd9, 0xff, 0xf9, 0x33, 0x33, 0x30,
    0x66, 0x66, 0x60, 0xcf, 0xff, 0xc1, 0x80, 0x0,
    0x3, 0x1f, 0xfe, 0x6, 0xc, 0x18, 0xc, 0xc,
    0x60, 0x18, 0xd, 0x80, 0x30, 0xe, 0x0, 0x60,
    0xff, 0x80, 0xdf, 0x83, 0xc1, 0x98, 0x1, 0x80,

    /* U+61D2 "懒" */
    0x30, 0xc1, 0x81, 0x86, 0x8, 0xc, 0x30, 0xf8,
    0x67, 0xf4, 0xcf, 0xcc, 0x46, 0x7e, 0x62, 0x63,
    0xd3, 0x1f, 0xfe, 0x7f, 0xff, 0xf2, 0xce, 0x9f,
    0x96, 0x76, 0xfc, 0xb3, 0xb6, 0x67, 0xfd, 0xb3,
    0xc, 0x6d, 0x98, 0xeb, 0x6c, 0xc7, 0x7b, 0x66,
    0x79, 0xdb, 0x36, 0xc1, 0xc1, 0xb6, 0xd, 0xc,
    0x30, 0xfc, 0x61, 0x8e, 0x73, 0xc, 0x61, 0x0,

    /* U+620F "戏" */
    0x0, 0x18, 0x0, 0x0, 0x62, 0x0, 0x1, 0x8c,
    0x3f, 0xc6, 0x18, 0x3, 0x18, 0x0, 0xc, 0x60,
    0xe0, 0x31, 0xbf, 0x98, 0xdf, 0xe0, 0x62, 0xfc,
    0x0, 0xda, 0x31, 0x81, 0xe0, 0xce, 0x7, 0x83,
    0x30, 0xe, 0xd, 0xc0, 0x38, 0x1e, 0x1, 0xf0,
    0x78, 0x6, 0xc1, 0xc0, 0x31, 0x8f, 0x1, 0xc6,
    0x76, 0x2e, 0x3, 0x9c, 0xf0, 0x1c, 0x3e, 0x0,
    0x60, 0x38, 0x0, 0x0, 0x0,

    /* U+6210 "成" */
    0x0, 0x4, 0x0, 0x0, 0xc, 0xc0, 0x0, 0x18,
    0xc0, 0x0, 0x30, 0xc0, 0x0, 0x60, 0x3, 0xff,
    0xff, 0x86, 0x1, 0x80, 0xc, 0x3, 0x0, 0x18,
    0x6, 0x10, 0x30, 0x4, 0x30, 0x7f, 0x8c, 0xe0,
    0xc3, 0x19, 0x81, 0x86, 0x36, 0x3, 0xc, 0x6c,
    0x6, 0x18, 0x70, 0xc, 0x30, 0xc0, 0x38, 0x63,
    0xc4, 0x67, 0xcf, 0x8c, 0xcf, 0x39, 0x9b, 0x81,
    0xe3, 0xfe, 0x7, 0x3, 0xc0, 0x4, 0x1, 0x80,

    /* U+6211 "我" */
    0x0, 0xc, 0x0, 0x3, 0x32, 0x0, 0xfe, 0xcc,
    0x1f, 0x83, 0x18, 0x46, 0xc, 0x30, 0x18, 0x30,
    0x80, 0x60, 0xc0, 0x3f, 0xff, 0xff, 0x6, 0xc,
    0x0, 0x18, 0x30, 0xc0, 0x60, 0xc3, 0x1, 0xf9,
    0x1c, 0x3f, 0xc6, 0x63, 0xf8, 0x1b, 0xc, 0x60,
    0x7c, 0x1, 0x80, 0xe0, 0x6, 0x7, 0x8, 0x18,
    0x7e, 0x30, 0x67, 0x8c, 0xcf, 0x98, 0x1e, 0x18,
    0x0, 0x38,

    /* U+6216 "或" */
    0x0, 0x19, 0x0, 0x0, 0xcc, 0x0, 0x6, 0x30,
    0x0, 0x30, 0xf, 0xff, 0xff, 0x0, 0xc, 0x0,
    0x0, 0x60, 0x0, 0x3, 0x0, 0x7f, 0x98, 0x43,
    0xc, 0x43, 0x18, 0x63, 0x30, 0xc3, 0x19, 0x86,
    0x18, 0xd8, 0x3f, 0xc2, 0xc0, 0x0, 0x1c, 0x0,
    0x18, 0xc0, 0xf, 0xcf, 0x17, 0xf0, 0xfc, 0xf8,
    0x1c, 0x66, 0x3, 0xc1, 0xe0, 0xc, 0x7, 0x0,

    /* U+622A "截" */
    0x3, 0x6, 0x20, 0xc, 0x19, 0xc3, 0xff, 0x63,
    0x0, 0xc1, 0x80, 0x3, 0x6, 0x3, 0xff, 0xff,
    0xf0, 0x8, 0x60, 0x6, 0x61, 0x80, 0x19, 0x86,
    0x18, 0xff, 0xcc, 0xc7, 0x18, 0x33, 0x3c, 0x60,
    0xcc, 0xbf, 0xf3, 0x60, 0xc6, 0xd, 0x83, 0x18,
    0x14, 0xf, 0xfc, 0x70, 0x31, 0x81, 0x80, 0xc6,
    0xf, 0x23, 0xff, 0x76, 0xcc, 0x7, 0x9f, 0x30,
    0x1c, 0x3c, 0x0, 0x0, 0x20,

    /* U+6237 "户" */
    0x0, 0x0, 0x0, 0x0, 0xc0, 0x0, 0x6, 0x0,
    0x0, 0x18, 0x0, 0x0, 0x0, 0x7, 0xff, 0xfc,
    0x30, 0x0, 0x61, 0x80, 0x3, 0xc, 0x0, 0x18,
    0x60, 0x0, 0xc3, 0x0, 0x6, 0x18, 0x0, 0x30,
    0xff, 0xff, 0x86, 0x0, 0xc, 0x30, 0x0, 0x3,
    0x80, 0x0, 0x18, 0x0, 0x0, 0xc0, 0x0, 0xe,
    0x0, 0x0, 0xe0, 0x0, 0x6, 0x0, 0x0, 0x10,
    0x0, 0x0,

    /* U+6240 "所" */
    0x3, 0x80, 0x71, 0xfe, 0xff, 0x8c, 0x6, 0x0,
    0x60, 0x30, 0x3, 0x1, 0x80, 0x18, 0xc, 0x0,
    0xfe, 0x60, 0x6, 0x33, 0xff, 0x31, 0x98, 0xc1,
    0x8c, 0xc6, 0xc, 0x66, 0x30, 0x63, 0x31, 0x83,
    0xf9, 0x8c, 0x18, 0x1c, 0x60, 0xc0, 0xc3, 0xe,
    0x6, 0x18, 0x60, 0x70, 0xc3, 0x3, 0x6, 0x30,
    0x38, 0x30, 0x81, 0x81, 0x80,

    /* U+624B "手" */
    0x0, 0x0, 0x0, 0x0, 0x7f, 0x83, 0xff, 0xf0,
    0x0, 0xc, 0x0, 0x0, 0x30, 0x0, 0x0, 0xc0,
    0x0, 0x3, 0x0, 0xf, 0xff, 0xf8, 0x0, 0x30,
    0x0, 0x0, 0xc0, 0x0, 0x3, 0x0, 0x0, 0xc,
    0x0, 0xff, 0xff, 0xfc, 0x0, 0xc0, 0x0, 0x3,
    0x0, 0x0, 0xc, 0x0, 0x0, 0x30, 0x0, 0x0,
    0xc0, 0x0, 0x1f, 0x0, 0x0, 0x7c, 0x0, 0x0,
    0x80, 0x0,

    /* U+624D "才" */
    0x0, 0xc, 0x0, 0x0, 0x60, 0x0, 0x3, 0x0,
    0x0, 0x18, 0x0, 0x0, 0xc0, 0x7f, 0xff, 0xff,
    0xff, 0xff, 0xe0, 0x3, 0x80, 0x0, 0x1c, 0x0,
    0x1, 0xe0, 0x0, 0x1b, 0x0, 0x1, 0x98, 0x0,
    0x18, 0xc0, 0x1, 0x86, 0x0, 0x18, 0x30, 0x3,
    0x81, 0x80, 0x78, 0xc, 0x7, 0x0, 0x60, 0x10,
    0x3, 0x0, 0x0, 0xf8, 0x0, 0x7, 0x80, 0x0,

    /* U+6253 "打" */
    0xc, 0x0, 0x0, 0x30, 0x0, 0x0, 0xc0, 0x0,
    0x3, 0xf, 0xff, 0xc, 0x3f, 0xfc, 0x30, 0x6,
    0xf, 0xfc, 0x18, 0x3, 0x0, 0x60, 0xc, 0x1,
    0x80, 0x30, 0x6, 0x0, 0xc8, 0x18, 0x3, 0xe0,
    0x60, 0x7e, 0x1, 0x83, 0xf0, 0x6, 0x8, 0xc0,
    0x18, 0x3, 0x0, 0x60, 0xc, 0x1, 0x80, 0x30,
    0x6, 0x0, 0xc0, 0x18, 0x3, 0x0, 0x60, 0x3c,
    0xf, 0x80, 0xc0, 0x1c, 0x0,

    /* U+6267 "执" */
    0x0, 0x4, 0x0, 0x18, 0xc, 0x0, 0x30, 0x18,
    0x0, 0x60, 0x30, 0x0, 0xc0, 0x60, 0x1, 0x87,
    0xfc, 0x1f, 0xcf, 0xf8, 0x6, 0x3, 0x30, 0xc,
    0x6, 0x60, 0x18, 0xc, 0xc0, 0x3c, 0xd9, 0x80,
    0xf9, 0xf3, 0xf, 0xc0, 0xe6, 0xd, 0x81, 0xec,
    0x3, 0x3, 0xd8, 0x6, 0xe, 0xb0, 0xc, 0x18,
    0x60, 0x18, 0x60, 0xe8, 0x31, 0xc0, 0xd8, 0x67,
    0x1, 0xe3, 0xdc, 0x1, 0xc4, 0x0, 0x1, 0x0,

    /* U+6269 "扩" */
    0xc, 0x3, 0x0, 0x30, 0x6, 0x0, 0xc0, 0x1c,
    0x3, 0xf, 0xff, 0xc, 0x3f, 0xfd, 0xfc, 0xc0,
    0x0, 0xc3, 0x0, 0x3, 0xc, 0x0, 0xc, 0x30,
    0x0, 0x30, 0xc0, 0x0, 0xf3, 0x0, 0x1f, 0x8c,
    0x0, 0xfc, 0x30, 0x1, 0x30, 0xc0, 0x0, 0xc3,
    0x0, 0x3, 0x1c, 0x0, 0xc, 0x60, 0x0, 0x31,
    0x80, 0x0, 0xce, 0x0, 0xf, 0x30, 0x0, 0x30,
    0xc0, 0x0,

    /* U+626B "扫" */
    0xc, 0x0, 0x0, 0x60, 0x0, 0x3, 0xf, 0xfe,
    0x18, 0x7f, 0xf0, 0xc0, 0x1, 0x86, 0x0, 0xf,
    0xfe, 0x0, 0x61, 0x80, 0x3, 0xc, 0x0, 0x18,
    0x60, 0x0, 0xc3, 0xe7, 0xfe, 0x3c, 0x0, 0x33,
    0xc0, 0x1, 0xf6, 0x0, 0xd, 0x30, 0x0, 0x61,
    0x80, 0x3, 0xc, 0x0, 0x18, 0x60, 0x0, 0xc3,
    0x1f, 0xfe, 0x18, 0xff, 0xf0, 0xc0, 0x1, 0x9c,
    0x0, 0xc,

    /* U+6279 "批" */
    0xc, 0x0, 0xc0, 0x18, 0x61, 0x80, 0x30, 0xc3,
    0x0, 0x61, 0x86, 0x0, 0xc3, 0xc, 0xf, 0xe6,
    0x18, 0x3, 0xc, 0x33, 0x86, 0x18, 0x6c, 0xc,
    0x3e, 0xf0, 0x18, 0x61, 0xc0, 0x3c, 0xc3, 0x0,
    0xf9, 0x86, 0x7, 0xc3, 0xc, 0xd, 0x86, 0x18,
    0x13, 0xc, 0x30, 0x6, 0x18, 0x60, 0xc, 0x30,
    0xc0, 0x18, 0x65, 0x88, 0x30, 0xfb, 0x18, 0x61,
    0xe6, 0x23, 0xc3, 0xf, 0xc6, 0x0, 0x0, 0x0,

    /* U+627E "找" */
    0x0, 0xc, 0x0, 0x30, 0x32, 0x0, 0xc0, 0xcc,
    0x3, 0x3, 0x18, 0xc, 0xc, 0x30, 0x30, 0x30,
    0x7, 0xf8, 0xc3, 0x83, 0x7, 0xfe, 0xc, 0x7e,
    0x0, 0x31, 0x10, 0x80, 0xf0, 0x63, 0x3, 0xc1,
    0x9c, 0x3c, 0x6, 0x61, 0xf0, 0x1b, 0x4, 0xc0,
    0x78, 0x3, 0x0, 0xe0, 0xc, 0x7, 0x0, 0x30,
    0x3e, 0x20, 0xc1, 0xd8, 0xc3, 0x1e, 0x3f, 0x3c,
    0xe0, 0x78, 0xe0, 0x0, 0xe0,

    /* U+627F "承" */
    0xf, 0xff, 0xc0, 0x0, 0x1e, 0x0, 0x0, 0xe0,
    0x0, 0x7, 0x0, 0x0, 0x38, 0x0, 0x0, 0xc0,
    0x7, 0xe3, 0x31, 0x9f, 0xff, 0x4f, 0x6, 0x31,
    0xe0, 0x30, 0xc7, 0x0, 0xdf, 0xd8, 0x3, 0xc,
    0x70, 0xc, 0x30, 0xc0, 0x60, 0xc3, 0x81, 0x9f,
    0xe6, 0xc, 0xc, 0x1c, 0x70, 0x30, 0x3f, 0x80,
    0xc0, 0x64, 0xf, 0x0, 0x0, 0x38, 0x0, 0x0,
    0x0, 0x0,

    /* U+628A "把" */
    0xc, 0x0, 0x0, 0x18, 0x0, 0x0, 0x30, 0xff,
    0xe0, 0x61, 0x98, 0xc0, 0xc3, 0x31, 0x9f, 0xf6,
    0x63, 0x3, 0xc, 0xc6, 0x6, 0x19, 0x8c, 0xc,
    0x33, 0x18, 0x19, 0x66, 0x30, 0x3e, 0xcc, 0x60,
    0xf1, 0xff, 0xcf, 0xc3, 0x1, 0x89, 0x86, 0x3,
    0x3, 0xc, 0x0, 0x6, 0x18, 0x0, 0xc, 0x30,
    0x0, 0x18, 0x60, 0x8, 0x30, 0xc0, 0x38, 0x61,
    0x80, 0x67, 0x81, 0xff, 0x80,

    /* U+6291 "抑" */
    0xc, 0x0, 0x0, 0x30, 0x20, 0x0, 0xc3, 0xc0,
    0x3, 0x1e, 0x7f, 0xc, 0x61, 0x8d, 0xfd, 0x86,
    0x30, 0xc6, 0x18, 0xc3, 0x18, 0x63, 0xc, 0x61,
    0x8c, 0x31, 0x86, 0x30, 0xf6, 0x18, 0xc7, 0xd8,
    0x63, 0x7c, 0x61, 0x8d, 0xb1, 0xb6, 0x30, 0xc6,
    0xd8, 0xc3, 0x1e, 0x63, 0xc, 0x71, 0xbc, 0x31,
    0x86, 0x70, 0xc0, 0x18, 0x1f, 0x0, 0x60, 0x38,
    0x1, 0x80, 0x0, 0x6, 0x0,

    /* U+6296 "抖" */
    0x0, 0x0, 0xc0, 0x30, 0x3, 0x0, 0xc0, 0xc,
    0x3, 0x6, 0x30, 0xc, 0x18, 0xc0, 0x30, 0x33,
    0xf, 0xf8, 0xc, 0x3, 0x0, 0x30, 0xc, 0x10,
    0xc0, 0x30, 0xc3, 0x0, 0xd9, 0x8c, 0x3, 0xe3,
    0x30, 0xfe, 0x8, 0xc3, 0xb0, 0x3, 0x18, 0xc0,
    0x1f, 0xc3, 0x3f, 0xf8, 0xc, 0xfc, 0xc0, 0x30,
    0x3, 0x0, 0xc0, 0xc, 0x3, 0x0, 0x30, 0x3c,
    0x0, 0xc0, 0xc0, 0x3, 0x0,

    /* U+6297 "抗" */
    0xc, 0x0, 0x0, 0x18, 0xc, 0x0, 0x30, 0xc,
    0x0, 0x60, 0x18, 0x0, 0xc0, 0x0, 0x1, 0x8f,
    0xff, 0x9f, 0xc0, 0x0, 0x6, 0x0, 0x0, 0xc,
    0x0, 0x0, 0x18, 0x0, 0x0, 0x30, 0x7f, 0x0,
    0x6c, 0xc6, 0x0, 0xf9, 0x8c, 0xf, 0xc3, 0x18,
    0x1f, 0x6, 0x30, 0x26, 0xc, 0x60, 0xc, 0x18,
    0xc0, 0x18, 0x31, 0x80, 0x30, 0xc3, 0x0, 0x61,
    0x86, 0x70, 0xc6, 0xc, 0xc7, 0x18, 0xf, 0x80,
    0x10, 0x0, 0x0,

    /* U+62A2 "抢" */
    0xc, 0x2, 0x0, 0x18, 0xe, 0x0, 0x30, 0x1c,
    0x0, 0x60, 0x78, 0x0, 0xc0, 0xd8, 0x1, 0x83,
    0x18, 0x1f, 0xe6, 0x38, 0x6, 0x18, 0x38, 0xc,
    0x60, 0x38, 0x19, 0xbf, 0xf8, 0x34, 0x61, 0x80,
    0x78, 0xc3, 0x3, 0xc1, 0x86, 0x1f, 0x83, 0xc,
    0x13, 0x6, 0x18, 0x6, 0xc, 0xf0, 0xc, 0x19,
    0xc0, 0x18, 0x30, 0x0, 0x30, 0x60, 0x0, 0x60,
    0xc0, 0xe0, 0xc1, 0x81, 0x87, 0x3, 0xff, 0x0,

    /* U+62A4 "护" */
    0x0, 0x1, 0x0, 0x60, 0x8, 0x3, 0x0, 0x60,
    0x18, 0x3, 0x0, 0xc0, 0x0, 0x6, 0xf, 0xfd,
    0xfe, 0x60, 0x61, 0x83, 0x3, 0xc, 0x18, 0x18,
    0x60, 0xc0, 0xc3, 0x6, 0x6, 0x1f, 0x3f, 0xff,
    0xc1, 0x81, 0xa6, 0xc, 0x0, 0x30, 0x60, 0x1,
    0x83, 0x0, 0xc, 0x30, 0x0, 0x61, 0x80, 0x3,
    0xc, 0x0, 0x18, 0xc0, 0x3, 0xce, 0x0, 0x10,
    0x60, 0x0,

    /* U+62A5 "报" */
    0x6, 0x0, 0x0, 0x6, 0x0, 0x0, 0x6, 0x1f,
    0xf8, 0x6, 0x18, 0x18, 0x6, 0x18, 0x18, 0x6,
    0x18, 0x18, 0x7f, 0xd8, 0x18, 0x6, 0x18, 0xf0,
    0x6, 0x18, 0x0, 0x6, 0x18, 0x0, 0x6, 0x5f,
    0xfc, 0x7, 0xdb, 0x18, 0x7e, 0x1b, 0x18, 0x76,
    0x1b, 0x18, 0x46, 0x19, 0xb0, 0x6, 0x19, 0xb0,
    0x6, 0x18, 0xe0, 0x6, 0x18, 0xe0, 0x6, 0x18,
    0xf0, 0x6, 0x19, 0x9c, 0x3e, 0x1f, 0xe, 0x1c,
    0x1a, 0x6,

    /* U+62AC "抬" */
    0x18, 0x4, 0x0, 0x60, 0x18, 0x1, 0x80, 0x40,
    0x6, 0x3, 0x0, 0x18, 0x18, 0x40, 0x60, 0x63,
    0x8f, 0xf3, 0x7, 0x6, 0x18, 0xe, 0x18, 0xff,
    0xf8, 0x61, 0xc0, 0x71, 0x80, 0x0, 0x7, 0x80,
    0x0, 0x3e, 0x0, 0x3, 0xe1, 0xff, 0xcd, 0x86,
    0x3, 0x6, 0x18, 0xc, 0x18, 0x60, 0x30, 0x61,
    0x80, 0xc1, 0x86, 0x3, 0x6, 0x1f, 0xfc, 0x78,
    0x60, 0x30, 0xc1, 0x80, 0xc0,

    /* U+62BD "抽" */
    0xc, 0x3, 0x0, 0x30, 0xc, 0x0, 0xc0, 0x30,
    0x3, 0x0, 0xc0, 0xc, 0x3, 0x1, 0xfd, 0xff,
    0xf0, 0xc6, 0x30, 0xc3, 0x18, 0xc3, 0xc, 0x63,
    0xc, 0x31, 0x8c, 0x30, 0xf6, 0x30, 0xcf, 0x9f,
    0xff, 0x7c, 0x63, 0xd, 0x31, 0x8c, 0x30, 0xc6,
    0x30, 0xc3, 0x18, 0xc3, 0xc, 0x63, 0xc, 0x31,
    0x8c, 0x30, 0xc7, 0xff, 0xcf, 0x18, 0x3, 0x38,
    0x60, 0xc,

    /* U+62C6 "拆" */
    0xc, 0x0, 0x0, 0x30, 0x1, 0xc0, 0xc3, 0xff,
    0x83, 0xf, 0x0, 0xc, 0x30, 0x1, 0xfe, 0xc0,
    0x0, 0xc3, 0x0, 0x3, 0xc, 0x0, 0xc, 0x3f,
    0xfc, 0x32, 0xc3, 0x0, 0xfb, 0xc, 0xf, 0x8c,
    0x30, 0xfc, 0x37, 0xc1, 0x30, 0xcf, 0x0, 0xc3,
    0xe, 0x3, 0x18, 0x3e, 0xc, 0x60, 0xdc, 0x31,
    0x83, 0x20, 0xcc, 0xc, 0xf, 0x70, 0x30, 0x38,
    0x0, 0xc0,

    /* U+62CD "拍" */
    0x0, 0x1, 0x0, 0x18, 0x6, 0x0, 0x60, 0x10,
    0x1, 0x80, 0xc0, 0x6, 0x1f, 0xfc, 0x18, 0x7f,
    0xf7, 0xfd, 0x80, 0xc1, 0x86, 0x3, 0x6, 0x18,
    0xc, 0x18, 0x60, 0x30, 0x65, 0x80, 0xc1, 0xf7,
    0xff, 0x3e, 0x18, 0xd, 0xf8, 0x60, 0x34, 0x61,
    0x80, 0xc1, 0x86, 0x3, 0x6, 0x18, 0xc, 0x18,
    0x60, 0x30, 0x61, 0xff, 0xc1, 0x86, 0x3, 0x1e,
    0x18, 0xc, 0x70, 0x60, 0x30,

    /* U+62FF "拿" */
    0x0, 0x20, 0x0, 0x1, 0xc0, 0x0, 0x1d, 0xc0,
    0x1, 0xe3, 0xc0, 0x1e, 0x3, 0xe3, 0xef, 0xfb,
    0xf6, 0x0, 0x1, 0x80, 0x0, 0x0, 0xf, 0xff,
    0xc0, 0x30, 0x3, 0x0, 0xc0, 0xc, 0x3, 0xff,
    0xf0, 0x0, 0x0, 0x61, 0xff, 0xff, 0x80, 0x3,
    0x0, 0x0, 0xc, 0x0, 0x3f, 0xff, 0xe0, 0x0,
    0xc0, 0xf, 0xff, 0xff, 0xc0, 0xc, 0x0, 0x0,
    0xf0, 0x0, 0x3, 0x80, 0x0,

    /* U+6301 "持" */
    0xc, 0x3, 0x0, 0x30, 0xc, 0x0, 0xc0, 0x30,
    0x3, 0x0, 0xc0, 0xc, 0x3f, 0xf9, 0xfe, 0xc,
    0x7, 0xf8, 0x30, 0x3, 0x0, 0xc0, 0xc, 0x7f,
    0xfc, 0x34, 0x1, 0x80, 0xf0, 0x6, 0xf, 0x80,
    0x18, 0xfc, 0xff, 0xfd, 0x30, 0x1, 0x80, 0xc3,
    0x6, 0x3, 0xc, 0x18, 0xc, 0x18, 0x60, 0x30,
    0x61, 0x80, 0xc0, 0x6, 0xf, 0x0, 0xf8, 0x30,
    0x1, 0xc0,

    /* U+6302 "挂" */
    0x18, 0x6, 0x0, 0x60, 0x18, 0x1, 0x80, 0x60,
    0x6, 0x1, 0x80, 0x18, 0xff, 0xf0, 0x63, 0xff,
    0xcf, 0xe0, 0x60, 0x6, 0x1, 0x80, 0x18, 0x6,
    0x0, 0x67, 0xff, 0xe1, 0xa0, 0x0, 0x7, 0x80,
    0x0, 0x1e, 0x6, 0x3, 0xe0, 0x18, 0xd, 0x80,
    0x60, 0x6, 0x3f, 0xfc, 0x18, 0x6, 0x0, 0x60,
    0x18, 0x1, 0x80, 0x60, 0x6, 0x1, 0x80, 0x79,
    0xff, 0xfd, 0xc0, 0x0, 0x0,

    /* U+6307 "指" */
    0xc, 0x30, 0x0, 0x30, 0xc0, 0x80, 0xc3, 0xe,
    0x3, 0xf, 0xf0, 0xc, 0x3c, 0x1, 0xfe, 0xc0,
    0x0, 0xc3, 0x1, 0x83, 0xc, 0x6, 0xc, 0x3f,
    0xf0, 0x34, 0x0, 0x0, 0xf0, 0x0, 0x7, 0xcf,
    0xfc, 0xfc, 0x30, 0x31, 0xb0, 0xc0, 0xc0, 0xc3,
    0x3, 0x3, 0xf, 0xfc, 0xc, 0x30, 0x30, 0x30,
    0xc0, 0xc0, 0xc3, 0xff, 0x1f, 0xc, 0xc, 0x38,
    0x30, 0x30,

    /* U+6309 "按" */
    0xc, 0x3, 0x0, 0x18, 0x6, 0x0, 0x30, 0x6,
    0x0, 0x60, 0x0, 0x0, 0xc7, 0xff, 0xcf, 0xec,
    0x1, 0x83, 0x18, 0xc3, 0x6, 0x1, 0x80, 0xc,
    0x6, 0x0, 0x18, 0xc, 0x0, 0x3d, 0xff, 0xf8,
    0xf0, 0x61, 0x8f, 0xc1, 0x83, 0x9, 0x83, 0xc,
    0x3, 0xe, 0x18, 0x6, 0x7, 0x60, 0xc, 0x3,
    0xc0, 0x18, 0x7, 0xc0, 0x30, 0x78, 0xe1, 0xe7,
    0xc0, 0xf3, 0x8e, 0x0, 0x40,

    /* U+6324 "挤" */
    0x18, 0x6, 0x0, 0x30, 0xc, 0x0, 0x60, 0xc,
    0x0, 0xc7, 0xff, 0xe1, 0x83, 0x6, 0x1f, 0xe3,
    0xc, 0x6, 0x3, 0x30, 0xc, 0x7, 0xc0, 0x1a,
    0x7, 0x0, 0x3e, 0x1f, 0xc0, 0xf1, 0xf3, 0xff,
    0xcf, 0x0, 0xed, 0x89, 0x86, 0x3, 0x3, 0xc,
    0x6, 0x6, 0x18, 0xc, 0xc, 0x30, 0x18, 0x38,
    0x60, 0x30, 0x60, 0xc0, 0x61, 0xc1, 0x83, 0xce,
    0x3, 0x2, 0x8, 0x6, 0x0,

    /* U+632A "挪" */
    0x19, 0xfd, 0xfc, 0x61, 0x96, 0x61, 0x86, 0x59,
    0x86, 0x19, 0x66, 0xfe, 0x65, 0x9b, 0xf9, 0x96,
    0x61, 0x9f, 0xd9, 0x6, 0x19, 0x6c, 0x18, 0x65,
    0x90, 0x69, 0x96, 0x61, 0xe6, 0x58, 0xfe, 0x7f,
    0x63, 0xd8, 0x65, 0x8c, 0x61, 0x96, 0x31, 0x8c,
    0x59, 0xc6, 0x31, 0x6e, 0x18, 0xc5, 0x90, 0x66,
    0x16, 0x1, 0x98, 0xd8, 0x1e, 0xc7, 0x60, 0x70,
    0x1, 0x80,

    /* U+6355 "捕" */
    0x18, 0x3, 0x60, 0x60, 0xc, 0xc1, 0x80, 0x30,
    0x6, 0x3f, 0xff, 0xfe, 0x3, 0x3, 0xf8, 0xc,
    0x1, 0x80, 0x30, 0x6, 0x3f, 0xfe, 0x18, 0xc3,
    0x18, 0x7b, 0xc, 0x61, 0xec, 0x31, 0xbe, 0x3f,
    0xfe, 0x98, 0xc3, 0x18, 0x63, 0xc, 0x61, 0x8c,
    0x31, 0x86, 0x3f, 0xfe, 0x18, 0xc3, 0x18, 0x63,
    0xc, 0x61, 0x8c, 0x31, 0xbe, 0x30, 0xde, 0x60,
    0xc3, 0x30,

    /* U+6362 "换" */
    0xc, 0x8, 0x0, 0x18, 0x18, 0x0, 0x30, 0x60,
    0x0, 0x60, 0xff, 0x0, 0xc3, 0xe, 0xd, 0x84,
    0x18, 0x1f, 0xd8, 0x30, 0x7, 0xe0, 0xc0, 0xc,
    0xff, 0xf8, 0x18, 0xc6, 0x30, 0x35, 0x8c, 0x60,
    0x7b, 0x18, 0xc1, 0xe6, 0x31, 0x8f, 0x8c, 0x63,
    0x13, 0x7f, 0xff, 0x86, 0x3, 0xc0, 0xc, 0x7,
    0x80, 0x18, 0x19, 0x80, 0x30, 0x61, 0x80, 0x63,
    0x81, 0xc3, 0xde, 0x1, 0xe6, 0x10, 0x0, 0x80,

    /* U+636E "据" */
    0xc, 0x0, 0x0, 0x31, 0xff, 0xe0, 0xc6, 0x1,
    0x83, 0x18, 0x6, 0xc, 0x60, 0x19, 0xff, 0x80,
    0x67, 0xff, 0xff, 0x83, 0x18, 0x60, 0xc, 0x61,
    0x80, 0x37, 0x86, 0x0, 0xf7, 0xff, 0xcf, 0x18,
    0x60, 0xfc, 0x61, 0x81, 0x31, 0x86, 0x0, 0xc7,
    0xff, 0x83, 0x3a, 0x6, 0xc, 0xc8, 0x18, 0x33,
    0x20, 0x60, 0xcc, 0x81, 0x8f, 0x67, 0xfe, 0x38,
    0x98, 0x18,

    /* U+6389 "掉" */
    0xc, 0x6, 0x0, 0x18, 0xc, 0x0, 0x30, 0x1f,
    0xe0, 0x60, 0x30, 0x0, 0xc0, 0x60, 0xf, 0xff,
    0xff, 0x3, 0x18, 0x6, 0x6, 0x30, 0xc, 0xc,
    0x60, 0x18, 0x19, 0xff, 0xf0, 0x3d, 0x80, 0x63,
    0xf3, 0x0, 0xc6, 0xc7, 0xff, 0x81, 0x80, 0xc0,
    0x3, 0x1, 0x80, 0x6, 0x3, 0x0, 0xc, 0xff,
    0xfe, 0x18, 0xc, 0x1, 0x70, 0x18, 0x3, 0xe0,
    0x30, 0x0, 0x0, 0x70, 0x0,

    /* U+6392 "排" */
    0x18, 0xc, 0xc0, 0x60, 0x33, 0x1, 0x80, 0xcc,
    0x6, 0x3, 0x30, 0x18, 0xfc, 0xff, 0xfb, 0xf3,
    0xf1, 0x80, 0xcc, 0x6, 0x3, 0x30, 0x18, 0xc,
    0xc0, 0x61, 0xf3, 0xe1, 0xf0, 0xcc, 0x3f, 0x3,
    0x30, 0xf8, 0xc, 0xc2, 0x60, 0x33, 0x1, 0x80,
    0xcc, 0x6, 0x7f, 0x3f, 0x18, 0xc, 0xc0, 0x60,
    0x33, 0x1, 0x80, 0xcc, 0x1e, 0x3, 0x30, 0x70,
    0xc, 0xc0,

    /* U+63A2 "探" */
    0x18, 0x0, 0x0, 0x67, 0xff, 0xe1, 0x98, 0x1,
    0x86, 0x60, 0x6, 0x19, 0x90, 0x9b, 0xf8, 0xc3,
    0x1, 0x86, 0x6, 0x6, 0x38, 0x1c, 0x18, 0xc6,
    0x20, 0x60, 0x18, 0x1, 0xe0, 0x60, 0xf, 0x7f,
    0xfe, 0xf8, 0x1f, 0x3, 0x60, 0x7e, 0x1, 0x83,
    0x6c, 0x6, 0x9, 0xb0, 0x18, 0x66, 0x60, 0x63,
    0x18, 0xe1, 0x98, 0x61, 0x9e, 0x41, 0x80, 0x60,
    0x6, 0x0,

    /* U+63A5 "接" */
    0x0, 0x3, 0x0, 0x18, 0x3, 0x0, 0x30, 0xff,
    0xf0, 0x60, 0x0, 0x0, 0xc0, 0x2, 0xf, 0xe1,
    0x6, 0x3, 0x3, 0x18, 0x6, 0x0, 0x30, 0xc,
    0x3f, 0xfc, 0x1a, 0x4, 0x0, 0x3c, 0xc, 0x1,
    0xf0, 0x30, 0x7, 0xc7, 0xff, 0xe9, 0x81, 0x84,
    0x3, 0x2, 0x18, 0x6, 0xf, 0x30, 0xc, 0x7,
    0xc0, 0x18, 0x3, 0xc0, 0x30, 0x1d, 0xe1, 0xe7,
    0xe0, 0xe3, 0x87, 0x0, 0x40,

    /* U+63A7 "控" */
    0x18, 0x7, 0x0, 0x60, 0xc, 0x1, 0x80, 0x30,
    0x6, 0x3f, 0xff, 0x18, 0xc0, 0xf, 0xfb, 0x21,
    0x31, 0x81, 0xc6, 0x6, 0x6, 0x1c, 0x18, 0x30,
    0x30, 0x61, 0xc0, 0x61, 0xe6, 0x1, 0x87, 0x80,
    0x0, 0xf8, 0x7f, 0xfb, 0x60, 0xc, 0x1, 0x80,
    0x30, 0x6, 0x0, 0xc0, 0x18, 0x3, 0x0, 0x60,
    0xc, 0x1, 0x80, 0x30, 0x1e, 0x3f, 0xff, 0x70,
    0x0, 0x0,

    /* U+63A8 "推" */
    0xc, 0x1d, 0xc0, 0x18, 0x31, 0xc0, 0x30, 0x61,
    0x0, 0x60, 0x80, 0x0, 0xc3, 0xff, 0xef, 0xf6,
    0x18, 0x3, 0x1c, 0x30, 0x6, 0x38, 0x60, 0xc,
    0xf0, 0xc0, 0x18, 0x7f, 0xf8, 0x34, 0xc3, 0x0,
    0xf9, 0x86, 0x7, 0xc3, 0xc, 0x9, 0x87, 0xff,
    0x83, 0xc, 0x30, 0x6, 0x18, 0x60, 0xc, 0x30,
    0xc0, 0x18, 0x61, 0x80, 0x30, 0xff, 0xf9, 0xe1,
    0x80, 0x3, 0x3, 0x0, 0x0,

    /* U+63CF "描" */
    0x0, 0x18, 0xc0, 0x60, 0x63, 0x1, 0x81, 0x8c,
    0x6, 0x6, 0x30, 0x18, 0xff, 0xfc, 0x63, 0xff,
    0xff, 0xe1, 0x8c, 0x6, 0x6, 0x30, 0x18, 0x0,
    0x0, 0x60, 0x0, 0x1, 0x8f, 0xff, 0x87, 0xb0,
    0x86, 0x7c, 0xc2, 0x1b, 0xe3, 0x8, 0x69, 0x8c,
    0x21, 0x86, 0x3f, 0xfe, 0x18, 0xc2, 0x18, 0x63,
    0x8, 0x61, 0x8c, 0x21, 0x86, 0x30, 0x86, 0x38,
    0xff, 0xf9, 0xc3, 0x0, 0x60,

    /* U+63D0 "提" */
    0x18, 0x0, 0x0, 0x61, 0xff, 0xc1, 0x86, 0x3,
    0x6, 0x18, 0xc, 0x18, 0x60, 0x30, 0x61, 0xff,
    0xcf, 0xf6, 0x3, 0x6, 0x18, 0xc, 0x18, 0x7f,
    0xf0, 0x60, 0x0, 0x1, 0xa0, 0x0, 0x7, 0xff,
    0xfe, 0x78, 0x6, 0x3, 0xe0, 0x18, 0xd, 0x86,
    0x60, 0x26, 0x19, 0x80, 0x18, 0x67, 0xf0, 0x63,
    0x98, 0x1, 0x8e, 0x60, 0x6, 0x7f, 0x80, 0x79,
    0x9f, 0xf9, 0xcc, 0x1f, 0xe0, 0x10, 0x0, 0x0,

    /* U+6413 "搓" */
    0xc, 0x18, 0x30, 0x18, 0x18, 0xc0, 0x30, 0x11,
    0x80, 0x63, 0xff, 0xf0, 0xc0, 0x30, 0xf, 0xe0,
    0x60, 0x1f, 0xc0, 0xc0, 0x6, 0x1f, 0xfc, 0xc,
    0x3, 0x0, 0x18, 0x4, 0x0, 0x3d, 0xff, 0xfb,
    0xe0, 0x30, 0x7, 0xc0, 0x60, 0x9, 0x81, 0x80,
    0x3, 0x3, 0xff, 0x6, 0xc, 0x60, 0xc, 0x30,
    0xc0, 0x18, 0xc1, 0x80, 0x33, 0x3, 0x0, 0x6c,
    0x6, 0x3, 0xc3, 0xff, 0xe6, 0x0, 0x0, 0x0,

    /* U+641C "搜" */
    0x18, 0x6, 0x0, 0x63, 0xdb, 0xc1, 0x8c, 0x63,
    0x6, 0x31, 0x8c, 0x18, 0xc6, 0x33, 0xfb, 0xdb,
    0xc1, 0x8c, 0x63, 0x6, 0x31, 0x8c, 0x18, 0xc6,
    0x30, 0x6b, 0xff, 0xc1, 0xe0, 0x60, 0x3e, 0x1,
    0x80, 0xd8, 0xff, 0xf0, 0x60, 0xc1, 0x81, 0x83,
    0xc, 0x6, 0x6, 0x70, 0x18, 0x1d, 0x80, 0x60,
    0x3c, 0x1, 0x81, 0xf0, 0x1e, 0x7e, 0x7e, 0x61,
    0xc0, 0x78,

    /* U+6446 "摆" */
    0x18, 0x0, 0x0, 0x60, 0x0, 0x1, 0x8f, 0xff,
    0x86, 0x33, 0x66, 0x18, 0xcd, 0x9b, 0xfb, 0x36,
    0x61, 0x8c, 0xd9, 0x86, 0x3f, 0xfe, 0x18, 0x2,
    0x0, 0x60, 0x8, 0x1, 0xe7, 0xff, 0x1e, 0x0,
    0x80, 0xf8, 0x2, 0x2, 0x60, 0x8, 0x1, 0x9f,
    0xff, 0xc6, 0x3, 0x0, 0x18, 0x18, 0x60, 0x60,
    0xc0, 0xc1, 0x86, 0x3, 0x2e, 0x3f, 0xfe, 0x70,
    0xf0, 0x18, 0x0, 0x0, 0x0,

    /* U+644A "摊" */
    0x18, 0x1, 0xb0, 0x30, 0x3, 0x60, 0x60, 0x6,
    0x60, 0xcf, 0xc8, 0x1, 0x81, 0xbf, 0xef, 0xc3,
    0x7f, 0xc6, 0x4, 0xcc, 0xc, 0xcb, 0x98, 0x19,
    0xb7, 0x30, 0x35, 0xff, 0xf8, 0xf9, 0xdc, 0xc3,
    0xc3, 0x19, 0x85, 0x87, 0x33, 0x3, 0x1e, 0x7f,
    0x86, 0x36, 0xcc, 0xc, 0xcd, 0x98, 0x19, 0xb,
    0x30, 0x36, 0x6, 0x60, 0x60, 0xf, 0xfb, 0xc0,
    0x18, 0x7, 0x0, 0x30, 0x0,

    /* U+6478 "摸" */
    0xc, 0xc, 0x60, 0x18, 0x18, 0xc0, 0x31, 0xff,
    0xf8, 0x60, 0x63, 0x0, 0xc0, 0xc6, 0xf, 0xe1,
    0x8c, 0x1f, 0xcf, 0xfe, 0x6, 0x18, 0x4, 0xc,
    0x30, 0x8, 0x1a, 0x7f, 0xf0, 0x3c, 0xc0, 0x23,
    0xe1, 0xff, 0xc6, 0xc0, 0x30, 0x9, 0x80, 0x60,
    0x3, 0x3f, 0xff, 0x86, 0x1, 0xc0, 0xc, 0x6,
    0xc0, 0x18, 0x18, 0xe1, 0xf1, 0xe0, 0xf9, 0xc7,
    0x0, 0x70, 0x8, 0x0, 0x0,

    /* U+6491 "撑" */
    0xc, 0x19, 0x98, 0x18, 0x33, 0x60, 0x30, 0x26,
    0x40, 0x63, 0xff, 0xf7, 0xf4, 0x0, 0x6f, 0xe8,
    0x0, 0xc3, 0x3, 0xfc, 0x6, 0x4, 0x18, 0xc,
    0x8, 0x30, 0x18, 0x1f, 0xe0, 0x3c, 0x0, 0x63,
    0xe1, 0xff, 0xe6, 0xc0, 0x18, 0x9, 0x80, 0x30,
    0x3, 0x1f, 0xff, 0x6, 0x0, 0xc0, 0xc, 0x1,
    0x80, 0x19, 0xff, 0xfc, 0x30, 0x6, 0x1, 0xe0,
    0xc, 0x3, 0x80, 0x78, 0x0, 0x0, 0x80, 0x0,

    /* U+649E "撞" */
    0x18, 0x6, 0x0, 0x60, 0xc, 0x1, 0x87, 0xff,
    0x86, 0x0, 0x20, 0x18, 0x8, 0xc3, 0xf8, 0x22,
    0xf, 0xef, 0xff, 0xc6, 0x0, 0x0, 0x18, 0x7f,
    0xf0, 0x61, 0x8c, 0x41, 0xe6, 0x31, 0xf, 0x9f,
    0xfc, 0xf8, 0x63, 0x13, 0x61, 0x8c, 0x41, 0x87,
    0xff, 0x6, 0x0, 0xc0, 0x18, 0x3, 0x0, 0x61,
    0xff, 0xe1, 0x80, 0x30, 0xe, 0x0, 0xc0, 0x71,
    0xff, 0xfc,

    /* U+64CD "操" */
    0xc, 0x1f, 0xf0, 0xc, 0x18, 0x30, 0xc, 0x18,
    0x30, 0xc, 0x18, 0x30, 0xc, 0x1f, 0xf0, 0x7f,
    0x80, 0x0, 0xc, 0x0, 0x0, 0xc, 0x7c, 0xfc,
    0xc, 0x44, 0xc4, 0xd, 0xc4, 0xc4, 0xf, 0x7c,
    0xfc, 0x3c, 0x0, 0x0, 0x7c, 0x3, 0x0, 0x4c,
    0x3, 0x0, 0xc, 0xff, 0xfe, 0xc, 0x7, 0xc0,
    0xc, 0xb, 0x60, 0xc, 0x13, 0x38, 0xc, 0x73,
    0x1e, 0x3c, 0xe3, 0x6, 0x30, 0x3, 0x0,

    /* U+64CE "擎" */
    0x0, 0x0, 0x0, 0x22, 0x4, 0xf, 0xff, 0xb0,
    0x3f, 0xfe, 0xff, 0x18, 0x86, 0x30, 0xc0, 0x18,
    0xc3, 0xff, 0xf3, 0x18, 0xc, 0x68, 0xff, 0x30,
    0xe0, 0xcc, 0xc3, 0x83, 0x33, 0x3f, 0x8f, 0xdd,
    0xc7, 0x0, 0x4, 0xc0, 0xff, 0xfc, 0x0, 0x1,
    0x80, 0x0, 0x6, 0x0, 0x3f, 0xff, 0xf0, 0x0,
    0x60, 0xf, 0xff, 0xff, 0xc0, 0x6, 0x0, 0x0,
    0xf8, 0x0, 0x1, 0xc0, 0x0,

    /* U+652F "支" */
    0x0, 0x60, 0x0, 0x3, 0x0, 0x0, 0x18, 0x1,
    0xff, 0xff, 0xe0, 0x6, 0x0, 0x0, 0x30, 0x0,
    0x1, 0x80, 0x0, 0xc, 0x0, 0x3f, 0xff, 0x80,
    0x30, 0x18, 0x1, 0x81, 0xc0, 0x6, 0xc, 0x0,
    0x38, 0xc0, 0x0, 0xce, 0x0, 0x3, 0xe0, 0x0,
    0xe, 0x0, 0x1, 0xfc, 0x0, 0x78, 0x7e, 0x3f,
    0x0, 0xfc, 0xc0, 0x0, 0x20,

    /* U+6536 "收" */
    0x3, 0x6, 0x0, 0xc, 0x38, 0x0, 0x30, 0xc0,
    0x18, 0xc3, 0x0, 0x63, 0x1f, 0xfd, 0x8c, 0x61,
    0x86, 0x33, 0x6, 0x18, 0xce, 0x18, 0x63, 0x6c,
    0x61, 0x8d, 0xb1, 0x6, 0x30, 0xcc, 0x18, 0xc1,
    0x30, 0x67, 0x6, 0xc3, 0xfc, 0x1e, 0x6, 0x30,
    0x38, 0x0, 0xc0, 0xc0, 0x3, 0x7, 0x80, 0xc,
    0x3b, 0x0, 0x31, 0xc7, 0x0, 0xdc, 0xf, 0x3,
    0x60, 0x8,

    /* U+6539 "改" */
    0x0, 0xe, 0x0, 0x0, 0x30, 0xf, 0xf0, 0xc0,
    0x0, 0xc6, 0x0, 0x3, 0x18, 0x0, 0xc, 0xff,
    0xe0, 0x33, 0xc, 0x0, 0xd8, 0x30, 0x3, 0x60,
    0xc3, 0xfd, 0xc3, 0xc, 0x1, 0x88, 0x30, 0x6,
    0x60, 0xc0, 0xd, 0x83, 0x0, 0x34, 0xc, 0x10,
    0x70, 0x31, 0xc1, 0xc0, 0xce, 0xf, 0x83, 0xe0,
    0xe7, 0xf, 0xf, 0xf, 0x30, 0xf0, 0xe, 0x1,
    0x0, 0x10,

    /* U+653E "放" */
    0x4, 0x1, 0x0, 0x1c, 0x3, 0x0, 0x18, 0xc,
    0x0, 0x18, 0x18, 0x0, 0x0, 0x30, 0xf, 0xfe,
    0xff, 0xc3, 0x1, 0x86, 0x6, 0x7, 0x8, 0xc,
    0xe, 0x10, 0x1f, 0xd6, 0x60, 0x31, 0x8c, 0xc0,
    0x63, 0x19, 0x80, 0xc6, 0x13, 0x3, 0x8c, 0x3c,
    0x7, 0x18, 0x78, 0xc, 0x30, 0x60, 0x38, 0x61,
    0xe0, 0x60, 0xc7, 0xe1, 0xcf, 0x3c, 0xf3, 0xe,
    0xe0, 0x70, 0x0, 0x80, 0x40,

    /* U+6548 "效" */
    0x0, 0x0, 0x0, 0x18, 0x7, 0x0, 0x18, 0xc,
    0x0, 0x30, 0x18, 0xf, 0xfe, 0x60, 0x1f, 0xfc,
    0xff, 0xc4, 0x23, 0xc, 0xc, 0xc6, 0x18, 0x30,
    0xd8, 0x30, 0xc1, 0xdc, 0x63, 0x81, 0x98, 0xc6,
    0xc, 0x33, 0x3, 0x98, 0x26, 0x3, 0xe0, 0x6c,
    0x3, 0xc0, 0xd8, 0x3, 0x81, 0xe0, 0xf, 0x81,
    0xc0, 0x3b, 0x87, 0x80, 0xe2, 0x1f, 0x87, 0x80,
    0xe3, 0xc6, 0x7, 0x81, 0xc0, 0xc, 0x1, 0x80,

    /* U+6563 "散" */
    0x19, 0x83, 0x80, 0x33, 0x6, 0x0, 0x66, 0xc,
    0x3, 0xff, 0x18, 0x1, 0x98, 0x7f, 0xc3, 0x30,
    0xc6, 0x6, 0x61, 0x8c, 0x7f, 0xf7, 0x18, 0x0,
    0xe, 0x30, 0x0, 0x3c, 0x60, 0xff, 0x18, 0xc1,
    0x86, 0x13, 0x3, 0xc, 0x36, 0x7, 0xf8, 0x6c,
    0xc, 0x30, 0x78, 0x18, 0x60, 0xe0, 0x3f, 0xc1,
    0xc0, 0x61, 0x86, 0xc0, 0xc3, 0x18, 0xe1, 0x8e,
    0x60, 0xf3, 0x19, 0x80, 0x80,

    /* U+6570 "数" */
    0x3, 0x2, 0x0, 0xcc, 0xcc, 0x1, 0xb2, 0x30,
    0x6, 0xd8, 0x80, 0x3, 0x7e, 0x1, 0xff, 0xff,
    0xf0, 0xf4, 0x63, 0x6, 0xf9, 0xc, 0x33, 0x6e,
    0x31, 0x8c, 0xb8, 0xc0, 0x61, 0xe2, 0x1, 0x82,
    0x98, 0x7f, 0xf3, 0x60, 0x31, 0x8d, 0x81, 0x86,
    0x1c, 0x7, 0xf0, 0x70, 0x3, 0xe1, 0xc0, 0xf,
    0xcd, 0x80, 0x70, 0x67, 0xf, 0x7, 0xf, 0x70,
    0x18, 0x8,

    /* U+6574 "整" */
    0x0, 0x0, 0x0, 0x8, 0xe, 0x0, 0x20, 0x30,
    0x1f, 0xfc, 0xc0, 0x7f, 0xf7, 0xfc, 0x8, 0x18,
    0xc7, 0xfe, 0xc3, 0x18, 0x9a, 0x98, 0x7f, 0xe3,
    0xc0, 0x3e, 0x7, 0x1, 0xb8, 0x3f, 0xc, 0xb3,
    0x8e, 0xe2, 0x4, 0x19, 0x0, 0x0, 0x1, 0xff,
    0xff, 0x0, 0xc, 0x0, 0x0, 0x30, 0x0, 0x18,
    0xff, 0x80, 0x63, 0x0, 0x1, 0x8c, 0x0, 0x6,
    0x30, 0x1, 0xff, 0xff, 0xf0,

    /* U+6587 "文" */
    0x0, 0xc0, 0x0, 0x6, 0x0, 0x0, 0x18, 0x0,
    0x0, 0xc0, 0x0, 0x2, 0x0, 0x7f, 0xff, 0xff,
    0xff, 0xff, 0xe1, 0x80, 0x60, 0x4, 0x3, 0x0,
    0x30, 0x30, 0x1, 0x81, 0x80, 0x6, 0xc, 0x0,
    0x30, 0xc0, 0x0, 0xce, 0x0, 0x6, 0x60, 0x0,
    0x1e, 0x0, 0x0, 0x70, 0x0, 0x7, 0xc0, 0x0,
    0xe7, 0x80, 0x3e, 0xf, 0x8f, 0xc0, 0x1f, 0xb8,
    0x0, 0x18,

    /* U+6599 "料" */
    0x6, 0x0, 0x30, 0xc, 0x0, 0x61, 0x99, 0x10,
    0xc3, 0x33, 0x71, 0x83, 0x6c, 0x73, 0x6, 0xd8,
    0x66, 0x1, 0xa0, 0x6c, 0x3, 0x0, 0x18, 0x7f,
    0xcc, 0x30, 0x1c, 0x1c, 0x60, 0x3a, 0xc, 0xc0,
    0xf6, 0x9, 0x81, 0xe6, 0x3, 0x66, 0xc8, 0x3f,
    0xdd, 0x8f, 0xfc, 0x33, 0x1c, 0x18, 0x46, 0x0,
    0x30, 0xc, 0x0, 0x60, 0x18, 0x0, 0xc0, 0x30,
    0x1, 0x80, 0x60, 0x3, 0x0,

    /* U+659C "斜" */
    0x7, 0x0, 0x60, 0x18, 0x1, 0x80, 0xf8, 0x46,
    0x6, 0x31, 0x98, 0x38, 0x73, 0x61, 0xc0, 0x89,
    0x8f, 0xfc, 0x6, 0x11, 0x82, 0x18, 0x6, 0xc,
    0x60, 0x18, 0x31, 0x80, 0x60, 0x66, 0x1f, 0xf8,
    0x98, 0x6, 0x0, 0x64, 0x18, 0x7, 0xf3, 0x6d,
    0xfe, 0x19, 0x98, 0x18, 0x66, 0x60, 0x63, 0x18,
    0xc1, 0x80, 0x60, 0x6, 0x7, 0x80, 0x18, 0xc,
    0x0, 0x60,

    /* U+65A5 "斥" */
    0x0, 0x0, 0xe0, 0x3, 0xff, 0x7, 0xff, 0xc0,
    0x30, 0x0, 0x1, 0x80, 0x0, 0xc, 0x0, 0x0,
    0x60, 0x0, 0x3, 0xff, 0xff, 0x1f, 0xff, 0xf8,
    0xc0, 0x60, 0x6, 0x3, 0x0, 0x31, 0x98, 0x1,
    0x8f, 0xc0, 0xc, 0x1f, 0x0, 0xc0, 0x3e, 0x6,
    0x1, 0xfc, 0x30, 0xc, 0xf3, 0x80, 0x61, 0x98,
    0x3, 0x1, 0xc0, 0x18, 0x4, 0x0, 0xc0, 0x0,

    /* U+65AD "断" */
    0x3, 0x0, 0x0, 0x18, 0x1, 0xb6, 0xcb, 0xff,
    0xb6, 0xd8, 0xd, 0xb6, 0xc0, 0x6d, 0xe6, 0x3,
    0xc, 0x30, 0x1b, 0xfd, 0x80, 0xdf, 0xef, 0xfe,
    0x3a, 0x63, 0x31, 0xf3, 0x19, 0x9e, 0xd8, 0xcd,
    0xb6, 0xc6, 0x6d, 0x96, 0x33, 0x4c, 0x31, 0x98,
    0x61, 0x8c, 0xc0, 0x18, 0x67, 0xff, 0xc3, 0x0,
    0x6, 0x18, 0x0, 0x60, 0xc0, 0x3, 0x6, 0x0,

    /* U+65B0 "新" */
    0x2, 0x0, 0x0, 0xc, 0x3, 0xe0, 0x30, 0x7f,
    0xdf, 0xfd, 0x80, 0x7f, 0xf6, 0x0, 0x3, 0x18,
    0x1, 0x8c, 0x60, 0x6, 0x21, 0xff, 0xff, 0xf7,
    0xff, 0xff, 0xd8, 0xc0, 0x30, 0x63, 0x0, 0xc1,
    0x8c, 0x7f, 0xf6, 0x31, 0xff, 0xd8, 0xc0, 0x30,
    0x63, 0x6, 0xd1, 0x8c, 0x33, 0x64, 0x31, 0xcd,
    0xf0, 0xce, 0x32, 0xc3, 0x10, 0xc2, 0xc, 0xe,
    0x18, 0x30, 0x38, 0x40, 0xc0,

    /* U+65B9 "方" */
    0x0, 0x40, 0x0, 0x3, 0x0, 0x0, 0x18, 0x0,
    0x0, 0x60, 0x0, 0x0, 0x0, 0x7f, 0xff, 0xfc,
    0xc, 0x0, 0x0, 0x60, 0x0, 0x3, 0x0, 0x0,
    0x18, 0x0, 0x0, 0xff, 0xf0, 0x6, 0x1, 0x80,
    0x70, 0xc, 0x3, 0x0, 0x60, 0x18, 0x3, 0x1,
    0xc0, 0x18, 0xc, 0x0, 0xc0, 0xc0, 0x6, 0xe,
    0x0, 0x70, 0xe0, 0x3f, 0xe, 0x0, 0xe0, 0x0,

    /* U+65E0 "无" */
    0x1f, 0xff, 0xe0, 0x1, 0x80, 0x0, 0x6, 0x0,
    0x0, 0x18, 0x0, 0x0, 0x60, 0x0, 0x1, 0x80,
    0x0, 0x6, 0x0, 0x1f, 0xff, 0xfe, 0x0, 0x6c,
    0x0, 0x3, 0x30, 0x0, 0xc, 0xc0, 0x0, 0x33,
    0x0, 0x1, 0x8c, 0x0, 0xe, 0x30, 0x0, 0x70,
    0xc0, 0x83, 0x83, 0x7, 0x1c, 0xc, 0x19, 0xe0,
    0x1f, 0xe6, 0x0, 0x0, 0x0,

    /* U+65E5 "日" */
    0xff, 0xff, 0x80, 0xf, 0x0, 0x1e, 0x0, 0x3c,
    0x0, 0x78, 0x0, 0xf0, 0x1, 0xe0, 0x3, 0xff,
    0xff, 0x80, 0xf, 0x0, 0x1e, 0x0, 0x3c, 0x0,
    0x78, 0x0, 0xf0, 0x1, 0xe0, 0x3, 0xff, 0xff,
    0x80, 0xf, 0x0, 0x1e, 0x0, 0x30,

    /* U+65E6 "旦" */
    0x1f, 0xff, 0xc0, 0x60, 0x1, 0x1, 0x80, 0x4,
    0x6, 0x0, 0x10, 0x18, 0x0, 0x40, 0x60, 0x1,
    0x1, 0xff, 0xfc, 0x6, 0x0, 0x10, 0x18, 0x0,
    0x40, 0x60, 0x1, 0x1, 0x80, 0x4, 0x6, 0x0,
    0x10, 0x18, 0x0, 0x40, 0x7f, 0xff, 0x0, 0x0,
    0x0, 0x0, 0x0, 0x0, 0x0, 0x0, 0x3, 0xff,
    0xff, 0xff, 0xff, 0xff, 0xc0,

    /* U+65E7 "旧" */
    0xc3, 0xff, 0xf8, 0x60, 0xf, 0xc, 0x1, 0xe1,
    0x80, 0x3c, 0x30, 0x7, 0x86, 0x0, 0xf0, 0xc0,
    0x1e, 0x1f, 0xff, 0xc3, 0x0, 0x78, 0x60, 0xf,
    0xc, 0x1, 0xe1, 0x80, 0x3c, 0x30, 0x7, 0x86,
    0x0, 0xf0, 0xc0, 0x1e, 0x1f, 0xff, 0xc3, 0x0,
    0x78, 0x60, 0xf, 0xc, 0x1, 0x80,

    /* U+65E9 "早" */
    0x1f, 0xff, 0xc0, 0xff, 0xfe, 0x6, 0x0, 0x30,
    0x30, 0x1, 0x81, 0x80, 0xc, 0xf, 0xff, 0xe0,
    0x60, 0x3, 0x3, 0x0, 0x18, 0x18, 0x0, 0xc0,
    0xff, 0xfe, 0x0, 0xc, 0x0, 0x0, 0x60, 0x0,
    0x3, 0x0, 0x7f, 0xff, 0xff, 0xff, 0xff, 0xe0,
    0x6, 0x0, 0x0, 0x30, 0x0, 0x1, 0x80, 0x0,
    0xc, 0x0, 0x0, 0x60, 0x0, 0x3, 0x0, 0x0,

    /* U+65F6 "时" */
    0x0, 0x0, 0xc0, 0x0, 0x6, 0x3f, 0xc0, 0x31,
    0x86, 0x1, 0x8c, 0x30, 0xc, 0x61, 0xff, 0xff,
    0xc, 0x3, 0x18, 0x60, 0x18, 0xff, 0x0, 0xc6,
    0x19, 0x86, 0x30, 0xcc, 0x31, 0x86, 0x31, 0x8c,
    0x31, 0x8c, 0x61, 0x88, 0x63, 0xfc, 0x3, 0x18,
    0x60, 0x18, 0xc3, 0x0, 0xc6, 0x0, 0x6, 0x0,
    0x0, 0x30, 0x0, 0xf, 0x80, 0x0, 0x30, 0x0,

    /* U+660E "明" */
    0x0, 0x3f, 0xff, 0xf3, 0xff, 0xc3, 0x30, 0x3c,
    0x33, 0x3, 0xc3, 0x30, 0x3c, 0x33, 0x3, 0xc3,
    0x3f, 0xff, 0xf3, 0x3, 0xc3, 0x30, 0x3c, 0x33,
    0x3, 0xc3, 0x30, 0x3c, 0x33, 0xff, 0xc3, 0x3f,
    0xff, 0xf3, 0x3, 0xc3, 0x70, 0x3c, 0x6, 0x3,
    0xc0, 0x60, 0x30, 0x6, 0x3, 0x0, 0xc1, 0xf0,
    0x1c, 0xe, 0x0, 0x0, 0x0,

    /* U+6613 "易" */
    0x1f, 0xff, 0xc1, 0x80, 0xc, 0x18, 0x0, 0xc1,
    0x80, 0xc, 0x1f, 0xff, 0xc1, 0x80, 0xc, 0x18,
    0x0, 0xc1, 0xff, 0xfc, 0x3, 0x0, 0x0, 0x60,
    0x0, 0x1f, 0xff, 0xf3, 0x8c, 0x63, 0xe1, 0x8c,
    0x34, 0x38, 0xc6, 0x7, 0x18, 0x61, 0xc3, 0x86,
    0x78, 0x70, 0x62, 0xe, 0x6, 0x3, 0xc0, 0xe1,
    0xf0, 0x7c, 0xc, 0x3, 0x80,

    /* U+661F "星" */
    0x1f, 0xff, 0xe0, 0xc0, 0x3, 0x6, 0x0, 0x18,
    0x3f, 0xff, 0xc1, 0x80, 0x6, 0xc, 0x0, 0x30,
    0x7f, 0xff, 0x80, 0x0, 0x0, 0x0, 0x0, 0x0,
    0x61, 0x80, 0x7, 0xc, 0x0, 0x7f, 0xff, 0xe3,
    0x3, 0x0, 0x30, 0x18, 0x3, 0x0, 0xc0, 0x9,
    0xff, 0xfc, 0x0, 0x30, 0x0, 0x1, 0x80, 0x0,
    0xc, 0x1, 0xff, 0xff, 0xf0,

    /* U+6620 "映" */
    0x0, 0x6, 0x0, 0x0, 0x18, 0xf, 0xe0, 0x60,
    0x3f, 0x81, 0x80, 0xc6, 0x7f, 0xf3, 0x19, 0x98,
    0xcc, 0x66, 0x63, 0x31, 0x99, 0x8c, 0xfe, 0x66,
    0x33, 0x19, 0x98, 0xcc, 0x66, 0x63, 0x31, 0xbf,
    0xff, 0xc6, 0x7, 0x3, 0x18, 0x3c, 0xc, 0x60,
    0xf8, 0x3f, 0x86, 0x60, 0xc6, 0x19, 0xc3, 0x0,
    0xc3, 0x80, 0x7, 0x7, 0x0, 0x38, 0xe, 0x1,
    0xc0, 0x1c, 0x2, 0x0, 0x0,

    /* U+6625 "春" */
    0x0, 0x30, 0x0, 0x0, 0xc0, 0x3, 0xff, 0xff,
    0x0, 0xc, 0x0, 0x0, 0x20, 0x0, 0x7f, 0xff,
    0x80, 0x6, 0x0, 0x0, 0x10, 0x0, 0x0, 0xc0,
    0x1, 0xff, 0xff, 0xe0, 0x30, 0x30, 0x1, 0x80,
    0x60, 0x1f, 0xff, 0xf1, 0xd8, 0x7, 0xe6, 0x60,
    0x19, 0x81, 0xff, 0xe0, 0x6, 0x1, 0x80, 0x18,
    0x6, 0x0, 0x60, 0x18, 0x1, 0xff, 0xe0, 0x6,
    0x1, 0x80,

    /* U+662F "是" */
    0xf, 0xff, 0xc0, 0x30, 0x3, 0x0, 0xc0, 0xc,
    0x3, 0x0, 0x30, 0xf, 0xff, 0xc0, 0x30, 0x3,
    0x0, 0xc0, 0xc, 0x3, 0xff, 0xf0, 0x0, 0x0,
    0x0, 0x0, 0x0, 0x0, 0x0, 0x0, 0x3f, 0xff,
    0xff, 0x0, 0x30, 0x0, 0x10, 0xc0, 0x0, 0x63,
    0x0, 0x3, 0xf, 0xf8, 0xe, 0x30, 0x0, 0x6c,
    0xc0, 0x3, 0x9f, 0x0, 0x1c, 0x3f, 0xff, 0xe0,
    0x1f, 0xf8, 0x0, 0x0, 0x0,

    /* U+663E "显" */
    0x1f, 0xff, 0xc0, 0xc0, 0x6, 0x6, 0x0, 0x30,
    0x30, 0x1, 0x81, 0xff, 0xfc, 0xc, 0x0, 0x60,
    0x60, 0x3, 0x3, 0x0, 0x18, 0x1f, 0xff, 0xc0,
    0x0, 0x0, 0x0, 0x0, 0x0, 0x3, 0x18, 0x2,
    0x18, 0xc2, 0x18, 0xc6, 0x38, 0xc6, 0x31, 0x83,
    0x31, 0x98, 0x1d, 0x8c, 0xc0, 0x4c, 0x6c, 0x0,
    0x63, 0x1, 0xff, 0xff, 0xf0,

    /* U+666E "普" */
    0x3, 0x1, 0x80, 0x3, 0x2, 0x0, 0x6, 0xc,
    0x1, 0xff, 0xff, 0xc0, 0xc, 0x60, 0x1, 0x98,
    0xce, 0x3, 0x31, 0x98, 0x3, 0x63, 0x60, 0x4,
    0xc6, 0x41, 0xff, 0xff, 0xfc, 0x0, 0x0, 0x0,
    0x0, 0x0, 0x0, 0xff, 0xfe, 0x1, 0x80, 0xc,
    0x3, 0x0, 0x18, 0x6, 0x0, 0x30, 0xf, 0xff,
    0xe0, 0x18, 0x0, 0xc0, 0x30, 0x1, 0x80, 0x7f,
    0xff, 0x0, 0xc0, 0x6, 0x0,

    /* U+666F "景" */
    0x1f, 0xff, 0xc0, 0xc0, 0x6, 0x6, 0x0, 0x30,
    0x3f, 0xff, 0x81, 0x80, 0xc, 0xc, 0x0, 0x60,
    0x7f, 0xff, 0x0, 0xc, 0x0, 0x0, 0x70, 0x7,
    0xff, 0xff, 0xc0, 0x0, 0x0, 0x1f, 0xff, 0x80,
    0x80, 0xc, 0x4, 0x0, 0x60, 0x3f, 0xff, 0x0,
    0x6, 0x0, 0x6, 0x33, 0x0, 0x79, 0x9e, 0xf,
    0xc, 0x3c, 0x61, 0xe0, 0x62, 0xe, 0x0, 0x0,

    /* U+6670 "晰" */
    0x0, 0x60, 0x8, 0x1, 0x80, 0xef, 0xc6, 0x1f,
    0xb3, 0x18, 0x60, 0xcc, 0x61, 0x83, 0x37, 0xe6,
    0xc, 0xc6, 0x1f, 0xf3, 0x18, 0x7f, 0xfc, 0xe1,
    0xb3, 0x33, 0x86, 0xcc, 0xcf, 0x9b, 0x33, 0x7b,
    0x6c, 0xcd, 0xed, 0xb3, 0x35, 0x86, 0xcc, 0xf6,
    0x33, 0x3f, 0x18, 0xcc, 0xcc, 0x63, 0x33, 0x31,
    0x98, 0xcc, 0x6, 0x63, 0x0, 0x1b, 0xc, 0x0,
    0x64, 0x30,

    /* U+6674 "晴" */
    0x0, 0x3, 0x0, 0x0, 0xc, 0xf, 0xef, 0xff,
    0xf1, 0x80, 0xc0, 0xc6, 0x7f, 0xfb, 0x18, 0xc,
    0xc, 0x60, 0x30, 0x31, 0xbf, 0xff, 0xfe, 0x0,
    0x3, 0xf8, 0x0, 0xc, 0x67, 0xff, 0x31, 0x98,
    0xc, 0xc6, 0x60, 0x33, 0x19, 0xff, 0xcf, 0xe6,
    0x3, 0x3f, 0x98, 0xc, 0xc6, 0x7f, 0xf3, 0x1,
    0x80, 0xcc, 0x6, 0x3, 0x0, 0x18, 0x1c, 0x0,
    0x60, 0x60,

    /* U+6682 "暂" */
    0x0, 0x0, 0x0, 0xc0, 0x4, 0x18, 0x1f, 0xef,
    0xfd, 0x80, 0x30, 0x18, 0x3, 0x61, 0x80, 0x66,
    0x1f, 0xf7, 0xfd, 0x98, 0x46, 0x19, 0x80, 0x67,
    0x98, 0xff, 0xf1, 0x80, 0x66, 0x18, 0x0, 0x0,
    0x0, 0x0, 0x0, 0x3f, 0xff, 0x83, 0x0, 0x18,
    0x30, 0x1, 0x83, 0xff, 0xf8, 0x30, 0x1, 0x83,
    0x0, 0x18, 0x3f, 0xff, 0x83, 0x0, 0x18,

    /* U+6696 "暖" */
    0x0, 0x0, 0xe0, 0x7, 0xff, 0xbf, 0xb0, 0x1,
    0x8d, 0x18, 0xcc, 0x6c, 0x46, 0x63, 0x33, 0x63,
    0x18, 0x3, 0x18, 0xdf, 0xfe, 0xfe, 0xc, 0x6,
    0x30, 0x40, 0x31, 0xbf, 0xff, 0x8c, 0x30, 0xc,
    0x61, 0x80, 0x63, 0x1f, 0xf3, 0x18, 0xc1, 0x1f,
    0xcf, 0x18, 0xc6, 0xed, 0x86, 0x6, 0x38, 0x0,
    0xe1, 0xe0, 0x2, 0x3b, 0xc0, 0xf, 0x7, 0x80,
    0x20, 0x8,

    /* U+6697 "暗" */
    0x0, 0x0, 0x0, 0x0, 0x60, 0x0, 0x1, 0x81,
    0xfc, 0x8, 0xc, 0x6f, 0xff, 0x63, 0x8, 0x43,
    0x18, 0xc3, 0x18, 0xc2, 0x10, 0xc6, 0x19, 0x86,
    0x30, 0x8c, 0x3f, 0xff, 0xff, 0x8c, 0x0, 0xc,
    0x67, 0xfe, 0x63, 0x30, 0x33, 0x19, 0x81, 0x98,
    0xcc, 0xc, 0xc6, 0x7f, 0xe7, 0xf3, 0x3, 0x31,
    0x98, 0x19, 0x8c, 0xc0, 0xc0, 0x7, 0xfe, 0x0,
    0x30, 0x30,

    /* U+66B4 "暴" */
    0xf, 0xff, 0xe0, 0x18, 0x0, 0xc0, 0x30, 0x1,
    0x80, 0x7f, 0xff, 0x0, 0xc0, 0x6, 0x1, 0xff,
    0xfc, 0x0, 0x60, 0xc0, 0x0, 0xc1, 0x80, 0x3f,
    0xff, 0xf8, 0x3, 0x6, 0x0, 0x6, 0xc, 0x3,
    0xff, 0xff, 0xe0, 0x30, 0x18, 0x1, 0xc3, 0x1c,
    0xf, 0x86, 0x7f, 0x31, 0x8c, 0xce, 0x1, 0xff,
    0x0, 0xf, 0xb7, 0x80, 0xf8, 0x63, 0xc0, 0xc5,
    0xc1, 0x80, 0x7, 0x1, 0x0,

    /* U+66F2 "曲" */
    0x3, 0xc, 0x0, 0x30, 0xc0, 0x3, 0xc, 0x0,
    0x30, 0xc0, 0x3, 0xc, 0xf, 0xff, 0xff, 0xc3,
    0xc, 0x3c, 0x30, 0xc3, 0xc3, 0xc, 0x3c, 0x30,
    0xc3, 0xc3, 0xc, 0x3f, 0xff, 0xff, 0xc3, 0xc,
    0x3c, 0x30, 0xc3, 0xc3, 0xc, 0x3c, 0x30, 0xc3,
    0xc3, 0xc, 0x3c, 0x30, 0xc3, 0xff, 0xff, 0xfc,
    0x0, 0x3, 0xc0, 0x0, 0x30,

    /* U+66F4 "更" */
    0x7f, 0xff, 0xf8, 0x1, 0x80, 0x0, 0xc, 0x0,
    0x0, 0x60, 0x1, 0xff, 0xfe, 0xc, 0x18, 0x30,
    0x60, 0xc1, 0x83, 0xff, 0xfc, 0x18, 0x30, 0x60,
    0xc1, 0x83, 0x6, 0xc, 0x18, 0x3f, 0xff, 0xc0,
    0x43, 0x0, 0x3, 0x30, 0x0, 0xd, 0x80, 0x0,
    0x38, 0x0, 0x1, 0xf0, 0x0, 0x3d, 0xf8, 0x3f,
    0x81, 0xfe, 0xe0, 0x0, 0xf0,

    /* U+66FF "替" */
    0x3, 0x1, 0x80, 0x6, 0x3, 0x0, 0x7f, 0xbf,
    0xe0, 0x10, 0xc, 0x0, 0x20, 0x18, 0xf, 0xfd,
    0xff, 0x81, 0xc0, 0xf0, 0x3, 0xc1, 0xa0, 0xd,
    0xc7, 0x60, 0x31, 0x9c, 0x70, 0xe0, 0x70, 0x73,
    0x80, 0x40, 0x62, 0x7f, 0xfe, 0x0, 0xc0, 0xc,
    0x1, 0x80, 0x18, 0x3, 0xff, 0xf0, 0x6, 0x0,
    0x60, 0xc, 0x0, 0xc0, 0x18, 0x1, 0x80, 0x3f,
    0xff, 0x0, 0x60, 0x6, 0x0,

    /* U+6700 "最" */
    0xf, 0xff, 0xc0, 0x30, 0x3, 0x0, 0xff, 0xfc,
    0x3, 0x0, 0x30, 0xc, 0x0, 0xc0, 0x3f, 0xff,
    0x0, 0x0, 0x0, 0x0, 0x0, 0x0, 0xff, 0xff,
    0xfc, 0x61, 0x80, 0x1, 0x86, 0x0, 0x7, 0xfb,
    0xf8, 0x18, 0x64, 0x60, 0x7f, 0x93, 0x1, 0x86,
    0x6c, 0x6, 0x3c, 0xe0, 0x3f, 0xe3, 0x81, 0xe1,
    0x8b, 0x80, 0x6, 0xe3, 0x80, 0x1b, 0x2,

    /* U+6708 "月" */
    0xf, 0xff, 0xe1, 0x80, 0xc, 0x30, 0x1, 0x86,
    0x0, 0x30, 0xc0, 0x6, 0x1f, 0xff, 0xc3, 0x0,
    0x18, 0x60, 0x3, 0xc, 0x0, 0x61, 0x80, 0xc,
    0x30, 0x1, 0x87, 0xff, 0xf0, 0xc0, 0x6, 0x18,
    0x0, 0xc6, 0x0, 0x18, 0xc0, 0x3, 0x18, 0x0,
    0x66, 0x0, 0xd, 0xc0, 0xf, 0xb0, 0x1, 0xe0,

    /* U+6709 "有" */
    0x0, 0x60, 0x0, 0x3, 0x0, 0x0, 0x30, 0x0,
    0xff, 0xff, 0xf0, 0x18, 0x0, 0x0, 0xc0, 0x0,
    0xe, 0x0, 0x0, 0xff, 0xfc, 0x6, 0x0, 0x60,
    0x70, 0x3, 0x7, 0x80, 0x18, 0xff, 0xff, 0xcf,
    0x60, 0x6, 0x33, 0x0, 0x31, 0x18, 0x1, 0x80,
    0xff, 0xfc, 0x6, 0x0, 0x60, 0x30, 0x3, 0x1,
    0x80, 0x18, 0xc, 0x3, 0xc0, 0x60, 0x1c, 0x0,

    /* U+671F "期" */
    0x18, 0x60, 0x0, 0x61, 0x8f, 0xf1, 0x86, 0x30,
    0xdf, 0xfe, 0xc3, 0x18, 0x63, 0xc, 0x61, 0x8c,
    0x31, 0x86, 0x30, 0xc7, 0xf8, 0xff, 0x18, 0x63,
    0xc, 0x61, 0x8c, 0x31, 0xfe, 0x30, 0xc6, 0x18,
    0xc3, 0x18, 0x63, 0xfd, 0xff, 0xec, 0x30, 0x0,
    0x30, 0xc6, 0x31, 0x83, 0x38, 0x66, 0xc, 0xc1,
    0xb8, 0x3e, 0x1, 0xc3, 0xc0, 0x6, 0x7, 0x0,
    0x0, 0x0,

    /* U+672A "未" */
    0x0, 0x30, 0x0, 0x0, 0x60, 0x0, 0x0, 0xc0,
    0x0, 0x1, 0x80, 0x3, 0xff, 0xff, 0x0, 0x6,
    0x0, 0x0, 0xc, 0x0, 0x0, 0x18, 0x0, 0x0,
    0x30, 0x0, 0xff, 0xff, 0xf0, 0x3, 0xe0, 0x0,
    0xf, 0xe0, 0x0, 0x1b, 0x60, 0x0, 0x66, 0xe0,
    0x1, 0x8c, 0xe0, 0x6, 0x18, 0xe0, 0x38, 0x30,
    0xf1, 0xe0, 0x60, 0x79, 0x80, 0xc0, 0x60, 0x1,
    0x80, 0x0, 0x3, 0x0, 0x0,

    /* U+672B "末" */
    0x0, 0x30, 0x0, 0x0, 0xc0, 0x0, 0x3, 0x0,
    0x0, 0xc, 0x0, 0x7f, 0xff, 0xf8, 0x0, 0xc0,
    0x0, 0x3, 0x0, 0x0, 0xc, 0x0, 0x0, 0x30,
    0x0, 0xff, 0xff, 0x80, 0xf, 0xc0, 0x0, 0x7f,
    0x0, 0x1, 0xb6, 0x0, 0xc, 0xcc, 0x0, 0x63,
    0x38, 0x7, 0xc, 0x70, 0x38, 0x30, 0xf3, 0xc0,
    0xc1, 0xf6, 0x3, 0x1, 0x80, 0xc, 0x0, 0x0,
    0x30, 0x0,

    /* U+672C "本" */
    0x0, 0x30, 0x0, 0x0, 0xc0, 0x0, 0x3, 0x0,
    0x0, 0xc, 0x0, 0x0, 0x30, 0x1, 0xff, 0xff,
    0xe0, 0xf, 0xc0, 0x0, 0x3f, 0x0, 0x1, 0xb4,
    0x0, 0x6, 0xd8, 0x0, 0x33, 0x20, 0x0, 0xcc,
    0xc0, 0x6, 0x31, 0x80, 0x30, 0xc3, 0x1, 0xc3,
    0xe, 0xe, 0xc, 0x1c, 0x73, 0xff, 0x3f, 0x80,
    0xc0, 0x20, 0x3, 0x0, 0x0, 0xc, 0x0, 0x0,
    0x30, 0x0,

    /* U+673A "机" */
    0xc, 0x0, 0x0, 0x30, 0x7f, 0x0, 0xc1, 0x8c,
    0x3, 0x6, 0x30, 0xc, 0x18, 0xc1, 0xfe, 0x63,
    0x0, 0xc1, 0x8c, 0x7, 0x6, 0x30, 0x1c, 0x18,
    0xc0, 0x7c, 0x63, 0x3, 0xf9, 0x8c, 0xf, 0x66,
    0x30, 0x6c, 0x98, 0xc1, 0xb0, 0x63, 0xe, 0xc1,
    0x8c, 0x13, 0xc, 0x30, 0xc, 0x30, 0xc0, 0x31,
    0xc3, 0x30, 0xc6, 0xc, 0xc3, 0x38, 0x3f, 0xc,
    0xc0, 0x78,

    /* U+675C "杜" */
    0xc, 0x3, 0x0, 0x30, 0xc, 0x0, 0xc0, 0x30,
    0x3, 0x0, 0xc0, 0xc, 0x3, 0x3, 0xfe, 0xc,
    0xf, 0xf8, 0x30, 0x3, 0xf, 0xfe, 0x1c, 0x3,
    0x0, 0x7c, 0xc, 0x3, 0xf0, 0x30, 0xf, 0x60,
    0xc0, 0x6d, 0x83, 0x1, 0xb0, 0xc, 0xc, 0xc0,
    0x30, 0x23, 0x0, 0xc0, 0xc, 0x3, 0x0, 0x30,
    0xc, 0x0, 0xcf, 0xff, 0xc3, 0x0, 0x0, 0xc,
    0x0, 0x0,

    /* U+675F "束" */
    0x0, 0x60, 0x0, 0x1, 0x80, 0x0, 0x6, 0x0,
    0x3f, 0xff, 0xfe, 0x0, 0x60, 0x0, 0x1, 0x80,
    0x0, 0x6, 0x0, 0xf, 0xff, 0xf8, 0x30, 0x60,
    0x60, 0xc1, 0x81, 0x83, 0x6, 0x6, 0xf, 0xff,
    0xf8, 0x1, 0xf8, 0x0, 0xf, 0xb0, 0x0, 0x76,
    0xe0, 0x3, 0x99, 0xc0, 0x1c, 0x63, 0x80, 0xe1,
    0x87, 0x8f, 0x6, 0x7, 0xb0, 0x18, 0xe, 0x0,
    0x60, 0x0,

    /* U+6761 "条" */
    0x1, 0x80, 0x0, 0xc, 0x0, 0x0, 0x3f, 0xfc,
    0x1, 0xc0, 0x70, 0xf, 0x83, 0x80, 0x67, 0x1c,
    0x3, 0x8e, 0xe0, 0x4, 0x1f, 0x0, 0x0, 0x7c,
    0x0, 0x7, 0x3e, 0x1, 0xf0, 0x3f, 0xdf, 0xc,
    0x1e, 0x40, 0x30, 0x0, 0xff, 0xff, 0xc0, 0x3,
    0x0, 0x0, 0x8c, 0x0, 0x7, 0x33, 0x80, 0x70,
    0xc7, 0x83, 0x83, 0x7, 0x18, 0x3c, 0x4, 0x0,
    0xe0, 0x0,

    /* U+6765 "来" */
    0x0, 0x30, 0x0, 0x0, 0xc0, 0x0, 0x3, 0x0,
    0xf, 0xff, 0xfc, 0x0, 0x30, 0x0, 0x10, 0xc3,
    0x0, 0x63, 0x18, 0x1, 0x8c, 0x60, 0x3, 0x33,
    0x0, 0x8, 0xc4, 0x7, 0xff, 0xff, 0xc0, 0x3f,
    0x0, 0x1, 0xb6, 0x0, 0xc, 0xdc, 0x0, 0x73,
    0x38, 0x3, 0x8c, 0x70, 0x1c, 0x30, 0xf9, 0xe0,
    0xc1, 0xf7, 0x3, 0x1, 0x80, 0xc, 0x0, 0x0,
    0x30, 0x0,

    /* U+677E "松" */
    0xc, 0x1, 0x80, 0x30, 0x76, 0x0, 0xc1, 0x88,
    0x3, 0x6, 0x30, 0xc, 0x18, 0xc3, 0xfe, 0xc1,
    0x80, 0xc3, 0x7, 0x7, 0x18, 0xe, 0x1c, 0x64,
    0x1c, 0x7f, 0x18, 0x23, 0xd8, 0x60, 0xf, 0x63,
    0x0, 0x6c, 0xcc, 0x1, 0xb2, 0x31, 0x8c, 0xc1,
    0x86, 0x13, 0x6, 0xc, 0xc, 0x10, 0x30, 0x30,
    0xc7, 0xe0, 0xc7, 0xff, 0x83, 0xc, 0x7, 0xc,
    0x0, 0x0,

    /* U+677F "板" */
    0xc, 0x0, 0x10, 0x30, 0x3, 0xe0, 0xc3, 0xfe,
    0x3, 0xc, 0x0, 0xc, 0x30, 0x1, 0xfe, 0xc0,
    0x0, 0xc3, 0xff, 0x87, 0xd, 0x6, 0x1c, 0x34,
    0x30, 0x7c, 0xd8, 0xc3, 0xd3, 0x63, 0xb, 0x6c,
    0x88, 0x6d, 0x33, 0x63, 0x30, 0xcd, 0x84, 0xc6,
    0x1c, 0x3, 0x18, 0x70, 0xc, 0x61, 0xc0, 0x33,
    0xd, 0x80, 0xdc, 0xe3, 0x83, 0x67, 0x7, 0xc,
    0x38, 0x8,

    /* U+6781 "极" */
    0xc, 0x0, 0x0, 0x18, 0xff, 0xc0, 0x30, 0x61,
    0x80, 0x60, 0xc3, 0x7, 0xf9, 0x86, 0xf, 0xf3,
    0x8, 0x7, 0x6, 0x30, 0xe, 0xc, 0x7c, 0x1d,
    0x18, 0x18, 0x3e, 0x38, 0x30, 0xf6, 0x70, 0xc1,
    0x6c, 0xb1, 0x86, 0xc3, 0x23, 0x9, 0x86, 0x6c,
    0x33, 0x8, 0x78, 0x26, 0x30, 0x60, 0xc, 0x61,
    0xe0, 0x19, 0x87, 0xe0, 0x37, 0x1c, 0xe0, 0x6c,
    0xe0, 0xe0, 0xc3, 0x80, 0xc0, 0x0, 0x0, 0x0,

    /* U+6784 "构" */
    0xc, 0xc, 0x0, 0x30, 0x30, 0x0, 0xc1, 0x80,
    0x3, 0x6, 0x0, 0xc, 0x3f, 0xfd, 0xfe, 0xc0,
    0x30, 0xc6, 0x0, 0xc7, 0x1a, 0x3, 0x1c, 0xc,
    0xc, 0x7c, 0x30, 0x33, 0xf9, 0x88, 0xdb, 0x66,
    0x63, 0x6d, 0x31, 0x8f, 0x30, 0xc3, 0x3c, 0xc7,
    0xfc, 0xc3, 0x1e, 0x33, 0xc, 0x0, 0x8c, 0x30,
    0x0, 0x70, 0xc0, 0x1, 0x83, 0x0, 0x3e, 0xc,
    0x0, 0xf0,

    /* U+6790 "析" */
    0x6, 0x0, 0x0, 0xc, 0x0, 0x78, 0x18, 0x3f,
    0xf0, 0x30, 0x60, 0x0, 0x60, 0xc0, 0xf, 0xf9,
    0x80, 0x1, 0x83, 0x0, 0x7, 0x6, 0x0, 0xe,
    0xf, 0xfe, 0x1f, 0x18, 0x60, 0x7b, 0x30, 0xc0,
    0xf6, 0x61, 0x83, 0x64, 0xc3, 0xe, 0xc1, 0x86,
    0x19, 0x86, 0xc, 0x23, 0xc, 0x18, 0x6, 0x18,
    0x30, 0xc, 0x70, 0x60, 0x18, 0xc0, 0xc0, 0x33,
    0x81, 0x80, 0x62, 0x3, 0x0,

    /* U+679C "果" */
    0x1f, 0xff, 0xe0, 0x60, 0xc1, 0x81, 0x83, 0x6,
    0x6, 0xc, 0x18, 0x18, 0x30, 0x60, 0x7f, 0xff,
    0x81, 0x83, 0x6, 0x6, 0xc, 0x18, 0x18, 0x30,
    0x60, 0x7f, 0xff, 0x80, 0x3, 0x0, 0x0, 0xc,
    0x0, 0xff, 0xff, 0xf8, 0x6, 0xd8, 0x0, 0x3b,
    0x70, 0x1, 0xcc, 0xe0, 0xe, 0x31, 0xc0, 0xf0,
    0xc3, 0xe7, 0x3, 0x3, 0x90, 0xc, 0x2, 0x0,
    0x30, 0x0,

    /* U+67B6 "架" */
    0x4, 0x0, 0x0, 0x18, 0x0, 0x0, 0x60, 0x0,
    0xf, 0xfd, 0xfe, 0x6, 0x36, 0x18, 0x18, 0xd8,
    0x60, 0x63, 0x61, 0x83, 0xd, 0x86, 0xc, 0x36,
    0x18, 0x61, 0xdf, 0xe7, 0x8f, 0x0, 0x1c, 0x30,
    0x0, 0x0, 0x10, 0x0, 0x0, 0x40, 0x7, 0xff,
    0xff, 0xc0, 0x1d, 0x0, 0x1, 0xd6, 0x0, 0xe,
    0x46, 0x0, 0xe1, 0xe, 0x1e, 0x4, 0xf, 0x60,
    0x10, 0x8, 0x0, 0x40, 0x0,

    /* U+67C4 "柄" */
    0xc, 0x0, 0x0, 0x33, 0xff, 0xf0, 0xc0, 0x30,
    0x3, 0x0, 0xc0, 0x7f, 0x3, 0x1, 0xfc, 0xc,
    0x0, 0xc7, 0xff, 0xc7, 0x18, 0xc3, 0x1c, 0x63,
    0xc, 0x7d, 0x8c, 0x33, 0xf6, 0x78, 0xcb, 0x79,
    0xf3, 0x6d, 0x64, 0xed, 0x31, 0xb1, 0xf4, 0xc7,
    0x82, 0xc3, 0x1a, 0x3, 0xc, 0x60, 0xc, 0x31,
    0x80, 0x30, 0xc6, 0x0, 0xc3, 0x18, 0x1f, 0xc,
    0x60, 0x30,

    /* U+67D3 "染" */
    0x10, 0xc, 0x0, 0xf0, 0x30, 0x0, 0xe0, 0xc0,
    0x0, 0x1f, 0xf0, 0x60, 0xc, 0xc1, 0xe0, 0x63,
    0x1, 0x81, 0x8c, 0x1, 0x8c, 0x30, 0xe, 0x70,
    0xcc, 0x73, 0x83, 0x37, 0x3c, 0x7, 0xc8, 0x4c,
    0x0, 0x0, 0x30, 0x3, 0xff, 0xff, 0xf0, 0xf,
    0xc0, 0x0, 0x6d, 0x80, 0x3, 0x33, 0x80, 0x38,
    0xc7, 0x83, 0xc3, 0xf, 0xfc, 0xc, 0xe, 0x40,
    0x30, 0x0,

    /* U+67E5 "查" */
    0x0, 0x30, 0x0, 0x0, 0xc0, 0x0, 0x3, 0x0,
    0x1f, 0xff, 0xfe, 0x1, 0xb6, 0x0, 0xe, 0xd8,
    0x0, 0x33, 0x30, 0x1, 0x8c, 0x70, 0x1c, 0x30,
    0xf1, 0xe0, 0xc0, 0xe6, 0xff, 0xfc, 0x83, 0x0,
    0x30, 0xc, 0x0, 0xc0, 0x3f, 0xff, 0x0, 0xc0,
    0xc, 0x3, 0x0, 0x30, 0xf, 0xff, 0xc0, 0x0,
    0x0, 0x0, 0x0, 0x0, 0x0, 0x0, 0x0, 0x7f,
    0xff, 0xf8,

    /* U+6807 "标" */
    0xc, 0x0, 0x0, 0x30, 0xff, 0xe0, 0xc0, 0x0,
    0x3, 0x0, 0x0, 0xc, 0x0, 0x1, 0xfe, 0x0,
    0x0, 0xc0, 0x0, 0x7, 0x0, 0x0, 0x1c, 0xff,
    0xfc, 0x7c, 0x4, 0x3, 0xf0, 0x10, 0xf, 0x60,
    0x40, 0x6d, 0x99, 0x31, 0xb0, 0xe4, 0xcc, 0xc3,
    0x11, 0x93, 0x1c, 0x46, 0xc, 0x61, 0xc, 0x33,
    0x84, 0x30, 0xc0, 0x30, 0x3, 0x3, 0xc0, 0xc,
    0x6, 0x0,

    /* U+6808 "栈" */
    0xc, 0x6, 0x20, 0x18, 0xc, 0xc0, 0x30, 0x18,
    0xc0, 0x60, 0x30, 0x0, 0xc0, 0x61, 0xcf, 0xf0,
    0xff, 0x3, 0xf, 0x80, 0x6, 0x13, 0x2, 0x1c,
    0x6, 0x3e, 0x3e, 0x7, 0xf0, 0xfc, 0x7e, 0x1,
    0xed, 0xd8, 0xc6, 0xd8, 0x31, 0x9d, 0x80, 0x36,
    0x13, 0x0, 0x78, 0x26, 0x0, 0x70, 0xc, 0x1,
    0xc6, 0x18, 0xe, 0xcc, 0x30, 0xf8, 0xf8, 0x61,
    0xc0, 0xe0, 0xc0, 0x0, 0xc0,

    /* U+680F "栏" */
    0xc, 0x10, 0x20, 0x30, 0xe1, 0xc0, 0xc1, 0x86,
    0x3, 0x3, 0x10, 0xc, 0xc, 0xc0, 0x30, 0x2,
    0x7, 0xfb, 0xff, 0x83, 0x0, 0x0, 0x1c, 0x0,
    0x0, 0x78, 0x0, 0x1, 0xf0, 0x0, 0xf, 0xe0,
    0x0, 0x3d, 0xbf, 0xf1, 0xb0, 0x0, 0xe, 0xc0,
    0x0, 0x33, 0x0, 0x0, 0xc, 0x0, 0x0, 0x30,
    0x0, 0x0, 0xcf, 0xff, 0xc3, 0x0, 0x0, 0xc,
    0x0, 0x0,

    /* U+6811 "树" */
    0x18, 0x0, 0x30, 0x60, 0x0, 0xc1, 0x80, 0x3,
    0x6, 0x7f, 0xc, 0x19, 0xf8, 0x33, 0xf8, 0x2f,
    0xf1, 0x81, 0x83, 0x6, 0x36, 0xc, 0x38, 0xd8,
    0x30, 0xf9, 0xcc, 0xc3, 0xe3, 0x13, 0x1e, 0xcc,
    0x6c, 0x7b, 0x39, 0xb3, 0x61, 0xe2, 0xcd, 0x8c,
    0xc3, 0x6, 0x31, 0x8c, 0x19, 0x84, 0x30, 0x6e,
    0x0, 0xc1, 0x90, 0x3, 0x6, 0x0, 0x3c, 0x18,
    0x0, 0xe0,

    /* U+6821 "校" */
    0xc, 0x3, 0x0, 0x18, 0x3, 0x0, 0x30, 0x6,
    0x0, 0x63, 0xff, 0xf0, 0xc7, 0xff, 0xef, 0xf0,
    0x0, 0x3, 0x3, 0x8c, 0xe, 0xe, 0x1c, 0x1c,
    0x38, 0x1c, 0x3e, 0xe0, 0x1c, 0xfe, 0x0, 0x81,
    0xec, 0x41, 0x86, 0xd0, 0xc6, 0xd, 0x81, 0x8c,
    0x13, 0x1, 0xb0, 0x26, 0x1, 0xe0, 0xc, 0x3,
    0x80, 0x18, 0xf, 0x80, 0x30, 0x7b, 0xc0, 0x67,
    0xc1, 0xf0, 0xce, 0x0, 0xc0,

    /* U+6837 "样" */
    0x0, 0x0, 0x0, 0x30, 0x61, 0x80, 0xc1, 0x8c,
    0x3, 0x2, 0x30, 0xc, 0x1, 0x80, 0x31, 0xff,
    0xef, 0xf0, 0x30, 0x7, 0x0, 0xc0, 0x1c, 0x3,
    0x0, 0x70, 0xc, 0x1, 0xe3, 0xff, 0x8f, 0xc0,
    0xc0, 0x2d, 0x3, 0x1, 0xb6, 0xc, 0x6, 0xd0,
    0x30, 0x33, 0x0, 0xc0, 0xcc, 0xff, 0xfc, 0x30,
    0xc, 0x0, 0xc0, 0x30, 0x3, 0x0, 0xc0, 0xc,
    0x3, 0x0, 0x30, 0xc, 0x0,

    /* U+6838 "核" */
    0xc, 0x3, 0x0, 0x30, 0xe, 0x0, 0xc0, 0x10,
    0x3, 0x1f, 0xff, 0xc, 0x7f, 0xfd, 0xfe, 0x10,
    0x7, 0xf8, 0xe0, 0x3, 0x3, 0x1c, 0x1c, 0x38,
    0x60, 0x7d, 0xff, 0x3, 0xf0, 0x19, 0x8b, 0x60,
    0xe6, 0x6c, 0x7, 0x33, 0x30, 0x39, 0xc4, 0xc3,
    0x8e, 0x3, 0x1c, 0x38, 0xc, 0x43, 0xf0, 0x30,
    0x1c, 0xe0, 0xc1, 0xe1, 0xc3, 0x1e, 0x3, 0xc,
    0x60, 0x0,

    /* U+6839 "根" */
    0xc, 0x0, 0x0, 0x30, 0xff, 0xc0, 0xc3, 0x3,
    0x3, 0xc, 0xc, 0xc, 0x30, 0x31, 0xfe, 0xff,
    0xc1, 0xc3, 0x3, 0x7, 0xc, 0xc, 0x1c, 0x30,
    0x30, 0x74, 0xff, 0xc3, 0xdb, 0x30, 0xf, 0x6c,
    0xc6, 0x6c, 0xf3, 0x39, 0xb0, 0xc5, 0x8c, 0xc3,
    0x1c, 0x33, 0xc, 0x60, 0xc, 0x30, 0xc0, 0x30,
    0xd9, 0xc0, 0xc3, 0xe3, 0xc3, 0x1e, 0x6, 0xc,
    0x20, 0x0,

    /* U+683C "格" */
    0xc, 0x8, 0x0, 0x30, 0x30, 0x0, 0xc1, 0x80,
    0x3, 0x7, 0xfc, 0xc, 0x30, 0x31, 0xfe, 0xe1,
    0x81, 0xc6, 0xce, 0x7, 0x11, 0xb0, 0x1e, 0x7,
    0x80, 0xfc, 0x1e, 0x3, 0xd8, 0xce, 0x1b, 0x5e,
    0x1f, 0x6c, 0xe0, 0xb, 0x30, 0xff, 0xcc, 0xc3,
    0x3, 0x3, 0xc, 0xc, 0xc, 0x30, 0x30, 0x30,
    0xc0, 0xc0, 0xc3, 0xff, 0x3, 0xc, 0xc, 0xc,
    0x30, 0x30,

    /* U+6846 "框" */
    0xc, 0x0, 0x0, 0x18, 0xff, 0xfc, 0x31, 0x80,
    0x0, 0x63, 0x0, 0x0, 0xc6, 0x0, 0xf, 0xfc,
    0xff, 0x83, 0x18, 0x30, 0xe, 0x30, 0x60, 0x1c,
    0x60, 0xc0, 0x38, 0xc1, 0x80, 0xfd, 0x9f, 0xe1,
    0xfb, 0x6, 0x6, 0xde, 0xc, 0xd, 0x8c, 0x18,
    0x33, 0x18, 0x30, 0x26, 0x37, 0xfe, 0xc, 0x60,
    0x0, 0x18, 0xc0, 0x0, 0x31, 0x80, 0x0, 0x63,
    0xff, 0xf0, 0xc0, 0x0, 0x0,

    /* U+6848 "案" */
    0x0, 0x0, 0x0, 0x0, 0x60, 0x0, 0x0, 0xc0,
    0x1, 0xff, 0xff, 0xc3, 0x4, 0x1, 0x86, 0xc,
    0x3, 0x0, 0x30, 0x0, 0x1f, 0xff, 0xfc, 0x3,
    0x1, 0x80, 0xe, 0x6, 0x0, 0x7, 0xf8, 0x0,
    0x1, 0xfc, 0x1, 0xff, 0xf, 0x83, 0xc0, 0x3,
    0x0, 0x4, 0x0, 0x1f, 0xff, 0xfe, 0x0, 0xf6,
    0x0, 0x3, 0xa6, 0x0, 0xc, 0x47, 0x0, 0xf0,
    0x87, 0xc7, 0x81, 0x3, 0xc0, 0x2, 0x0, 0x80,

    /* U+684C "桌" */
    0x0, 0x60, 0x0, 0x3, 0x0, 0x0, 0x1f, 0xfc,
    0x0, 0xc0, 0x0, 0x6, 0x0, 0xf, 0xff, 0xe0,
    0x60, 0x3, 0x3, 0x0, 0x18, 0x1f, 0xff, 0xc0,
    0xc0, 0x6, 0x7, 0xff, 0xf0, 0x0, 0xc0, 0x0,
    0x6, 0x0, 0x7f, 0xff, 0xfc, 0x7, 0xb0, 0x0,
    0x6d, 0xc0, 0x6, 0x67, 0x0, 0xe3, 0x1c, 0x1e,
    0x18, 0x3e, 0xe0, 0xc0, 0xe0, 0x6, 0x0, 0x0,

    /* U+6863 "档" */
    0xc, 0x3, 0x0, 0x61, 0x18, 0x83, 0x18, 0xc6,
    0x18, 0x66, 0x60, 0xc3, 0x33, 0x3f, 0x91, 0xb0,
    0x30, 0xc, 0x3, 0x80, 0x60, 0x1c, 0x7f, 0xf8,
    0xf8, 0x0, 0xcf, 0x40, 0x6, 0x7b, 0x0, 0x36,
    0xc8, 0x1, 0xb6, 0x1f, 0xfd, 0x30, 0x0, 0x69,
    0x80, 0x3, 0xc, 0x0, 0x18, 0x60, 0x0, 0xc3,
    0x1f, 0xfe, 0x18, 0x0, 0x30, 0xc0, 0x1, 0x80,

    /* U+68C0 "检" */
    0xc, 0x7, 0x0, 0x18, 0xe, 0x0, 0x30, 0x14,
    0x0, 0x60, 0x6c, 0x7, 0xf9, 0x8c, 0xf, 0xf7,
    0xc, 0x3, 0x1c, 0xe, 0xe, 0x77, 0xee, 0x1c,
    0x40, 0x4, 0x3a, 0x0, 0x0, 0xfc, 0x18, 0xe1,
    0x6f, 0x31, 0x86, 0xdb, 0x33, 0x1d, 0x86, 0x66,
    0x33, 0xc, 0xd8, 0x26, 0xc, 0xb0, 0xc, 0x18,
    0x60, 0x18, 0x21, 0x80, 0x30, 0x3, 0x0, 0x67,
    0xff, 0xe0, 0xc0, 0x0, 0x0,

    /* U+68F5 "棵" */
    0x18, 0x0, 0x0, 0x61, 0xff, 0xc1, 0x86, 0x63,
    0x6, 0x19, 0x8c, 0x18, 0x66, 0x33, 0xfd, 0xff,
    0xc1, 0x86, 0x63, 0x6, 0x19, 0x8c, 0x3e, 0x7f,
    0xf0, 0xf8, 0x18, 0x7, 0xb0, 0x60, 0x1e, 0x3f,
    0xfe, 0xd8, 0xf, 0x3, 0x60, 0x3c, 0x1, 0x81,
    0xf8, 0x6, 0xd, 0xb0, 0x18, 0x66, 0x70, 0x67,
    0x18, 0xf1, 0x88, 0x60, 0x86, 0x1, 0x80, 0x18,
    0x6, 0x0,

    /* U+69FD "槽" */
    0x18, 0xd, 0x80, 0xc0, 0x6c, 0x6, 0x3f, 0xfe,
    0x30, 0x1b, 0x9, 0x80, 0xd8, 0x7f, 0x7f, 0xfc,
    0x63, 0x36, 0x63, 0x19, 0xb3, 0x38, 0xff, 0xf9,
    0xf6, 0x6c, 0xce, 0xb3, 0x66, 0xf7, 0xff, 0xf7,
    0x80, 0x0, 0x6c, 0x3f, 0xf9, 0x61, 0x80, 0xc3,
    0xc, 0x6, 0x18, 0x7f, 0xf0, 0xc3, 0x1, 0x86,
    0x18, 0xc, 0x30, 0xff, 0xe1, 0x86, 0x3, 0x0,

    /* U+6A21 "模" */
    0xc, 0xc, 0x60, 0x18, 0x18, 0x80, 0x33, 0xff,
    0xf0, 0x60, 0x62, 0x0, 0xc0, 0x0, 0xf, 0xff,
    0xff, 0x3, 0x18, 0x2, 0xe, 0x30, 0x4, 0x1c,
    0x3f, 0xf8, 0x3e, 0xc0, 0x10, 0xf5, 0x80, 0x21,
    0xef, 0xff, 0xc6, 0xc0, 0x30, 0x1d, 0x80, 0x60,
    0x13, 0x0, 0xc0, 0x6, 0x7f, 0xfe, 0xc, 0x6,
    0xc0, 0x18, 0x18, 0xc0, 0x30, 0x60, 0xc0, 0x67,
    0x80, 0xe0, 0xcc, 0x0, 0xc0,

    /* U+6A2A "横" */
    0x18, 0x19, 0x80, 0x60, 0x66, 0x1, 0x8f, 0xff,
    0x86, 0x6, 0x60, 0xfe, 0x19, 0x83, 0xf8, 0x66,
    0x1, 0x9f, 0xff, 0xce, 0x1, 0x0, 0x38, 0x4,
    0x0, 0xe3, 0xff, 0xc7, 0xec, 0x43, 0x1e, 0xb1,
    0xc, 0xd8, 0xff, 0xf3, 0x63, 0x10, 0xc9, 0x8c,
    0x43, 0x6, 0x3f, 0xfc, 0x18, 0x10, 0x80, 0x60,
    0xe7, 0x81, 0x87, 0xf, 0x6, 0x78, 0xe, 0x18,
    0x80, 0x0,

    /* U+6B21 "次" */
    0x0, 0x30, 0x0, 0x0, 0xc0, 0x6, 0x3, 0x0,
    0xc, 0x18, 0x0, 0x38, 0x7f, 0xf0, 0x73, 0x0,
    0xc0, 0xcc, 0x3, 0x0, 0x63, 0x98, 0x3, 0x8c,
    0x60, 0x0, 0x30, 0x0, 0x40, 0xc0, 0x3, 0x3,
    0x0, 0xc, 0xe, 0x0, 0x60, 0x78, 0x1, 0x81,
    0xb0, 0xc, 0xc, 0xe0, 0x60, 0x71, 0xc3, 0x83,
    0x83, 0x84, 0x1c, 0x7, 0x81, 0xe0, 0xf, 0x6,
    0x0, 0x8,

    /* U+6B22 "欢" */
    0x0, 0x1c, 0x0, 0x0, 0x60, 0x0, 0x1, 0x80,
    0x3f, 0xcc, 0x0, 0x3, 0x3f, 0xf0, 0xc, 0xc0,
    0xc2, 0x32, 0x3, 0x18, 0x99, 0x98, 0x36, 0x66,
    0x0, 0x78, 0x18, 0x1, 0xc0, 0x60, 0x3, 0x1,
    0x80, 0xe, 0x6, 0x0, 0x6c, 0x3c, 0x1, 0xb0,
    0xd0, 0xc, 0x66, 0x60, 0x71, 0x18, 0xc3, 0x80,
    0xc3, 0x8c, 0xe, 0x7, 0x80, 0x70, 0x6, 0x0,
    0x80, 0x0,

    /* U+6B3E "款" */
    0x6, 0x0, 0x0, 0x18, 0x6, 0x0, 0x60, 0x30,
    0x1f, 0xfc, 0xc0, 0x6, 0x3, 0x0, 0x18, 0x1f,
    0xf0, 0x60, 0x7f, 0xdf, 0xfb, 0x82, 0x0, 0xc,
    0x18, 0x0, 0x30, 0x67, 0xfe, 0x18, 0x0, 0x0,
    0x60, 0x0, 0x1, 0x81, 0xff, 0xc6, 0x0, 0x60,
    0x1c, 0x9, 0x90, 0xf0, 0x76, 0xe3, 0x61, 0x99,
    0x99, 0x8c, 0x62, 0x63, 0x13, 0x87, 0x7, 0x1e,
    0x18, 0xc, 0x0, 0x0, 0x0,

    /* U+6B62 "止" */
    0x0, 0x18, 0x0, 0x0, 0x60, 0x0, 0x1, 0x80,
    0x0, 0x6, 0x0, 0x0, 0x18, 0x0, 0x30, 0x60,
    0x0, 0xc1, 0x80, 0x3, 0x7, 0xfc, 0xc, 0x1f,
    0xf0, 0x30, 0x60, 0x0, 0xc1, 0x80, 0x3, 0x6,
    0x0, 0xc, 0x18, 0x0, 0x30, 0x60, 0x0, 0xc1,
    0x80, 0x3, 0x6, 0x0, 0xc, 0x18, 0x0, 0x30,
    0x60, 0xf, 0xff, 0xff, 0xff, 0xff, 0xff,

    /* U+6B63 "正" */
    0x3f, 0xff, 0xf8, 0xff, 0xff, 0xe0, 0x1, 0x80,
    0x0, 0x6, 0x0, 0x0, 0x18, 0x0, 0x30, 0x60,
    0x0, 0xc1, 0x80, 0x3, 0x6, 0x0, 0xc, 0x1f,
    0xf0, 0x30, 0x60, 0x0, 0xc1, 0x80, 0x3, 0x6,
    0x0, 0xc, 0x18, 0x0, 0x30, 0x60, 0x0, 0xc1,
    0x80, 0x3, 0x6, 0x0, 0xff, 0xff, 0xff, 0xff,
    0xff, 0xf0,

    /* U+6B64 "此" */
    0x0, 0x6, 0x0, 0xc, 0x18, 0x0, 0x30, 0x60,
    0x0, 0xc1, 0x80, 0x3, 0x6, 0x0, 0xc, 0x18,
    0x23, 0x30, 0x61, 0xcc, 0xc1, 0x9e, 0x33, 0xe7,
    0xe0, 0xcc, 0x1e, 0x3, 0x30, 0x60, 0xc, 0xc1,
    0x80, 0x33, 0x6, 0x0, 0xcc, 0x18, 0x3, 0x30,
    0x60, 0xc, 0xc1, 0x80, 0x33, 0x26, 0x8, 0xcf,
    0x98, 0x33, 0xf8, 0x61, 0xdf, 0x1, 0xfe, 0x60,
    0x3, 0xf0,

    /* U+6B65 "步" */
    0x0, 0x18, 0x0, 0x0, 0x60, 0x0, 0x61, 0x80,
    0x1, 0x87, 0xfc, 0x6, 0x18, 0x0, 0x18, 0x60,
    0x0, 0x61, 0x80, 0x1, 0x86, 0x0, 0xff, 0xff,
    0xfc, 0x0, 0x0, 0x0, 0x1, 0x80, 0x0, 0xe6,
    0x4, 0x6, 0x18, 0x38, 0x30, 0x61, 0xc1, 0x81,
    0x8e, 0xc, 0x6, 0x70, 0x20, 0x1b, 0x80, 0x0,
    0x78, 0x0, 0xf, 0x80, 0x1f, 0xf8, 0x0, 0x7c,
    0x0, 0x0,

    /* U+6B7B "死" */
    0x7f, 0xff, 0xf0, 0x18, 0x30, 0x0, 0x60, 0xc0,
    0x3, 0x3, 0x0, 0xc, 0xc, 0x20, 0x3f, 0xb0,
    0xc1, 0x86, 0xce, 0xe, 0x1b, 0x70, 0x70, 0xcf,
    0x3, 0xb3, 0x38, 0x0, 0xfc, 0xc0, 0x0, 0xe3,
    0x0, 0x3, 0x8c, 0x0, 0x1c, 0x30, 0x20, 0xe0,
    0xc1, 0x87, 0x3, 0x6, 0x38, 0xf, 0xfb, 0xc0,
    0x3f, 0xc2, 0x0, 0x0, 0x0,

    /* U+6B8B "残" */
    0x0, 0xe, 0x0, 0x0, 0xc, 0xc1, 0xff, 0x19,
    0xc0, 0x60, 0x31, 0x0, 0x80, 0x60, 0x3, 0x0,
    0xdf, 0x6, 0xf, 0xfc, 0xf, 0xdf, 0x0, 0x31,
    0x86, 0x4, 0x63, 0xd, 0xf9, 0x86, 0x7f, 0x83,
    0xcf, 0xf8, 0x0, 0xf0, 0x31, 0xc0, 0xe0, 0x66,
    0x1, 0xc0, 0xf8, 0x3, 0x0, 0xe0, 0xc, 0x7,
    0xc0, 0x38, 0x3d, 0xcc, 0xe1, 0xe1, 0xdb, 0x87,
    0x1, 0xf0, 0x0, 0x0, 0xc0, 0x0, 0x0, 0x0,

    /* U+6BB5 "段" */
    0x0, 0x0, 0x0, 0x7e, 0x7f, 0x3, 0xc1, 0x8c,
    0xc, 0x6, 0x30, 0x30, 0x18, 0xc0, 0xc0, 0x63,
    0x3, 0xfb, 0xf, 0x8c, 0x1c, 0x3e, 0x30, 0x20,
    0x0, 0xc0, 0x0, 0x3, 0x3, 0xff, 0xf, 0xef,
    0xf8, 0x30, 0x18, 0x60, 0xc0, 0x63, 0x83, 0x8,
    0xcc, 0xf, 0xe3, 0x60, 0xfc, 0x7, 0x82, 0xc0,
    0x1c, 0x3, 0x1, 0xfe, 0xc, 0x3e, 0x3f, 0x30,
    0x60, 0x18,

    /* U+6BC1 "毁" */
    0x18, 0xf, 0xe0, 0xe7, 0x98, 0xc1, 0x83, 0x31,
    0x83, 0x6, 0x63, 0x6, 0xc, 0xc6, 0xf, 0x79,
    0x8c, 0x18, 0x36, 0x1f, 0x30, 0x6c, 0x1c, 0x60,
    0xc0, 0x0, 0xff, 0x80, 0x0, 0x0, 0x7f, 0xe0,
    0x0, 0x61, 0x80, 0x0, 0xc3, 0xf, 0xf9, 0x8c,
    0x1, 0x81, 0x98, 0x3, 0x3, 0x60, 0x6, 0x3,
    0x80, 0xd, 0xcf, 0x83, 0xff, 0xfb, 0xc3, 0x7,
    0xe1, 0xe0, 0x3, 0x0, 0xc0,

    /* U+6BCF "每" */
    0x7, 0x0, 0x0, 0x18, 0x0, 0x0, 0xff, 0xff,
    0x82, 0x0, 0x0, 0x18, 0x0, 0x0, 0xc0, 0x0,
    0x6, 0x7f, 0xfe, 0x11, 0x88, 0x18, 0x6, 0x70,
    0x60, 0x18, 0xe1, 0x80, 0x61, 0x86, 0x1f, 0xff,
    0xff, 0x4, 0x60, 0xc0, 0x11, 0xc3, 0x0, 0x43,
    0x8c, 0x1, 0x6, 0x30, 0xc, 0x0, 0xc0, 0x3f,
    0xff, 0xe0, 0x0, 0xc, 0x0, 0x1, 0xf0, 0x0,
    0x3, 0x80,

    /* U+6BD4 "比" */
    0x60, 0x30, 0x3, 0x1, 0x80, 0x18, 0xc, 0x0,
    0xc0, 0x60, 0x46, 0x3, 0x7, 0x30, 0x18, 0xf1,
    0x80, 0xcf, 0xf, 0xf7, 0xe0, 0x7f, 0xbc, 0x3,
    0x1, 0x80, 0x18, 0xc, 0x0, 0xc0, 0x60, 0x6,
    0x3, 0x0, 0x30, 0x18, 0x1, 0x80, 0xc0, 0xc,
    0x36, 0x0, 0x67, 0xb0, 0x33, 0xf1, 0x81, 0x9c,
    0xc, 0xc, 0x80, 0x3f, 0xc0,

    /* U+6BDB "毛" */
    0x0, 0x1, 0xc0, 0x0, 0xff, 0x83, 0xff, 0xc0,
    0xf, 0xd8, 0x0, 0x0, 0x60, 0x0, 0x1, 0x80,
    0x0, 0x6, 0x7c, 0x0, 0xff, 0xe0, 0x3f, 0xe0,
    0x0, 0xc1, 0x80, 0x0, 0x6, 0x3, 0x80, 0x1b,
    0xfe, 0x7, 0xff, 0xc1, 0xff, 0x80, 0x7, 0x6,
    0x0, 0x0, 0x18, 0x0, 0x0, 0x60, 0x8, 0x1,
    0x80, 0x30, 0x6, 0x1, 0x80, 0xf, 0xfc,

    /* U+6BEB "毫" */
    0x0, 0x30, 0x0, 0x1, 0x80, 0x3f, 0xff, 0xfc,
    0x0, 0x0, 0x0, 0xff, 0xf8, 0x6, 0x0, 0xc0,
    0x3f, 0xfe, 0x1, 0xff, 0xf0, 0x0, 0x0, 0x7,
    0xff, 0xff, 0xf0, 0x0, 0x47, 0xbf, 0xff, 0x30,
    0xe6, 0x0, 0x0, 0x33, 0xc0, 0x7f, 0xfe, 0x0,
    0xc, 0x0, 0x0, 0x7f, 0xe3, 0xff, 0x0, 0x80,
    0x18, 0x6, 0x0, 0xc0, 0x30, 0x7, 0xff, 0x0,

    /* U+6C14 "气" */
    0x4, 0x0, 0x0, 0x18, 0x0, 0x0, 0xe0, 0x0,
    0x3, 0xff, 0xfc, 0x18, 0x0, 0x0, 0x60, 0x0,
    0x3, 0x0, 0x0, 0x1d, 0xff, 0xf0, 0x60, 0x0,
    0x0, 0x0, 0x0, 0x0, 0x0, 0x0, 0xf, 0xff,
    0xe0, 0x0, 0x1, 0x80, 0x0, 0x6, 0x0, 0x0,
    0x18, 0x0, 0x0, 0x20, 0x0, 0x0, 0xc0, 0x0,
    0x3, 0x20, 0x0, 0xc, 0xc0, 0x0, 0x3e, 0x0,
    0x0, 0x78, 0x0, 0x0, 0xc0,

    /* U+6C34 "水" */
    0x0, 0x30, 0x0, 0x0, 0xc0, 0x0, 0x3, 0x0,
    0x0, 0xc, 0x0, 0x0, 0x30, 0x20, 0x0, 0xc0,
    0xc7, 0xfb, 0x87, 0x0, 0xce, 0x70, 0x3, 0x3f,
    0x80, 0xc, 0xdc, 0x0, 0x63, 0x60, 0x1, 0x8c,
    0xc0, 0xc, 0x33, 0x80, 0x70, 0xc6, 0x1, 0x83,
    0xe, 0xe, 0xc, 0x1c, 0x70, 0x30, 0x3f, 0x80,
    0xc0, 0x60, 0x3, 0x0, 0x0, 0x7c, 0x0, 0x0,
    0xe0, 0x0,

    /* U+6C38 "永" */
    0x0, 0x80, 0x0, 0x7, 0x80, 0x0, 0x7, 0x80,
    0x0, 0x7, 0x0, 0x0, 0x0, 0x0, 0x3f, 0xc0,
    0x0, 0x3, 0x0, 0x0, 0xc, 0x8, 0x0, 0x30,
    0x70, 0x0, 0xe3, 0x8f, 0xfb, 0x9c, 0x0, 0xcf,
    0xc0, 0x3, 0x36, 0x0, 0x1c, 0xd8, 0x0, 0x63,
    0x30, 0x3, 0x8c, 0x60, 0x1c, 0x30, 0xc0, 0xe0,
    0xc1, 0xc7, 0x3, 0x3, 0xb8, 0x5c, 0x4, 0x41,
    0xf0, 0x0, 0x3, 0x0, 0x0,

    /* U+6C42 "求" */
    0x0, 0x31, 0x80, 0x0, 0xc3, 0x0, 0x3, 0x6,
    0x0, 0xc, 0x0, 0x7f, 0xff, 0xfc, 0x0, 0xc0,
    0x0, 0x3, 0x0, 0x6, 0xe, 0x8, 0x1c, 0x38,
    0x70, 0x1c, 0xf3, 0x0, 0x27, 0xd8, 0x0, 0x3d,
    0xc0, 0x1, 0xf6, 0x0, 0xc, 0xcc, 0x0, 0xe3,
    0x18, 0x7, 0xc, 0x38, 0x70, 0x30, 0x71, 0x80,
    0xc0, 0xf0, 0x1f, 0x1, 0x0, 0x38, 0x0,

    /* U+6C60 "池" */
    0x0, 0x6, 0x0, 0x80, 0x18, 0x7, 0x0, 0x60,
    0xe, 0x1, 0x80, 0x1c, 0xc6, 0x0, 0x23, 0x18,
    0x0, 0xc, 0x63, 0x0, 0x31, 0xfc, 0xe0, 0xdf,
    0xb1, 0xc3, 0xf8, 0xc3, 0x3c, 0x63, 0x0, 0xb1,
    0x8c, 0x0, 0xc6, 0x30, 0x43, 0x18, 0xc1, 0x8c,
    0x6f, 0x6, 0x31, 0xb0, 0x30, 0xc6, 0x0, 0xc3,
    0x0, 0x36, 0xc, 0x0, 0xd8, 0x30, 0x6, 0xc0,
    0x7f, 0xf8,

    /* U+6CA1 "没" */
    0x20, 0x0, 0x3, 0xc3, 0xfc, 0x7, 0x10, 0x60,
    0x18, 0x83, 0x0, 0xc, 0x18, 0x60, 0x60, 0xc3,
    0x87, 0x6, 0xe, 0x70, 0x3f, 0x33, 0x0, 0x0,
    0x0, 0x0, 0x0, 0x7f, 0xf0, 0x10, 0x81, 0x81,
    0x86, 0x18, 0xc, 0x30, 0xc0, 0xc0, 0xcc, 0x6,
    0x3, 0xc0, 0x60, 0xe, 0x3, 0x1, 0xfc, 0x30,
    0x78, 0x7c, 0x87, 0x0, 0xe0, 0x20, 0x1, 0x0,

    /* U+6CBF "沿" */
    0x20, 0x0, 0x0, 0xe0, 0xff, 0x1, 0xc3, 0xc,
    0x1, 0xc, 0x30, 0x0, 0x30, 0xc0, 0x0, 0xc3,
    0xe, 0x3, 0xc, 0x1e, 0x18, 0x3f, 0x18, 0xe0,
    0x78, 0x27, 0x0, 0x0, 0x8, 0x0, 0x0, 0x0,
    0x0, 0x0, 0x7f, 0xf0, 0x31, 0x80, 0xc0, 0x86,
    0x3, 0x6, 0x18, 0xc, 0x10, 0x60, 0x30, 0xc1,
    0x80, 0xc7, 0x7, 0xff, 0x18, 0x18, 0xc, 0x0,
    0x60, 0x30,

    /* U+6CC4 "泄" */
    0x20, 0xc, 0x61, 0xc3, 0x31, 0x81, 0xcc, 0xc6,
    0x2, 0x33, 0x18, 0x0, 0xcc, 0x60, 0x3, 0x31,
    0x8e, 0x3f, 0xff, 0xde, 0x33, 0x18, 0x18, 0xcc,
    0x60, 0x3, 0x31, 0x80, 0xc, 0xc6, 0x2, 0x33,
    0x18, 0x1c, 0xcc, 0x60, 0x63, 0x3f, 0x83, 0x8c,
    0x0, 0xc, 0x30, 0x0, 0x70, 0xc0, 0x1, 0x83,
    0x0, 0xe, 0xf, 0xff, 0x88, 0x0, 0x0,

    /* U+6CD5 "法" */
    0x0, 0x6, 0x0, 0xc0, 0x18, 0x3, 0xc0, 0x60,
    0x3, 0x81, 0x80, 0x4, 0xff, 0xf8, 0x0, 0x18,
    0x4, 0x0, 0x60, 0x3c, 0x1, 0x80, 0x38, 0x6,
    0x0, 0x60, 0x18, 0x0, 0x3f, 0xff, 0xc0, 0x3,
    0x0, 0x4, 0xc, 0x0, 0x18, 0x60, 0x0, 0xc1,
    0xc, 0x6, 0xc, 0x38, 0x18, 0x60, 0x70, 0xc3,
    0x0, 0xc7, 0x1f, 0xff, 0xb8, 0x38, 0x7, 0x0,
    0x0, 0x8,

    /* U+6CE2 "波" */
    0x0, 0x3, 0x0, 0x60, 0x6, 0x0, 0xf0, 0xc,
    0x0, 0x67, 0xff, 0xe0, 0xc, 0x31, 0x80, 0x18,
    0x63, 0x18, 0x30, 0xc6, 0x38, 0x61, 0x80, 0x3c,
    0xc3, 0x0, 0x11, 0xff, 0xe0, 0x3, 0x60, 0xc0,
    0x26, 0xc1, 0x80, 0xcc, 0xc6, 0x3, 0xb9, 0x8c,
    0x6, 0x61, 0xb0, 0x18, 0xc3, 0xe0, 0x73, 0x3,
    0x81, 0xce, 0xf, 0x81, 0x18, 0x7b, 0xe0, 0x3,
    0xc1, 0xe0, 0x1e, 0x0, 0xc0,

    /* U+6CE8 "注" */
    0x0, 0x0, 0x0, 0x0, 0x70, 0x3, 0x0, 0xe0,
    0x7, 0x1, 0xc0, 0xc, 0x0, 0x0, 0x7, 0xff,
    0xe0, 0x0, 0x60, 0x0, 0x1, 0x80, 0x70, 0x6,
    0x0, 0xe0, 0x18, 0x1, 0x80, 0x60, 0x2, 0x1,
    0x80, 0x0, 0xff, 0xf8, 0x20, 0x18, 0x0, 0xc0,
    0x60, 0x3, 0x1, 0x80, 0x18, 0x6, 0x0, 0x60,
    0x18, 0x3, 0x0, 0x60, 0xc, 0x1, 0x80, 0x60,
    0x6, 0x3, 0x8f, 0xff, 0xf2, 0x0, 0x0, 0x0,

    /* U+6D3B "活" */
    0x0, 0x0, 0x0, 0xc0, 0x7, 0xc1, 0xdf, 0xfe,
    0x3, 0xbf, 0x80, 0x4, 0x6, 0x0, 0x0, 0x18,
    0x4, 0x0, 0x60, 0x3c, 0xff, 0xff, 0x3c, 0x6,
    0x0, 0x60, 0x18, 0x0, 0x0, 0x60, 0x0, 0x1,
    0x80, 0xc, 0xff, 0xf0, 0x33, 0x0, 0xc0, 0xcc,
    0x3, 0x6, 0x30, 0xc, 0x38, 0xc0, 0x30, 0xc3,
    0x0, 0xc7, 0xf, 0xff, 0x38, 0x30, 0xc, 0x20,
    0xc0, 0x30,

    /* U+6D41 "流" */
    0x0, 0x8, 0x1, 0x80, 0x30, 0x7, 0x0, 0xc0,
    0xe, 0xff, 0xfe, 0x0, 0x18, 0x0, 0x0, 0xc0,
    0x0, 0x7, 0x18, 0x30, 0x18, 0x30, 0xf0, 0xc0,
    0xe0, 0xcf, 0xff, 0xc1, 0x10, 0x3, 0x0, 0x0,
    0x0, 0x0, 0x6c, 0xc0, 0x61, 0x33, 0x1, 0x84,
    0xcc, 0xc, 0x13, 0x30, 0x30, 0xcc, 0xc1, 0x83,
    0x33, 0x6, 0x18, 0xcc, 0xf0, 0xe3, 0x33, 0x4e,
    0xc, 0xf8, 0x10, 0x0, 0x0,

    /* U+6D45 "浅" */
    0x0, 0x0, 0x0, 0x40, 0x66, 0x3, 0x81, 0x8c,
    0x7, 0x6, 0x38, 0xc, 0x18, 0x0, 0x0, 0x61,
    0xc0, 0x1, 0xfe, 0x38, 0x7f, 0x80, 0x71, 0x98,
    0x0, 0xe0, 0x60, 0xe0, 0x1, 0x9f, 0x80, 0xf,
    0xe0, 0x1, 0xfc, 0x20, 0x46, 0x30, 0xc3, 0x0,
    0x4e, 0xc, 0x1, 0xf0, 0x30, 0x7, 0x81, 0x80,
    0x1c, 0x6, 0x1, 0xd8, 0xb0, 0x3e, 0x33, 0xc1,
    0xe0, 0x7c, 0x0, 0x0, 0xf0, 0x0, 0x0, 0x0,

    /* U+6D4B "测" */
    0x40, 0x0, 0x1b, 0x9f, 0xe0, 0xce, 0xff, 0x6,
    0x26, 0x19, 0xb0, 0x30, 0xcd, 0x81, 0xb6, 0x6d,
    0xd, 0xb3, 0x7c, 0x6d, 0x9b, 0x33, 0x6c, 0xd8,
    0x9b, 0x66, 0xc0, 0xdb, 0x36, 0x6, 0xd9, 0xb1,
    0xb6, 0xcd, 0x8d, 0xb6, 0x6c, 0xc3, 0x83, 0x66,
    0x1a, 0x1b, 0x60, 0xf8, 0x1b, 0xc, 0xe0, 0xf8,
    0xe3, 0x7, 0x86, 0xc, 0xf4, 0x70, 0x43, 0x80,

    /* U+6D4F "浏" */
    0x0, 0x60, 0xc, 0xc1, 0x80, 0x33, 0x86, 0x0,
    0xc6, 0x1c, 0x33, 0x0, 0x0, 0xcc, 0x1f, 0xfb,
    0x30, 0x7f, 0xec, 0xd0, 0x6, 0x33, 0xf0, 0x18,
    0xcc, 0xec, 0x63, 0x31, 0x19, 0x8c, 0xc0, 0x36,
    0x33, 0x0, 0xf0, 0xcc, 0x61, 0xc3, 0x31, 0x87,
    0x8c, 0xcc, 0x1e, 0x33, 0x30, 0xdc, 0xcc, 0xc7,
    0x38, 0x36, 0x38, 0x40, 0xd9, 0xc0, 0x3, 0xe2,
    0x0, 0x3c, 0x0, 0x0, 0xf0,

    /* U+6D88 "消" */
    0x0, 0x6, 0x0, 0x82, 0x18, 0x27, 0x9c, 0x61,
    0xc7, 0x31, 0x8e, 0x8, 0x66, 0x30, 0x1, 0x18,
    0x80, 0x0, 0x60, 0x30, 0x3f, 0xfe, 0x78, 0xc0,
    0x18, 0xe3, 0x0, 0x61, 0xc, 0x1, 0x80, 0x3f,
    0xfe, 0x10, 0xc0, 0x18, 0x63, 0x0, 0x61, 0x8c,
    0x1, 0x8c, 0x3f, 0xfe, 0x30, 0xc0, 0x19, 0xc3,
    0x0, 0x66, 0xc, 0x1, 0xb8, 0x30, 0x1e, 0x20,
    0xc0, 0x70,

    /* U+6DD8 "淘" */
    0x0, 0x20, 0x0, 0x81, 0x80, 0x3, 0x86, 0x0,
    0x6, 0x3f, 0xff, 0x1, 0xc0, 0xc, 0x6, 0xc0,
    0x34, 0x33, 0x0, 0xfc, 0x1f, 0xf3, 0x38, 0xec,
    0xc, 0x41, 0x30, 0x30, 0x0, 0xc0, 0xc0, 0xff,
    0xfb, 0x10, 0xc, 0xc, 0x60, 0x30, 0x33, 0xc,
    0xcc, 0xcc, 0x33, 0x33, 0x30, 0xcc, 0xcd, 0x83,
    0xff, 0x36, 0xf, 0xfc, 0xf8, 0x0, 0x7, 0x60,
    0x0, 0x7c, 0x0, 0x0, 0xc0,

    /* U+6DF1 "深" */
    0x30, 0x0, 0x0, 0xe7, 0xff, 0xe0, 0xd8, 0x1,
    0x80, 0x64, 0x26, 0x1, 0x99, 0x99, 0x0, 0xc3,
    0xe, 0x6, 0x6, 0x1c, 0x38, 0xc, 0x39, 0xc6,
    0x30, 0x40, 0x18, 0x0, 0x0, 0x60, 0x0, 0x7f,
    0xff, 0x8, 0x1f, 0x80, 0x30, 0x5e, 0x1, 0x83,
    0x6c, 0x6, 0x19, 0xb8, 0x30, 0xc6, 0x70, 0xc7,
    0x18, 0xe6, 0x38, 0x61, 0xd8, 0x41, 0x80, 0x20,
    0x6, 0x0,

    /* U+6E05 "清" */
    0x0, 0x6, 0x0, 0xc0, 0x18, 0x3, 0x9f, 0xff,
    0x87, 0x1, 0x80, 0x8, 0x6, 0x0, 0x3, 0xff,
    0xe4, 0x0, 0x60, 0x1c, 0x1, 0x80, 0x7b, 0xff,
    0xfc, 0x60, 0x0, 0x0, 0x0, 0x0, 0x0, 0x3f,
    0xfc, 0x0, 0xc0, 0x30, 0x33, 0x0, 0xc0, 0xcf,
    0xff, 0x6, 0x30, 0xc, 0x18, 0xff, 0xf0, 0xc3,
    0x0, 0xc7, 0xc, 0x3, 0x18, 0x30, 0x1c, 0x0,
    0xc0, 0x60,

    /* U+6E29 "温" */
    0x61, 0xff, 0xe1, 0xc7, 0xff, 0x83, 0x98, 0x6,
    0x6, 0x60, 0x18, 0x9, 0x80, 0x60, 0x7, 0xff,
    0x8c, 0x18, 0x6, 0x1c, 0x60, 0x18, 0x11, 0xff,
    0xe0, 0x0, 0x0, 0x0, 0x0, 0x0, 0x0, 0x0,
    0x0, 0x33, 0xff, 0xf0, 0xcc, 0xcc, 0xc3, 0x33,
    0x33, 0x8, 0xcc, 0xcc, 0x63, 0x33, 0x31, 0x8c,
    0xcc, 0xc6, 0x33, 0x33, 0x30, 0xcc, 0xcc, 0xcf,
    0xff, 0xfc,

    /* U+6E32 "渲" */
    0x0, 0x6, 0x0, 0xc0, 0x18, 0x3, 0x80, 0x20,
    0x7, 0x7f, 0xfe, 0x1, 0x80, 0x8, 0x6, 0x0,
    0x24, 0x0, 0x0, 0x38, 0x1f, 0xfc, 0x78, 0x0,
    0x0, 0x60, 0x0, 0x0, 0xf, 0xff, 0x0, 0x30,
    0xc, 0x0, 0xc0, 0x30, 0x43, 0x0, 0xc1, 0x8f,
    0xff, 0xe, 0x30, 0xc, 0x30, 0xc0, 0x30, 0xc3,
    0xff, 0xc7, 0x0, 0x0, 0x18, 0x0, 0x0, 0xe0,
    0x0, 0x1, 0x8f, 0xff, 0xf0,

    /* U+6E38 "游" */
    0x1, 0xc1, 0x81, 0xc3, 0x6, 0x3, 0x86, 0x18,
    0x6, 0x0, 0x7f, 0x7, 0xfb, 0x0, 0x6, 0x8,
    0x4, 0x18, 0x20, 0x18, 0x61, 0x7e, 0x79, 0x85,
    0xf8, 0x67, 0xe0, 0x60, 0x19, 0x83, 0x0, 0x66,
    0x18, 0x1, 0x98, 0x60, 0x66, 0x7f, 0xf1, 0x19,
    0x86, 0xc, 0xc6, 0x18, 0x33, 0x18, 0x60, 0x8c,
    0x61, 0x86, 0x61, 0x86, 0x1b, 0x9e, 0x18, 0xec,
    0x71, 0xe0, 0x0, 0x4, 0x0,

    /* U+6E7F "湿" */
    0x70, 0xff, 0xf8, 0xe3, 0x0, 0x61, 0xcc, 0x1,
    0x83, 0x30, 0x6, 0x0, 0xff, 0xf9, 0x3, 0x0,
    0x6e, 0xc, 0x1, 0x9c, 0x30, 0x6, 0x38, 0xff,
    0xf8, 0x0, 0x0, 0x0, 0x0, 0x0, 0x0, 0x6,
    0x60, 0x19, 0x99, 0x84, 0x66, 0x66, 0x31, 0x8d,
    0x99, 0x8c, 0x36, 0x66, 0x30, 0xd9, 0xb0, 0x80,
    0x66, 0x46, 0x1, 0x98, 0x38, 0xff, 0xff,

    /* U+6E83 "溃" */
    0x0, 0x6, 0x0, 0x0, 0x18, 0x7, 0xf, 0xff,
    0x7, 0x31, 0x8c, 0xc, 0xc6, 0x30, 0x3, 0xff,
    0xc0, 0x0, 0x60, 0x38, 0x1, 0x80, 0x7b, 0xff,
    0xfc, 0xe0, 0x0, 0x0, 0x80, 0x0, 0x0, 0x3f,
    0xfc, 0x8, 0xc0, 0x30, 0x63, 0x18, 0xc1, 0x8c,
    0x63, 0xc, 0x31, 0x8c, 0x70, 0xcc, 0x31, 0x80,
    0x73, 0xe, 0x3, 0x8e, 0x10, 0x7c, 0x1e, 0x1,
    0xc0, 0x18, 0x4, 0x0, 0x0,

    /* U+6E90 "源" */
    0x20, 0x0, 0x0, 0xe3, 0xff, 0xf8, 0x76, 0x8,
    0x0, 0x4c, 0x18, 0x0, 0x18, 0x30, 0x0, 0x33,
    0xfe, 0x38, 0x66, 0xc, 0x1c, 0xcc, 0x18, 0x1,
    0x9f, 0xf0, 0x3, 0x30, 0x60, 0x6, 0x60, 0xc0,
    0xc, 0xc1, 0x81, 0x99, 0xff, 0x3, 0x30, 0x30,
    0xc, 0x60, 0x60, 0x19, 0x88, 0xd0, 0x33, 0x39,
    0xb0, 0xc6, 0x63, 0x31, 0x99, 0x86, 0x37, 0x77,
    0xc, 0x60, 0x44, 0x78, 0x0, 0x0, 0x40, 0x0,

    /* U+6EA2 "溢" */
    0x0, 0x0, 0x40, 0x81, 0x81, 0xc7, 0x3, 0x6,
    0x7, 0xe, 0x30, 0xc, 0x0, 0xc0, 0x7, 0xff,
    0xf0, 0x0, 0x0, 0x18, 0x4, 0x20, 0x70, 0x39,
    0xc0, 0xe1, 0x83, 0xc1, 0x1c, 0x3, 0x80, 0xe0,
    0x7, 0x0, 0xff, 0xf0, 0x63, 0x26, 0xc1, 0x8c,
    0x9b, 0x6, 0x32, 0x6c, 0x30, 0xc9, 0xb0, 0xc3,
    0x26, 0xc7, 0xc, 0x9b, 0x18, 0x32, 0x6c, 0xe3,
    0xff, 0xfc, 0x80, 0x0, 0x0,

    /* U+6ED1 "滑" */
    0x30, 0x7f, 0xf0, 0x38, 0xc0, 0x20, 0x31, 0x80,
    0x40, 0x3, 0xf8, 0x80, 0x6, 0x31, 0x8, 0xc,
    0x62, 0x1c, 0x18, 0xc4, 0x3d, 0xff, 0xff, 0x13,
    0x0, 0x6, 0x6, 0x0, 0xc, 0x1, 0xff, 0xc0,
    0x43, 0x1, 0x81, 0x86, 0x3, 0x3, 0xf, 0xfe,
    0x6, 0x18, 0xc, 0x18, 0x30, 0x18, 0x30, 0x7f,
    0xf0, 0xc0, 0xc0, 0x63, 0x81, 0x80, 0xc1, 0x3,
    0x7, 0x80, 0x6, 0xe, 0x0,

    /* U+6EDA "滚" */
    0x0, 0x6, 0x0, 0x40, 0xc, 0x0, 0xc0, 0x8,
    0x0, 0xef, 0xff, 0xe0, 0x82, 0x4, 0x0, 0xe,
    0x1c, 0x0, 0x39, 0xe, 0x30, 0xe6, 0xe, 0x71,
    0x18, 0xc0, 0x30, 0x61, 0xc0, 0x21, 0x81, 0xc0,
    0x7, 0xff, 0xc0, 0xc, 0xc1, 0x1, 0x3, 0x60,
    0x2, 0xe, 0x46, 0xc, 0x38, 0xd8, 0x11, 0xd0,
    0xe0, 0x67, 0x21, 0x80, 0xc0, 0x59, 0xc3, 0x0,
    0xf1, 0xe6, 0x3, 0x80, 0xc0, 0x6, 0x0, 0x0,

    /* U+6EE1 "满" */
    0x0, 0x30, 0x81, 0xc0, 0xc2, 0x3, 0xbf, 0xff,
    0xc4, 0xc, 0x20, 0x0, 0x30, 0x80, 0x0, 0x0,
    0x0, 0x0, 0x0, 0x38, 0xff, 0xff, 0x70, 0x19,
    0x80, 0x0, 0x66, 0x0, 0x3f, 0xff, 0x86, 0xc4,
    0x66, 0x1b, 0x31, 0x98, 0xcc, 0xe6, 0x63, 0x33,
    0xfd, 0x98, 0xd8, 0xf6, 0x63, 0xe6, 0x5b, 0xc,
    0x18, 0x6c, 0x30, 0x1, 0x80, 0xc0, 0x1e, 0x3,
    0x0, 0x70,

    /* U+6EE4 "滤" */
    0x0, 0x6, 0x0, 0x80, 0x18, 0x3, 0x80, 0x7f,
    0x3, 0x1, 0x0, 0x1, 0xff, 0xf8, 0x6, 0x18,
    0x66, 0x18, 0x61, 0x1c, 0x61, 0xf0, 0x1d, 0xff,
    0x0, 0x26, 0xf8, 0x0, 0x18, 0x63, 0x2, 0x61,
    0xf8, 0x9, 0x80, 0x0, 0x66, 0x4, 0x1, 0x98,
    0x11, 0x4, 0x43, 0x6c, 0x33, 0x6c, 0x98, 0x8d,
    0xb0, 0x36, 0x64, 0xc0, 0xd9, 0xb3, 0x8, 0xc,
    0xf, 0xe0,

    /* U+6F0F "漏" */
    0x21, 0xff, 0xfc, 0xc6, 0x0, 0x31, 0x98, 0x0,
    0xc3, 0x60, 0x3, 0x1, 0xff, 0xfc, 0x6, 0x0,
    0x0, 0x18, 0x0, 0x1c, 0x6f, 0xff, 0x39, 0x81,
    0x80, 0x26, 0x6, 0x0, 0x1b, 0xff, 0xc0, 0x6c,
    0x61, 0x19, 0xb5, 0xa4, 0x66, 0xd6, 0xd1, 0x1b,
    0x58, 0x4c, 0xcd, 0x69, 0x33, 0x35, 0xa5, 0x8c,
    0xde, 0x96, 0x73, 0x18, 0xdb, 0x8c, 0x67, 0x6,
    0x30, 0x1c,

    /* U+706D "灭" */
    0x7f, 0xff, 0xf9, 0xff, 0xff, 0xe0, 0x3, 0x0,
    0x0, 0xc, 0x0, 0x0, 0x30, 0x0, 0x30, 0xc0,
    0x81, 0x83, 0x3, 0x6, 0xc, 0xc, 0x18, 0x70,
    0x60, 0xc1, 0xe1, 0x83, 0x7, 0x8e, 0x4, 0x1b,
    0x10, 0x0, 0xc6, 0x0, 0x7, 0x18, 0x0, 0x18,
    0x30, 0x0, 0xc0, 0x70, 0xe, 0x0, 0xe0, 0x70,
    0x1, 0xef, 0x80, 0x1, 0xd8, 0x0, 0x2,

    /* U+7070 "灰" */
    0x0, 0xc0, 0x0, 0x1, 0x80, 0x0, 0x3, 0x0,
    0x1, 0xff, 0xff, 0xe3, 0xff, 0xff, 0xc0, 0x30,
    0x0, 0x0, 0x61, 0x0, 0x1, 0x83, 0x0, 0x3,
    0x6, 0x0, 0x6, 0xcc, 0x30, 0x19, 0x98, 0xc0,
    0x36, 0x31, 0x80, 0xcc, 0x66, 0x3, 0x90, 0xcc,
    0x6, 0x3, 0xc0, 0x18, 0x7, 0xc0, 0x60, 0x19,
    0x80, 0x40, 0x61, 0xc0, 0x1, 0xc1, 0xc0, 0xf,
    0x1, 0xe0, 0xf8, 0x1, 0xc0, 0xc0, 0x0, 0x0,

    /* U+708E "炎" */
    0x0, 0x0, 0x0, 0x1, 0xc0, 0x0, 0xc6, 0xc,
    0x3, 0x18, 0x30, 0x18, 0x61, 0x80, 0x63, 0xc2,
    0x0, 0xf, 0xc0, 0x0, 0x73, 0xe0, 0x7, 0x81,
    0xf0, 0x78, 0x1, 0xef, 0xc3, 0x1, 0x98, 0xc,
    0x0, 0x0, 0x30, 0xc0, 0x30, 0xc3, 0x0, 0xc7,
    0x18, 0x6, 0x1c, 0x60, 0x8, 0xd8, 0x0, 0x3,
    0x30, 0x0, 0x38, 0x70, 0x3, 0xc0, 0xf8, 0xfc,
    0x0, 0xfd, 0xc0, 0x0, 0xe0,

    /* U+70B9 "点" */
    0x0, 0x60, 0x0, 0x3, 0x0, 0x0, 0x18, 0x0,
    0x0, 0xff, 0xe0, 0x6, 0x0, 0x0, 0x30, 0x0,
    0x1, 0x80, 0x3, 0xff, 0xf8, 0x18, 0x0, 0xc0,
    0xc0, 0x6, 0x6, 0x0, 0x30, 0x30, 0x1, 0x81,
    0x80, 0xc, 0xf, 0xff, 0xe0, 0x0, 0x0, 0x6,
    0x0, 0x4, 0x33, 0x1c, 0x63, 0x1c, 0x61, 0x98,
    0x63, 0x8f, 0x83, 0xc, 0x34, 0x10, 0x41, 0x0,

    /* U+70E7 "烧" */
    0x0, 0x18, 0x0, 0x60, 0x60, 0x1, 0x81, 0x8f,
    0x6, 0xf, 0xfc, 0x18, 0xf8, 0x20, 0x60, 0x31,
    0xcd, 0xb0, 0xcc, 0x36, 0xc1, 0xe0, 0xde, 0xe,
    0x3, 0x60, 0xfc, 0x3d, 0x8f, 0x19, 0xb6, 0x20,
    0x3c, 0x98, 0x0, 0x0, 0x67, 0xff, 0xe3, 0x9f,
    0xff, 0x8f, 0x6, 0x60, 0x36, 0x19, 0x80, 0xcc,
    0xc6, 0x6, 0x3, 0x18, 0xf8, 0x18, 0x63, 0xc3,
    0xc1, 0xf8, 0x6, 0x0, 0x0,

    /* U+70ED "热" */
    0xc, 0xc, 0x0, 0x30, 0x30, 0x0, 0xc0, 0xc0,
    0x3, 0x3, 0x0, 0x7f, 0x7f, 0xc0, 0x30, 0x33,
    0x0, 0xc0, 0xcc, 0x3, 0xcb, 0x30, 0x3f, 0x78,
    0xc3, 0xf0, 0x73, 0x0, 0xc1, 0xec, 0x3, 0xc,
    0xdb, 0xc, 0x30, 0x6c, 0xf1, 0x81, 0xe3, 0x8c,
    0x1, 0x0, 0x0, 0x8, 0x30, 0x8, 0x61, 0xc4,
    0x30, 0xc6, 0x18, 0xc3, 0xb8, 0x61, 0x86, 0xc0,
    0x84, 0x8,

    /* U+710A "焊" */
    0xc, 0x0, 0x0, 0x30, 0xff, 0xe0, 0xc3, 0x1,
    0x83, 0xc, 0x6, 0xd, 0x30, 0x19, 0xb6, 0xff,
    0xe6, 0xf3, 0x1, 0x9b, 0x8c, 0x6, 0x6c, 0x30,
    0x19, 0xb0, 0xff, 0xe6, 0xc0, 0x0, 0x1b, 0x0,
    0x0, 0xc, 0x3f, 0xfc, 0x68, 0xc, 0x1, 0xb0,
    0x30, 0x6, 0x40, 0xc0, 0x38, 0xff, 0xfc, 0xc0,
    0xc, 0x7, 0x0, 0x30, 0x38, 0x0, 0xc0, 0x20,
    0x3, 0x0, 0x0, 0xc, 0x0,

    /* U+7136 "然" */
    0xc, 0x3, 0x0, 0x30, 0xc, 0x80, 0xc0, 0x33,
    0x7, 0xf8, 0xc6, 0x38, 0x63, 0x0, 0xd1, 0xc,
    0x6, 0x6d, 0xff, 0xb8, 0xf0, 0xe0, 0x11, 0x87,
    0x80, 0x66, 0x1a, 0x0, 0xf0, 0xec, 0x1, 0x83,
    0x18, 0xe, 0x18, 0x70, 0x70, 0xc0, 0xf7, 0x7,
    0x1, 0xc0, 0x0, 0x0, 0x10, 0x8c, 0x70, 0xe6,
    0x18, 0xc3, 0xc, 0x61, 0x98, 0x30, 0xc3, 0x60,
    0xc2, 0x8,

    /* U+7167 "照" */
    0x7f, 0x3f, 0xf3, 0x18, 0x61, 0x98, 0xc3, 0xc,
    0xc6, 0x18, 0x66, 0x31, 0x83, 0x31, 0x9c, 0x39,
    0xfd, 0xc7, 0xcc, 0x6c, 0x0, 0x63, 0x3f, 0xf3,
    0x19, 0x81, 0x98, 0xcc, 0xc, 0xc6, 0x60, 0x66,
    0x33, 0x3, 0x3f, 0x9f, 0xf8, 0x0, 0x0, 0x4,
    0x0, 0x84, 0x63, 0x8c, 0x33, 0xc, 0x61, 0xb8,
    0x61, 0x87, 0x83, 0xc, 0x34, 0x0, 0x0, 0x0,

    /* U+7184 "熄" */
    0xc, 0x6, 0x0, 0x18, 0xc, 0x0, 0x30, 0xff,
    0xc0, 0x61, 0x81, 0x80, 0xc3, 0x3, 0x1, 0xb7,
    0xfe, 0x1b, 0xec, 0xc, 0x37, 0x18, 0x18, 0x6c,
    0x3f, 0xf0, 0xd8, 0x60, 0x61, 0xb0, 0xc0, 0xc3,
    0x61, 0xff, 0x80, 0xc0, 0x0, 0x1, 0x80, 0x20,
    0x7, 0x80, 0x42, 0xd, 0xb6, 0xcc, 0x19, 0xed,
    0x18, 0x72, 0xd8, 0x18, 0xc1, 0x30, 0xb3, 0x86,
    0x63, 0xb6, 0xc, 0x7e, 0x0, 0x0, 0x0, 0x0,

    /* U+7236 "父" */
    0x1, 0x2, 0x0, 0xe, 0x1c, 0x0, 0x30, 0x38,
    0x1, 0x80, 0x38, 0xc, 0x0, 0x70, 0xe0, 0x0,
    0xe7, 0x0, 0x1, 0x88, 0xc0, 0x60, 0x3, 0x3,
    0x80, 0x6, 0xc, 0x0, 0x18, 0x70, 0x0, 0x71,
    0x80, 0x0, 0xce, 0x0, 0x3, 0xf0, 0x0, 0x7,
    0x80, 0x0, 0x1e, 0x0, 0x0, 0xfc, 0x0, 0xf,
    0x3c, 0x1, 0xf0, 0x7e, 0x3f, 0x0, 0x7f, 0x70,
    0x0, 0x38,

    /* U+7247 "片" */
    0x0, 0x6, 0x0, 0x60, 0x30, 0x3, 0x1, 0x80,
    0x18, 0xc, 0x0, 0xc0, 0x60, 0x6, 0x3, 0x0,
    0x30, 0x18, 0x1, 0xff, 0xff, 0xc, 0x0, 0x0,
    0x60, 0x0, 0x3, 0x0, 0x0, 0x18, 0x0, 0x0,
    0xc0, 0x0, 0x7, 0xff, 0xc0, 0x70, 0x6, 0x3,
    0x0, 0x30, 0x18, 0x1, 0x81, 0xc0, 0xc, 0xc,
    0x0, 0x60, 0xe0, 0x3, 0x6, 0x0, 0x18, 0x10,
    0x0, 0xc0,

    /* U+7248 "版" */
    0x3, 0x0, 0x8, 0xcc, 0x3, 0xe3, 0x31, 0xff,
    0x8c, 0xc6, 0x0, 0x33, 0x18, 0x0, 0xcc, 0x60,
    0x3, 0x31, 0x80, 0xf, 0xf7, 0xfe, 0x30, 0x1a,
    0x18, 0xc0, 0x68, 0x63, 0x1, 0xb1, 0xf, 0xe6,
    0xcc, 0x33, 0x9b, 0x30, 0xcc, 0x64, 0xc3, 0x33,
    0x9e, 0xc, 0xcc, 0x78, 0x73, 0x30, 0xc1, 0x8c,
    0xc7, 0x86, 0x36, 0x3f, 0x18, 0xd9, 0xce, 0x43,
    0xe, 0x1c, 0x0, 0x10, 0x0,

    /* U+7259 "牙" */
    0x3f, 0xff, 0xe0, 0x0, 0x30, 0x0, 0x1, 0x80,
    0xc, 0xc, 0x0, 0xe0, 0x60, 0x6, 0x3, 0x0,
    0x60, 0x18, 0x3, 0x0, 0xc0, 0x3f, 0xff, 0xf8,
    0x0, 0xf0, 0x0, 0xd, 0x80, 0x0, 0xec, 0x0,
    0xe, 0x60, 0x0, 0xe3, 0x0, 0xe, 0x18, 0x0,
    0xe0, 0xc0, 0x1e, 0x6, 0x3, 0xc0, 0x30, 0x1c,
    0xf, 0x80, 0x0, 0x38, 0x0,

    /* U+7279 "特" */
    0x6, 0x1, 0x80, 0xc, 0x3, 0x0, 0x18, 0x6,
    0x1, 0xb0, 0xff, 0xe6, 0x60, 0x18, 0xf, 0xf0,
    0x30, 0x1f, 0xe0, 0x60, 0x33, 0x1f, 0xff, 0xc6,
    0x0, 0x30, 0xc, 0x0, 0x60, 0x18, 0x0, 0xc0,
    0x3e, 0x1, 0x80, 0xf9, 0xff, 0xef, 0xc0, 0x6,
    0x11, 0x80, 0xc, 0x3, 0x6, 0x18, 0x6, 0xc,
    0x30, 0xc, 0xc, 0x60, 0x18, 0x0, 0xc0, 0x30,
    0xf, 0x80, 0x60, 0xe, 0x0,

    /* U+72B6 "状" */
    0x6, 0x0, 0x0, 0x18, 0x18, 0x0, 0x60, 0x60,
    0x1, 0x81, 0x98, 0x6, 0x6, 0x73, 0x18, 0x18,
    0xe6, 0x60, 0x61, 0xd, 0x81, 0x80, 0x6, 0xff,
    0xf8, 0x18, 0x18, 0x0, 0x60, 0x70, 0x3, 0x81,
    0xc0, 0x1e, 0xf, 0x0, 0xd8, 0x34, 0x6, 0x60,
    0xd8, 0x39, 0x86, 0x60, 0x46, 0x18, 0xc0, 0x18,
    0xc3, 0x80, 0x67, 0x7, 0x1, 0x98, 0xe, 0x7,
    0xc0, 0x18, 0x1a, 0x0, 0x0,

    /* U+72D7 "狗" */
    0x0, 0x8, 0x0, 0x86, 0x30, 0x3, 0x19, 0x80,
    0xe, 0xc6, 0x0, 0xe, 0x3f, 0xfc, 0x70, 0xc0,
    0x33, 0xe6, 0x0, 0xdd, 0xb0, 0x3, 0x46, 0xc0,
    0xc, 0x1c, 0xfe, 0x30, 0x73, 0x18, 0xc3, 0xcc,
    0x63, 0x1f, 0x31, 0x8c, 0xec, 0xc6, 0x37, 0x33,
    0x18, 0xd8, 0xcf, 0xe3, 0x3, 0x31, 0x8c, 0xc,
    0xc6, 0x30, 0x70, 0x1, 0xc3, 0x80, 0xf, 0x3c,
    0x0, 0xf8, 0x60, 0x1, 0x80,

    /* U+72E0 "狠" */
    0x21, 0x0, 0x1, 0xce, 0xff, 0xc1, 0xf3, 0x3,
    0x3, 0x8c, 0xc, 0x1c, 0x30, 0x31, 0xf8, 0xff,
    0xce, 0x63, 0x3, 0x11, 0x8c, 0xc, 0x3, 0x30,
    0x30, 0x1c, 0xff, 0xc0, 0xf3, 0x11, 0x6, 0xcc,
    0x46, 0x33, 0x31, 0x33, 0x8c, 0xc7, 0x84, 0x33,
    0xc, 0x0, 0xcc, 0x30, 0x7, 0x30, 0x60, 0x1c,
    0xd9, 0xc0, 0xe3, 0xe3, 0xcf, 0x1e, 0x2, 0x38,
    0x20, 0x0,

    /* U+72EC "独" */
    0x0, 0x3, 0x0, 0x2, 0x6, 0x0, 0xc6, 0xc,
    0x1, 0xd8, 0x18, 0x1, 0xe0, 0x30, 0x1, 0x87,
    0xff, 0xf, 0x8c, 0xc6, 0x73, 0x19, 0x8c, 0x46,
    0x33, 0x18, 0xe, 0x66, 0x30, 0x1c, 0xcc, 0x60,
    0x79, 0x98, 0xc1, 0xf3, 0x31, 0x87, 0x67, 0xff,
    0x1c, 0xcc, 0xc0, 0x21, 0x81, 0x80, 0x3, 0x3,
    0x18, 0x6, 0x6, 0x38, 0x18, 0xc, 0x30, 0x73,
    0xff, 0xe3, 0xc7, 0xe0, 0xe2, 0x0, 0x0, 0x80,

    /* U+7387 "率" */
    0x0, 0x30, 0x0, 0x0, 0xe0, 0x3, 0xff, 0xff,
    0x80, 0x8, 0x0, 0x10, 0x60, 0x10, 0xe3, 0x18,
    0xe1, 0xc8, 0xe6, 0x2, 0x7e, 0x10, 0x1, 0xf0,
    0x0, 0x11, 0x99, 0x1, 0xcc, 0x77, 0x1e, 0x7f,
    0xce, 0x31, 0xb1, 0x80, 0x0, 0xc0, 0x0, 0x3,
    0x0, 0x3f, 0xff, 0xff, 0x0, 0x30, 0x0, 0x0,
    0xc0, 0x0, 0x3, 0x0, 0x0, 0xc, 0x0, 0x0,
    0x30, 0x0,

    /* U+73AF "环" */
    0x7f, 0xff, 0xfc, 0x18, 0x3, 0x0, 0x30, 0x6,
    0x0, 0x60, 0x18, 0x0, 0xc0, 0x30, 0x1, 0x80,
    0x60, 0x1f, 0xe1, 0xc0, 0x6, 0x3, 0xb0, 0xc,
    0xf, 0x30, 0x18, 0x1e, 0x70, 0x30, 0x6c, 0x60,
    0x64, 0x98, 0x60, 0xfb, 0x30, 0xcf, 0xcc, 0x60,
    0x1c, 0x30, 0xc0, 0x20, 0x1, 0x80, 0x0, 0x3,
    0x0, 0x0, 0x6, 0x0, 0x0, 0xc, 0x0, 0x0,
    0x18, 0x0,

    /* U+73B0 "现" */
    0x0, 0x3f, 0xf8, 0xff, 0x60, 0x30, 0x30, 0xc0,
    0x60, 0x61, 0x8c, 0xc0, 0xc3, 0x19, 0x81, 0x86,
    0x33, 0x3, 0xc, 0x66, 0x6, 0x18, 0xcc, 0x7f,
    0xb1, 0x98, 0x18, 0x63, 0x30, 0x30, 0xc6, 0x60,
    0x61, 0x88, 0xc0, 0xc0, 0x3c, 0x1, 0x80, 0x78,
    0x3, 0x61, 0xb0, 0x1f, 0xc3, 0x60, 0x78, 0xc,
    0xce, 0x80, 0x71, 0x98, 0x1, 0xc3, 0x30, 0x7,
    0x3, 0xc0,

    /* U+7406 "理" */
    0x0, 0x7f, 0xfb, 0xfd, 0x8c, 0x61, 0x86, 0x31,
    0x86, 0x18, 0xc6, 0x18, 0x63, 0x18, 0x61, 0xff,
    0xe1, 0x86, 0x31, 0x86, 0x18, 0xc6, 0xff, 0x63,
    0x1b, 0xfd, 0x8c, 0x61, 0x87, 0xff, 0x86, 0x0,
    0xc0, 0x18, 0x3, 0x0, 0x60, 0xc, 0x1, 0x97,
    0xff, 0x87, 0xc0, 0xc0, 0x7c, 0x3, 0x3, 0xc0,
    0xc, 0xc, 0x0, 0x30, 0x0, 0x3f, 0xff,

    /* U+751F "生" */
    0x0, 0x30, 0x0, 0x1, 0x80, 0x7, 0xc, 0x0,
    0x30, 0x60, 0x1, 0x83, 0x0, 0xc, 0x18, 0x0,
    0xff, 0xff, 0xc7, 0xff, 0xfe, 0x60, 0x30, 0x3,
    0x1, 0x80, 0x30, 0xc, 0x0, 0x0, 0x60, 0x0,
    0xff, 0xfc, 0x7, 0xff, 0xe0, 0x0, 0xc0, 0x0,
    0x6, 0x0, 0x0, 0x30, 0x0, 0x1, 0x80, 0x0,
    0xc, 0x0, 0x0, 0x60, 0x7, 0xff, 0xff, 0x80,

    /* U+7528 "用" */
    0x1f, 0xff, 0xf1, 0x83, 0x3, 0x18, 0x30, 0x31,
    0x83, 0x3, 0x18, 0x30, 0x31, 0xff, 0xff, 0x18,
    0x30, 0x31, 0x83, 0x3, 0x18, 0x30, 0x31, 0x83,
    0x3, 0x18, 0x30, 0x31, 0xff, 0xff, 0x18, 0x30,
    0x31, 0x83, 0x3, 0x18, 0x30, 0x33, 0x3, 0x3,
    0x30, 0x30, 0x33, 0x3, 0x3, 0x60, 0x30, 0xf6,
    0x0, 0xc,

    /* U+7531 "由" */
    0x0, 0xc0, 0x0, 0x18, 0x0, 0x3, 0x0, 0x0,
    0x60, 0x0, 0xc, 0x1, 0xff, 0xff, 0xf0, 0x30,
    0x1e, 0x6, 0x3, 0xc0, 0xc0, 0x78, 0x18, 0xf,
    0x3, 0x1, 0xe0, 0x60, 0x3f, 0xff, 0xff, 0x81,
    0x80, 0xf0, 0x30, 0x1e, 0x6, 0x3, 0xc0, 0xc0,
    0x78, 0x18, 0xf, 0xff, 0xff, 0xe0, 0x0, 0x3c,
    0x0, 0x6,

    /* U+7533 "申" */
    0x0, 0xc0, 0x0, 0x30, 0x0, 0xc, 0x0, 0x3,
    0x0, 0xff, 0xff, 0xf0, 0x30, 0x3c, 0xc, 0xf,
    0x3, 0x3, 0xc0, 0xc0, 0xff, 0xff, 0xfc, 0xc,
    0xf, 0x3, 0x3, 0xc0, 0xc0, 0xf0, 0x30, 0x3c,
    0xc, 0xf, 0xff, 0xff, 0xc0, 0xc0, 0xc0, 0x30,
    0x0, 0xc, 0x0, 0x3, 0x0, 0x0, 0xc0, 0x0,
    0x30, 0x0,

    /* U+7535 "电" */
    0x1, 0x80, 0x0, 0x18, 0x0, 0x1, 0x80, 0x0,
    0x18, 0x0, 0xff, 0xff, 0xc, 0x18, 0x30, 0xc1,
    0x83, 0xc, 0x18, 0x30, 0xc1, 0x83, 0xf, 0xff,
    0xf0, 0xc1, 0x83, 0xc, 0x18, 0x30, 0xc1, 0x83,
    0xc, 0x18, 0x30, 0xff, 0xff, 0xc, 0x18, 0x0,
    0xc1, 0x80, 0x0, 0x18, 0x6, 0x1, 0x80, 0x60,
    0x18, 0x6, 0x0, 0xff, 0xc0,

    /* U+753B "画" */
    0xff, 0xff, 0xf0, 0x0, 0x0, 0x0, 0x0, 0x0,
    0x0, 0x0, 0xf, 0xff, 0x0, 0xc6, 0x30, 0xcc,
    0x63, 0x3c, 0xc6, 0x33, 0xcc, 0x63, 0x3c, 0xff,
    0xf3, 0xcc, 0x63, 0x3c, 0xc6, 0x33, 0xcc, 0x63,
    0x3c, 0xc6, 0x33, 0xcf, 0xff, 0x3c, 0x0, 0x3,
    0xc0, 0x0, 0x3f, 0xff, 0xff, 0x0, 0x0, 0x30,
    0x0, 0x3,

    /* U+754C "界" */
    0x1f, 0xff, 0xf0, 0x30, 0x60, 0x60, 0x60, 0xc0,
    0xc0, 0xc1, 0x81, 0x81, 0xff, 0xff, 0x3, 0x6,
    0x6, 0x6, 0xc, 0xc, 0xf, 0xff, 0xf8, 0x0,
    0x20, 0x0, 0x0, 0xe0, 0x0, 0x3, 0xe0, 0x0,
    0xe, 0xf0, 0x0, 0x70, 0x78, 0x7, 0xc0, 0x7e,
    0x1c, 0xc0, 0xff, 0x81, 0x81, 0x86, 0x3, 0x3,
    0x0, 0x6, 0x6, 0x0, 0x18, 0xc, 0x0, 0x60,
    0x18, 0x1, 0x80, 0x30, 0x0,

    /* U+7559 "留" */
    0x7, 0x80, 0x3, 0xf8, 0xff, 0x98, 0x1, 0x8c,
    0xc4, 0xc, 0x66, 0x30, 0x63, 0x30, 0xc3, 0x19,
    0x8e, 0x30, 0xcd, 0xdb, 0x8e, 0x78, 0x38, 0xe3,
    0x1, 0x86, 0x10, 0x0, 0x0, 0x7f, 0xff, 0xc3,
    0x3, 0x6, 0x18, 0x18, 0x30, 0xff, 0xff, 0x86,
    0x6, 0xc, 0x30, 0x30, 0x61, 0x81, 0x83, 0xf,
    0xff, 0xf8, 0x60, 0x0, 0xc3, 0x0, 0x6, 0x0,

    /* U+7565 "略" */
    0x0, 0x0, 0x0, 0x0, 0x60, 0x0, 0x3, 0x1,
    0xff, 0x1f, 0xcd, 0x99, 0x86, 0x6c, 0xce, 0x73,
    0x66, 0xf3, 0x1b, 0x3e, 0x98, 0xd9, 0xa7, 0x86,
    0xcc, 0x18, 0x3f, 0xe1, 0xc1, 0xb3, 0x1b, 0xcd,
    0x9f, 0x87, 0xec, 0xd0, 0xf, 0x66, 0x7f, 0x9b,
    0x33, 0xc, 0xd9, 0x98, 0x67, 0xfc, 0xc3, 0x30,
    0x66, 0x18, 0x0, 0x3f, 0xc0, 0x1, 0x86, 0x0,
    0xc, 0x30,

    /* U+767D "白" */
    0x2, 0x0, 0x1, 0x80, 0x1, 0x80, 0x0, 0xc0,
    0xf, 0xff, 0xfe, 0x0, 0xf, 0x0, 0x7, 0x80,
    0x3, 0xc0, 0x1, 0xe0, 0x0, 0xff, 0xff, 0xf8,
    0x0, 0x3c, 0x0, 0x1e, 0x0, 0xf, 0x0, 0x7,
    0x80, 0x3, 0xc0, 0x1, 0xff, 0xff, 0xf0, 0x0,
    0x78, 0x0, 0x3c, 0x0, 0x18,

    /* U+767E "百" */
    0xff, 0xff, 0xf8, 0x3, 0x0, 0x0, 0x18, 0x0,
    0x0, 0xc0, 0x0, 0xc, 0x0, 0xf, 0xff, 0xe0,
    0x60, 0x1, 0x3, 0x0, 0x8, 0x18, 0x0, 0x40,
    0xc0, 0x2, 0x6, 0x0, 0x10, 0x3f, 0xff, 0x81,
    0x80, 0x4, 0xc, 0x0, 0x20, 0x60, 0x1, 0x3,
    0x0, 0x8, 0x18, 0x0, 0x40, 0xff, 0xfe, 0x6,
    0x0, 0x10, 0x30, 0x0, 0x80,

    /* U+7684 "的" */
    0x0, 0x0, 0x0, 0xc0, 0x60, 0x18, 0xc, 0x1,
    0x80, 0xc0, 0x18, 0xc, 0xf, 0xf9, 0xff, 0xc1,
    0x98, 0x3c, 0x19, 0x3, 0xc1, 0xb0, 0x3c, 0x1e,
    0x3, 0xc1, 0xa4, 0x3c, 0x18, 0xc3, 0xff, 0x8e,
    0x3c, 0x18, 0x63, 0xc1, 0x86, 0x3c, 0x18, 0x23,
    0xc1, 0x80, 0x3c, 0x18, 0x3, 0xff, 0x80, 0x3c,
    0x18, 0x1e, 0xc1, 0x83, 0xc0, 0x0, 0x20,

    /* U+76D1 "监" */
    0x0, 0xc3, 0x0, 0x31, 0x86, 0x0, 0x63, 0xc,
    0x0, 0xc6, 0x30, 0x1, 0x8c, 0x7f, 0xe3, 0x19,
    0xc0, 0x6, 0x33, 0x20, 0xc, 0x66, 0x60, 0x18,
    0xd8, 0x60, 0x31, 0x80, 0x60, 0x3, 0x0, 0x0,
    0x0, 0x0, 0x0, 0x0, 0x0, 0x3, 0xff, 0xfe,
    0x6, 0x31, 0x8c, 0xc, 0x63, 0x18, 0x18, 0xc6,
    0x30, 0x31, 0x8c, 0x60, 0x63, 0x18, 0xc0, 0xc6,
    0x31, 0x8f, 0xff, 0xff, 0xe0,

    /* U+76D6 "盖" */
    0x1, 0x83, 0x80, 0x3, 0x6, 0x0, 0x2, 0x18,
    0x1, 0xff, 0xff, 0x80, 0x3, 0x0, 0x0, 0x6,
    0x0, 0x0, 0xc, 0x0, 0xf, 0xff, 0xf8, 0x0,
    0x30, 0x0, 0x0, 0x60, 0x1, 0xff, 0xff, 0xe0,
    0x0, 0x0, 0x0, 0x0, 0x0, 0x3, 0xff, 0xfe,
    0x6, 0x31, 0x8c, 0xc, 0x63, 0x18, 0x18, 0xc6,
    0x30, 0x31, 0x8c, 0x60, 0x63, 0x18, 0xc0, 0xc6,
    0x31, 0x8f, 0xff, 0xff, 0xe0,

    /* U+76D8 "盘" */
    0x0, 0x60, 0x0, 0x0, 0xc0, 0x0, 0x1f, 0xff,
    0x80, 0x30, 0x3, 0x0, 0x63, 0x86, 0x0, 0xc3,
    0xc, 0x1, 0x82, 0x18, 0x3f, 0xff, 0xff, 0x6,
    0x0, 0x60, 0x8, 0xc0, 0xc0, 0x31, 0xe1, 0x80,
    0xe0, 0xc7, 0x3, 0x80, 0x1e, 0x0, 0x0, 0x20,
    0x7, 0xff, 0xfc, 0xc, 0x63, 0x18, 0x18, 0xc6,
    0x30, 0x31, 0x8c, 0x60, 0x63, 0x18, 0xc0, 0xc6,
    0x31, 0x8f, 0xff, 0xff, 0xc0,

    /* U+76EE "目" */
    0xff, 0xff, 0xc0, 0x3, 0xc0, 0x3, 0xc0, 0x3,
    0xc0, 0x3, 0xff, 0xff, 0xc0, 0x3, 0xc0, 0x3,
    0xc0, 0x3, 0xc0, 0x3, 0xc0, 0x3, 0xff, 0xff,
    0xc0, 0x3, 0xc0, 0x3, 0xc0, 0x3, 0xc0, 0x3,
    0xc0, 0x3, 0xff, 0xff, 0xc0, 0x3, 0xc0, 0x3,

    /* U+76F4 "直" */
    0x0, 0x70, 0x0, 0x1, 0x80, 0x7, 0xff, 0xff,
    0x0, 0x18, 0x0, 0x0, 0x60, 0x0, 0x1, 0x80,
    0x0, 0xff, 0xf8, 0x3, 0x0, 0x20, 0xc, 0x0,
    0x80, 0x3f, 0xfe, 0x0, 0xc0, 0x8, 0x3, 0x0,
    0x20, 0xf, 0xff, 0x80, 0x30, 0x2, 0x0, 0xc0,
    0x8, 0x3, 0x0, 0x20, 0xf, 0xff, 0x80, 0x30,
    0x2, 0x0, 0xc0, 0x8, 0x3f, 0xff, 0xff,

    /* U+7701 "省" */
    0x0, 0x60, 0x0, 0x1, 0x82, 0x0, 0x66, 0x1c,
    0x3, 0x18, 0x38, 0x18, 0x61, 0x38, 0xc1, 0x8e,
    0x66, 0x6, 0xf0, 0x0, 0x1e, 0x0, 0x3, 0xe0,
    0x0, 0xff, 0xff, 0x8f, 0xc0, 0x6, 0x13, 0x0,
    0x18, 0xc, 0x0, 0x60, 0x3f, 0xff, 0x80, 0xc0,
    0x6, 0x3, 0x0, 0x18, 0xf, 0xff, 0xe0, 0x30,
    0x1, 0x80, 0xc0, 0x6, 0x3, 0xff, 0xf8, 0xc,
    0x0, 0x60,

    /* U+770B "看" */
    0x0, 0x0, 0xf0, 0xff, 0xff, 0xc2, 0x6, 0x0,
    0x0, 0x18, 0x0, 0x1f, 0xff, 0xe0, 0x3, 0x0,
    0x0, 0xc, 0x0, 0x3f, 0xff, 0xff, 0x1, 0x80,
    0x0, 0xc, 0x0, 0x0, 0x7f, 0xfe, 0x3, 0x80,
    0x18, 0x3e, 0x0, 0x61, 0xdf, 0xff, 0x8e, 0x60,
    0x6, 0x11, 0x80, 0x18, 0x7, 0xff, 0xe0, 0x18,
    0x1, 0x80, 0x60, 0x6, 0x1, 0xff, 0xf8, 0x6,
    0x0, 0x60,

    /* U+771F "真" */
    0x0, 0x70, 0x0, 0x1, 0x80, 0x7, 0xff, 0xff,
    0x0, 0x18, 0x0, 0x0, 0x60, 0x0, 0x3f, 0xfe,
    0x0, 0xc0, 0x18, 0x3, 0xff, 0xe0, 0xc, 0x1,
    0x80, 0x30, 0x6, 0x0, 0xff, 0xf8, 0x3, 0x0,
    0x60, 0xc, 0x1, 0x80, 0x3f, 0xfe, 0x0, 0xc0,
    0x18, 0x3f, 0xff, 0xff, 0x1, 0x0, 0x0, 0x1e,
    0x1e, 0x1, 0xe0, 0x1f, 0x1e, 0x0, 0x1c, 0x0,
    0x0, 0x0,

    /* U+7720 "眠" */
    0x0, 0xff, 0xf3, 0xfb, 0xff, 0xcc, 0x6c, 0x3,
    0x31, 0xb0, 0xc, 0xc6, 0xc0, 0x33, 0x1b, 0x0,
    0xcf, 0xef, 0xff, 0x31, 0xb0, 0xc0, 0xc6, 0xc3,
    0x3, 0x1b, 0xc, 0xc, 0x6c, 0x30, 0x3f, 0xbf,
    0xfe, 0xc6, 0xc1, 0x3, 0x1b, 0x6, 0xc, 0x6c,
    0x18, 0x31, 0xb0, 0x60, 0xfe, 0xc4, 0xc3, 0x1b,
    0x73, 0x2c, 0xf, 0x86, 0x80, 0x38, 0x1e, 0x0,
    0x80, 0x30, 0x0, 0x0, 0x0,

    /* U+7740 "着" */
    0x1, 0x3, 0x0, 0xe, 0xc, 0x0, 0x18, 0x60,
    0x1f, 0xff, 0xfe, 0x0, 0x60, 0x0, 0x1, 0x80,
    0x3, 0xff, 0xff, 0x0, 0x30, 0x0, 0xff, 0xff,
    0xfc, 0x6, 0x0, 0x0, 0x30, 0x0, 0x1, 0xff,
    0xf8, 0xe, 0x0, 0x60, 0xf8, 0x1, 0x87, 0x7f,
    0xfe, 0x39, 0x80, 0x18, 0x7, 0xff, 0xe0, 0x18,
    0x1, 0x80, 0x60, 0x6, 0x1, 0xff, 0xf8, 0x6,
    0x0, 0x60,

    /* U+77E2 "矢" */
    0x0, 0x0, 0x0, 0x70, 0x0, 0x3, 0x0, 0x0,
    0x18, 0x0, 0x1, 0xff, 0xfc, 0xc, 0x30, 0x0,
    0xc1, 0x80, 0x6, 0xc, 0x0, 0x60, 0x60, 0x0,
    0x3, 0x0, 0x0, 0x18, 0x1, 0xff, 0xff, 0xe0,
    0x7, 0x0, 0x0, 0x68, 0x0, 0x3, 0x60, 0x0,
    0x31, 0x80, 0x3, 0xe, 0x0, 0x38, 0x38, 0x7,
    0x80, 0xf0, 0xf0, 0x1, 0xef, 0x0, 0x7, 0x20,
    0x0, 0x0,

    /* U+77E5 "知" */
    0x18, 0x0, 0x0, 0xc0, 0x0, 0x6, 0x0, 0x0,
    0x20, 0x1f, 0xf3, 0xfe, 0xc1, 0x99, 0x86, 0xd,
    0x8c, 0x30, 0x6c, 0x61, 0x83, 0x3, 0xc, 0x18,
    0x18, 0x60, 0xff, 0xfb, 0x6, 0xe, 0x18, 0x30,
    0x60, 0xc1, 0x83, 0x6, 0xc, 0x3c, 0x30, 0x61,
    0xb1, 0x83, 0x1c, 0xcf, 0xf8, 0xc3, 0x60, 0xce,
    0x3, 0x6, 0xe0, 0x18, 0x6, 0x0, 0x0, 0x0,

    /* U+77E9 "矩" */
    0x10, 0x0, 0x0, 0x30, 0x0, 0x0, 0x60, 0x7f,
    0xf1, 0xc0, 0xc0, 0x3, 0x1, 0x80, 0x7, 0xfb,
    0x0, 0x19, 0x86, 0x0, 0x33, 0xc, 0x0, 0x6,
    0x1f, 0xf8, 0xc, 0x30, 0x30, 0x18, 0x60, 0x67,
    0xfe, 0xc0, 0xc0, 0x61, 0x81, 0x80, 0xc3, 0x3,
    0x3, 0x87, 0xfe, 0x7, 0x8c, 0x0, 0xd, 0x98,
    0x0, 0x3b, 0xb0, 0x0, 0xe3, 0x60, 0x3, 0x82,
    0xc0, 0xe, 0x1, 0xff, 0xe8, 0x0, 0x0, 0x0,

    /* U+77EE "矮" */
    0x20, 0x0, 0x20, 0xc0, 0x7f, 0xc3, 0x3, 0xf0,
    0xc, 0x0, 0xc0, 0x7f, 0x3, 0x1, 0xb1, 0xff,
    0xec, 0xc0, 0xfc, 0x33, 0x2, 0xd0, 0xc, 0x33,
    0x60, 0x31, 0x8c, 0xef, 0xf4, 0x0, 0x83, 0x1,
    0x80, 0xc, 0x6, 0x0, 0x63, 0xff, 0xf1, 0xc0,
    0xc6, 0x7, 0x86, 0x10, 0x33, 0x1e, 0xc0, 0xc6,
    0x1f, 0x6, 0x10, 0x3f, 0x38, 0x7, 0x8f, 0xc0,
    0xf8, 0x8, 0x0, 0x0, 0x0,

    /* U+7801 "码" */
    0x0, 0x1c, 0x1, 0xff, 0x7f, 0xc0, 0xc0, 0x3,
    0x3, 0x3, 0xc, 0xc, 0xc, 0x30, 0x20, 0x30,
    0xc1, 0x80, 0xc2, 0x7, 0xe3, 0x8, 0x1f, 0x88,
    0x20, 0xe2, 0x21, 0x83, 0x88, 0xff, 0xde, 0x20,
    0x3, 0x58, 0x80, 0xc, 0x62, 0x0, 0x31, 0x8b,
    0xfe, 0xc7, 0xe0, 0x3, 0x18, 0x80, 0xc, 0x62,
    0x0, 0x71, 0x80, 0x1, 0x80, 0x0, 0x3e, 0x0,
    0x0, 0xc0,

    /* U+7834 "破" */
    0x0, 0x1, 0x80, 0x0, 0x3, 0x0, 0x0, 0x6,
    0x3, 0xfe, 0xc, 0x7, 0xfd, 0xff, 0xc1, 0x83,
    0x31, 0x3, 0x6, 0x66, 0x4, 0xc, 0xcc, 0x18,
    0x19, 0x80, 0x3f, 0x33, 0x0, 0xfe, 0x7f, 0xe3,
    0xcc, 0xf0, 0xc7, 0x99, 0xe1, 0x1b, 0x33, 0x46,
    0x6, 0x64, 0x8c, 0xc, 0xc9, 0x98, 0x19, 0xb1,
    0x60, 0x3f, 0x63, 0x80, 0x66, 0xc7, 0x0, 0xcf,
    0x1f, 0x81, 0x86, 0x73, 0x80, 0x9, 0x83, 0x80,
    0x0, 0x0, 0x0,

    /* U+786C "硬" */
    0x0, 0x60, 0x1, 0xfd, 0xff, 0xe0, 0x80, 0x30,
    0x6, 0x0, 0xc0, 0x18, 0x3, 0x0, 0x61, 0xff,
    0xc1, 0x6, 0x33, 0xf, 0xd8, 0xcc, 0x3f, 0x7f,
    0xf1, 0xc5, 0x8c, 0xcf, 0x16, 0x33, 0x1c, 0x58,
    0xcc, 0x31, 0x7f, 0xf0, 0xc4, 0xc, 0x3, 0x13,
    0x30, 0xf, 0xcf, 0x80, 0x31, 0xe, 0x0, 0xc4,
    0x3c, 0x3, 0x11, 0xfe, 0xc, 0x1c, 0x3f, 0x0,
    0x60, 0x18,

    /* U+786E "确" */
    0x0, 0x8, 0x0, 0x0, 0x70, 0x0, 0x7, 0x0,
    0xff, 0x3f, 0xc0, 0xc3, 0x4, 0x4, 0x30, 0x60,
    0x63, 0x2, 0x3, 0xf, 0xff, 0x10, 0x31, 0x99,
    0xfd, 0x8c, 0xdc, 0x6c, 0x67, 0xe3, 0x7f, 0xff,
    0x1b, 0x19, 0xb8, 0xd8, 0xcc, 0xc6, 0xc6, 0x66,
    0x37, 0xff, 0x31, 0xbf, 0xf9, 0xfd, 0x8c, 0xcc,
    0x7c, 0x66, 0x63, 0xc3, 0x33, 0xe, 0x1b, 0x80,
    0x20, 0x18,

    /* U+788E "碎" */
    0x0, 0x1, 0x0, 0x0, 0x6, 0x1, 0xfe, 0x6,
    0x0, 0x61, 0xff, 0xe0, 0xc0, 0x0, 0x3, 0x1,
    0x84, 0x6, 0x3, 0xc, 0xc, 0x4, 0x30, 0x30,
    0x18, 0x60, 0xff, 0x3c, 0xe3, 0xc6, 0xcb, 0x77,
    0x8d, 0x86, 0x63, 0x1a, 0x0, 0x6, 0x30, 0x30,
    0xc, 0x60, 0x60, 0x18, 0xdf, 0xfe, 0x31, 0xbf,
    0xfc, 0x7f, 0x3, 0x0, 0xc6, 0x6, 0x1, 0x8c,
    0xc, 0x3, 0x0, 0x18, 0x0, 0x0, 0x30, 0x0,

    /* U+78B0 "碰" */
    0x0, 0x8, 0x60, 0x0, 0x31, 0x80, 0x0, 0xc6,
    0x1f, 0xe0, 0x30, 0xc, 0x3f, 0xfc, 0x30, 0x1b,
    0x1, 0x80, 0x6c, 0x6, 0x1, 0xb0, 0x18, 0x66,
    0xcc, 0xfe, 0x9b, 0x33, 0x1a, 0x6c, 0x9c, 0x69,
    0xb2, 0xd1, 0xb6, 0xd9, 0x46, 0xdb, 0x61, 0x1b,
    0x6d, 0x4, 0x6d, 0xbc, 0x11, 0x86, 0xc0, 0x7e,
    0x1b, 0x1, 0x18, 0x6c, 0x4, 0x61, 0xb0, 0x10,
    0x7f, 0xfc,

    /* U+793A "示" */
    0x1f, 0xff, 0xc0, 0x0, 0x0, 0x0, 0x0, 0x0,
    0x0, 0x0, 0x0, 0x0, 0x0, 0x0, 0x0, 0x0,
    0x0, 0xf, 0xff, 0xff, 0x0, 0x30, 0x0, 0x3,
    0x0, 0x4, 0x30, 0x0, 0xc3, 0x30, 0xc, 0x31,
    0x81, 0x83, 0xc, 0x38, 0x30, 0xe7, 0x3, 0x6,
    0x60, 0x30, 0x3e, 0x3, 0x2, 0x1, 0xf0, 0x0,
    0x1e, 0x0,

    /* U+793E "社" */
    0xc, 0x3, 0x0, 0x30, 0xc, 0x0, 0x60, 0x30,
    0x1, 0x0, 0xc0, 0x0, 0x3, 0x2, 0x0, 0xc,
    0xf, 0xf0, 0x30, 0x0, 0xdf, 0xfe, 0x6, 0x7f,
    0xf8, 0x38, 0xc, 0x0, 0xc0, 0x30, 0x7, 0xc0,
    0xc0, 0x3d, 0x83, 0x3, 0xb3, 0xc, 0xc, 0xc0,
    0x30, 0x3, 0x0, 0xc0, 0xc, 0x3, 0x0, 0x30,
    0xc, 0x0, 0xcf, 0xff, 0xc3, 0x0, 0x0, 0xc,
    0x0, 0x0,

    /* U+79BB "离" */
    0x0, 0x60, 0x0, 0x3, 0x80, 0x3f, 0xff, 0xfe,
    0x0, 0xc, 0x0, 0x3c, 0xe0, 0x18, 0x7c, 0x10,
    0xc3, 0xf8, 0x86, 0xf0, 0xe4, 0x32, 0x0, 0x21,
    0xff, 0xff, 0x0, 0x10, 0x0, 0x0, 0xc0, 0x0,
    0xe, 0x0, 0x3f, 0xff, 0xfd, 0x86, 0x0, 0x6c,
    0x60, 0xc3, 0x67, 0x7, 0x1b, 0x3f, 0xfc, 0xd9,
    0x80, 0x46, 0xc0, 0x1, 0xe6, 0x0, 0x7, 0x0,

    /* U+79C1 "私" */
    0x0, 0x40, 0x0, 0x3f, 0x84, 0x7, 0xf0, 0x18,
    0x11, 0x80, 0xe0, 0x6, 0x3, 0x0, 0x18, 0xc,
    0x0, 0x60, 0x30, 0x3f, 0xf8, 0xc0, 0xe, 0x6,
    0x0, 0x38, 0x18, 0x1, 0xf8, 0x66, 0x7, 0xb3,
    0x18, 0x3e, 0xec, 0x70, 0xd9, 0x30, 0xc6, 0x61,
    0x83, 0x39, 0x86, 0x6, 0x46, 0x18, 0x38, 0x18,
    0xff, 0xf0, 0x63, 0xe0, 0xc1, 0x88, 0x2, 0x6,
    0x0, 0x0,

    /* U+79CB "秋" */
    0x0, 0x0, 0x0, 0x1, 0x83, 0x0, 0x3f, 0x86,
    0x3, 0xf0, 0xc, 0x0, 0x60, 0x18, 0x0, 0xc0,
    0x30, 0x1, 0x86, 0x63, 0x3, 0xc, 0xcc, 0x7f,
    0xd9, 0x98, 0x1c, 0x33, 0x30, 0x38, 0x66, 0xc0,
    0x74, 0xdc, 0x81, 0xec, 0x3c, 0x3, 0xdc, 0x78,
    0xd, 0x98, 0xd0, 0x33, 0x3, 0x30, 0xe6, 0x6,
    0x60, 0x8c, 0x18, 0x60, 0x18, 0x70, 0xe0, 0x31,
    0xc0, 0xe0, 0x67, 0x0, 0xe0, 0xcc, 0x0, 0x80,

    /* U+79CD "种" */
    0x0, 0x3, 0x0, 0x18, 0x18, 0x7, 0xe0, 0xc1,
    0xf8, 0x6, 0x0, 0xc0, 0x30, 0x6, 0x1f, 0xfc,
    0x30, 0xcc, 0x61, 0x86, 0x63, 0xff, 0xb3, 0x18,
    0xe1, 0x98, 0xc7, 0xc, 0xc6, 0x3e, 0x66, 0x33,
    0xdb, 0x31, 0x9e, 0x7f, 0xfd, 0xb0, 0xcc, 0x7d,
    0x86, 0x63, 0xcc, 0x3, 0x4, 0x60, 0x18, 0x3,
    0x0, 0xc0, 0x18, 0x6, 0x0, 0xc0, 0x30, 0x6,
    0x1, 0x80,

    /* U+79D2 "秒" */
    0x0, 0x1, 0x80, 0x3, 0x3, 0x0, 0x7f, 0x6,
    0x1, 0xf0, 0xc, 0x0, 0x60, 0x19, 0x0, 0xc1,
    0xb7, 0x1, 0x82, 0x67, 0x3f, 0xec, 0xc6, 0x7f,
    0xd9, 0x86, 0x1c, 0x33, 0x8, 0x38, 0x66, 0x0,
    0x77, 0x8c, 0xe1, 0xec, 0x19, 0x83, 0xcc, 0x33,
    0xd, 0x90, 0xc, 0x3b, 0x0, 0x38, 0x66, 0x0,
    0xe0, 0x8c, 0x3, 0x80, 0x18, 0x1e, 0x0, 0x31,
    0xf0, 0x0, 0x67, 0xc0, 0x0, 0xcc, 0x0, 0x0,

    /* U+79F0 "称" */
    0x0, 0xc, 0x0, 0xe, 0x30, 0xf, 0xf9, 0x80,
    0x1f, 0x6, 0x0, 0xc, 0x1f, 0xf8, 0x30, 0xc0,
    0xe0, 0xc3, 0x3, 0x3f, 0xf8, 0xcc, 0x1c, 0x23,
    0x0, 0x70, 0xc, 0x3, 0xf0, 0x30, 0xf, 0xcc,
    0xd8, 0x2d, 0xb3, 0x31, 0xb4, 0xcc, 0xcc, 0xc6,
    0x31, 0xb3, 0x18, 0xc6, 0x8c, 0xc3, 0xc, 0x33,
    0xc, 0x0, 0xc0, 0x30, 0x3, 0x3, 0xc0, 0xc,
    0xe, 0x0,

    /* U+79FB "移" */
    0x0, 0x2, 0x0, 0xf, 0x1c, 0x7, 0xfc, 0x60,
    0x9, 0x83, 0xfe, 0x6, 0xc, 0x18, 0x18, 0x68,
    0xc0, 0x63, 0x73, 0x1f, 0xf0, 0xf8, 0x6, 0x1,
    0xc0, 0x38, 0x1c, 0x0, 0xe3, 0xfc, 0x7, 0xee,
    0x60, 0x1e, 0xc3, 0xfc, 0xd9, 0x18, 0x37, 0x60,
    0xe0, 0xd9, 0x87, 0x46, 0x66, 0x1, 0xb8, 0x18,
    0x3, 0xc0, 0x60, 0xe, 0x1, 0x80, 0x70, 0x6,
    0x3f, 0x80, 0x18, 0xf8, 0x0, 0x2, 0x0, 0x0,

    /* U+7A0B "程" */
    0x7, 0x0, 0x3, 0xfc, 0xff, 0xe0, 0xc3, 0x1,
    0x83, 0xc, 0x6, 0xc, 0x30, 0x18, 0x30, 0xff,
    0xef, 0xf3, 0xff, 0x83, 0x0, 0x0, 0x1c, 0x0,
    0x0, 0x70, 0x0, 0x1, 0xc7, 0xff, 0x8f, 0x40,
    0xc0, 0x7d, 0x83, 0x1, 0xb6, 0xc, 0xc, 0xc3,
    0xff, 0xb3, 0x0, 0xc0, 0xc, 0x3, 0x0, 0x30,
    0xc, 0x0, 0xc0, 0x30, 0x3, 0x0, 0xc0, 0xc,
    0xff, 0xfc,

    /* U+7A0D "稍" */
    0x1, 0x1, 0x80, 0x3c, 0x86, 0x37, 0xe3, 0x19,
    0x9b, 0xe, 0x64, 0xc, 0x19, 0xb0, 0x30, 0x6,
    0x0, 0xc0, 0x18, 0x3f, 0xef, 0xfe, 0xc, 0x30,
    0x18, 0x70, 0xc0, 0x61, 0xc3, 0x1, 0x8f, 0xcf,
    0xfe, 0x3f, 0x30, 0x19, 0xb6, 0xc0, 0x66, 0xd3,
    0x1, 0xb3, 0xf, 0xfe, 0xc, 0x30, 0x18, 0x30,
    0xc0, 0x60, 0xc3, 0x1, 0x83, 0xc, 0x1e, 0xc,
    0x30, 0x30,

    /* U+7A7A "空" */
    0x0, 0x70, 0x0, 0x0, 0xc0, 0x0, 0x3, 0x0,
    0x1f, 0xff, 0xfc, 0x60, 0x0, 0x31, 0x84, 0x0,
    0xc6, 0x38, 0x73, 0x3, 0xc0, 0xf0, 0x1c, 0x1,
    0xe1, 0xe0, 0x1, 0xe7, 0x0, 0x3, 0x0, 0x0,
    0x0, 0x1f, 0xff, 0xe0, 0x0, 0xc0, 0x0, 0x3,
    0x0, 0x0, 0xc, 0x0, 0x0, 0x30, 0x0, 0x0,
    0xc0, 0x0, 0x3, 0x0, 0x0, 0xc, 0x0, 0xff,
    0xff, 0xfc,

    /* U+7A81 "突" */
    0x0, 0x20, 0x0, 0x3, 0x0, 0x0, 0x1c, 0x1,
    0xff, 0xff, 0xfc, 0x0, 0x1, 0xe1, 0x81, 0xf,
    0x1e, 0x1e, 0x1, 0xc0, 0x3c, 0x38, 0x60, 0x7b,
    0x83, 0x38, 0x80, 0x18, 0xe0, 0x0, 0xc2, 0xf,
    0xff, 0xff, 0xff, 0xff, 0xfc, 0x3, 0xc0, 0x0,
    0x1b, 0x0, 0x1, 0xcc, 0x0, 0x1c, 0x38, 0x1,
    0xc0, 0xe0, 0x3c, 0x3, 0xef, 0x80, 0xf, 0xb0,
    0x0, 0x8,

    /* U+7A84 "窄" */
    0x0, 0x40, 0x0, 0x6, 0x0, 0x0, 0x60, 0xf,
    0xff, 0xff, 0xc0, 0x0, 0x3c, 0x20, 0xe3, 0xf,
    0x7, 0x81, 0xc0, 0x1c, 0x79, 0xc0, 0xc2, 0x38,
    0x0, 0x7, 0xff, 0xf0, 0xf8, 0x0, 0x1d, 0x80,
    0x3, 0x18, 0x0, 0xe1, 0xff, 0xe0, 0x18, 0x0,
    0x1, 0x80, 0x0, 0x1f, 0xfe, 0x1, 0x80, 0x0,
    0x18, 0x0, 0x1, 0x80, 0x0,

    /* U+7A97 "窗" */
    0x0, 0x40, 0x0, 0xc, 0x0, 0x0, 0x40, 0xf,
    0xff, 0xff, 0xc0, 0x8, 0x3c, 0x60, 0xe3, 0xde,
    0x87, 0xc7, 0x8c, 0x1e, 0x60, 0x80, 0x44, 0x18,
    0x0, 0x3f, 0xff, 0xc3, 0x0, 0xc, 0x31, 0x80,
    0xc3, 0x3f, 0xec, 0x36, 0xc, 0xc3, 0x59, 0x8c,
    0x30, 0xf0, 0xc3, 0x1f, 0xc, 0x37, 0xf8, 0xc3,
    0x1, 0xc, 0x3f, 0xff, 0xc3, 0x0, 0xc,

    /* U+7A9D "窝" */
    0x0, 0x30, 0x0, 0x1, 0x80, 0x3f, 0xff, 0xff,
    0x80, 0x0, 0x3c, 0x30, 0x79, 0x8f, 0x40, 0xf1,
    0xe0, 0x0, 0xc1, 0xff, 0xf8, 0xc, 0x0, 0xc0,
    0x60, 0x6, 0x3, 0xff, 0xf0, 0x0, 0x60, 0x0,
    0x3, 0x0, 0x3f, 0xff, 0xf9, 0x81, 0x80, 0xcc,
    0x1f, 0x6, 0x61, 0xde, 0x33, 0x3c, 0x39, 0x98,
    0xc0, 0xc, 0xc0, 0x3, 0xe6, 0x0, 0xf, 0x0,

    /* U+7ACB "立" */
    0x0, 0x40, 0x0, 0x6, 0x0, 0x0, 0x18, 0x0,
    0x0, 0xe0, 0x0, 0x0, 0x0, 0x3f, 0xff, 0xf0,
    0x0, 0x0, 0x0, 0x0, 0x20, 0x8, 0x1, 0x80,
    0x60, 0xc, 0x3, 0x0, 0xc0, 0xc, 0x6, 0x0,
    0x60, 0x30, 0x1, 0x83, 0x0, 0xc, 0x18, 0x0,
    0x70, 0xc0, 0x1, 0x8c, 0x0, 0x0, 0x60, 0x3f,
    0xff, 0xff, 0xff, 0xff, 0xf0,

    /* U+7AD6 "竖" */
    0x3, 0x0, 0x1, 0x8d, 0xff, 0xc6, 0x31, 0x87,
    0x18, 0xc6, 0x18, 0x63, 0xc, 0xc1, 0x8c, 0x33,
    0x6, 0x30, 0x78, 0x18, 0xc1, 0xe0, 0x63, 0x1d,
    0xe1, 0x8d, 0xc1, 0xf0, 0x0, 0x1, 0x80, 0x1c,
    0x0, 0x0, 0x30, 0x1, 0xff, 0xff, 0xc0, 0x0,
    0x0, 0x1, 0x80, 0x60, 0x7, 0x3, 0x80, 0xc,
    0xc, 0x0, 0x38, 0x30, 0x0, 0x1, 0x80, 0xff,
    0xff, 0xfc,

    /* U+7AD9 "站" */
    0x8, 0x3, 0x0, 0x60, 0xc, 0x0, 0xc0, 0x30,
    0x3, 0x0, 0xc0, 0x8, 0x3, 0x3, 0xff, 0xf,
    0xf0, 0x0, 0x30, 0x0, 0x0, 0xc0, 0x21, 0x83,
    0x1, 0x86, 0xc, 0x6, 0x10, 0x30, 0xc, 0x4f,
    0xfc, 0x33, 0x30, 0x30, 0xcc, 0xc0, 0xc1, 0x33,
    0x3, 0x0, 0x8c, 0xc, 0x7, 0xf0, 0x31, 0xfe,
    0xc0, 0xcf, 0x3, 0xff, 0x0, 0xc, 0xc, 0x0,
    0x30, 0x30,

    /* U+7AEF "端" */
    0x0, 0x1, 0x0, 0x60, 0xc4, 0x60, 0xc3, 0x11,
    0x83, 0x8c, 0x46, 0x4, 0x31, 0x18, 0x0, 0xc4,
    0x67, 0xfb, 0xff, 0x80, 0x0, 0x0, 0x2, 0x0,
    0x1, 0x8c, 0xff, 0xf6, 0x30, 0x10, 0xc, 0xc0,
    0x40, 0x33, 0x1, 0x0, 0xc8, 0xff, 0xf3, 0x62,
    0x6c, 0xc9, 0x89, 0xb3, 0x5, 0xa6, 0xcc, 0x7e,
    0x9b, 0x3f, 0xc2, 0x6c, 0xd0, 0x9, 0xb3, 0x0,
    0x20, 0x1c, 0x0, 0x80, 0xe0,

    /* U+7B26 "符" */
    0xc, 0x3, 0x80, 0x18, 0x6, 0x0, 0x7f, 0xdf,
    0xf9, 0x8c, 0x33, 0x3, 0x18, 0xc3, 0xc, 0x19,
    0x86, 0x18, 0x32, 0xc, 0x3, 0x80, 0x30, 0x6,
    0x0, 0x60, 0x1c, 0x0, 0xc0, 0x73, 0xff, 0xf9,
    0xe0, 0x3, 0x7, 0xc1, 0x6, 0x1d, 0x86, 0xc,
    0x13, 0x6, 0x18, 0x6, 0xe, 0x30, 0xc, 0x8,
    0x60, 0x18, 0x0, 0xc0, 0x30, 0x1, 0x80, 0x60,
    0x1f, 0x0, 0xc0, 0x1c, 0x0,

    /* U+7B2C "第" */
    0xe, 0x6, 0x0, 0xc0, 0x30, 0x7, 0xfb, 0xfe,
    0x66, 0x19, 0x86, 0x11, 0x8e, 0x60, 0x84, 0x20,
    0xff, 0xff, 0x80, 0x6, 0xc, 0x0, 0x30, 0x60,
    0x1, 0x83, 0xf, 0xff, 0xf8, 0x60, 0x60, 0x3,
    0x3, 0x0, 0x18, 0x18, 0x0, 0xff, 0xff, 0xe0,
    0x1e, 0x2, 0x1, 0xb0, 0x30, 0x39, 0x81, 0x8f,
    0xc, 0x7c, 0xe0, 0x63, 0x84, 0x3, 0x0, 0x0,

    /* U+7B49 "等" */
    0x1c, 0x3, 0x0, 0x60, 0xc, 0x3, 0xfe, 0x7f,
    0xcc, 0xc3, 0x18, 0x63, 0x1c, 0x21, 0x8e, 0xc0,
    0xc0, 0x3, 0x0, 0x7, 0xff, 0xf8, 0x0, 0x30,
    0x0, 0x0, 0xc0, 0x0, 0x3, 0x0, 0x3f, 0xff,
    0xff, 0x0, 0x1, 0x80, 0x0, 0x6, 0x0, 0x0,
    0x18, 0xf, 0xff, 0xfe, 0x2, 0x1, 0x80, 0x18,
    0x6, 0x0, 0x30, 0x18, 0x0, 0x40, 0x60, 0x0,
    0xf, 0x80, 0x0, 0x38, 0x0,

    /* U+7B54 "答" */
    0x0, 0x0, 0x0, 0x1c, 0x6, 0x0, 0x30, 0xc,
    0x0, 0xff, 0xbf, 0xe1, 0xb0, 0xc6, 0x6, 0x21,
    0x86, 0x18, 0x6c, 0xc, 0x10, 0xb8, 0x18, 0x0,
    0x78, 0x0, 0x1, 0x9c, 0x0, 0xe, 0x1e, 0x0,
    0x38, 0x1f, 0x3, 0xff, 0xef, 0xef, 0x0, 0x3,
    0x88, 0x0, 0x0, 0x3, 0xff, 0xe0, 0x6, 0x0,
    0xc0, 0xc, 0x1, 0x80, 0x18, 0x3, 0x0, 0x3f,
    0xfe, 0x0, 0x60, 0xc, 0x0, 0xc0, 0x18, 0x0,

    /* U+7B56 "策" */
    0xe, 0x3, 0x0, 0x38, 0xc, 0x0, 0xff, 0xbf,
    0xfb, 0x98, 0xe6, 0xe, 0x31, 0x8c, 0x0, 0x66,
    0x18, 0x0, 0xc, 0x0, 0x3f, 0xff, 0xfe, 0x0,
    0x30, 0x0, 0x0, 0x60, 0x0, 0x7f, 0xff, 0xc0,
    0xc1, 0x81, 0x81, 0x87, 0x3, 0x3, 0x1f, 0x1e,
    0x6, 0x3f, 0x3c, 0x0, 0xdb, 0x0, 0x7, 0x33,
    0x80, 0x1c, 0x63, 0xe0, 0xf0, 0xc1, 0xf3, 0x81,
    0x80, 0xe2, 0x3, 0x0, 0x0,

    /* U+7B5B "筛" */
    0x0, 0x0, 0x0, 0xc, 0x3, 0x0, 0x30, 0xc,
    0x0, 0xff, 0xbf, 0xf3, 0xb0, 0xe6, 0xe, 0x33,
    0x86, 0x8, 0x0, 0x0, 0x1, 0x0, 0x3, 0x33,
    0x7f, 0xfe, 0x66, 0x3, 0x0, 0xcc, 0x6, 0x1,
    0x98, 0xc, 0x3, 0x33, 0xff, 0xc6, 0x66, 0x31,
    0x8c, 0xcc, 0x63, 0x19, 0x98, 0xc6, 0x33, 0x31,
    0x8c, 0x6c, 0x63, 0x18, 0x18, 0xc6, 0xf0, 0x61,
    0x8c, 0xc3, 0x80, 0x18, 0x2, 0x0, 0x30, 0x0,

    /* U+7B7E "签" */
    0xe, 0x3, 0x0, 0x30, 0x18, 0x1, 0xfe, 0xff,
    0x8c, 0xc3, 0x30, 0x63, 0x18, 0xc3, 0x89, 0x81,
    0x0, 0x7, 0x0, 0x0, 0x3e, 0x0, 0x3, 0x8c,
    0x0, 0x1c, 0x1c, 0x3, 0xe0, 0x1c, 0x3c, 0xff,
    0xce, 0x0, 0x0, 0x0, 0x1, 0x86, 0x0, 0xc6,
    0x18, 0x3, 0x18, 0xc0, 0x6, 0x23, 0x0, 0x18,
    0x8c, 0x0, 0x20, 0x60, 0x0, 0x1, 0x80, 0x7f,
    0xff, 0xf0,

    /* U+7B80 "简" */
    0x6, 0x3, 0x0, 0x30, 0x18, 0x1, 0xfe, 0x7f,
    0xce, 0xc3, 0x30, 0x71, 0x98, 0xc1, 0x6, 0x41,
    0x0, 0xc0, 0x0, 0x1, 0xbf, 0xfc, 0x32, 0x0,
    0x30, 0xc0, 0x0, 0xc3, 0x1f, 0xe3, 0xc, 0x61,
    0x8c, 0x31, 0x86, 0x30, 0xc7, 0xf8, 0xc3, 0x18,
    0x63, 0xc, 0x61, 0x8c, 0x31, 0x86, 0x30, 0xc7,
    0xf8, 0xc3, 0x0, 0x3, 0xc, 0x0, 0x3c, 0x30,
    0x0, 0xe0,

    /* U+7B97 "算" */
    0xc, 0x6, 0x0, 0x60, 0x18, 0x3, 0xfe, 0xff,
    0x98, 0xc6, 0x30, 0x2, 0x8, 0x0, 0x3f, 0xff,
    0x0, 0xc0, 0xc, 0x3, 0xff, 0xf0, 0xf, 0xff,
    0xc0, 0x30, 0x3, 0x0, 0xff, 0xfc, 0x3, 0x0,
    0x30, 0xc, 0x0, 0xc0, 0x3f, 0xff, 0x0, 0xc,
    0x30, 0x0, 0x30, 0xc0, 0xff, 0xff, 0xfc, 0x6,
    0xc, 0x0, 0x38, 0x30, 0x7, 0x80, 0xc0, 0x38,
    0x3, 0x0,

    /* U+7BA1 "管" */
    0xe, 0x7, 0x0, 0x70, 0x18, 0x1, 0xfe, 0x7f,
    0xdc, 0xc3, 0x30, 0xe3, 0x38, 0xe1, 0x9, 0x81,
    0x0, 0x3, 0x0, 0x3f, 0xff, 0xfe, 0xc0, 0x0,
    0x1b, 0x0, 0x0, 0x60, 0xff, 0xf8, 0x3, 0x0,
    0x60, 0xc, 0x1, 0x80, 0x3f, 0xfe, 0x0, 0xc0,
    0x0, 0x3, 0x0, 0x0, 0xf, 0xff, 0xc0, 0x30,
    0x3, 0x0, 0xc0, 0xc, 0x3, 0xff, 0xf0, 0xc,
    0x0, 0xc0,

    /* U+7C7B "类" */
    0x0, 0x60, 0x80, 0xc3, 0xe, 0x3, 0x8, 0x60,
    0xc, 0x46, 0x0, 0x22, 0x20, 0x7f, 0xff, 0xfc,
    0x7, 0x90, 0x0, 0x74, 0xe0, 0x7, 0x23, 0xc0,
    0xe1, 0x7, 0x3e, 0x8, 0x1c, 0xc0, 0x60, 0x40,
    0x3, 0x0, 0x7f, 0xff, 0xfc, 0x1, 0xc0, 0x0,
    0x1b, 0x0, 0x1, 0xce, 0x0, 0x1c, 0x38, 0x7,
    0x80, 0x79, 0xf0, 0x1, 0xf6, 0x0, 0x1, 0x0,

    /* U+7C97 "粗" */
    0x6, 0x0, 0x0, 0xc, 0x9f, 0xf1, 0x99, 0xb0,
    0x61, 0x32, 0x60, 0xc3, 0x6c, 0xc1, 0x86, 0xd9,
    0x83, 0x1, 0x83, 0x6, 0x3, 0x7, 0xfc, 0x7f,
    0xec, 0x18, 0xc, 0x18, 0x30, 0x38, 0x30, 0x60,
    0x76, 0x60, 0xc1, 0xec, 0xff, 0x86, 0xcd, 0x83,
    0xd, 0x93, 0x6, 0x33, 0x6, 0xc, 0x66, 0xc,
    0x18, 0x8c, 0x18, 0x30, 0x18, 0x30, 0x60, 0x33,
    0xff, 0xf0, 0x60, 0x0, 0x0,

    /* U+7CDF "糟" */
    0xc, 0x6, 0x60, 0x18, 0xc, 0xc1, 0x33, 0xff,
    0xfb, 0x6c, 0x33, 0x6, 0xd0, 0x66, 0x5, 0xa7,
    0xff, 0xc3, 0xd, 0x99, 0x86, 0x1b, 0x33, 0x7f,
    0xbf, 0xfe, 0x38, 0x6c, 0xcc, 0x70, 0xd9, 0x98,
    0xe9, 0xff, 0xf3, 0xd0, 0x0, 0x7, 0x93, 0xff,
    0x9b, 0x4, 0x3, 0x36, 0x8, 0x6, 0xcc, 0x1f,
    0xfc, 0x98, 0x20, 0x18, 0x30, 0x40, 0x30, 0x60,
    0xff, 0xe0, 0xc1, 0x0, 0xc0,

    /* U+7CFB "系" */
    0x0, 0x0, 0x40, 0x0, 0x7f, 0x1f, 0xff, 0x0,
    0x1, 0xc0, 0x0, 0xc, 0x0, 0x0, 0xc1, 0xc0,
    0xc, 0x1e, 0x0, 0xc1, 0xc0, 0x1f, 0xf8, 0x0,
    0x7, 0x88, 0x0, 0x70, 0xe0, 0x7, 0x3, 0xc1,
    0xe0, 0xf, 0x1f, 0xff, 0xfc, 0x80, 0xc0, 0x60,
    0x6, 0x0, 0xc, 0x31, 0x80, 0xe1, 0x8e, 0xc,
    0xc, 0x3c, 0xc0, 0x60, 0x7c, 0x1f, 0x1, 0x0,
    0xf8, 0x0, 0x0, 0x0, 0x0,

    /* U+7D20 "素" */
    0x0, 0x60, 0x0, 0x6, 0x0, 0x7f, 0xff, 0xe0,
    0x6, 0x0, 0x0, 0x60, 0x3, 0xff, 0xfc, 0x0,
    0x60, 0x0, 0x6, 0x0, 0xff, 0xff, 0xf0, 0x18,
    0x20, 0x7, 0x7, 0x1, 0xff, 0xc0, 0x0, 0x71,
    0x80, 0x1c, 0xc, 0x3f, 0xff, 0xe3, 0xf2, 0x2,
    0x4, 0x22, 0x1, 0xe2, 0x3c, 0x78, 0x61, 0xfe,
    0x1e, 0x7, 0x0, 0xe0, 0x0,

    /* U+7D22 "索" */
    0x0, 0x60, 0x0, 0x6, 0x0, 0x7f, 0xff, 0xe0,
    0x6, 0x0, 0x0, 0x60, 0xf, 0xff, 0xff, 0xc0,
    0x0, 0x3c, 0x1c, 0x3, 0xc3, 0x86, 0x30, 0x60,
    0xe0, 0x1f, 0xf8, 0x1, 0xe, 0x10, 0x3, 0x83,
    0x80, 0xf0, 0x1c, 0x7f, 0xff, 0xe3, 0xf6, 0x6,
    0x8, 0x60, 0x1, 0xc6, 0x38, 0x38, 0x61, 0xce,
    0x6, 0x7, 0xc1, 0xe0, 0x20, 0x10, 0x0,

    /* U+7D27 "紧" */
    0x6, 0x0, 0x1, 0x99, 0xff, 0xc6, 0x61, 0x86,
    0x19, 0x87, 0x38, 0x66, 0xf, 0xc1, 0x98, 0x1c,
    0x6, 0x61, 0xfe, 0x19, 0x9e, 0x3e, 0x1, 0x83,
    0x38, 0xf, 0x1c, 0x0, 0xe0, 0xe0, 0x7, 0xfe,
    0x0, 0x0, 0xc1, 0x80, 0x1c, 0x3, 0x7, 0xff,
    0xfe, 0xe, 0xc, 0xc, 0x6, 0x33, 0x80, 0x70,
    0xc7, 0x7, 0x83, 0x7, 0x18, 0x7c, 0xc, 0x1,
    0xe0, 0x0,

    /* U+7D2B "紫" */
    0x3, 0xc, 0x0, 0x18, 0x61, 0xc, 0xc3, 0x3c,
    0x67, 0xdf, 0x83, 0x30, 0xc0, 0x19, 0x86, 0xc,
    0xcc, 0xb0, 0x7f, 0xfd, 0xff, 0x40, 0xc0, 0x0,
    0xc, 0x10, 0x1, 0xc3, 0xc0, 0x3f, 0xf0, 0x0,
    0xe, 0x1c, 0x1, 0xc0, 0x70, 0xff, 0xff, 0xc3,
    0xc6, 0x6, 0x2, 0x31, 0x0, 0x79, 0x9e, 0xf,
    0xc, 0x3d, 0xe1, 0xe0, 0x70, 0xc, 0x0, 0x0,

    /* U+7E41 "繁" */
    0x18, 0x1, 0x80, 0xff, 0xcc, 0x3, 0xff, 0x3f,
    0xd8, 0x1, 0x8c, 0xff, 0xee, 0x30, 0xc9, 0xa9,
    0x8f, 0xff, 0xb6, 0xc, 0x98, 0x70, 0x32, 0x61,
    0xc0, 0xff, 0xdf, 0xe0, 0x16, 0x63, 0x80, 0xe0,
    0x82, 0xe, 0xf, 0x0, 0x7f, 0xf2, 0x0, 0xf,
    0xe, 0x1, 0xe0, 0x3c, 0x3f, 0xff, 0x30, 0xc0,
    0x60, 0x0, 0xe1, 0xbc, 0xf, 0x6, 0x3c, 0x70,
    0xf0, 0x30, 0x0, 0x0, 0x0,

    /* U+7EA2 "红" */
    0x8, 0x0, 0x0, 0x60, 0x0, 0x6, 0x0, 0x0,
    0x30, 0x7f, 0xf3, 0x10, 0x30, 0x10, 0xc1, 0x81,
    0x8c, 0xc, 0x1f, 0xe0, 0x60, 0xfe, 0x3, 0x0,
    0x60, 0x18, 0x3, 0x0, 0xc0, 0x30, 0x6, 0x3,
    0x0, 0x30, 0x37, 0xc1, 0x81, 0xfc, 0xc, 0x8,
    0x0, 0x60, 0x0, 0x3, 0x0, 0x1c, 0x18, 0xf,
    0xe0, 0xc1, 0xe0, 0xff, 0xf0,

    /* U+7EA6 "约" */
    0x8, 0xe, 0x1, 0x80, 0xc0, 0x10, 0xc, 0x3,
    0x1, 0x80, 0x21, 0x9f, 0xf6, 0x31, 0x3, 0xc2,
    0x30, 0x3f, 0xe6, 0x3, 0x8c, 0x60, 0x30, 0x80,
    0x83, 0x18, 0xc, 0x33, 0x0, 0xc3, 0x7f, 0x86,
    0x37, 0xf8, 0x23, 0x60, 0x0, 0x30, 0x0, 0x3,
    0x1, 0x80, 0x3f, 0xf8, 0x3, 0xf8, 0x0, 0x38,
    0x0, 0x1f, 0x0, 0x1, 0xe0,

    /* U+7EA7 "级" */
    0xc, 0x0, 0x0, 0x18, 0xff, 0xe0, 0x60, 0x61,
    0x80, 0xc8, 0xc3, 0x3, 0x19, 0x86, 0x4, 0x63,
    0xc, 0x18, 0xc6, 0x30, 0x3f, 0xc, 0x60, 0x44,
    0x18, 0xf8, 0x18, 0x30, 0x30, 0x60, 0x70, 0x61,
    0x80, 0xf1, 0x87, 0xf3, 0x63, 0xf, 0x86, 0x66,
    0x0, 0xc, 0xd8, 0x1, 0xb0, 0xf0, 0x7f, 0xe0,
    0xc0, 0xe1, 0x87, 0xc0, 0x6, 0x1c, 0xc0, 0x18,
    0xe0, 0xe0, 0x3, 0x80, 0xc0,

    /* U+7EAF "纯" */
    0x0, 0x3, 0x0, 0x18, 0x6, 0x0, 0x30, 0xc,
    0x0, 0xc0, 0x18, 0x1, 0x7, 0xff, 0xc6, 0x20,
    0x60, 0x18, 0xc0, 0xc0, 0x3f, 0x31, 0x98, 0x46,
    0x63, 0x30, 0x18, 0xc6, 0x60, 0x61, 0x8c, 0xc0,
    0xc3, 0x19, 0x83, 0x6, 0x33, 0xf, 0xef, 0xfe,
    0x1c, 0x0, 0xcc, 0x0, 0x1, 0x80, 0x0, 0x3,
    0x0, 0x7, 0x6, 0x10, 0xfe, 0xc, 0x33, 0xc0,
    0x18, 0xe4, 0x0, 0x1f, 0x80,

    /* U+7EB5 "纵" */
    0x0, 0x0, 0x0, 0x61, 0x86, 0x3, 0x6, 0x18,
    0xc, 0x18, 0x60, 0x20, 0x61, 0x81, 0x99, 0x86,
    0x4, 0x66, 0x18, 0x33, 0x18, 0x60, 0xfc, 0x61,
    0x82, 0x61, 0x86, 0x1, 0x7, 0x18, 0xc, 0x1c,
    0x70, 0x62, 0xf9, 0xc3, 0xfb, 0x3f, 0x7, 0xc,
    0xb4, 0x0, 0x30, 0xd8, 0x7, 0xc6, 0x60, 0xfe,
    0x18, 0xcf, 0x18, 0xc3, 0x30, 0xc7, 0x6, 0x7,
    0x18, 0x18, 0x0, 0x0, 0x0,

    /* U+7EBF "线" */
    0xc, 0xc, 0x0, 0x38, 0x19, 0x80, 0x60, 0x33,
    0x81, 0x80, 0x62, 0x3, 0x30, 0xc1, 0x8c, 0x61,
    0xff, 0x30, 0x9f, 0xe0, 0x7f, 0x36, 0x0, 0xc,
    0xc, 0x1c, 0x10, 0x1f, 0xf8, 0x61, 0xfc, 0x1,
    0x83, 0x31, 0x7, 0xf0, 0x67, 0x8f, 0xe0, 0xdc,
    0x0, 0x0, 0xf0, 0x0, 0x41, 0xc0, 0x1f, 0x87,
    0x81, 0xf8, 0x3b, 0x99, 0x81, 0xe3, 0xf0, 0x7,
    0x83, 0xc0, 0x4, 0x1, 0x80, 0x0, 0x0, 0x0,

    /* U+7EC4 "组" */
    0x10, 0x0, 0x0, 0x60, 0x0, 0x1, 0x83, 0xff,
    0xc, 0xc, 0xc, 0x20, 0x30, 0x31, 0x8c, 0xc0,
    0xc6, 0x63, 0x3, 0x31, 0x8c, 0xc, 0xfc, 0x3f,
    0xf2, 0x30, 0xc0, 0xc1, 0x83, 0x3, 0x4, 0xc,
    0xc, 0x30, 0x30, 0x31, 0xfc, 0xff, 0xc7, 0x3,
    0x3, 0x0, 0xc, 0xc, 0x0, 0x30, 0x30, 0x4,
    0xc0, 0xc1, 0xf3, 0x3, 0x3f, 0xc, 0xc, 0x0,
    0xff, 0xfc,

    /* U+7EC6 "细" */
    0x0, 0x0, 0x0, 0xe0, 0x0, 0x6, 0x0, 0x0,
    0x30, 0xff, 0xf3, 0x26, 0x31, 0x99, 0xb1, 0x8d,
    0x8d, 0x8c, 0x78, 0xcc, 0x63, 0xfe, 0x63, 0x1e,
    0x63, 0x18, 0xc6, 0x18, 0xc6, 0x30, 0xff, 0xf3,
    0x6, 0x31, 0xb0, 0x31, 0x8f, 0xfd, 0x8c, 0x6f,
    0x8c, 0x63, 0x0, 0x63, 0x18, 0x3, 0x18, 0xc0,
    0xd8, 0xc7, 0xfe, 0xff, 0xff, 0x6, 0x1, 0x80,
    0x30, 0xc,

    /* U+7EC8 "终" */
    0x0, 0x8, 0x0, 0x70, 0x30, 0x1, 0x81, 0x80,
    0x4, 0x7, 0xfc, 0x30, 0x38, 0x60, 0x8c, 0xe1,
    0x86, 0x36, 0xcc, 0x31, 0xb1, 0xf0, 0xfc, 0x47,
    0x80, 0x30, 0x1e, 0x1, 0x80, 0xfc, 0xc, 0xe,
    0x3c, 0x30, 0xf0, 0x3f, 0xf9, 0x1c, 0x67, 0xe0,
    0x7c, 0x0, 0x0, 0x30, 0x0, 0x10, 0x0, 0x1c,
    0x78, 0xf, 0xf0, 0xf8, 0x1c, 0x0, 0x78, 0x0,
    0x0, 0x60,

    /* U+7ECF "经" */
    0xc, 0x0, 0x0, 0x31, 0xff, 0x81, 0x80, 0xe,
    0x4, 0x0, 0x30, 0x31, 0x81, 0x81, 0x86, 0xc,
    0xe, 0x30, 0x7c, 0x3f, 0x87, 0x3c, 0xc, 0x78,
    0x38, 0x23, 0x80, 0x61, 0x0, 0x0, 0xc, 0x4f,
    0xfc, 0x7f, 0x3, 0x1, 0xc0, 0xc, 0x0, 0x0,
    0x30, 0x0, 0x0, 0xc0, 0x3, 0x83, 0x1, 0xfe,
    0xc, 0xf, 0xc0, 0x30, 0x0, 0x3f, 0xff,

    /* U+7ED1 "绑" */
    0x0, 0x18, 0x0, 0x30, 0x40, 0x0, 0xc1, 0xf,
    0xc6, 0x4, 0x3f, 0x10, 0xfe, 0x88, 0xcc, 0x42,
    0x62, 0x61, 0x9, 0x9f, 0x84, 0x24, 0x6c, 0xfe,
    0xb0, 0x30, 0x42, 0x41, 0x81, 0x9, 0x86, 0x4,
    0x23, 0x32, 0x30, 0x8d, 0xfb, 0xfa, 0x30, 0x3,
    0x8, 0xc0, 0xc, 0x23, 0xf, 0x20, 0xbd, 0xf1,
    0x82, 0x42, 0xe, 0x8, 0x0, 0x70, 0x20, 0x0,
    0x80, 0x80,

    /* U+7ED3 "结" */
    0x0, 0x3, 0x0, 0x70, 0xc, 0x1, 0x80, 0x30,
    0xc, 0x0, 0xc0, 0x30, 0x7f, 0xfd, 0x8e, 0xc,
    0xe, 0x30, 0x30, 0x3f, 0x80, 0xc0, 0xcc, 0x3f,
    0xf8, 0x30, 0x0, 0x1, 0x80, 0x0, 0xc, 0x0,
    0x0, 0x77, 0x3f, 0xf3, 0xfc, 0xc0, 0xc6, 0x3,
    0x3, 0x0, 0xc, 0xc, 0x0, 0x30, 0x30, 0x1c,
    0xc0, 0xcf, 0xf3, 0xff, 0x30, 0xc, 0xc, 0x0,
    0x30, 0x30,

    /* U+7ED8 "绘" */
    0x0, 0x7, 0x0, 0x38, 0xc, 0x0, 0x60, 0x1c,
    0x0, 0xc0, 0x6c, 0x3, 0x0, 0xd8, 0x6, 0x43,
    0x18, 0x18, 0xcc, 0x1c, 0x63, 0x30, 0x1c, 0xfe,
    0xff, 0xdc, 0x19, 0x80, 0x0, 0x60, 0x0, 0x0,
    0xc0, 0x0, 0x7, 0x7, 0xff, 0x8f, 0xe0, 0xc0,
    0x18, 0x3, 0x10, 0x0, 0x6, 0x60, 0x3, 0x18,
    0x61, 0xfe, 0x60, 0xe3, 0xc1, 0xff, 0xc0, 0x3,
    0xf1, 0xc0, 0x0, 0x1, 0x0,

    /* U+7ED9 "给" */
    0x0, 0x6, 0x0, 0x70, 0x18, 0x1, 0x80, 0xe0,
    0x6, 0x3, 0xc0, 0x30, 0xd, 0x0, 0xcc, 0x66,
    0x6, 0x33, 0x8c, 0x18, 0x8c, 0x38, 0xfe, 0x70,
    0x79, 0x93, 0xff, 0xe0, 0xcc, 0x0, 0x6, 0x0,
    0x0, 0x18, 0x0, 0x1, 0xdc, 0xff, 0x87, 0xf3,
    0x6, 0x8, 0xc, 0x18, 0x0, 0x30, 0x60, 0x0,
    0xc1, 0x80, 0xf3, 0x6, 0x1f, 0x8f, 0xf8, 0x60,
    0x30, 0x60, 0x0, 0xc1, 0x80,

    /* U+7EDC "络" */
    0x0, 0x4, 0x0, 0x10, 0x18, 0x0, 0x30, 0x30,
    0x0, 0x60, 0x7f, 0xc1, 0x81, 0xc3, 0x2, 0x37,
    0x8e, 0xc, 0xcd, 0x98, 0x31, 0xb3, 0x60, 0x7e,
    0x3, 0x80, 0x8c, 0x7, 0x0, 0x30, 0x3b, 0x80,
    0x41, 0xe3, 0xf1, 0x87, 0x1, 0xc7, 0xe3, 0xfe,
    0xf, 0x86, 0xc, 0x0, 0xc, 0x18, 0x0, 0x98,
    0x30, 0x1f, 0x30, 0x61, 0xf0, 0x7f, 0xc1, 0x0,
    0xc1, 0x80, 0x1, 0x83, 0x0,

    /* U+7EDD "绝" */
    0x0, 0x8, 0x0, 0x60, 0x70, 0x1, 0x81, 0x80,
    0xc, 0xf, 0xf0, 0x30, 0x70, 0xc1, 0x81, 0x82,
    0x6, 0x2c, 0x18, 0x31, 0x90, 0x60, 0xfe, 0x7f,
    0xf2, 0x31, 0x8c, 0xc1, 0x86, 0x33, 0x6, 0x18,
    0xcc, 0x30, 0x63, 0x31, 0x81, 0x8c, 0xcf, 0xe7,
    0xff, 0x18, 0x18, 0xc, 0x0, 0x60, 0x0, 0x1,
    0x80, 0x1, 0xf6, 0x1, 0x3f, 0x98, 0x7, 0xe0,
    0x60, 0x18, 0x0, 0xff, 0xc0,

    /* U+7EDF "统" */
    0x0, 0x0, 0x0, 0x10, 0x6, 0x0, 0x30, 0xc,
    0x0, 0x60, 0x0, 0x1, 0x87, 0xff, 0xc2, 0x30,
    0xc0, 0xc, 0xe1, 0x80, 0x3f, 0x86, 0x0, 0x7e,
    0xc, 0x60, 0xc, 0x30, 0x60, 0x30, 0xc0, 0x60,
    0x63, 0xff, 0xe1, 0x83, 0xfc, 0xc6, 0x71, 0x98,
    0x1f, 0xe3, 0x30, 0x1c, 0x6, 0x60, 0x0, 0xc,
    0xc0, 0x0, 0x19, 0x80, 0xe, 0x63, 0x3, 0xf9,
    0xc6, 0x37, 0x7, 0xc, 0xc0, 0x1c, 0x1f, 0x80,
    0x10, 0x0, 0x0,

    /* U+7EE7 "继" */
    0x8, 0x0, 0xc0, 0x38, 0x9, 0x90, 0x61, 0xb3,
    0x31, 0x83, 0x26, 0xc3, 0x26, 0x6d, 0x8c, 0x6c,
    0x98, 0x1f, 0x98, 0x30, 0x23, 0x37, 0xfe, 0xc,
    0x61, 0xc0, 0x30, 0xc3, 0x80, 0xc1, 0x8f, 0xc3,
    0x83, 0x1e, 0xc7, 0xe6, 0x6d, 0x8f, 0x8c, 0xd9,
    0x80, 0x1b, 0x32, 0x0, 0x36, 0x60, 0x1, 0x60,
    0xc0, 0xfe, 0xc1, 0x81, 0xf1, 0x80, 0x0, 0x3,
    0xff, 0xf0,

    /* U+7EEA "绪" */
    0x0, 0x6, 0x0, 0x30, 0x18, 0x1, 0x80, 0x63,
    0x86, 0xf, 0xec, 0x31, 0x86, 0x61, 0x8c, 0x1b,
    0x6, 0x30, 0x7c, 0x3f, 0xbf, 0xff, 0xc, 0x3,
    0x0, 0x30, 0x18, 0x1, 0x80, 0xe0, 0x6, 0xf,
    0xfc, 0x33, 0x70, 0x31, 0xfd, 0xc0, 0xc7, 0xff,
    0x3, 0x0, 0x2f, 0xfc, 0x0, 0x30, 0x30, 0xfc,
    0xc0, 0xcf, 0x83, 0xff, 0x0, 0xc, 0xc, 0x0,
    0x30, 0x30,

    /* U+7EED "续" */
    0xc, 0x3, 0x0, 0x30, 0x6, 0x0, 0x61, 0xff,
    0xf1, 0x80, 0x18, 0x3, 0x30, 0x30, 0xc, 0x6f,
    0xff, 0x99, 0x9f, 0xfe, 0x7e, 0x8, 0xc, 0xc,
    0x19, 0x98, 0x10, 0x1b, 0x0, 0x61, 0x86, 0x1,
    0x81, 0x8c, 0x7, 0xe1, 0x18, 0xf, 0xc0, 0x30,
    0x0, 0x1f, 0xff, 0x0, 0x1, 0x80, 0x3f, 0x6,
    0x40, 0xfc, 0x1d, 0xe1, 0x3, 0xf0, 0xf0, 0x7,
    0x0, 0x60, 0x0, 0x0, 0x0,

    /* U+7EF4 "维" */
    0x8, 0x19, 0x80, 0x70, 0x66, 0x1, 0x81, 0x8c,
    0x4, 0xc, 0x0, 0x33, 0x3f, 0xf8, 0x8d, 0xc6,
    0x6, 0x67, 0x18, 0x1f, 0xbc, 0x60, 0x4d, 0xbf,
    0xf8, 0x30, 0xc6, 0x1, 0x83, 0x18, 0x6, 0xc,
    0x60, 0x31, 0x31, 0x81, 0xfc, 0xff, 0xe2, 0x3,
    0x18, 0x0, 0xc, 0x60, 0x0, 0x31, 0x80, 0x3e,
    0xc6, 0x7, 0xe3, 0xff, 0xd0, 0xc, 0x0, 0x0,
    0x30, 0x0,

    /* U+7EFF "绿" */
    0x8, 0x0, 0x0, 0x61, 0xff, 0xc1, 0x80, 0x1,
    0xc, 0x0, 0x4, 0x30, 0x0, 0x31, 0x8e, 0xff,
    0xc6, 0x30, 0x3, 0x3f, 0x80, 0xc, 0x4c, 0xff,
    0xfc, 0x30, 0xc, 0x1, 0x82, 0x30, 0xc, 0x18,
    0xc6, 0x7f, 0x33, 0xb1, 0xf8, 0x5f, 0x80, 0x0,
    0xf6, 0x0, 0xe, 0xd8, 0xe, 0x73, 0x31, 0xf3,
    0x8c, 0x76, 0x0, 0x30, 0x80, 0x3, 0xc0, 0x0,
    0x6, 0x0,

    /* U+7F13 "缓" */
    0x8, 0x0, 0x18, 0x71, 0xff, 0xe1, 0x87, 0xc0,
    0x6, 0x1, 0x8c, 0x31, 0x36, 0x31, 0x8e, 0xcd,
    0x8e, 0x30, 0x6, 0x1f, 0x9f, 0xfe, 0xc, 0x4,
    0x0, 0x60, 0x30, 0x1, 0x8f, 0xff, 0xcc, 0x2,
    0x0, 0x7e, 0x18, 0x1, 0xf8, 0x7f, 0xc0, 0x3,
    0x83, 0x0, 0x9b, 0x18, 0xfe, 0x66, 0xc1, 0xe3,
    0xe, 0x0, 0x38, 0x7e, 0x0, 0x47, 0xbf, 0x0,
    0x38, 0x18,

    /* U+7F16 "编" */
    0x0, 0x2, 0x0, 0x30, 0x18, 0x1, 0x80, 0x30,
    0x6, 0x1f, 0xfe, 0x10, 0x60, 0x18, 0xc9, 0x80,
    0x62, 0x37, 0xff, 0x99, 0x9f, 0xfe, 0xfe, 0x60,
    0x1, 0x31, 0x80, 0x0, 0x86, 0x0, 0x6, 0x1f,
    0xff, 0x30, 0xf6, 0xcc, 0x8b, 0xdb, 0x37, 0xef,
    0x6c, 0xd0, 0x6f, 0xff, 0x1, 0xb6, 0xcc, 0x18,
    0xdb, 0x37, 0xe3, 0x6c, 0xfc, 0xd, 0xb3, 0x0,
    0x30, 0x3c, 0x0, 0xc0, 0x60,

    /* U+7F29 "缩" */
    0x0, 0x0, 0x0, 0xe0, 0x18, 0x6, 0x0, 0xc0,
    0x21, 0xff, 0xf3, 0xc, 0x0, 0x92, 0x68, 0x5,
    0x9b, 0xe0, 0x19, 0x86, 0xff, 0xfc, 0x60, 0x80,
    0xc7, 0x4, 0x6, 0x38, 0x60, 0x63, 0xcf, 0xe3,
    0x16, 0x61, 0x31, 0x33, 0xb, 0xf9, 0x98, 0x5f,
    0xcc, 0xc2, 0x0, 0x67, 0xf0, 0x3, 0x30, 0x81,
    0x99, 0x85, 0xfc, 0xcc, 0x2f, 0x6, 0x7f, 0x0,
    0x33, 0x8,

    /* U+7F3A "缺" */
    0x0, 0x3, 0x0, 0x60, 0xc, 0x1, 0x80, 0x30,
    0xc, 0x0, 0xc0, 0x30, 0x3, 0x1, 0xff, 0x7f,
    0xcc, 0x60, 0x33, 0x31, 0x80, 0xcc, 0x6, 0x3,
    0x30, 0x18, 0xc, 0xcf, 0xfe, 0x33, 0x1, 0x80,
    0xcc, 0x6, 0x3f, 0xfd, 0x9b, 0xc, 0x6, 0x6c,
    0x78, 0x19, 0xb1, 0xe0, 0x66, 0xcc, 0xc1, 0x9f,
    0x33, 0x87, 0xfd, 0x87, 0x0, 0xe, 0xe, 0x0,
    0xf0, 0x1c, 0x0, 0x0, 0x0,

    /* U+7F51 "网" */
    0xff, 0xff, 0xfc, 0x0, 0x3, 0xc0, 0x0, 0x3c,
    0xc, 0x1b, 0xd8, 0xc1, 0xbd, 0x9b, 0x33, 0xcd,
    0x9b, 0x3c, 0x79, 0xb3, 0xc7, 0xe, 0x3c, 0x30,
    0xe3, 0xc7, 0xe, 0x3c, 0x78, 0xf3, 0xcc, 0xdb,
    0x3c, 0xcb, 0xbb, 0xd8, 0x31, 0xbf, 0x86, 0x3,
    0xc0, 0x20, 0x3c, 0x0, 0x3, 0xc0, 0x1, 0xfc,
    0x0, 0xe,

    /* U+7F69 "罩" */
    0x3f, 0xff, 0xf0, 0xc6, 0x18, 0xc3, 0x18, 0x63,
    0xc, 0x61, 0x8c, 0x3f, 0xff, 0xf0, 0x0, 0x0,
    0x0, 0x7, 0x0, 0x0, 0x1f, 0xfe, 0x0, 0x70,
    0x0, 0x1, 0xc0, 0x1, 0xff, 0xfe, 0x6, 0x0,
    0x18, 0x1f, 0xff, 0xe0, 0x60, 0x1, 0x81, 0xff,
    0xfe, 0x0, 0xc, 0x0, 0x0, 0x30, 0x3, 0xff,
    0xff, 0xf0, 0x3, 0x0, 0x0, 0xc, 0x0, 0x0,
    0x30, 0x0,

    /* U+7F6E "置" */
    0x3f, 0xff, 0xf0, 0xc6, 0x10, 0xc3, 0x18, 0x43,
    0xf, 0xff, 0xfc, 0x0, 0x30, 0x1, 0xff, 0xff,
    0xc7, 0xff, 0xff, 0x0, 0x18, 0x0, 0xf, 0xff,
    0x80, 0x30, 0x2, 0x0, 0xc0, 0x8, 0x3, 0xff,
    0xe0, 0xc, 0x0, 0x80, 0x30, 0x2, 0x0, 0xff,
    0xf8, 0x3, 0x0, 0x20, 0xf, 0xff, 0x80, 0x30,
    0x2, 0xf, 0xff, 0xff, 0xc0,

    /* U+8001 "老" */
    0x0, 0x60, 0x0, 0x1, 0x80, 0x0, 0x6, 0x3,
    0x0, 0x18, 0xc, 0x1f, 0xff, 0x60, 0x1, 0x83,
    0x80, 0x6, 0xc, 0x0, 0x18, 0x60, 0x0, 0x63,
    0x0, 0x1, 0x8c, 0x7, 0xff, 0xff, 0xc0, 0x6,
    0x0, 0x0, 0x70, 0x0, 0x7, 0x83, 0x0, 0x38,
    0x3c, 0x3, 0xe3, 0xc0, 0x3d, 0xf8, 0x3, 0xc7,
    0x80, 0x4, 0x18, 0x2, 0x0, 0x60, 0xc, 0x1,
    0x80, 0x70, 0x3, 0xff, 0x80,

    /* U+8003 "考" */
    0x0, 0x60, 0x0, 0x1, 0x80, 0x0, 0x6, 0x2,
    0x3, 0xff, 0x9c, 0x0, 0x60, 0xc0, 0x1, 0x86,
    0x0, 0x6, 0x30, 0x0, 0x19, 0x80, 0xff, 0xff,
    0xfc, 0x0, 0xe0, 0x0, 0x7, 0x0, 0x0, 0x70,
    0x0, 0x7, 0xff, 0xe0, 0xf1, 0x80, 0xf, 0xc,
    0x0, 0x0, 0x7f, 0xf8, 0x0, 0x0, 0xc0, 0x0,
    0x3, 0x0, 0x0, 0xc, 0x0, 0x0, 0x70, 0x0,
    0x1f, 0x80, 0x0, 0x70, 0x0,

    /* U+8005 "者" */
    0x0, 0x60, 0x0, 0x3, 0x0, 0x0, 0x18, 0x18,
    0x3f, 0xfc, 0xc0, 0x6, 0xc, 0x0, 0x30, 0xc0,
    0x1, 0x8e, 0x0, 0xc, 0xe0, 0xff, 0xff, 0xf8,
    0x1, 0xc0, 0x0, 0x38, 0x0, 0xf, 0xff, 0x80,
    0xe0, 0xc, 0x1f, 0x0, 0x61, 0xd8, 0x3, 0x18,
    0xff, 0xf8, 0x6, 0x0, 0xc0, 0x30, 0x6, 0x1,
    0x80, 0x30, 0xf, 0xff, 0x80, 0x60, 0xc, 0x0,

    /* U+800C "而" */
    0xff, 0xff, 0xf8, 0x1, 0x0, 0x0, 0x18, 0x0,
    0x0, 0xc0, 0x0, 0x6, 0x0, 0x1f, 0xff, 0xf0,
    0xc6, 0x31, 0x86, 0x31, 0x8c, 0x31, 0x8c, 0x61,
    0x8c, 0x63, 0xc, 0x63, 0x18, 0x63, 0x18, 0xc3,
    0x18, 0xc6, 0x18, 0xc6, 0x30, 0xc6, 0x31, 0x86,
    0x31, 0x8c, 0x31, 0x8c, 0x61, 0x80, 0xf, 0xc,
    0x0, 0x78, 0x60, 0x1, 0xc0, 0x0, 0x0, 0x0,

    /* U+8017 "耗" */
    0x6, 0x0, 0x0, 0x18, 0x0, 0xc0, 0x60, 0x3f,
    0x1f, 0xf7, 0xc0, 0x6, 0x3, 0x0, 0x18, 0xc,
    0x7, 0xfc, 0x3f, 0x81, 0x87, 0xfc, 0x6, 0x1f,
    0x0, 0x18, 0xc, 0x7, 0xfc, 0x30, 0x3, 0x80,
    0xff, 0xe, 0xbf, 0xf8, 0x7e, 0xec, 0x1, 0xec,
    0x30, 0xd, 0xb0, 0xc0, 0x66, 0x3, 0x3, 0x98,
    0xc, 0x30, 0x60, 0x30, 0xc1, 0x80, 0xfe, 0x6,
    0x0, 0x0,

    /* U+8054 "联" */
    0x0, 0x10, 0x63, 0xff, 0xe1, 0x83, 0x18, 0xc4,
    0xc, 0x62, 0x30, 0x31, 0x80, 0x80, 0xc6, 0xff,
    0xe3, 0xf8, 0x30, 0xc, 0x60, 0xc0, 0x31, 0x83,
    0x0, 0xc6, 0xc, 0x3, 0x18, 0x30, 0xf, 0xff,
    0xfe, 0x31, 0x83, 0x0, 0xc6, 0x1e, 0x3, 0x1e,
    0x68, 0xf, 0xf1, 0xb0, 0xfd, 0x8c, 0x61, 0x6,
    0x71, 0xc0, 0x19, 0x83, 0xc0, 0x6c, 0x6, 0x1,
    0xa0, 0x8,

    /* U+80CC "背" */
    0x1, 0x86, 0x0, 0x6, 0x18, 0xc7, 0xf8, 0x7f,
    0x80, 0x61, 0x80, 0x1, 0x86, 0x0, 0x1e, 0x18,
    0x2f, 0xf8, 0x60, 0xf0, 0x60, 0xfe, 0x0, 0x0,
    0x0, 0x0, 0x0, 0x0, 0xff, 0xfe, 0x3, 0x0,
    0x18, 0xc, 0x0, 0x60, 0x3f, 0xff, 0x80, 0xc0,
    0x6, 0x3, 0x0, 0x18, 0xf, 0xff, 0xe0, 0x30,
    0x1, 0x80, 0xc0, 0x6, 0x3, 0x0, 0x78, 0xc,
    0x1, 0xc0,

    /* U+80FD "能" */
    0xc, 0xc, 0x0, 0xc0, 0x61, 0x86, 0x43, 0x3c,
    0x63, 0x1f, 0x6, 0xc, 0xe0, 0x7f, 0xf6, 0xf,
    0x81, 0xb0, 0x60, 0x1, 0xc7, 0x0, 0xf, 0xf3,
    0xfe, 0x0, 0x18, 0x30, 0x0, 0xc1, 0x98, 0x7,
    0xfc, 0xc7, 0x30, 0x67, 0xf1, 0x83, 0x3e, 0xc,
    0x19, 0xc0, 0x7f, 0xcc, 0x3, 0x6, 0x60, 0xd8,
    0x33, 0x6, 0xc1, 0x98, 0x36, 0x3c, 0xff, 0x0,

    /* U+810F "脏" */
    0x0, 0x1, 0x80, 0xfe, 0x6, 0x3, 0xf8, 0x8,
    0xc, 0x67, 0xff, 0x31, 0x98, 0x0, 0xc6, 0x60,
    0x3, 0x19, 0x8c, 0xf, 0xe6, 0x30, 0x31, 0x98,
    0xc0, 0xc6, 0x63, 0x3, 0x19, 0xff, 0x8c, 0x67,
    0xfe, 0x3f, 0x98, 0xc0, 0xc6, 0x63, 0x3, 0x19,
    0x8c, 0x8, 0x66, 0x30, 0x61, 0xb0, 0xc1, 0x86,
    0xc3, 0x6, 0x1b, 0xc, 0x39, 0xfb, 0xff, 0xc6,
    0x20, 0x0, 0x0, 0x0, 0x0,

    /* U+811A "脚" */
    0x0, 0x18, 0x0, 0xfc, 0x60, 0x3, 0xf1, 0x8f,
    0xcc, 0xc6, 0x33, 0x33, 0x7e, 0xcc, 0xcc, 0x63,
    0x33, 0x31, 0x8c, 0xcf, 0xc6, 0x33, 0x33, 0x18,
    0xcc, 0xcf, 0xff, 0x33, 0x31, 0xc, 0xcc, 0xce,
    0x33, 0x3f, 0x30, 0xcc, 0xcc, 0xdb, 0x33, 0x36,
    0x6c, 0xc8, 0xdf, 0xf7, 0x63, 0xfb, 0xd9, 0x8d,
    0x3, 0x6, 0xf0, 0xc, 0x31, 0x80, 0x30, 0x40,
    0x0, 0xc0,

    /* U+8150 "腐" */
    0x0, 0x30, 0x0, 0x1, 0x80, 0xf, 0xff, 0xfe,
    0x63, 0x1, 0x83, 0x18, 0xc, 0x19, 0xbf, 0xfc,
    0xdc, 0x3, 0x7, 0xe3, 0x18, 0x3b, 0x18, 0xc1,
    0x98, 0x46, 0xc, 0xc0, 0x70, 0x60, 0x30, 0x3,
    0x7f, 0xff, 0x1b, 0x1c, 0x18, 0xd9, 0xf8, 0xcc,
    0xde, 0x66, 0x66, 0x99, 0x33, 0x31, 0xe1, 0xb1,
    0x99, 0x8d, 0x8d, 0xc5, 0xc4, 0x68, 0xe, 0x0,

    /* U+81EA "自" */
    0x0, 0x0, 0x7, 0x0, 0x6, 0x0, 0x6, 0x0,
    0xff, 0xff, 0xc0, 0x3, 0xc0, 0x3, 0xc0, 0x3,
    0xc0, 0x3, 0xff, 0xff, 0xc0, 0x3, 0xc0, 0x3,
    0xc0, 0x3, 0xc0, 0x3, 0xff, 0xff, 0xc0, 0x3,
    0xc0, 0x3, 0xc0, 0x3, 0xff, 0xff, 0xc0, 0x3,
    0xc0, 0x3, 0xc0, 0x3,

    /* U+81F3 "至" */
    0x7f, 0xff, 0xe0, 0x8, 0x0, 0x1, 0xc0, 0x0,
    0x18, 0x0, 0x3, 0x6, 0x0, 0x60, 0x30, 0xc,
    0x3, 0x83, 0xff, 0xfc, 0x38, 0x60, 0xc0, 0x6,
    0x4, 0x0, 0x60, 0x0, 0x6, 0x0, 0x3f, 0xff,
    0xc0, 0x6, 0x0, 0x0, 0x60, 0x0, 0x6, 0x0,
    0x0, 0x60, 0xf, 0xff, 0xff,

    /* U+81F4 "致" */
    0x0, 0x0, 0x0, 0x0, 0x18, 0x7, 0xfc, 0x60,
    0x2, 0x1, 0x80, 0xc, 0x4, 0x0, 0x24, 0x3f,
    0xe1, 0x98, 0xc6, 0x4, 0x62, 0x18, 0x30, 0xd8,
    0x61, 0xff, 0x61, 0x87, 0xc7, 0xc6, 0x1, 0xf,
    0x18, 0x4, 0xc, 0xc0, 0x10, 0x1b, 0x7, 0xfc,
    0x6c, 0x1, 0x1, 0xb0, 0x4, 0x3, 0x80, 0x10,
    0xe, 0x0, 0x7c, 0x7c, 0x3f, 0xe3, 0x9c, 0x70,
    0x38, 0x3c, 0x0, 0xc0, 0x20,

    /* U+822A "航" */
    0x6, 0x3, 0x0, 0xc, 0x6, 0x0, 0x10, 0x6,
    0x1, 0xfe, 0x8, 0x3, 0xfd, 0xff, 0xc6, 0x18,
    0x0, 0xd, 0x30, 0x0, 0x1b, 0x60, 0x0, 0x32,
    0xcf, 0xe0, 0x61, 0x98, 0x43, 0xff, 0x30, 0x81,
    0x86, 0x61, 0x3, 0x4c, 0xc2, 0x6, 0x99, 0x84,
    0xd, 0xb3, 0x8, 0x19, 0x66, 0x10, 0x30, 0xcc,
    0x20, 0xc1, 0x90, 0x4d, 0x83, 0x60, 0x9f, 0x1f,
    0x81, 0xe4, 0x2, 0x0, 0x0,

    /* U+826F "良" */
    0x1, 0x80, 0x0, 0x30, 0x0, 0x2, 0x0, 0x3f,
    0xff, 0x6, 0x0, 0x60, 0xc0, 0xc, 0x18, 0x1,
    0x83, 0xff, 0xf0, 0x60, 0x6, 0xc, 0x0, 0xc1,
    0xff, 0xf8, 0x30, 0xc0, 0x6, 0x18, 0x20, 0xc1,
    0x8e, 0x18, 0x37, 0x3, 0x3, 0xc0, 0x66, 0x30,
    0xf, 0xc3, 0x81, 0xe0, 0x3f, 0xf0, 0x1, 0xe4,
    0x0, 0x0,

    /* U+8272 "色" */
    0x1, 0x0, 0x0, 0xe, 0x0, 0x0, 0x30, 0x0,
    0x1, 0xff, 0xc0, 0xc, 0x7, 0x0, 0x60, 0x38,
    0x7, 0x0, 0xc0, 0x3f, 0xff, 0xf8, 0x18, 0x30,
    0x60, 0x60, 0xc1, 0x81, 0x83, 0x6, 0x6, 0xc,
    0x18, 0x1f, 0xff, 0xe0, 0x60, 0x1, 0x81, 0x80,
    0x0, 0x6, 0x0, 0x0, 0x18, 0x0, 0x0, 0x60,
    0x0, 0x1, 0x80, 0x1, 0x87, 0x0, 0x6, 0xf,
    0xff, 0xf0,

    /* U+8282 "节" */
    0x3, 0x6, 0x0, 0x18, 0x30, 0x0, 0xc1, 0x81,
    0xff, 0xff, 0xf0, 0x30, 0x60, 0x1, 0x83, 0x0,
    0xc, 0x18, 0x0, 0x0, 0x0, 0x7f, 0xff, 0xe0,
    0x6, 0x3, 0x0, 0x30, 0x18, 0x1, 0x80, 0xc0,
    0xc, 0x6, 0x0, 0x60, 0x30, 0x3, 0x1, 0x80,
    0x18, 0x3c, 0x0, 0xc3, 0xc0, 0x6, 0x1c, 0x0,
    0x30, 0x0, 0x1, 0x80, 0x0, 0xc, 0x0, 0x0,

    /* U+82AF "芯" */
    0x3, 0x6, 0x0, 0x18, 0x30, 0x0, 0xc1, 0x81,
    0xff, 0xff, 0xf0, 0x30, 0x60, 0x1, 0x83, 0x0,
    0xc, 0x18, 0x0, 0x0, 0x0, 0x0, 0x60, 0x0,
    0x1, 0x80, 0x0, 0xce, 0x10, 0x66, 0x31, 0x83,
    0x31, 0x86, 0x19, 0x80, 0x39, 0x8c, 0x0, 0xcc,
    0x60, 0x3, 0x63, 0x1, 0x16, 0x18, 0xc, 0x0,
    0xc0, 0x60, 0x7, 0xfe, 0x0,

    /* U+82B1 "花" */
    0x1, 0x86, 0x0, 0x6, 0x18, 0x0, 0x18, 0x60,
    0x3f, 0xff, 0xff, 0x1, 0x86, 0x0, 0x6, 0x18,
    0x0, 0x0, 0x0, 0x0, 0xe3, 0x0, 0x7, 0xc,
    0x20, 0x38, 0x31, 0xc1, 0xe0, 0xce, 0xf, 0x83,
    0x60, 0xf6, 0xf, 0x1, 0x18, 0x78, 0x0, 0x63,
    0xc0, 0x1, 0xbb, 0x0, 0x6, 0x4c, 0x0, 0x18,
    0x30, 0x30, 0x60, 0xc1, 0x81, 0x83, 0xfe, 0x6,
    0x0, 0x0,

    /* U+82E5 "若" */
    0x3, 0x3, 0x0, 0xc, 0xc, 0x0, 0x30, 0x30,
    0x3f, 0xff, 0xff, 0x3, 0x3, 0x0, 0xc, 0xcc,
    0x0, 0x3, 0x0, 0x0, 0x18, 0x0, 0x7f, 0xff,
    0xf8, 0x3, 0x0, 0x0, 0x18, 0x0, 0x0, 0xe0,
    0x0, 0x7, 0x0, 0x0, 0x3f, 0xff, 0x83, 0xf0,
    0x6, 0x3d, 0xc0, 0x18, 0x47, 0x0, 0x60, 0x1c,
    0x1, 0x80, 0x7f, 0xfe, 0x1, 0xc0, 0x18, 0x7,
    0x0, 0x60,

    /* U+8350 "荐" */
    0x1, 0x3, 0x0, 0x4, 0xc, 0x7, 0xff, 0xff,
    0xc0, 0x40, 0xc0, 0x3, 0x63, 0x0, 0x1, 0x80,
    0x0, 0xc, 0x0, 0x1f, 0xff, 0xfe, 0x1, 0x80,
    0x0, 0xc, 0x0, 0x0, 0x67, 0xff, 0x3, 0x80,
    0x38, 0x1e, 0x1, 0xc0, 0xf8, 0xc, 0x7, 0x60,
    0x30, 0x31, 0xbf, 0xff, 0x6, 0x3, 0x0, 0x18,
    0xc, 0x0, 0x60, 0x30, 0x1, 0x87, 0xc0, 0x6,
    0xe, 0x0,

    /* U+83B7 "获" */
    0x3, 0xc, 0x0, 0x30, 0xc0, 0xff, 0xff, 0xf0,
    0x30, 0xc0, 0x3, 0xc, 0x2, 0x20, 0x0, 0x77,
    0xc, 0x83, 0xe0, 0xcc, 0x1c, 0xc, 0x63, 0xc0,
    0xc4, 0xe7, 0xff, 0xf0, 0xe0, 0xc0, 0x1e, 0x1e,
    0x3, 0x61, 0xe0, 0x62, 0x1b, 0xc, 0x63, 0x30,
    0x6, 0x31, 0x80, 0x66, 0xc, 0x1c, 0xc0, 0x77,
    0x98, 0x2, 0x0, 0x0, 0x0,

    /* U+843D "落" */
    0x3, 0x6, 0x0, 0xc, 0x18, 0xf, 0xff, 0xff,
    0xc0, 0xc1, 0x80, 0x3, 0x36, 0x0, 0xc0, 0xc0,
    0x3, 0x87, 0xfe, 0x2, 0x38, 0x38, 0x0, 0xf0,
    0xc1, 0x86, 0x66, 0xf, 0x31, 0xf0, 0xc, 0x3,
    0xc0, 0x10, 0x3f, 0xfc, 0x1f, 0xc3, 0xf1, 0xb8,
    0x0, 0x6, 0x1f, 0xf8, 0x30, 0x60, 0x61, 0x81,
    0x81, 0x86, 0x6, 0x6, 0x30, 0x1f, 0xf8, 0x0,
    0x60, 0x60,

    /* U+84DD "蓝" */
    0x1, 0x83, 0x0, 0x3, 0x6, 0x3, 0xff, 0xff,
    0xf8, 0xc, 0x18, 0x0, 0x18, 0x30, 0x0, 0x0,
    0x0, 0x0, 0x61, 0xc0, 0xc, 0xc3, 0x0, 0x19,
    0x8f, 0xfc, 0x33, 0x18, 0x0, 0x66, 0x67, 0x0,
    0xcd, 0xc6, 0x1, 0x98, 0x6, 0x0, 0x0, 0x0,
    0x7, 0xff, 0xfc, 0xc, 0x63, 0x18, 0x18, 0xc6,
    0x30, 0x31, 0x8c, 0x60, 0x63, 0x18, 0xc0, 0xc6,
    0x31, 0x87, 0xff, 0xff, 0xe0,

    /* U+853D "蔽" */
    0x1, 0x86, 0x0, 0x6, 0x18, 0xf, 0xff, 0xff,
    0xc0, 0x61, 0x80, 0x1, 0x86, 0x0, 0x8c, 0x86,
    0x3, 0x37, 0x10, 0x6, 0xd8, 0xc0, 0x13, 0x3,
    0xfd, 0xff, 0xc8, 0xc6, 0x33, 0x63, 0x18, 0xcd,
    0x8c, 0x6b, 0xbe, 0x31, 0xbe, 0xc8, 0x86, 0xb7,
    0x36, 0x1a, 0xdc, 0x58, 0x7b, 0x31, 0xc1, 0x8c,
    0xc3, 0x6, 0x33, 0x1e, 0x18, 0xdd, 0xde, 0x63,
    0x4e, 0x1c, 0x0, 0x10, 0x0,

    /* U+85CF "藏" */
    0x3, 0x4, 0x0, 0xc, 0x10, 0x7, 0xff, 0xff,
    0x80, 0xc1, 0x8, 0x3, 0x3, 0x31, 0x0, 0xc,
    0x4, 0xff, 0xff, 0x93, 0x0, 0xc0, 0x4f, 0xfb,
    0x1, 0xff, 0xe4, 0x60, 0xf3, 0x13, 0x3, 0xcc,
    0x6c, 0xf, 0xf9, 0xb3, 0xfc, 0x26, 0x86, 0xff,
    0x8e, 0x13, 0xcc, 0x30, 0x4f, 0x30, 0xc1, 0x7c,
    0xc7, 0xad, 0xbf, 0xbe, 0xe6, 0x3, 0x8f, 0x30,
    0xc, 0x18,

    /* U+865A "虚" */
    0x0, 0x30, 0x0, 0x0, 0xc0, 0x0, 0x3, 0xff,
    0x0, 0xc, 0x0, 0x0, 0x30, 0x0, 0x7f, 0xff,
    0xf1, 0x83, 0x0, 0xc6, 0xc, 0x3, 0x18, 0x3f,
    0x88, 0x6f, 0xc0, 0xc1, 0x83, 0x3, 0x6, 0xf,
    0xfc, 0x18, 0x0, 0x0, 0x60, 0x0, 0x1, 0x83,
    0x30, 0x6, 0x4c, 0xc4, 0x13, 0x33, 0x18, 0xc6,
    0xcc, 0xe3, 0x1b, 0x33, 0xc, 0x6c, 0xc8, 0x60,
    0x33, 0x3, 0x9f, 0xff, 0xf0, 0x0, 0x0, 0x0,

    /* U+86C7 "蛇" */
    0xc, 0x1, 0x80, 0x30, 0x6, 0x0, 0xc0, 0xc,
    0x3, 0x0, 0x0, 0xc, 0x1f, 0xfd, 0xff, 0x40,
    0x36, 0xcd, 0x0, 0xdb, 0x34, 0x3, 0x6c, 0xd0,
    0xd, 0xb3, 0x18, 0x6, 0xcc, 0x60, 0x1b, 0x31,
    0x8c, 0x7f, 0xc6, 0x79, 0xb3, 0x1f, 0x6, 0xc0,
    0x70, 0x3, 0x31, 0x80, 0xc, 0xe6, 0x0, 0x33,
    0x98, 0x0, 0xfe, 0x60, 0xff, 0xd9, 0x83, 0xf0,
    0x66, 0xc, 0x0, 0x1f, 0xe0,

    /* U+884C "行" */
    0x8, 0x0, 0x0, 0x38, 0x0, 0x1, 0x83, 0xff,
    0x8e, 0x0, 0x0, 0x70, 0x0, 0x3, 0x80, 0x0,
    0xc, 0x60, 0x0, 0x3, 0x80, 0x0, 0x1c, 0x7f,
    0xfc, 0x61, 0xff, 0xf3, 0x80, 0xc, 0x1e, 0x0,
    0x30, 0xf8, 0x0, 0xc3, 0x60, 0x3, 0x1, 0x80,
    0xc, 0x6, 0x0, 0x30, 0x18, 0x0, 0xc0, 0x60,
    0x3, 0x1, 0x80, 0xc, 0x6, 0x0, 0x30, 0x18,
    0x7, 0xc0, 0x60, 0xe, 0x0,

    /* U+8865 "补" */
    0xc, 0x6, 0x0, 0x38, 0x18, 0x0, 0x60, 0x60,
    0x1, 0x1, 0x80, 0x0, 0x6, 0x1, 0xfc, 0x18,
    0x0, 0x30, 0x6c, 0x1, 0x81, 0x98, 0xc, 0x46,
    0x70, 0x33, 0x98, 0xc1, 0xf8, 0x61, 0x8f, 0xc1,
    0x87, 0xed, 0xc6, 0xb, 0x33, 0x98, 0x0, 0xc4,
    0x60, 0x3, 0x1, 0x80, 0xc, 0x6, 0x0, 0x30,
    0x18, 0x0, 0xc0, 0x60, 0x3, 0x1, 0x80, 0xc,
    0x6, 0x0,

    /* U+8868 "表" */
    0x0, 0x38, 0x0, 0x0, 0x70, 0x0, 0x0, 0xc0,
    0x1, 0xff, 0xff, 0xc0, 0x3, 0x0, 0x0, 0x6,
    0x0, 0x0, 0xc, 0x0, 0xf, 0xff, 0xf8, 0x0,
    0x30, 0x0, 0x0, 0x60, 0x3, 0xff, 0xff, 0xf0,
    0x7, 0x0, 0x0, 0x1d, 0x82, 0x0, 0x71, 0x8e,
    0x1, 0xe3, 0x38, 0xe, 0xc3, 0xe0, 0x79, 0x83,
    0x80, 0xc3, 0x33, 0x0, 0x7, 0xe3, 0xc0, 0xf,
    0x3, 0xe0, 0x1c, 0x0, 0xc0, 0x0, 0x0, 0x0,

    /* U+88AB "被" */
    0x4, 0x0, 0x0, 0x18, 0x3, 0x0, 0x18, 0x6,
    0x0, 0x30, 0xc, 0x0, 0x40, 0x18, 0x0, 0x7,
    0xff, 0x9f, 0xcc, 0x63, 0x1, 0x98, 0xc6, 0x6,
    0x31, 0x80, 0x19, 0x63, 0x0, 0x76, 0xff, 0xe1,
    0xf9, 0xa0, 0x8e, 0xf3, 0x63, 0x9, 0xb6, 0xc6,
    0x3, 0xc, 0x98, 0x6, 0x19, 0xb0, 0xc, 0x63,
    0xc0, 0x18, 0xc3, 0x80, 0x33, 0xf, 0x80, 0x66,
    0x3b, 0xc0, 0xdb, 0xc1, 0xc1, 0x93, 0x0, 0x80,

    /* U+88C1 "裁" */
    0x3, 0x7, 0x0, 0xc, 0x19, 0x80, 0x30, 0x63,
    0xf, 0xf9, 0x8e, 0x3, 0x6, 0x10, 0xc, 0x18,
    0x0, 0x30, 0x20, 0x3f, 0xff, 0xff, 0x1, 0x2,
    0x0, 0xc, 0x8, 0x0, 0x30, 0x23, 0x1f, 0xfe,
    0xcc, 0x6, 0x3, 0x30, 0x32, 0x65, 0x81, 0xdf,
    0x1e, 0xf, 0x18, 0x70, 0x74, 0x31, 0xc3, 0x90,
    0xe7, 0x24, 0x79, 0x36, 0xc3, 0xc3, 0x9f, 0xe,
    0x3c, 0x38, 0x0, 0x40, 0x60,

    /* U+88C5 "装" */
    0x1, 0x83, 0x0, 0xc, 0x18, 0xc, 0x60, 0xc0,
    0x33, 0x7f, 0xf0, 0x98, 0x30, 0x0, 0xc1, 0x80,
    0x1e, 0xc, 0x7, 0xb3, 0xfe, 0x71, 0x9f, 0xf0,
    0xd, 0x0, 0x0, 0xc, 0x0, 0x0, 0x20, 0x7,
    0xff, 0xff, 0x80, 0x78, 0x0, 0x6, 0x61, 0x80,
    0xe1, 0x9c, 0x1f, 0x7, 0x87, 0xc9, 0x18, 0x18,
    0x7c, 0x78, 0x7, 0x81, 0xf0, 0x10, 0x1, 0x0,

    /* U+88D5 "裕" */
    0xc, 0x0, 0x20, 0x1c, 0x30, 0xe0, 0x18, 0xe0,
    0xe0, 0x13, 0x80, 0xe0, 0x2, 0x38, 0xf, 0xe0,
    0x60, 0x0, 0x81, 0xe0, 0x3, 0x3, 0x60, 0xc,
    0x8c, 0xe0, 0x1b, 0x30, 0xe0, 0x7c, 0x60, 0xe1,
    0xf9, 0x80, 0xfe, 0xf7, 0xff, 0x49, 0xb3, 0x6,
    0x3, 0x6, 0xc, 0x6, 0xc, 0x18, 0xc, 0x18,
    0x30, 0x18, 0x30, 0x60, 0x30, 0x60, 0xc0, 0x60,
    0xff, 0x80, 0xc1, 0x83, 0x0,

    /* U+897F "西" */
    0xff, 0xff, 0xf8, 0xc, 0x60, 0x0, 0x63, 0x0,
    0x3, 0x18, 0x0, 0x18, 0xc0, 0x0, 0xc6, 0x0,
    0xff, 0xff, 0x86, 0x31, 0x8c, 0x31, 0x8c, 0x61,
    0x8c, 0x63, 0xc, 0xe3, 0x18, 0x66, 0x18, 0xc3,
    0x70, 0xfe, 0x1b, 0x3, 0xb0, 0xd0, 0x1, 0x86,
    0x0, 0xc, 0x30, 0x0, 0x61, 0xff, 0xff, 0xc,
    0x0, 0x18, 0x60, 0x0, 0xc0,

    /* U+8981 "要" */
    0xff, 0xff, 0xf8, 0x2, 0x10, 0x0, 0x8, 0x40,
    0x0, 0x21, 0x0, 0x3f, 0xff, 0xf0, 0xc2, 0x10,
    0xc3, 0x8, 0x43, 0xc, 0x21, 0xc, 0x30, 0x84,
    0x30, 0xff, 0xff, 0xc0, 0x4, 0x0, 0x0, 0x38,
    0x0, 0xff, 0xff, 0xfc, 0xe, 0xc, 0x0, 0x70,
    0x60, 0x3, 0xfb, 0x0, 0x0, 0xfc, 0x0, 0x1,
    0xfe, 0x0, 0x3e, 0x1f, 0x9f, 0xc0, 0xe, 0x30,
    0x0, 0x0,

    /* U+8986 "覆" */
    0x3f, 0xff, 0xf8, 0x3, 0x18, 0x1, 0xff, 0xff,
    0x86, 0x31, 0x84, 0x18, 0xc6, 0x10, 0x7f, 0xff,
    0xe0, 0x23, 0x0, 0x1, 0xdf, 0xfe, 0xc, 0xe0,
    0x0, 0xe7, 0xff, 0xc7, 0x26, 0x3, 0x9, 0x98,
    0xc, 0xe, 0x7f, 0xf0, 0x71, 0x80, 0xc3, 0xc7,
    0xff, 0x3b, 0x6, 0x0, 0xc, 0x3f, 0xe0, 0x33,
    0xe3, 0x0, 0xc0, 0xd8, 0x3, 0x7, 0xf0, 0xc,
    0xf0, 0x7c,

    /* U+89C1 "见" */
    0xf, 0xff, 0xe0, 0x18, 0x0, 0xc0, 0x30, 0x1,
    0x80, 0x61, 0xc3, 0x0, 0xc3, 0x6, 0x1, 0x86,
    0xc, 0x3, 0xc, 0x18, 0x6, 0x18, 0x30, 0xc,
    0x30, 0x60, 0x18, 0x78, 0xc0, 0x30, 0xf1, 0x80,
    0x63, 0x63, 0x0, 0xc6, 0xc0, 0x0, 0x19, 0x80,
    0x0, 0x73, 0x0, 0x1, 0xc6, 0x6, 0x7, 0xc,
    0xc, 0x78, 0x18, 0x19, 0xc0, 0x1f, 0xe0,

    /* U+89C4 "规" */
    0x4, 0x0, 0x0, 0xc, 0x0, 0x0, 0x18, 0x7f,
    0xe0, 0x30, 0xc0, 0xc0, 0x61, 0x81, 0x87, 0xfb,
    0x3, 0x1, 0x86, 0x66, 0x3, 0xc, 0xcc, 0x6,
    0x19, 0x98, 0xc, 0x33, 0x31, 0xff, 0x66, 0x60,
    0x30, 0xcc, 0xc0, 0x61, 0xb1, 0x80, 0xc3, 0x63,
    0x3, 0xc0, 0xf0, 0x6, 0xc3, 0xe0, 0xc, 0xe6,
    0xc0, 0x30, 0x99, 0x80, 0xe0, 0x73, 0x1b, 0x83,
    0xc6, 0x3e, 0xe, 0xf, 0xc4, 0x18, 0xf, 0x80,

    /* U+89C6 "视" */
    0x18, 0x0, 0x0, 0x18, 0x7f, 0xe0, 0x38, 0xc0,
    0xc0, 0x21, 0x81, 0x80, 0x3, 0x3, 0xf, 0xe6,
    0x66, 0x0, 0xcc, 0xcc, 0x3, 0x19, 0x98, 0x6,
    0x33, 0x30, 0x18, 0x66, 0x60, 0x70, 0xcc, 0xc1,
    0xf9, 0x99, 0x87, 0xdb, 0x33, 0xd, 0x80, 0xf0,
    0x13, 0x1, 0xe0, 0x6, 0x6, 0xc0, 0xc, 0x9,
    0x80, 0x18, 0x33, 0x18, 0x30, 0xc6, 0x30, 0x63,
    0xc, 0x60, 0xcc, 0xf, 0x80,

    /* U+89C8 "览" */
    0x1, 0x86, 0x0, 0x63, 0xc, 0x0, 0xc6, 0x3f,
    0xf1, 0x8c, 0x7f, 0xe3, 0x19, 0x80, 0x6, 0x33,
    0x38, 0xc, 0x6c, 0x38, 0x18, 0xc0, 0x38, 0x0,
    0x0, 0x20, 0x0, 0x0, 0x0, 0x3f, 0xff, 0x0,
    0x60, 0x6, 0x0, 0xc0, 0xc, 0x1, 0x8e, 0x18,
    0x3, 0x18, 0x30, 0x6, 0x36, 0x60, 0xc, 0xcc,
    0xc0, 0x1, 0x98, 0x8, 0xe, 0x30, 0x18, 0x78,
    0x60, 0x6f, 0xc0, 0x7f, 0x88, 0x0, 0x0, 0x0,

    /* U+89D2 "角" */
    0x1, 0x0, 0x0, 0x70, 0x0, 0xc, 0x0, 0x3,
    0xff, 0x80, 0xc0, 0x60, 0x30, 0x18, 0x1c, 0x3,
    0x7, 0xff, 0xff, 0x18, 0x30, 0x63, 0x6, 0xc,
    0x60, 0xc1, 0x8f, 0xff, 0xf1, 0x83, 0x6, 0x30,
    0x60, 0xc6, 0xc, 0x19, 0xff, 0xff, 0x30, 0x30,
    0x66, 0x6, 0xc, 0xc0, 0xc1, 0xb0, 0x18, 0x3e,
    0x3, 0x1f, 0x80, 0x63, 0xc0,

    /* U+89E3 "解" */
    0x8, 0x0, 0x0, 0x30, 0x0, 0x0, 0xc0, 0xff,
    0xc7, 0xf0, 0xc3, 0x10, 0xc3, 0xc, 0xc6, 0x8,
    0x36, 0x38, 0x60, 0xdf, 0xfd, 0x9f, 0x13, 0x34,
    0x70, 0x4c, 0xc3, 0x1, 0xff, 0x2c, 0x7, 0xfd,
    0xb0, 0x13, 0x37, 0xfc, 0x4c, 0xf3, 0x1, 0xff,
    0x4c, 0x4, 0xcc, 0x30, 0x13, 0x3f, 0xfc, 0x4c,
    0xc3, 0x3, 0x33, 0xc, 0x8, 0xcc, 0x30, 0x60,
    0x70, 0xc0, 0x80, 0x3, 0x0,

    /* U+89E6 "触" */
    0x8, 0x1, 0x80, 0x18, 0x3, 0x0, 0x20, 0x6,
    0x0, 0xfe, 0xc, 0x3, 0x18, 0x18, 0xc, 0x71,
    0xff, 0x38, 0xc3, 0xfe, 0x3f, 0xf4, 0xcc, 0x36,
    0x69, 0x98, 0x6c, 0xd3, 0x30, 0xd9, 0xa6, 0x61,
    0xff, 0x4c, 0xc3, 0x66, 0xff, 0x86, 0xcd, 0x33,
    0xf, 0xfa, 0x60, 0x1b, 0x30, 0xcc, 0x36, 0x61,
    0x98, 0x6c, 0xc3, 0x31, 0x99, 0x87, 0xf3, 0x33,
    0x7f, 0xe6, 0x1e, 0xe0, 0xc8, 0x18, 0x0, 0x0,

    /* U+8B66 "警" */
    0xc, 0xc0, 0x0, 0x33, 0xc, 0x7, 0xff, 0x70,
    0x1f, 0xfd, 0xff, 0xc, 0xcc, 0x30, 0x7f, 0xd8,
    0x87, 0x3, 0x36, 0x3f, 0xcc, 0x58, 0xff, 0x31,
    0xc0, 0xfd, 0xbd, 0xf0, 0x3, 0x60, 0x0, 0xc,
    0x0, 0xff, 0xff, 0xfc, 0x0, 0x0, 0x0, 0xff,
    0xfc, 0x0, 0x0, 0x0, 0xf, 0xff, 0xc0, 0x0,
    0x0, 0x0, 0xff, 0xfc, 0x2, 0x0, 0x10, 0x8,
    0x0, 0x40, 0x3f, 0xff, 0x0,

    /* U+8BA1 "计" */
    0x0, 0x3, 0x0, 0x40, 0xc, 0x1, 0x80, 0x30,
    0x3, 0x0, 0xc0, 0x6, 0x3, 0x0, 0x8, 0xc,
    0x0, 0x0, 0x30, 0x0, 0x0, 0xc0, 0xfc, 0xff,
    0xfc, 0x30, 0xc, 0x0, 0xc0, 0x30, 0x3, 0x0,
    0xc0, 0xc, 0x3, 0x0, 0x30, 0xc, 0x0, 0xc8,
    0x30, 0x3, 0x60, 0xc0, 0xf, 0x3, 0x0, 0x38,
    0xc, 0x0, 0xc0, 0x30, 0x2, 0x0, 0xc0, 0x0,
    0x3, 0x0,

    /* U+8BA4 "认" */
    0x10, 0xc, 0x0, 0xc0, 0x60, 0x3, 0x3, 0x0,
    0xc, 0x18, 0x0, 0x0, 0xc0, 0x0, 0x6, 0x0,
    0x0, 0x30, 0x1f, 0x1, 0x80, 0x18, 0xe, 0x0,
    0xc0, 0x70, 0x6, 0x3, 0x80, 0x30, 0x34, 0x1,
    0x91, 0xb0, 0xd, 0xd9, 0x80, 0x6c, 0xc6, 0x3,
    0xcc, 0x30, 0x1c, 0xe0, 0xc1, 0xc6, 0x7, 0x4,
    0x60, 0x1c, 0xe, 0x0, 0x70, 0x0, 0x0, 0x0,

    /* U+8BA9 "让" */
    0x20, 0xc, 0x1, 0x80, 0x60, 0xe, 0x3, 0x0,
    0x38, 0x18, 0x0, 0x80, 0xc0, 0x0, 0x6, 0x0,
    0x0, 0x30, 0x1f, 0x1, 0xfe, 0x18, 0xc, 0x0,
    0xc0, 0x60, 0x6, 0x3, 0x0, 0x30, 0x18, 0x1,
    0x80, 0xc0, 0xc, 0x6, 0x0, 0x60, 0x30, 0x3,
    0x61, 0x80, 0x1f, 0xc, 0x0, 0xf0, 0x60, 0x7,
    0x3, 0x0, 0x33, 0xff, 0xf0,

    /* U+8BB0 "记" */
    0x18, 0x0, 0x0, 0x71, 0xff, 0xc0, 0xe0, 0x3,
    0x0, 0x80, 0xc, 0x0, 0x0, 0x30, 0x0, 0x0,
    0xcf, 0xc0, 0x3, 0x3f, 0x0, 0xc, 0xc, 0x3f,
    0xf0, 0x30, 0xc0, 0xc0, 0xc3, 0x3, 0x3, 0xc,
    0x0, 0xc, 0x30, 0x0, 0x30, 0xc0, 0x0, 0xd3,
    0x0, 0x3, 0x6c, 0x0, 0xf, 0x30, 0xc, 0x38,
    0xc0, 0x31, 0xc3, 0x1, 0x82, 0x7, 0xfe,

    /* U+8BB8 "许" */
    0x10, 0x10, 0x0, 0xe0, 0xe0, 0x1, 0x83, 0x0,
    0x3, 0x1c, 0x0, 0x8, 0x7f, 0xf8, 0x3, 0xc,
    0xf, 0x9c, 0x30, 0x6, 0x20, 0xc0, 0x18, 0x3,
    0x0, 0x60, 0xc, 0x1, 0x80, 0x30, 0x6, 0x0,
    0xc0, 0x18, 0xff, 0xfc, 0x60, 0xc, 0x1, 0x90,
    0x30, 0x6, 0xc0, 0xc0, 0x1f, 0x3, 0x0, 0x70,
    0xc, 0x3, 0x80, 0x30, 0x4, 0x0, 0xc0, 0x0,
    0x3, 0x0,

    /* U+8BBA "论" */
    0x0, 0x4, 0x0, 0x80, 0x38, 0x7, 0x0, 0xe0,
    0x6, 0x3, 0xc0, 0xe, 0x1b, 0x0, 0x10, 0xc6,
    0x0, 0x3, 0xc, 0x0, 0x18, 0x18, 0xf8, 0xc0,
    0x38, 0x6e, 0xc0, 0x71, 0x93, 0xc, 0x86, 0xc,
    0x78, 0x18, 0x33, 0x80, 0x60, 0xf8, 0x1, 0x83,
    0x80, 0x6, 0x4c, 0x0, 0x1b, 0xb0, 0x0, 0x78,
    0xc0, 0x1, 0xc3, 0x1, 0x8e, 0xc, 0xe, 0x10,
    0x1f, 0xf0,

    /* U+8BBE "设" */
    0x20, 0x0, 0x0, 0xc1, 0xfe, 0x1, 0x86, 0x18,
    0x3, 0x18, 0x60, 0x0, 0x61, 0x80, 0x3, 0x86,
    0x0, 0xc, 0x18, 0x3e, 0x70, 0x7e, 0x19, 0x80,
    0x0, 0x60, 0x0, 0x1, 0x9f, 0xfe, 0x6, 0x18,
    0x30, 0x18, 0x60, 0xc0, 0x60, 0xc6, 0x1, 0xa3,
    0x18, 0x6, 0x86, 0xc0, 0x1e, 0xe, 0x0, 0x70,
    0x38, 0x3, 0x83, 0xb8, 0x4, 0x38, 0x7f, 0x3,
    0x80, 0x38,

    /* U+8BBF "访" */
    0x0, 0x4, 0x0, 0x80, 0x30, 0x3, 0x0, 0x60,
    0x6, 0x1, 0xc0, 0x1c, 0x2, 0x0, 0x27, 0xff,
    0xf0, 0x1, 0x80, 0x0, 0x6, 0x0, 0xf8, 0x18,
    0x3, 0xe0, 0x60, 0x1, 0x81, 0xff, 0x6, 0x6,
    0xc, 0x18, 0x18, 0x30, 0x60, 0x60, 0xc1, 0x81,
    0x83, 0x6, 0x4c, 0xc, 0x1b, 0x30, 0x30, 0x79,
    0xc0, 0xc1, 0xc6, 0x3, 0xe, 0x30, 0x1c, 0x11,
    0xc3, 0xf0, 0x2, 0x7, 0x80,

    /* U+8BC1 "证" */
    0x0, 0x0, 0x0, 0xc0, 0x0, 0x1, 0x8f, 0xff,
    0xc2, 0x0, 0xc0, 0x0, 0x3, 0x0, 0x0, 0xc,
    0x0, 0x0, 0x30, 0x3e, 0x0, 0xc0, 0xf8, 0x63,
    0x0, 0x61, 0x8f, 0xe1, 0x86, 0x30, 0x6, 0x18,
    0xc0, 0x18, 0x63, 0x0, 0x61, 0x8c, 0x1, 0xa6,
    0x30, 0x7, 0x98, 0xc0, 0x1e, 0x63, 0x0, 0x71,
    0x8c, 0x1, 0x86, 0x30, 0xc, 0xff, 0xff, 0x10,
    0x0, 0x0,

    /* U+8BC9 "诉" */
    0x0, 0x0, 0x0, 0x60, 0x0, 0x70, 0x61, 0xff,
    0xe0, 0x63, 0xe0, 0x0, 0x46, 0x0, 0x0, 0xc,
    0x0, 0x0, 0x18, 0x0, 0x7c, 0x30, 0x0, 0xf8,
    0x7f, 0xfc, 0x30, 0xc1, 0x80, 0x61, 0x83, 0x0,
    0xc3, 0x26, 0x1, 0x86, 0xfc, 0x3, 0xc, 0x78,
    0x6, 0x18, 0x78, 0xd, 0x20, 0x7c, 0x1e, 0xc0,
    0xdc, 0x39, 0x81, 0x98, 0x73, 0x3, 0x0, 0xcc,
    0x6, 0x1, 0x18, 0xc, 0x0, 0x20, 0x18, 0x0,

    /* U+8BCA "诊" */
    0x0, 0x4, 0x0, 0xc0, 0x38, 0x3, 0x0, 0xe0,
    0x6, 0x6, 0xc0, 0xc, 0x19, 0x0, 0x0, 0xc6,
    0x0, 0x6, 0xe, 0x0, 0x38, 0x8e, 0xfb, 0x86,
    0x18, 0x64, 0x30, 0x1, 0x83, 0x8c, 0x6, 0x3c,
    0x70, 0x18, 0x63, 0x80, 0x60, 0x1c, 0x41, 0x80,
    0xe3, 0x86, 0xcf, 0x1c, 0x1f, 0x30, 0xe0, 0x78,
    0x7, 0x1, 0xc0, 0x78, 0xe, 0x7, 0x80, 0x10,
    0x78, 0x0, 0x1, 0x80, 0x0,

    /* U+8BD1 "译" */
    0x10, 0x0, 0x0, 0x71, 0xff, 0xf0, 0x70, 0xc1,
    0xc0, 0x61, 0xc3, 0x0, 0x1, 0x8e, 0x0, 0x1,
    0xb8, 0x0, 0x1, 0xe0, 0x7c, 0x7, 0xc0, 0x19,
    0xff, 0xf8, 0x33, 0xf0, 0xf8, 0x63, 0x80, 0x30,
    0xc0, 0x18, 0x1, 0x80, 0x30, 0x3, 0x7, 0xff,
    0x6, 0x40, 0xc0, 0xd, 0x81, 0x80, 0x1b, 0x3,
    0x0, 0x3c, 0xff, 0xf8, 0x70, 0xc, 0x1, 0xc0,
    0x18, 0x0, 0x0, 0x30, 0x0, 0x0, 0x60, 0x0,

    /* U+8BD5 "试" */
    0x0, 0x3, 0x20, 0xc0, 0xc, 0xc3, 0x0, 0x31,
    0x86, 0x0, 0xc6, 0x8, 0x3, 0x0, 0xf, 0xff,
    0xe0, 0x0, 0x30, 0x3e, 0x0, 0xc0, 0xf8, 0x3,
    0x0, 0x63, 0xf4, 0x1, 0x83, 0x18, 0x6, 0xc,
    0x60, 0x18, 0x31, 0x80, 0x60, 0xc6, 0x1, 0xb3,
    0xc, 0x7, 0xcc, 0x32, 0x1e, 0x3c, 0xcc, 0x77,
    0xc1, 0xb1, 0x88, 0x7, 0xc4, 0x0, 0xe, 0x0,
    0x0, 0x0,

    /* U+8BDD "话" */
    0x10, 0x0, 0x30, 0x60, 0x3f, 0xc0, 0xcf, 0xf0,
    0x3, 0x11, 0x80, 0x0, 0x6, 0x0, 0x0, 0x18,
    0x0, 0x0, 0x60, 0x3e, 0xff, 0xff, 0xf8, 0x6,
    0x0, 0x60, 0x18, 0x1, 0x80, 0x60, 0x6, 0x1,
    0x80, 0x18, 0x7f, 0xf0, 0x61, 0x80, 0xc1, 0x96,
    0x3, 0x6, 0xd8, 0xc, 0x1e, 0x60, 0x30, 0x71,
    0x80, 0xc3, 0xc7, 0xff, 0x6, 0x18, 0xc, 0x0,
    0x60, 0x30,

    /* U+8BE2 "询" */
    0x0, 0x10, 0x0, 0xc0, 0x60, 0x3, 0x83, 0x80,
    0x6, 0xc, 0x0, 0xc, 0x7f, 0xfc, 0x1, 0x80,
    0x30, 0xc, 0x0, 0xc0, 0x70, 0x3, 0xf9, 0xff,
    0x8c, 0x65, 0x86, 0x31, 0x86, 0x18, 0xc6, 0x18,
    0x63, 0x18, 0x61, 0x8c, 0x61, 0xfe, 0x31, 0x86,
    0x18, 0xc6, 0x18, 0x63, 0x18, 0x61, 0x8c, 0x69,
    0x86, 0x31, 0xe7, 0xf8, 0xc7, 0x0, 0x3, 0x38,
    0x0, 0x7c, 0x40, 0x1, 0xe0,

    /* U+8BE5 "该" */
    0x0, 0x4, 0x0, 0x60, 0x1c, 0x0, 0xc0, 0x1c,
    0x0, 0xc0, 0x0, 0x0, 0xdf, 0xff, 0xc0, 0x1,
    0x0, 0x0, 0x7, 0x0, 0x0, 0xc, 0x20, 0xf8,
    0x30, 0xc0, 0x30, 0x41, 0x80, 0x61, 0x86, 0x0,
    0xc7, 0xfc, 0x1, 0x80, 0x31, 0x83, 0x0, 0xc6,
    0x6, 0x3, 0x18, 0xc, 0x1c, 0x70, 0x18, 0xf0,
    0xc0, 0x34, 0x87, 0x80, 0x78, 0x1d, 0xc0, 0xe0,
    0xf1, 0xc3, 0x87, 0x81, 0xc2, 0x1c, 0x1, 0x80,
    0x20, 0x0, 0x0,

    /* U+8BE6 "详" */
    0x0, 0x0, 0x80, 0x40, 0xc3, 0x3, 0x83, 0xc,
    0x6, 0x6, 0x60, 0xc, 0x1, 0x80, 0x3, 0xff,
    0xe0, 0x0, 0x60, 0x0, 0x1, 0x80, 0xf8, 0x6,
    0x0, 0x60, 0x18, 0x1, 0x80, 0x60, 0x6, 0x3f,
    0xfe, 0x18, 0x6, 0x0, 0x60, 0x18, 0x1, 0x80,
    0x60, 0x6, 0x1, 0x80, 0x18, 0xff, 0xfc, 0x78,
    0x18, 0x1, 0xc0, 0x60, 0xe, 0x1, 0x80, 0x10,
    0x6, 0x0, 0x0, 0x18, 0x0,

    /* U+8BEF "误" */
    0x20, 0x0, 0x0, 0xe3, 0xff, 0x81, 0xcc, 0x2,
    0x3, 0x30, 0x8, 0x0, 0xc0, 0x20, 0x3, 0xff,
    0x8f, 0x80, 0x0, 0x3e, 0x0, 0x0, 0x18, 0x0,
    0x0, 0x67, 0xff, 0xe1, 0x80, 0x60, 0x6, 0x1,
    0x80, 0x18, 0x4, 0x0, 0x67, 0xff, 0xf1, 0xa0,
    0xe0, 0x6, 0x86, 0xc0, 0x1e, 0x1b, 0x80, 0x70,
    0xc7, 0x3, 0x8e, 0xf, 0x0, 0xf0, 0xf, 0x1,
    0x0, 0x8,

    /* U+8BF4 "说" */
    0x20, 0x40, 0x40, 0xe0, 0xc0, 0xc0, 0xe1, 0x83,
    0x0, 0xe1, 0x86, 0x0, 0xc3, 0x18, 0x0, 0x1f,
    0xfe, 0x0, 0x3f, 0xfc, 0x7c, 0x60, 0x18, 0x18,
    0xc0, 0x30, 0x31, 0x80, 0x60, 0x63, 0x0, 0xc0,
    0xc7, 0xff, 0x81, 0x81, 0x98, 0x3, 0x3, 0x30,
    0x6, 0x4, 0x60, 0xd, 0x98, 0xc0, 0x1f, 0x31,
    0x80, 0x3c, 0x63, 0x10, 0x71, 0x86, 0x30, 0xc6,
    0xc, 0x60, 0x38, 0x1f, 0x80, 0x20, 0x0, 0x0,

    /* U+8BF7 "请" */
    0x0, 0x3, 0x0, 0x60, 0x6, 0x0, 0x73, 0xff,
    0xf0, 0x70, 0x18, 0x0, 0x7, 0xff, 0x80, 0x0,
    0x60, 0x0, 0x0, 0xc0, 0x7c, 0x7f, 0xff, 0x18,
    0x0, 0x0, 0x30, 0x0, 0x0, 0x61, 0xff, 0xc0,
    0xc3, 0x1, 0x81, 0x86, 0x3, 0x3, 0xf, 0xfe,
    0x6, 0x58, 0xc, 0xd, 0xb0, 0x18, 0x1f, 0x7f,
    0xf0, 0x38, 0xc0, 0x60, 0xe1, 0x80, 0xc0, 0x83,
    0x3, 0x80, 0x6, 0x7, 0x0,

    /* U+8BFB "读" */
    0x0, 0x6, 0x0, 0xc0, 0x18, 0x3, 0x80, 0x20,
    0x7, 0x3f, 0xfe, 0x8, 0x2, 0x0, 0x0, 0x8,
    0x0, 0xf, 0xff, 0xc0, 0x3f, 0xfe, 0xf8, 0x0,
    0x18, 0x61, 0xc4, 0x41, 0x81, 0xf1, 0x6, 0x22,
    0xc0, 0x18, 0xe3, 0x0, 0x61, 0xcc, 0x1, 0x80,
    0x30, 0x6, 0x3f, 0xff, 0x1f, 0x6, 0x0, 0x78,
    0x1a, 0x1, 0xc0, 0xce, 0xe, 0xe, 0x1e, 0x10,
    0xe0, 0x18, 0x2, 0x0, 0x0,

    /* U+8C01 "谁" */
    0x0, 0x39, 0x80, 0x60, 0x63, 0x80, 0x60, 0xc2,
    0x0, 0x63, 0x0, 0x0, 0x7, 0xff, 0xc0, 0x1c,
    0x30, 0x0, 0x38, 0x60, 0x7c, 0xf0, 0xc0, 0xfb,
    0xe1, 0x80, 0x36, 0xff, 0xf0, 0x61, 0x86, 0x0,
    0xc3, 0xc, 0x1, 0x86, 0x18, 0x3, 0xf, 0xff,
    0x6, 0x98, 0x60, 0xd, 0xb0, 0xc0, 0x1e, 0x61,
    0x80, 0x38, 0xc3, 0x0, 0x61, 0xff, 0xf8, 0x83,
    0x0, 0x0, 0x6, 0x0, 0x0,

    /* U+8C03 "调" */
    0x30, 0xff, 0xf8, 0xc6, 0x0, 0xc3, 0x30, 0xc6,
    0x1, 0x86, 0x30, 0xd, 0xfd, 0xfc, 0x61, 0x8f,
    0xe3, 0xc, 0x63, 0x18, 0x63, 0x18, 0xdf, 0xf8,
    0xc6, 0x0, 0xc6, 0x30, 0x6, 0x31, 0xbf, 0xb1,
    0xad, 0x85, 0x8f, 0x6c, 0x2c, 0x73, 0x61, 0x63,
    0x33, 0xfb, 0x11, 0x80, 0x18, 0x1c, 0x0, 0xc0,
    0xc0, 0x1e, 0x4, 0x0, 0xe0,

    /* U+8C46 "豆" */
    0x7f, 0xff, 0xf0, 0x0, 0x0, 0x0, 0x0, 0x0,
    0x0, 0x0, 0x1, 0xff, 0xfc, 0xc, 0x0, 0x60,
    0x60, 0x3, 0x3, 0x0, 0x18, 0x18, 0x0, 0xc0,
    0xc0, 0x6, 0x7, 0xff, 0xf0, 0x0, 0x4, 0x0,
    0x60, 0x30, 0x3, 0x1, 0x80, 0x1c, 0x1c, 0x0,
    0x60, 0xc0, 0x3, 0xe, 0x0, 0x0, 0x60, 0x3f,
    0xff, 0xfe,

    /* U+8C61 "象" */
    0x1, 0x80, 0x0, 0xc, 0x0, 0x0, 0x7f, 0xf0,
    0x3, 0x1, 0x80, 0x38, 0xc, 0x3, 0xff, 0xff,
    0x81, 0x83, 0x6, 0x6, 0x8, 0x18, 0x1f, 0xff,
    0xe0, 0x7, 0x2, 0x0, 0x7e, 0x1c, 0x1f, 0x98,
    0xe0, 0x38, 0xf7, 0x0, 0xe, 0x7c, 0x1, 0xe3,
    0x98, 0x1e, 0x1a, 0x60, 0x21, 0xc8, 0xe0, 0x1c,
    0x61, 0xf7, 0xc1, 0x83, 0x8c, 0x3e, 0x2, 0x0,
    0x60, 0x0,

    /* U+8C8C "貌" */
    0x1, 0x1, 0x0, 0xf, 0x2, 0x0, 0x38, 0xc,
    0x3, 0xc0, 0xff, 0xc6, 0x6d, 0x81, 0x80, 0x73,
    0x3, 0xc, 0xc6, 0x6, 0xf, 0xf, 0xfc, 0x1a,
    0x18, 0x18, 0xe6, 0x30, 0x33, 0x9e, 0x60, 0x60,
    0x6c, 0xff, 0xc1, 0x98, 0x6c, 0x6, 0x78, 0xd8,
    0x39, 0xb1, 0xb0, 0x27, 0x63, 0x60, 0x1c, 0xcc,
    0xc0, 0x71, 0x99, 0x83, 0x86, 0x63, 0x12, 0x1d,
    0xc6, 0x60, 0x77, 0xf, 0x80, 0x4, 0x0, 0x0,

    /* U+8D1F "负" */
    0x0, 0x80, 0x0, 0x7, 0x0, 0x0, 0x18, 0x0,
    0x0, 0xff, 0xe0, 0x6, 0x3, 0x80, 0x30, 0xc,
    0x1, 0xc0, 0x70, 0x1e, 0x1, 0x80, 0x6f, 0xff,
    0xf0, 0x30, 0x0, 0xc0, 0xc0, 0x3, 0x3, 0x6,
    0xc, 0xc, 0x18, 0x30, 0x30, 0x60, 0xc0, 0xc1,
    0x3, 0x3, 0xc, 0xc, 0xc, 0x30, 0x30, 0x1,
    0x8c, 0x0, 0x1c, 0x7c, 0x1, 0xe0, 0x3c, 0x7e,
    0x0, 0x3d, 0xc0, 0x0, 0x20,

    /* U+8D23 "责" */
    0x0, 0x60, 0x0, 0x3, 0x0, 0x1f, 0xff, 0xf8,
    0x0, 0xc0, 0x0, 0x6, 0x0, 0x1f, 0xff, 0xe0,
    0x1, 0x80, 0x0, 0xc, 0x0, 0xff, 0xff, 0xf8,
    0x0, 0x0, 0x0, 0x0, 0x0, 0x3f, 0xff, 0x81,
    0x80, 0xc, 0xc, 0x18, 0x60, 0x60, 0x83, 0x3,
    0xc, 0x18, 0x18, 0x60, 0xc0, 0x6, 0x70, 0x0,
    0x71, 0xe0, 0x7e, 0x3, 0xcf, 0xc0, 0x7, 0x0,
    0x0, 0x10,

    /* U+8D25 "败" */
    0x0, 0x1, 0x80, 0x0, 0x3, 0x0, 0xff, 0x8e,
    0x1, 0x83, 0x18, 0x3, 0x6, 0x30, 0x6, 0x4c,
    0xff, 0xcc, 0xd9, 0x86, 0x19, 0xb3, 0xc, 0x33,
    0x6e, 0x18, 0x66, 0xf4, 0x30, 0xcd, 0x88, 0x61,
    0x9b, 0x19, 0x83, 0x36, 0x33, 0x6, 0x6c, 0x36,
    0x1, 0xc0, 0x78, 0x3, 0x40, 0x70, 0xe, 0xc0,
    0xc0, 0x18, 0xc3, 0xc0, 0xe1, 0x9c, 0xe7, 0x80,
    0xf0, 0xf0, 0x1, 0x80, 0xe0,

    /* U+8D26 "账" */
    0x0, 0x18, 0x1, 0xfe, 0x60, 0x86, 0x19, 0x83,
    0x18, 0x66, 0x18, 0x6d, 0x98, 0xc1, 0xb6, 0x66,
    0x6, 0xd9, 0xb0, 0x1b, 0x66, 0x80, 0x6d, 0x98,
    0x1, 0xb7, 0xff, 0xe6, 0xd9, 0x98, 0x1b, 0x66,
    0x60, 0x6d, 0x99, 0x81, 0xb6, 0x62, 0x7, 0x81,
    0x8c, 0x6, 0x86, 0x30, 0x1a, 0x18, 0x60, 0xcc,
    0x6c, 0xc7, 0x19, 0xf3, 0xb8, 0x27, 0x2, 0xc0,
    0x10, 0x0,

    /* U+8D2A "贪" */
    0x0, 0x70, 0x0, 0x3, 0xc0, 0x0, 0xd, 0x80,
    0x0, 0x63, 0x80, 0x7, 0x63, 0x0, 0x39, 0xc7,
    0x3, 0xc2, 0x7, 0x99, 0xff, 0xc2, 0x0, 0x6,
    0x0, 0x0, 0x18, 0x0, 0x0, 0xc0, 0x3, 0xff,
    0xf0, 0xc, 0x0, 0xc0, 0x30, 0x83, 0x0, 0xc3,
    0xc, 0x3, 0x18, 0x30, 0xc, 0x64, 0xc0, 0x3,
    0x3c, 0x0, 0x38, 0x3c, 0xf, 0xc0, 0x3c, 0x1c,
    0x0, 0x60,

    /* U+8D34 "贴" */
    0x0, 0x3, 0x1, 0xff, 0xc, 0x6, 0xc, 0x30,
    0x18, 0x30, 0xc0, 0x6c, 0xc3, 0xfd, 0xb3, 0xc,
    0x6, 0xcc, 0x30, 0x1b, 0x30, 0xc0, 0x6c, 0xc3,
    0x1, 0xb3, 0xc, 0x6, 0xcc, 0x30, 0x1b, 0x37,
    0xfe, 0x6c, 0xd0, 0x19, 0xa3, 0x40, 0x61, 0x81,
    0x1, 0x86, 0xc4, 0x6, 0x1f, 0x90, 0x18, 0xce,
    0x40, 0x63, 0xd, 0xff, 0x98, 0x4, 0x6, 0xc0,
    0x10, 0x18,

    /* U+8D35 "贵" */
    0x0, 0x30, 0x0, 0x0, 0xc0, 0x1, 0xff, 0xff,
    0x6, 0xc, 0xc, 0x18, 0x30, 0x30, 0x7f, 0xff,
    0xc0, 0x3, 0x0, 0x0, 0xc, 0x0, 0xff, 0xff,
    0xfc, 0x0, 0x0, 0x0, 0x0, 0x0, 0x7, 0xff,
    0xf8, 0x1c, 0x0, 0x60, 0x70, 0xc1, 0x81, 0xc3,
    0x6, 0x7, 0x8, 0x18, 0x1c, 0x66, 0x0, 0x3,
    0x3f, 0x0, 0x78, 0x1f, 0x1f, 0x80, 0xe, 0x70,
    0x0, 0x10,

    /* U+8D39 "费" */
    0x0, 0xc6, 0x0, 0x3, 0x18, 0x1, 0xff, 0xff,
    0x80, 0x31, 0x86, 0x0, 0xc6, 0x18, 0x7f, 0xff,
    0xe1, 0x8c, 0x60, 0x6, 0x31, 0x80, 0x1f, 0xff,
    0xfc, 0x6, 0x18, 0x30, 0x78, 0x60, 0xc3, 0xc1,
    0x87, 0x7f, 0xff, 0xf9, 0x98, 0x1, 0x80, 0x61,
    0x86, 0x1, 0x8e, 0x18, 0x6, 0x32, 0x60, 0x19,
    0xde, 0x0, 0x1e, 0x3e, 0xf, 0xe0, 0x1e, 0x3e,
    0x0, 0x10,

    /* U+8D44 "资" */
    0x0, 0x30, 0x3, 0x83, 0x0, 0xe, 0x3f, 0xfc,
    0x13, 0x10, 0xc0, 0x19, 0xcc, 0x0, 0xe, 0x0,
    0x30, 0x70, 0x3, 0x6, 0xe0, 0x30, 0x63, 0xc3,
    0x1e, 0x7, 0xd0, 0x40, 0xc, 0x3f, 0xff, 0x81,
    0x80, 0xc, 0xc, 0x30, 0x60, 0x61, 0x83, 0x3,
    0x1c, 0x18, 0x18, 0xcc, 0x0, 0xc, 0x7c, 0x1,
    0xc0, 0xf8, 0xfc, 0x0, 0xe7, 0x0, 0x0, 0x0,

    /* U+8D56 "赖" */
    0x6, 0x3, 0x80, 0x18, 0x18, 0x0, 0x60, 0x7f,
    0x1f, 0xf3, 0xf8, 0x6, 0x18, 0x60, 0x18, 0xc3,
    0x0, 0x61, 0xc, 0x1f, 0xf7, 0xfe, 0x66, 0xd8,
    0x19, 0x9b, 0x60, 0x66, 0x6d, 0x99, 0x9f, 0xf6,
    0x66, 0xe, 0x19, 0x98, 0x3c, 0x66, 0x61, 0xf9,
    0x99, 0x8d, 0xb6, 0x66, 0x66, 0xc3, 0x3, 0x98,
    0x1d, 0x84, 0x60, 0xe3, 0x81, 0x8f, 0x7, 0x6,
    0x70, 0x8,

    /* U+8D70 "走" */
    0x0, 0x30, 0x0, 0x0, 0xc0, 0x0, 0x3, 0x0,
    0x7, 0xff, 0xf8, 0x0, 0x30, 0x0, 0x0, 0xc0,
    0x0, 0x3, 0x0, 0x0, 0xc, 0x0, 0xff, 0xff,
    0xf8, 0x0, 0xc0, 0x0, 0x3, 0x0, 0x1, 0x8c,
    0x0, 0x4, 0x30, 0x0, 0x10, 0xff, 0x80, 0xc3,
    0x0, 0x3, 0x8c, 0x0, 0xf, 0x30, 0x0, 0x6e,
    0xc0, 0x1, 0x9f, 0x0, 0xc, 0x1f, 0xff, 0x60,
    0x1f, 0xf8, 0x0, 0x0, 0x0,

    /* U+8D77 "起" */
    0x6, 0x0, 0x0, 0x18, 0x0, 0x0, 0x61, 0xff,
    0x1f, 0xf0, 0xc, 0x6, 0x0, 0x30, 0x18, 0x0,
    0xc0, 0x60, 0x3, 0x1, 0x80, 0xc, 0xff, 0xef,
    0xf0, 0x18, 0x30, 0x0, 0x60, 0xc0, 0x1, 0x83,
    0x0, 0x36, 0xc, 0x0, 0xdf, 0xb0, 0x63, 0x60,
    0xc1, 0x9d, 0x83, 0x6, 0x7e, 0xf, 0xf1, 0xb8,
    0x0, 0xc, 0x78, 0x0, 0x30, 0xff, 0xff, 0x80,
    0x7f, 0xf8,

    /* U+8D85 "超" */
    0x6, 0x0, 0x0, 0xc, 0x3f, 0xf0, 0x18, 0x7f,
    0xe3, 0xfe, 0x18, 0xc0, 0x60, 0x21, 0x80, 0xc0,
    0xc3, 0x1, 0x81, 0x86, 0x3, 0x6, 0xc, 0x7f,
    0xf8, 0xf0, 0x4, 0x0, 0x0, 0x8, 0x3f, 0xe1,
    0x90, 0x7f, 0xc3, 0x3c, 0xc1, 0x84, 0x41, 0x83,
    0x18, 0x83, 0x6, 0x39, 0x6, 0xc, 0x7a, 0xf,
    0xf8, 0xdc, 0x0, 0x3, 0x1f, 0x0, 0x6, 0xf,
    0xff, 0xe4, 0x3, 0xff, 0xc0,

    /* U+8DB3 "足" */
    0x1f, 0xff, 0x80, 0xc0, 0xc, 0x6, 0x0, 0x60,
    0x30, 0x3, 0x1, 0x80, 0x18, 0xc, 0x0, 0xc0,
    0x60, 0x6, 0x3, 0xff, 0xf0, 0x0, 0x60, 0x0,
    0x3, 0x0, 0x0, 0x18, 0x0, 0x30, 0xc0, 0x1,
    0x87, 0xfe, 0xc, 0x30, 0x0, 0x61, 0x80, 0x7,
    0xc, 0x0, 0x3c, 0x60, 0x3, 0x33, 0x0, 0x18,
    0x78, 0x1, 0x80, 0xff, 0xe4, 0x0, 0x0, 0x0,

    /* U+8DC3 "跃" */
    0x3f, 0xc0, 0xf8, 0x61, 0xbf, 0x80, 0xc3, 0x66,
    0x1, 0x86, 0xc, 0x3, 0xc, 0x18, 0x6, 0x18,
    0x30, 0xf, 0xf0, 0x60, 0x3, 0x0, 0xc0, 0x6,
    0x3f, 0xfc, 0x6c, 0x3, 0x0, 0xd8, 0x6, 0x1,
    0xbe, 0x1e, 0x3, 0x60, 0x3c, 0x6, 0xc0, 0x6c,
    0xd, 0x81, 0xd8, 0x1b, 0x3, 0x38, 0x37, 0xce,
    0x30, 0xfe, 0x38, 0x31, 0xc0, 0xe0, 0x70, 0x3,
    0x80, 0x70, 0xe, 0x0, 0x40,

    /* U+8DD1 "跑" */
    0x0, 0x0, 0x0, 0x0, 0xc, 0x0, 0xfe, 0x18,
    0x1, 0xfc, 0x30, 0x3, 0x8, 0xff, 0xc6, 0x11,
    0x81, 0x8c, 0x26, 0x3, 0x18, 0x58, 0x6, 0x3f,
    0xbf, 0xcc, 0xc, 0x19, 0x98, 0x18, 0x33, 0x30,
    0x30, 0x66, 0x63, 0x60, 0xcc, 0xc6, 0xf9, 0x99,
    0x8d, 0x83, 0xf3, 0x1b, 0x6, 0x1e, 0x36, 0xc,
    0x1c, 0x6c, 0x18, 0x0, 0xdb, 0xb0, 0x1, 0xfe,
    0x60, 0x3f, 0xc0, 0xc0, 0x68, 0x1, 0xff, 0x80,

    /* U+8DDD "距" */
    0x7f, 0xbf, 0xf9, 0x82, 0xc0, 0x6, 0xb, 0x0,
    0x18, 0x2c, 0x0, 0x60, 0xb0, 0x1, 0x82, 0xc0,
    0x7, 0xfb, 0xff, 0x1, 0x8c, 0xc, 0x6, 0x30,
    0x31, 0x98, 0xc0, 0xc6, 0x7f, 0x3, 0x19, 0xfc,
    0xc, 0x66, 0x3f, 0xf1, 0x98, 0xc0, 0x6, 0x63,
    0x0, 0x19, 0x8c, 0x0, 0x67, 0xf0, 0x1, 0xbf,
    0xc0, 0xf, 0xe3, 0x0, 0x30, 0xf, 0xff,

    /* U+8DDF "跟" */
    0x3f, 0xdf, 0xf8, 0x61, 0xb0, 0x30, 0xc3, 0x60,
    0x61, 0x86, 0xff, 0xc3, 0xd, 0x81, 0x87, 0xfb,
    0x3, 0x1, 0x86, 0x6, 0x3, 0xf, 0xfc, 0x36,
    0x19, 0x80, 0x6c, 0x33, 0x10, 0xdf, 0x66, 0x31,
    0xb0, 0xc4, 0xc3, 0x61, 0x8b, 0x6, 0xc3, 0x1c,
    0xd, 0x86, 0x10, 0x1b, 0xec, 0x30, 0x3f, 0x9b,
    0x38, 0xf8, 0x3c, 0x3d, 0x0, 0x70, 0x38, 0x0,
    0x80, 0x0,

    /* U+8DEF "路" */
    0x0, 0x0, 0x0, 0x0, 0xc, 0x0, 0xff, 0x10,
    0x1, 0x86, 0x7f, 0xc3, 0xc, 0x83, 0x6, 0x1b,
    0xe, 0xc, 0x37, 0x18, 0x18, 0x7b, 0x60, 0x3f,
    0xc3, 0xc0, 0xc, 0x3, 0x0, 0x18, 0x1f, 0x81,
    0xb0, 0xe1, 0xe3, 0x7f, 0x0, 0xc6, 0xc3, 0xfe,
    0xd, 0x86, 0xc, 0x1b, 0xc, 0x18, 0x36, 0x38,
    0x30, 0x6d, 0xb0, 0x60, 0xdf, 0x60, 0xc3, 0xf0,
    0xff, 0x87, 0x1, 0x83, 0x0, 0x3, 0x6, 0x0,

    /* U+8DF3 "跳" */
    0x0, 0x0, 0xc0, 0xfe, 0x19, 0x81, 0x8c, 0x33,
    0x23, 0x1a, 0x66, 0x66, 0x36, 0xcd, 0x8c, 0x6d,
    0x9b, 0x18, 0xdb, 0x34, 0x3f, 0x96, 0x78, 0xc,
    0xc, 0xc0, 0x18, 0x19, 0x81, 0xb0, 0x73, 0x83,
    0x79, 0xe7, 0x86, 0xc6, 0xcd, 0xcd, 0x99, 0x99,
    0x1b, 0x16, 0x32, 0x36, 0xc, 0x60, 0x6c, 0x18,
    0xc0, 0xde, 0x71, 0x89, 0xfc, 0xc3, 0x1f, 0xc3,
    0x6, 0x6c, 0xc, 0xf, 0xc0, 0x0, 0x0, 0x0,

    /* U+8E29 "踩" */
    0x0, 0x0, 0x11, 0xfd, 0xff, 0xc6, 0x13, 0xe0,
    0x18, 0x40, 0x4, 0x61, 0x26, 0x19, 0x84, 0x8c,
    0xc6, 0x13, 0x33, 0x1f, 0xcc, 0xd8, 0xc, 0x3,
    0x0, 0x30, 0xc, 0x0, 0xc0, 0x30, 0x1b, 0x1f,
    0xfe, 0x6f, 0xff, 0xf9, 0xb0, 0x3f, 0x6, 0xc0,
    0xb4, 0x1b, 0x26, 0xd8, 0x6f, 0xb3, 0x31, 0xf9,
    0x8c, 0x7f, 0xe, 0x30, 0xa0, 0x10, 0xc0, 0x0,
    0x3, 0x0,

    /* U+8EAB "身" */
    0x0, 0x80, 0x0, 0x3, 0x80, 0x0, 0xc, 0x0,
    0x3, 0xff, 0xf0, 0xc, 0x0, 0xc0, 0x30, 0x3,
    0x0, 0xc0, 0xc, 0x3, 0xff, 0xf0, 0xc, 0x0,
    0xc0, 0x30, 0x3, 0x20, 0xff, 0xfd, 0xc3, 0x0,
    0x3e, 0xc, 0x0, 0xf0, 0x30, 0x7, 0x8f, 0xff,
    0xfc, 0x0, 0x3, 0xb0, 0x0, 0x3c, 0xc0, 0x1,
    0xc3, 0x0, 0x3e, 0xc, 0x7, 0xc0, 0x30, 0xfc,
    0x7, 0xc1, 0x80, 0x1f, 0x0, 0x0, 0x20, 0x0,

    /* U+8F6E "轮" */
    0x8, 0x0, 0x0, 0x30, 0x1c, 0x0, 0xc0, 0x70,
    0x2, 0x1, 0xc0, 0xff, 0xcd, 0x80, 0x60, 0x33,
    0x3, 0x1, 0x86, 0xc, 0xc, 0x1c, 0x36, 0x70,
    0x3d, 0x99, 0x80, 0x2e, 0x61, 0x80, 0x3f, 0xf6,
    0x1c, 0x6, 0x18, 0xe0, 0x18, 0x6e, 0x0, 0x61,
    0xe0, 0x1, 0x96, 0x0, 0xff, 0xd8, 0x3, 0xf8,
    0x60, 0x8, 0x61, 0x81, 0x1, 0x86, 0x6, 0x6,
    0x18, 0x18, 0x18, 0x7f, 0xc0,

    /* U+8F6F "软" */
    0x0, 0x0, 0x0, 0x30, 0x18, 0x0, 0xc0, 0x60,
    0x6, 0x3, 0x0, 0xff, 0xcc, 0x0, 0x60, 0x7f,
    0xe3, 0x1, 0x81, 0x8d, 0x8c, 0xc, 0x36, 0x33,
    0x31, 0x98, 0xc, 0x46, 0x60, 0x30, 0x3f, 0xf8,
    0xc0, 0x6, 0x3, 0x0, 0x18, 0xc, 0x0, 0x62,
    0x78, 0x7, 0xf9, 0xe0, 0xfe, 0xc, 0xc0, 0x18,
    0x31, 0x80, 0x61, 0x87, 0x1, 0x8c, 0xf, 0x6,
    0x70, 0x18, 0x18, 0x80, 0x20,

    /* U+8F7B "轻" */
    0xc, 0x0, 0x0, 0x43, 0xff, 0x6, 0x1f, 0xf1,
    0xff, 0x1, 0x81, 0x80, 0x18, 0x18, 0x1, 0xc0,
    0xd8, 0x1f, 0x6, 0xc1, 0x9c, 0x66, 0x18, 0x7b,
    0x33, 0x80, 0xff, 0xe8, 0x0, 0xff, 0x0, 0x0,
    0x63, 0xff, 0x3, 0x1, 0x80, 0x1e, 0xc, 0x1f,
    0xf0, 0x60, 0xf6, 0x3, 0x0, 0x30, 0x18, 0x1,
    0x80, 0xc0, 0xc, 0xff, 0xf0, 0x60, 0x0, 0x0,

    /* U+8F7D "载" */
    0x6, 0x4, 0x40, 0x18, 0x11, 0x87, 0xfe, 0x43,
    0x1, 0x81, 0x0, 0x6, 0x4, 0x3, 0xff, 0xff,
    0xf0, 0x40, 0x60, 0x1, 0x81, 0x80, 0xc, 0x6,
    0x21, 0xff, 0xd8, 0xc1, 0x80, 0x66, 0xc, 0xc0,
    0x98, 0x63, 0x2, 0x41, 0xff, 0x8f, 0x0, 0x30,
    0x38, 0x0, 0xc4, 0x60, 0x1f, 0xf3, 0x81, 0xfc,
    0x1b, 0x34, 0x30, 0xc6, 0xc0, 0xce, 0x1e, 0x3,
    0x10, 0x30,

    /* U+8F91 "辑" */
    0xc, 0x0, 0x0, 0x30, 0x7f, 0xc0, 0x81, 0x3,
    0x3f, 0xf4, 0xc, 0xff, 0xd0, 0x30, 0x40, 0x7f,
    0xc3, 0x0, 0x0, 0xd, 0x80, 0x0, 0x26, 0x7f,
    0xfd, 0x98, 0x40, 0xcf, 0xf9, 0x3, 0x1f, 0xe7,
    0xfc, 0x6, 0x10, 0x30, 0x18, 0x40, 0xc0, 0x7d,
    0xff, 0x1f, 0xc4, 0xc, 0xf6, 0x10, 0x3c, 0x19,
    0xff, 0xf0, 0x67, 0xc3, 0x1, 0x80, 0xc, 0x6,
    0x0, 0x30,

    /* U+8F93 "输" */
    0x0, 0x4, 0x0, 0x60, 0x38, 0x1, 0x80, 0xf0,
    0xc, 0x6, 0xc0, 0xfe, 0x31, 0xc3, 0xf9, 0xc3,
    0x83, 0xf, 0xff, 0x88, 0x70, 0x6, 0x69, 0x80,
    0x1, 0xa3, 0xf0, 0xcc, 0x8c, 0x4b, 0x3f, 0xb1,
    0x2c, 0xf8, 0xfc, 0xb0, 0x23, 0xf2, 0xc0, 0x8c,
    0x4b, 0x3, 0xb1, 0x2c, 0xfe, 0xfc, 0xb3, 0xa3,
    0x12, 0xc0, 0x8c, 0x4b, 0x2, 0x31, 0xc, 0x8,
    0xdc, 0x70, 0x23, 0x21, 0x80,

    /* U+8FA8 "辨" */
    0x8, 0x0, 0x20, 0x30, 0x38, 0xe0, 0x30, 0x60,
    0xc0, 0x40, 0xc1, 0x7, 0xf1, 0x9f, 0xe0, 0x1b,
    0x0, 0x8, 0xf6, 0x63, 0x19, 0x6c, 0x66, 0x36,
    0xd8, 0xd8, 0x29, 0xb0, 0x33, 0xff, 0x6f, 0xff,
    0xfe, 0xdf, 0xf0, 0xcd, 0x82, 0x1, 0x8b, 0x4,
    0x3, 0xe, 0x8, 0x3f, 0x9c, 0xff, 0x8, 0x30,
    0x20, 0x30, 0xe0, 0x40, 0x61, 0x80, 0x81, 0x87,
    0x1, 0x3, 0x1c, 0x2, 0x4, 0x10, 0x4, 0x0,

    /* U+8FB9 "边" */
    0x0, 0xc, 0x1, 0xc0, 0x30, 0x3, 0x0, 0xc0,
    0xe, 0x3, 0x0, 0x18, 0xc, 0x0, 0x43, 0xff,
    0xc0, 0x0, 0xc3, 0x0, 0x3, 0xc, 0xf8, 0xc,
    0x33, 0xe0, 0x60, 0xc1, 0x81, 0x83, 0x6, 0xe,
    0xc, 0x18, 0x30, 0x30, 0x61, 0xc0, 0xc1, 0x8e,
    0x3, 0x6, 0x70, 0x7c, 0x18, 0xc1, 0xe0, 0xf0,
    0x0, 0x6, 0x78, 0x0, 0x38, 0x7f, 0xff, 0x40,
    0x7f, 0xf8,

    /* U+8FC7 "过" */
    0x10, 0x0, 0xc0, 0xc0, 0x3, 0x1, 0x80, 0xc,
    0x7, 0x0, 0x30, 0xc, 0xff, 0xfc, 0x0, 0x3,
    0x0, 0x0, 0xc, 0x0, 0x8, 0x30, 0x7c, 0x60,
    0xc0, 0x31, 0xc3, 0x0, 0xc3, 0xc, 0x3, 0xe,
    0x30, 0xc, 0x0, 0xc0, 0x30, 0x3, 0x0, 0xc0,
    0xc, 0x3, 0x0, 0x30, 0xc, 0x7, 0xc0, 0x78,
    0x1e, 0x3, 0x7c, 0x0, 0x38, 0x7f, 0xff, 0x40,
    0x7f, 0xfc,

    /* U+8FCE "迎" */
    0x0, 0x0, 0x0, 0xc0, 0x60, 0x0, 0xc7, 0xaf,
    0xe1, 0x8c, 0x18, 0xc3, 0x98, 0x31, 0x82, 0x30,
    0x63, 0x0, 0x60, 0xc6, 0x0, 0xc1, 0x8c, 0x1,
    0x83, 0x19, 0xf3, 0x6, 0x30, 0x66, 0xc, 0x60,
    0xcc, 0x18, 0xc1, 0x98, 0x31, 0x83, 0x36, 0x63,
    0x6, 0x7c, 0xde, 0xc, 0xe1, 0x90, 0x18, 0x3,
    0x0, 0x30, 0x6, 0x0, 0xf0, 0x0, 0x3, 0xfc,
    0x0, 0x6, 0x3f, 0xff, 0xc8, 0xf, 0xff, 0x80,

    /* U+8FD0 "运" */
    0x30, 0x0, 0x1, 0xc7, 0xff, 0x7, 0x0, 0x0,
    0x10, 0x0, 0x0, 0x0, 0x0, 0x0, 0x0, 0x0,
    0x7, 0xff, 0xef, 0x83, 0x0, 0xc, 0x18, 0x0,
    0x61, 0x8c, 0x3, 0xc, 0x30, 0x18, 0xc1, 0x80,
    0xc4, 0x6, 0x6, 0x7f, 0xf8, 0x33, 0xe0, 0xc1,
    0x80, 0x0, 0x1e, 0x0, 0x3, 0xfc, 0x0, 0x38,
    0x7f, 0xfe, 0x80, 0xff, 0xf0,

    /* U+8FD1 "近" */
    0x0, 0x0, 0x20, 0xc1, 0xff, 0xc3, 0x87, 0xf8,
    0x7, 0x18, 0x0, 0xc, 0x60, 0x0, 0x1, 0x80,
    0x0, 0x6, 0x0, 0x0, 0x1f, 0xfe, 0xf8, 0x61,
    0x80, 0x61, 0x86, 0x1, 0x86, 0x18, 0x6, 0x18,
    0x60, 0x18, 0xe1, 0x80, 0x63, 0x6, 0x1, 0x9c,
    0x18, 0x6, 0x60, 0x60, 0x19, 0x81, 0x80, 0xf0,
    0x6, 0x7, 0xfc, 0x0, 0x38, 0xff, 0xfe, 0xc0,
    0x7f, 0xf8,

    /* U+8FD4 "返" */
    0x30, 0x0, 0x60, 0xc3, 0xff, 0xc1, 0x8f, 0xf0,
    0x6, 0x30, 0x0, 0x18, 0xc0, 0x0, 0x3, 0x0,
    0x0, 0xf, 0xfe, 0x0, 0x30, 0x18, 0xf8, 0xc0,
    0x60, 0x63, 0x73, 0x1, 0x8c, 0xec, 0x6, 0x31,
    0xf0, 0x19, 0xc3, 0x80, 0x66, 0xf, 0x1, 0x98,
    0x76, 0x6, 0xc7, 0x9c, 0x1b, 0x38, 0x30, 0xf0,
    0x40, 0x7, 0xf8, 0x0, 0x78, 0xff, 0xfe, 0x40,
    0x7f, 0xf8,

    /* U+8FD8 "还" */
    0x30, 0x0, 0x0, 0xc7, 0xff, 0xe1, 0x80, 0x60,
    0x3, 0x3, 0x80, 0x8, 0xc, 0x0, 0x0, 0x70,
    0x0, 0x3, 0xcc, 0x3e, 0xf, 0x38, 0x18, 0xec,
    0x70, 0x67, 0x30, 0xe1, 0xb8, 0xc1, 0xc6, 0xc3,
    0x2, 0x18, 0xc, 0x0, 0x60, 0x30, 0x1, 0x80,
    0xc0, 0x6, 0x3, 0x0, 0x3c, 0xc, 0x1, 0xfe,
    0x0, 0xe, 0x3f, 0xff, 0xd0, 0x1f, 0xff,

    /* U+8FD9 "这" */
    0x0, 0x0, 0x0, 0x80, 0x30, 0x3, 0x0, 0x60,
    0x6, 0x0, 0xc0, 0x1c, 0x0, 0x0, 0x23, 0xff,
    0xe0, 0x0, 0x4, 0x0, 0x8, 0x30, 0x0, 0x70,
    0xc1, 0xf0, 0xe6, 0x0, 0xc0, 0xf8, 0x3, 0x1,
    0xe0, 0xc, 0x3, 0x80, 0x30, 0x1f, 0x0, 0xc0,
    0xcc, 0x3, 0xe, 0x18, 0xc, 0x70, 0x70, 0x33,
    0x80, 0xc1, 0xe0, 0x0, 0x1f, 0xf0, 0x0, 0x61,
    0xff, 0xfd, 0x1, 0xff, 0xe0,

    /* U+8FDB "进" */
    0x10, 0x31, 0x80, 0xc0, 0xc6, 0x3, 0x83, 0x18,
    0x6, 0xc, 0x60, 0x19, 0xff, 0xf8, 0x0, 0xc6,
    0x0, 0x3, 0x18, 0x0, 0xc, 0x60, 0xf8, 0x31,
    0x80, 0x60, 0xc6, 0x1, 0xbf, 0xff, 0x86, 0xc,
    0x60, 0x18, 0x61, 0x80, 0x61, 0x86, 0x1, 0x86,
    0x18, 0x6, 0x30, 0x60, 0x19, 0xc1, 0x80, 0xfa,
    0x6, 0x7, 0xf8, 0x0, 0x30, 0xff, 0xfe, 0x0,
    0x7f, 0xf8,

    /* U+8FDC "远" */
    0x30, 0x0, 0x0, 0xe3, 0xff, 0x81, 0xc0, 0x0,
    0x2, 0x0, 0x0, 0x0, 0x0, 0x0, 0x0, 0x0,
    0x0, 0x3f, 0xff, 0x9f, 0xc, 0xc0, 0xc, 0x33,
    0x0, 0x30, 0xcc, 0x0, 0xc3, 0x30, 0x3, 0x8,
    0xc0, 0xc, 0x63, 0x10, 0x31, 0x8c, 0x60, 0xcc,
    0x31, 0x83, 0x60, 0x7c, 0x1e, 0x0, 0x1, 0xff,
    0x0, 0xe, 0x1f, 0xff, 0xd0, 0x1f, 0xfe,

    /* U+8FDE "连" */
    0x0, 0xc, 0x1, 0x80, 0x60, 0x7, 0x1, 0x80,
    0xe, 0xff, 0xfe, 0x18, 0x30, 0x0, 0x1, 0x98,
    0x0, 0xc, 0x60, 0x0, 0x31, 0x80, 0xf9, 0xff,
    0xf0, 0x60, 0x18, 0x1, 0x80, 0x60, 0x6, 0x1,
    0x80, 0x18, 0x6, 0x0, 0x6f, 0xff, 0xe1, 0x80,
    0x60, 0x6, 0x1, 0x80, 0x18, 0x6, 0x0, 0xf0,
    0x18, 0x7, 0xf8, 0x60, 0x38, 0xff, 0xff, 0x40,
    0x7f, 0xfc,

    /* U+8FED "迭" */
    0x0, 0x6, 0x0, 0xc1, 0x98, 0x3, 0xc, 0x60,
    0xe, 0x31, 0x80, 0x18, 0xff, 0xf0, 0x46, 0x18,
    0x0, 0x18, 0x60, 0x0, 0x1, 0x80, 0x0, 0x4,
    0x3, 0xef, 0xff, 0xe1, 0x80, 0xc0, 0x6, 0x3,
    0x80, 0x18, 0x1b, 0x0, 0x60, 0x66, 0x1, 0x83,
    0x1c, 0x6, 0x18, 0x38, 0x19, 0xc0, 0x70, 0x66,
    0x0, 0xc3, 0xc0, 0x0, 0x18, 0xe0, 0x0, 0xc0,
    0xff, 0xf8,

    /* U+8FF0 "述" */
    0x0, 0x6, 0x0, 0x60, 0xc, 0xc0, 0xe0, 0x18,
    0xc0, 0xc0, 0x31, 0x81, 0xc0, 0x60, 0x0, 0x3f,
    0xff, 0x80, 0x3, 0x80, 0x0, 0x7, 0x0, 0xf8,
    0x1e, 0x41, 0xf0, 0x3d, 0xc0, 0x60, 0xd9, 0x80,
    0xc3, 0xb1, 0x81, 0x86, 0x63, 0x83, 0x18, 0xc3,
    0x86, 0xe1, 0x82, 0xc, 0xc3, 0x0, 0x18, 0x6,
    0x0, 0x78, 0xc, 0x1, 0xfe, 0x0, 0xf, 0x1f,
    0xff, 0xe4, 0xf, 0xff, 0xc0,

    /* U+9000 "退" */
    0x30, 0xff, 0xf0, 0x71, 0x80, 0x60, 0x63, 0x0,
    0xc0, 0xc6, 0x1, 0x81, 0xcf, 0xff, 0x0, 0x18,
    0x6, 0x0, 0x30, 0xc, 0x0, 0x7f, 0xf8, 0xf8,
    0xff, 0xf1, 0xf1, 0x80, 0x0, 0x63, 0x0, 0x60,
    0xc6, 0xf1, 0x81, 0x8c, 0x7e, 0x3, 0x18, 0x78,
    0x6, 0x33, 0x38, 0xc, 0x7e, 0x3c, 0x19, 0xf0,
    0x18, 0x39, 0x80, 0x1, 0xfe, 0x0, 0x1f, 0x1f,
    0xff, 0xe4, 0x3, 0xff, 0xc0,

    /* U+9001 "送" */
    0x0, 0x0, 0x1, 0x6, 0x6, 0x1c, 0x18, 0x60,
    0x60, 0xe3, 0x1, 0x82, 0x30, 0x4, 0xff, 0xf8,
    0x0, 0x30, 0x0, 0x1, 0x80, 0x0, 0xc, 0x7,
    0xc0, 0x60, 0x6, 0xff, 0xfc, 0x30, 0x38, 0x1,
    0x81, 0xe0, 0xc, 0x1f, 0x80, 0x60, 0xc7, 0x3,
    0xc, 0x1c, 0x18, 0xe0, 0x70, 0xcc, 0x1, 0xf,
    0x0, 0x0, 0xce, 0x0, 0x1c, 0xf, 0xff, 0x80,

    /* U+9002 "适" */
    0x0, 0x0, 0x41, 0x3, 0xff, 0x1c, 0x3f, 0x80,
    0x60, 0x18, 0x1, 0x80, 0xc0, 0x0, 0x6, 0x0,
    0xf, 0xff, 0xc0, 0x1, 0x80, 0xf8, 0xc, 0x7,
    0xc0, 0x60, 0x6, 0x3f, 0xf8, 0x31, 0x80, 0xc1,
    0x8c, 0x6, 0xc, 0x60, 0x30, 0x63, 0x1, 0x83,
    0x1f, 0xfc, 0x18, 0xc0, 0x61, 0xe0, 0x0, 0xf,
    0x80, 0x0, 0xc7, 0x0, 0x3c, 0x7, 0xff, 0x0,

    /* U+9006 "逆" */
    0x0, 0x0, 0x0, 0x1, 0x83, 0x3, 0x3, 0xc,
    0xc, 0x4, 0x20, 0x18, 0x1, 0x80, 0x47, 0xff,
    0xf0, 0x0, 0x60, 0x0, 0x1, 0x80, 0x0, 0x6,
    0x3, 0xe3, 0x18, 0xc1, 0x8c, 0x63, 0x6, 0x31,
    0x8c, 0x18, 0xc6, 0x30, 0x63, 0xff, 0xc1, 0x80,
    0x63, 0x6, 0x3, 0xc, 0x18, 0x1c, 0x0, 0x60,
    0xe0, 0x1, 0x8f, 0x0, 0xf, 0x18, 0x0, 0x63,
    0xc0, 0x3, 0x3, 0xff, 0xf0,

    /* U+9009 "选" */
    0x0, 0x4, 0x0, 0x2, 0x20, 0xc, 0x31, 0x0,
    0x61, 0x88, 0x1, 0x8f, 0xff, 0xc, 0xc2, 0x0,
    0x6, 0x10, 0x0, 0x10, 0x80, 0x0, 0x4, 0x0,
    0xf, 0xff, 0xbe, 0x7f, 0xfc, 0x30, 0x36, 0x1,
    0x81, 0xb0, 0xc, 0xd, 0x80, 0x60, 0xcc, 0x43,
    0xe, 0x63, 0x18, 0xe3, 0xf0, 0xce, 0x1f, 0x8f,
    0x0, 0x0, 0xff, 0x0, 0xe, 0x3f, 0xff, 0xa0,
    0x1f, 0xfc,

    /* U+900F "透" */
    0x20, 0x1, 0xf0, 0x61, 0xff, 0xe0, 0xe0, 0x18,
    0x0, 0xe0, 0x30, 0x0, 0x1f, 0xff, 0x80, 0x3,
    0xf0, 0x0, 0xd, 0xb0, 0x0, 0x3b, 0x30, 0xf8,
    0xe6, 0x3c, 0x33, 0xc, 0x18, 0x61, 0xff, 0x0,
    0xc0, 0xc6, 0x1, 0x81, 0x8c, 0x3, 0x3, 0x1f,
    0x6, 0xc, 0x6, 0xc, 0x18, 0xc, 0x18, 0x60,
    0x30, 0x31, 0x81, 0xe0, 0xfb, 0x3, 0x3, 0x1c,
    0x0, 0x14, 0x7, 0xff, 0xc0,

    /* U+9010 "逐" */
    0x0, 0x0, 0x0, 0xc7, 0xff, 0xe1, 0x80, 0x70,
    0x3, 0x3, 0x0, 0x0, 0x3c, 0x18, 0x7, 0x98,
    0xc0, 0x8, 0xe6, 0x1f, 0x6, 0xf0, 0xc, 0x73,
    0xc0, 0x37, 0x9f, 0x80, 0xc8, 0xd7, 0x3, 0x6,
    0x6e, 0xc, 0x39, 0x9c, 0x33, 0x86, 0x20, 0xdc,
    0x30, 0x83, 0x3, 0xc0, 0x1e, 0xe, 0x0, 0xfe,
    0x0, 0xf, 0x1f, 0xff, 0xd8, 0x1f, 0xff,

    /* U+9012 "递" */
    0x0, 0x0, 0x0, 0x0, 0xc3, 0x2, 0x3, 0x18,
    0xc, 0x4, 0x60, 0x18, 0xff, 0xf0, 0x70, 0x18,
    0xc0, 0x0, 0x63, 0x0, 0x1, 0x8c, 0x0, 0xff,
    0xf3, 0xe3, 0x18, 0x1, 0x88, 0x60, 0x6, 0x21,
    0x80, 0x19, 0xff, 0xf8, 0x60, 0x38, 0x61, 0x81,
    0xe1, 0x86, 0x1d, 0x86, 0x18, 0xe6, 0x70, 0x67,
    0x19, 0x83, 0xc0, 0x60, 0x1d, 0xe1, 0x80, 0xe3,
    0xff, 0xfd, 0x1, 0xff, 0xe0,

    /* U+9014 "途" */
    0x0, 0x8, 0x0, 0x0, 0x1c, 0x0, 0xc0, 0x78,
    0x1, 0xc1, 0xd8, 0x1, 0x83, 0x18, 0x3, 0x1c,
    0x1c, 0x0, 0x70, 0x1f, 0x1, 0xff, 0xe4, 0x0,
    0x6, 0x1, 0xf0, 0xc, 0x3, 0xe0, 0x18, 0x0,
    0xcf, 0xff, 0xc1, 0x80, 0x60, 0x3, 0x0, 0xc0,
    0x6, 0x19, 0x98, 0xc, 0x63, 0x30, 0x18, 0x86,
    0x30, 0x33, 0xc, 0x30, 0x6c, 0x78, 0x60, 0xe0,
    0xe0, 0x6, 0x70, 0x0, 0x1c, 0x1f, 0xff, 0x80,

    /* U+901A "通" */
    0x31, 0xff, 0xf8, 0x60, 0x1, 0xe0, 0x60, 0x63,
    0x80, 0xe0, 0xee, 0x0, 0x80, 0xf8, 0x0, 0x1,
    0xe0, 0x0, 0x7f, 0xfe, 0x0, 0xc3, 0xc, 0x79,
    0x86, 0x18, 0x33, 0xff, 0xf0, 0x66, 0x18, 0x60,
    0xcc, 0x30, 0xc1, 0x98, 0x61, 0x83, 0x3f, 0xff,
    0x6, 0x61, 0x86, 0xc, 0xc3, 0xc, 0x19, 0x86,
    0x78, 0x3b, 0xc, 0x60, 0xfe, 0x0, 0x7, 0x1f,
    0xff, 0xe4, 0x7, 0xff, 0xc0,

    /* U+901F "速" */
    0x0, 0x6, 0x0, 0x60, 0xc, 0x0, 0xcf, 0xff,
    0xf0, 0xc0, 0x30, 0x1, 0x80, 0x60, 0x0, 0x3f,
    0xff, 0x0, 0x61, 0x86, 0x0, 0xc3, 0xc, 0xf9,
    0x86, 0x19, 0xf3, 0xc, 0x30, 0x67, 0xff, 0xe0,
    0xc0, 0xf0, 0x1, 0x81, 0xec, 0x3, 0x6, 0xdc,
    0x6, 0x19, 0x9c, 0xc, 0x63, 0x1e, 0x1b, 0x86,
    0x8, 0x3a, 0xc, 0x0, 0xfc, 0x0, 0x7, 0x1f,
    0xff, 0xf4, 0x3, 0xff, 0xc0,

    /* U+903B "逻" */
    0x10, 0x0, 0x0, 0x63, 0xff, 0xf0, 0xe6, 0x66,
    0x60, 0xcc, 0xcc, 0xc1, 0x99, 0x99, 0x80, 0x33,
    0x33, 0x0, 0x7f, 0xfe, 0x0, 0x8, 0x0, 0xf8,
    0x38, 0x1, 0xf0, 0x60, 0x0, 0x61, 0xff, 0xc0,
    0xc7, 0x3, 0x81, 0x9d, 0x6, 0x3, 0x33, 0x9c,
    0x6, 0x3, 0xf0, 0xc, 0x3, 0xc0, 0x18, 0x1f,
    0x0, 0x33, 0xf8, 0x0, 0x73, 0x80, 0x1, 0xfc,
    0x0, 0xe, 0x3f, 0xff, 0xc8, 0xf, 0xff, 0x80,

    /* U+9047 "遇" */
    0x61, 0xff, 0xe1, 0x8c, 0x63, 0x6, 0x63, 0x18,
    0x23, 0xff, 0xc0, 0x18, 0xc6, 0x0, 0xc6, 0x30,
    0x7, 0xff, 0x9f, 0x1, 0x80, 0xf8, 0xc, 0x0,
    0xdf, 0xff, 0x86, 0xc3, 0xc, 0x36, 0x1a, 0x61,
    0xb0, 0xcb, 0xd, 0xbf, 0xd8, 0x6c, 0x80, 0xc3,
    0x60, 0x1e, 0x3c, 0x0, 0x3, 0xbc, 0x0, 0x30,
    0x7f, 0xfe, 0x0, 0xff, 0xf0,

    /* U+904D "遍" */
    0x0, 0x4, 0x0, 0x40, 0x38, 0x3, 0x0, 0xe0,
    0x6, 0x3f, 0xfc, 0x1c, 0xc0, 0x10, 0x23, 0x0,
    0x40, 0xc, 0x1, 0x0, 0x3f, 0xfc, 0x0, 0xc0,
    0x3, 0xe3, 0x0, 0x1, 0x9f, 0xff, 0x86, 0x7b,
    0x36, 0x19, 0xec, 0xd8, 0x6d, 0xb3, 0x61, 0xf7,
    0xff, 0x87, 0x9b, 0x36, 0x18, 0x6c, 0xd8, 0x61,
    0xb3, 0xe3, 0xe0, 0x1, 0x1d, 0xe0, 0x1, 0xe1,
    0xff, 0xfd, 0x1, 0xff, 0xf0,

    /* U+9053 "道" */
    0x0, 0x0, 0x80, 0x1, 0x83, 0x3, 0x3, 0x18,
    0xe, 0x8, 0x60, 0x1b, 0xff, 0xfc, 0x40, 0x18,
    0x0, 0x0, 0xc0, 0x0, 0x3f, 0xfc, 0x0, 0xc0,
    0x33, 0xe3, 0x0, 0xcf, 0x8c, 0x3, 0x6, 0x3f,
    0xfc, 0x18, 0xc0, 0x30, 0x63, 0x0, 0xc1, 0x8f,
    0xff, 0x6, 0x30, 0xc, 0x18, 0xc0, 0x30, 0x63,
    0xff, 0xc3, 0xc0, 0x0, 0x1f, 0xe0, 0x1, 0xe3,
    0xff, 0xfd, 0x3, 0xff, 0xe0,

    /* U+906E "遮" */
    0x0, 0x1, 0x0, 0x0, 0x6, 0x0, 0xc0, 0xc,
    0x1, 0xc7, 0xff, 0xc1, 0x8c, 0x0, 0x1, 0x98,
    0x0, 0x2, 0x31, 0x98, 0x0, 0x63, 0x30, 0x0,
    0xff, 0xf9, 0xf9, 0x8c, 0xc3, 0xf3, 0x19, 0x80,
    0x66, 0x3f, 0x0, 0xcc, 0x0, 0x1, 0x98, 0x2,
    0x3, 0x36, 0xb6, 0x6, 0xc9, 0x64, 0xd, 0xb3,
    0xcc, 0x18, 0x66, 0x0, 0x78, 0x0, 0x3, 0xfe,
    0x0, 0xe, 0x1f, 0xff, 0xe8, 0x7, 0xff, 0x80,

    /* U+907F "避" */
    0x0, 0x0, 0x60, 0x0, 0x0, 0xc1, 0xcf, 0xe1,
    0x81, 0x98, 0xdf, 0xe3, 0xb1, 0x81, 0x2, 0x63,
    0x33, 0x80, 0xc6, 0x66, 0x1, 0xfc, 0x6c, 0xfb,
    0x0, 0x91, 0xf6, 0x7, 0xf8, 0x6c, 0xf, 0xf0,
    0xdf, 0xc3, 0x1, 0xb9, 0x86, 0x3, 0x73, 0xc,
    0x7, 0xe6, 0xff, 0xe, 0xcc, 0x30, 0x1d, 0x98,
    0x60, 0x33, 0xf0, 0xc0, 0x70, 0x1, 0x81, 0xf0,
    0x3, 0x6, 0x3c, 0x0, 0x8, 0x1f, 0xff, 0xc0,

    /* U+90A3 "那" */
    0x7f, 0xe7, 0xfc, 0x31, 0x98, 0x30, 0xc6, 0x61,
    0x83, 0x19, 0x86, 0xc, 0x66, 0x31, 0xff, 0x98,
    0xc0, 0xc6, 0x63, 0x3, 0x19, 0x98, 0xc, 0x66,
    0x70, 0x31, 0x98, 0xc7, 0xfe, 0x61, 0x83, 0x19,
    0x86, 0xc, 0x66, 0xc, 0x31, 0x98, 0x31, 0xc6,
    0x60, 0xc6, 0x19, 0x9f, 0x18, 0x66, 0x78, 0xc1,
    0x98, 0x6, 0x1e, 0x60, 0x18, 0x79, 0x80, 0x1,
    0x6, 0x0,

    /* U+90E8 "部" */
    0xc, 0x0, 0x0, 0x30, 0x0, 0x1, 0x81, 0xfc,
    0xff, 0xcc, 0x61, 0xc, 0x63, 0x18, 0x63, 0x30,
    0xe3, 0x19, 0x83, 0x30, 0xcc, 0x19, 0x86, 0xc7,
    0xff, 0xb6, 0x0, 0x1, 0x98, 0x0, 0xc, 0x60,
    0x0, 0x63, 0x1f, 0xe3, 0xc, 0xc1, 0x18, 0x66,
    0x8, 0xc3, 0x30, 0x46, 0xf9, 0x82, 0x37, 0x8f,
    0xf1, 0x80, 0x60, 0x8c, 0x3, 0x4, 0x60, 0x0,

    /* U+90FD "都" */
    0x6, 0x0, 0x0, 0x18, 0x4f, 0xf0, 0x63, 0xbf,
    0x8f, 0xec, 0xc6, 0x6, 0x63, 0x18, 0x19, 0xc,
    0x40, 0x6c, 0x33, 0x3f, 0xfe, 0xcc, 0x3, 0x3,
    0x20, 0x18, 0xd, 0xc0, 0xe0, 0x33, 0x7, 0xfc,
    0xc6, 0x78, 0x33, 0xf, 0xe0, 0xcc, 0x35, 0x83,
    0x30, 0xc7, 0xfc, 0xc3, 0x18, 0x33, 0x7c, 0x60,
    0xcc, 0xe1, 0xff, 0x30, 0x6, 0xc, 0xc0, 0x18,
    0x33, 0x0,

    /* U+914D "配" */
    0xff, 0xf7, 0xf8, 0x13, 0x0, 0x30, 0x26, 0x0,
    0x60, 0x4c, 0x0, 0xc7, 0xff, 0x1, 0x8d, 0x36,
    0x3, 0x1a, 0x6c, 0x6, 0x34, 0xdb, 0xfc, 0x69,
    0xb6, 0x0, 0xd3, 0xec, 0x1, 0xe7, 0xd8, 0x3,
    0x81, 0xb0, 0x6, 0x3, 0x60, 0xc, 0x6, 0xc0,
    0x1f, 0xfd, 0x80, 0x30, 0x1b, 0x0, 0x60, 0x36,
    0xc, 0xff, 0xec, 0x19, 0x80, 0xd8, 0x33, 0x1,
    0x9f, 0xc0,

    /* U+9192 "醒" */
    0x0, 0x1f, 0xfb, 0xff, 0x7f, 0xe1, 0x61, 0x81,
    0x85, 0x86, 0x6, 0x16, 0x1f, 0xfb, 0xff, 0x60,
    0x6d, 0x6d, 0x81, 0xb5, 0xb7, 0xfe, 0xd6, 0xc1,
    0x83, 0x5b, 0x66, 0xd, 0x6d, 0x98, 0x3d, 0xb6,
    0x60, 0xf7, 0xdf, 0xfb, 0x3, 0xc6, 0xc, 0xe,
    0x18, 0x3f, 0xf3, 0xfe, 0xc0, 0xc1, 0x83, 0x3,
    0x6, 0xf, 0xfc, 0x18, 0x30, 0x30, 0x60, 0xc0,
    0xff, 0xfc,

    /* U+91CA "释" */
    0x1, 0xc0, 0x0, 0xff, 0x3f, 0xf1, 0x98, 0x30,
    0xc0, 0x32, 0x61, 0x86, 0x6c, 0x66, 0x6, 0xd8,
    0xf8, 0xd, 0xb0, 0xf0, 0x3, 0x3, 0xf0, 0x7f,
    0xde, 0x7c, 0x1c, 0x30, 0x18, 0x38, 0x6, 0x0,
    0xf4, 0xc, 0x1, 0xfd, 0xff, 0x86, 0xdc, 0x30,
    0xd, 0x90, 0x60, 0x33, 0x0, 0xc0, 0xe6, 0x3f,
    0xfc, 0xc, 0x3, 0x0, 0x18, 0x6, 0x0, 0x30,
    0xc, 0x0, 0x60, 0x18, 0x0,

    /* U+91CC "里" */
    0x3f, 0xff, 0xc1, 0x83, 0x6, 0xc, 0x18, 0x30,
    0x60, 0xc1, 0x83, 0xff, 0xfc, 0x18, 0x30, 0x60,
    0xc1, 0x83, 0x6, 0xc, 0x18, 0x30, 0x60, 0xc1,
    0xff, 0xfe, 0x0, 0x18, 0x0, 0x0, 0xc0, 0x0,
    0x6, 0x0, 0x1f, 0xff, 0xf0, 0x1, 0x80, 0x0,
    0xc, 0x0, 0x0, 0x60, 0x7, 0xff, 0xff, 0xff,
    0xff, 0xfe,

    /* U+91CD "重" */
    0x0, 0x0, 0x0, 0x0, 0xfe, 0xf, 0xff, 0xe0,
    0x60, 0xc0, 0x0, 0x6, 0x0, 0x7f, 0xff, 0xfc,
    0x1, 0x80, 0x0, 0xc, 0x0, 0x1f, 0xff, 0xc0,
    0xc3, 0x6, 0x6, 0x18, 0x30, 0x3f, 0xff, 0x81,
    0x86, 0xc, 0xf, 0xff, 0xe0, 0x1, 0x80, 0x0,
    0xc, 0x0, 0x3f, 0xff, 0xe0, 0x3, 0x0, 0x0,
    0x18, 0x0, 0x0, 0xc0, 0xf, 0xff, 0xff, 0x80,

    /* U+91CE "野" */
    0x7f, 0xef, 0xf9, 0x99, 0x80, 0xc6, 0x66, 0x6,
    0x19, 0x99, 0xb0, 0x7f, 0xe7, 0x81, 0x99, 0x87,
    0x6, 0x66, 0x0, 0x19, 0x9f, 0xff, 0x7f, 0xff,
    0xfc, 0x18, 0x6, 0x60, 0x60, 0x19, 0x81, 0x80,
    0x62, 0x7f, 0xe1, 0x80, 0x18, 0x6, 0x0, 0x60,
    0x18, 0x1, 0x98, 0x60, 0xff, 0xe1, 0x81, 0xe0,
    0x6, 0x0, 0x0, 0x78, 0x0, 0x1, 0xc0,

    /* U+91CF "量" */
    0x1f, 0xff, 0xe0, 0xc0, 0x3, 0x6, 0x0, 0x18,
    0x3f, 0xff, 0xc1, 0x80, 0x6, 0xf, 0xff, 0xf0,
    0x0, 0x0, 0x1f, 0xff, 0xff, 0x0, 0x0, 0x0,
    0x0, 0x0, 0x7, 0xff, 0xf8, 0x30, 0x60, 0xc1,
    0xff, 0xfe, 0xc, 0x18, 0x30, 0x7f, 0xff, 0x80,
    0x6, 0x0, 0x0, 0x30, 0x0, 0xff, 0xff, 0x0,
    0xc, 0x0, 0x0, 0x60, 0x7, 0xff, 0xff, 0x80,

    /* U+9488 "针" */
    0x4, 0x0, 0x0, 0x18, 0x6, 0x0, 0xc0, 0x18,
    0x3, 0xf8, 0x60, 0x18, 0x1, 0x80, 0xc0, 0x6,
    0x3, 0x0, 0x18, 0x18, 0x0, 0x60, 0x5f, 0xff,
    0xfc, 0x18, 0x6, 0x0, 0x60, 0x18, 0x1, 0x80,
    0x60, 0x7f, 0xe1, 0x80, 0x18, 0x6, 0x0, 0x60,
    0x18, 0x1, 0x98, 0x60, 0x6, 0xe1, 0x80, 0x1f,
    0x6, 0x0, 0x78, 0x18, 0x3, 0x80, 0x60, 0x4,
    0x1, 0x80,

    /* U+949D "钝" */
    0xc, 0x3, 0x0, 0x30, 0xc, 0x1, 0x80, 0x30,
    0xf, 0xe0, 0xc0, 0x3f, 0xff, 0xf9, 0x80, 0xc,
    0xc, 0x0, 0x30, 0x10, 0x0, 0xc0, 0x3f, 0xb3,
    0x18, 0x30, 0xcc, 0x60, 0xc3, 0x31, 0x83, 0xc,
    0xc6, 0x7f, 0xb3, 0xf8, 0x30, 0xff, 0xe0, 0xc0,
    0x31, 0x83, 0x0, 0xc0, 0xd, 0x3, 0x0, 0x3e,
    0xc, 0x0, 0xf0, 0x30, 0x47, 0x0, 0xc3, 0x8,
    0x1, 0xf8,

    /* U+949F "钟" */
    0x0, 0x3, 0x0, 0x60, 0x18, 0x7, 0x0, 0xc0,
    0x30, 0x6, 0x3, 0xf8, 0x30, 0x18, 0x1f, 0xfd,
    0x80, 0xcc, 0x78, 0x6, 0x63, 0x1f, 0x33, 0x18,
    0x61, 0x98, 0xc3, 0xc, 0xc6, 0x18, 0x66, 0x37,
    0xfb, 0x31, 0x86, 0x1f, 0xfc, 0x30, 0xcc, 0x61,
    0x86, 0x63, 0xd, 0x83, 0x0, 0x7c, 0x18, 0x3,
    0x80, 0xc0, 0x18, 0x6, 0x0, 0x80, 0x30, 0x0,

    /* U+94AE "钮" */
    0x0, 0x0, 0x0, 0x30, 0x0, 0x0, 0xc3, 0xff,
    0x86, 0xf, 0xfc, 0x1f, 0x86, 0x10, 0xc0, 0x18,
    0x42, 0x0, 0x61, 0x18, 0x1, 0x84, 0x7f, 0x6,
    0x10, 0x30, 0x18, 0x40, 0xc3, 0xff, 0x3, 0x1,
    0x4, 0x7f, 0x84, 0x10, 0x30, 0x10, 0x40, 0xc0,
    0x41, 0x3, 0x23, 0x4, 0xd, 0x8c, 0x10, 0x3e,
    0x30, 0x40, 0xe0, 0xc1, 0x7, 0x1f, 0xff, 0x8,
    0x0, 0x0,

    /* U+94FA "铺" */
    0x0, 0x1, 0x80, 0x38, 0x6, 0x81, 0xc0, 0x1b,
    0x6, 0x0, 0x60, 0x3f, 0xbf, 0xfc, 0xc0, 0x6,
    0x6, 0x0, 0x18, 0x10, 0xf, 0xfe, 0x3f, 0xbf,
    0xf8, 0x30, 0xc6, 0x60, 0xc3, 0x19, 0x83, 0xf,
    0xfe, 0x7f, 0xbf, 0xf8, 0x30, 0xc6, 0x60, 0xc3,
    0x19, 0x83, 0xc, 0x66, 0xc, 0x3f, 0xf8, 0x36,
    0xc6, 0x60, 0xfb, 0x19, 0x83, 0x8c, 0x66, 0xc,
    0x31, 0xb8, 0x20, 0xc0, 0xe0,

    /* U+94FE "链" */
    0x0, 0x1, 0x80, 0x70, 0x6, 0x3, 0x8c, 0x18,
    0xc, 0x3b, 0xff, 0x3e, 0x63, 0x1, 0x80, 0x8,
    0xc, 0x0, 0x6c, 0x3f, 0x81, 0xb0, 0x3f, 0xec,
    0xc0, 0x65, 0xbf, 0xe1, 0x86, 0xc, 0x3f, 0x98,
    0x30, 0x1a, 0x60, 0xc0, 0x61, 0xbf, 0xf1, 0x86,
    0xc, 0x6, 0xd8, 0x30, 0x1e, 0x60, 0xc0, 0x77,
    0xe3, 0x3, 0x9f, 0xff, 0xc6, 0x43, 0xff, 0x10,
    0x1, 0xfc,

    /* U+9500 "销" */
    0xc, 0x1, 0x80, 0x30, 0x46, 0x1, 0xc3, 0x19,
    0xc6, 0x6, 0x66, 0x3f, 0x9d, 0xb1, 0x80, 0x26,
    0x4e, 0x0, 0x18, 0x10, 0x0, 0x60, 0x3f, 0x1f,
    0xf8, 0x30, 0x60, 0x60, 0xc1, 0x81, 0x83, 0x7,
    0xfe, 0x7f, 0x98, 0x18, 0x30, 0x60, 0x60, 0xc1,
    0x81, 0x83, 0x7, 0xfe, 0xd, 0x18, 0x18, 0x3e,
    0x60, 0x60, 0xe1, 0x81, 0x87, 0x6, 0x1e, 0x8,
    0x18, 0x38,

    /* U+9501 "锁" */
    0xc, 0x3, 0x0, 0x18, 0x46, 0x30, 0x60, 0xcc,
    0xe0, 0xfc, 0xdb, 0x83, 0x1, 0x30, 0xc, 0x0,
    0x60, 0x18, 0xf, 0xfe, 0x3f, 0xdf, 0xfc, 0xc,
    0x30, 0x18, 0x18, 0x67, 0x30, 0x30, 0xcc, 0x60,
    0x61, 0x98, 0xc7, 0xfb, 0x31, 0x81, 0x86, 0x63,
    0x3, 0xc, 0xc6, 0x6, 0x59, 0x8c, 0xd, 0x86,
    0x0, 0x1e, 0xc, 0xc0, 0x38, 0x31, 0xe0, 0xe1,
    0xc0, 0xe0, 0x87, 0x0, 0xc0,

    /* U+9510 "锐" */
    0x0, 0x0, 0x0, 0x18, 0x30, 0x70, 0x70, 0x30,
    0xc0, 0xc0, 0x21, 0x83, 0xf8, 0x46, 0x7, 0xf0,
    0xc, 0x18, 0x7, 0xfe, 0x70, 0xc, 0xc, 0x40,
    0x18, 0x18, 0x7f, 0x30, 0x30, 0x30, 0x60, 0x60,
    0x60, 0xff, 0xc0, 0xc1, 0xff, 0x8f, 0xf0, 0x98,
    0x3, 0x1, 0x30, 0x6, 0x2, 0x60, 0xc, 0x84,
    0xc0, 0x19, 0x19, 0x80, 0x36, 0x23, 0x10, 0x78,
    0xc6, 0x30, 0xc7, 0xc, 0xc1, 0x1c, 0xf, 0x0,

    /* U+9519 "错" */
    0xc, 0x4, 0x60, 0x18, 0x8, 0xc0, 0x70, 0x11,
    0x80, 0xc0, 0x23, 0x3, 0xfb, 0xff, 0xce, 0x0,
    0x8c, 0x18, 0x1, 0x18, 0x2f, 0x82, 0x30, 0x1f,
    0x3f, 0xfe, 0x18, 0x0, 0x0, 0x30, 0x0, 0x0,
    0x60, 0x0, 0x7, 0xf9, 0xff, 0x81, 0x83, 0x3,
    0x3, 0x6, 0x6, 0x6, 0x4f, 0xfc, 0xd, 0x98,
    0x18, 0x1e, 0x30, 0x30, 0x38, 0x60, 0x60, 0xe0,
    0xff, 0xc0, 0x81, 0x81, 0x80,

    /* U+952E "键" */
    0x1c, 0x1, 0x80, 0x30, 0x3, 0x0, 0xc7, 0x9f,
    0xe1, 0xf3, 0xc, 0xc7, 0xe6, 0x19, 0x98, 0x9,
    0xff, 0xc0, 0x30, 0x66, 0x1f, 0x60, 0xcc, 0x3e,
    0x81, 0x98, 0x33, 0xef, 0xf0, 0x64, 0x86, 0x0,
    0xc1, 0xc, 0x7, 0xea, 0xff, 0x83, 0x34, 0x30,
    0x6, 0x78, 0x60, 0xc, 0x77, 0xfc, 0x1a, 0xc1,
    0x80, 0x38, 0xc3, 0x0, 0x63, 0xc6, 0x1, 0xcc,
    0xec, 0x1, 0x10, 0x3f, 0xc0,

    /* U+957F "长" */
    0x6, 0x0, 0x0, 0x30, 0x18, 0x1, 0x81, 0xc0,
    0xc, 0x1c, 0x0, 0x60, 0xc0, 0x3, 0x1c, 0x0,
    0x19, 0xc0, 0x0, 0xcc, 0x0, 0x6, 0x0, 0x7,
    0xff, 0xff, 0xff, 0xff, 0xfe, 0xc, 0x20, 0x0,
    0x61, 0x80, 0x3, 0xc, 0x0, 0x18, 0x30, 0x0,
    0xc0, 0xc0, 0x6, 0x27, 0x0, 0x37, 0x9c, 0x1,
    0xf0, 0x78, 0xf, 0x1, 0xe0, 0x60, 0x2, 0x2,
    0x0, 0x0,

    /* U+95E8 "门" */
    0x10, 0x0, 0x6, 0x0, 0x0, 0xe7, 0xff, 0x8c,
    0x0, 0x30, 0x0, 0x6, 0x0, 0x0, 0xf0, 0x0,
    0x1e, 0x0, 0x3, 0xc0, 0x0, 0x78, 0x0, 0xf,
    0x0, 0x1, 0xe0, 0x0, 0x3c, 0x0, 0x7, 0x80,
    0x0, 0xf0, 0x0, 0x1e, 0x0, 0x3, 0xc0, 0x0,
    0x78, 0x0, 0xf, 0x0, 0x1, 0xe0, 0x0, 0x3c,
    0x0, 0x3f, 0x80, 0x3, 0x80,

    /* U+95ED "闭" */
    0x30, 0x0, 0x3, 0x8f, 0xff, 0x1c, 0xff, 0xf0,
    0xc0, 0x3, 0x0, 0x18, 0x30, 0x1, 0x83, 0xc0,
    0x18, 0x3c, 0x1, 0x83, 0xcf, 0xff, 0xbc, 0xff,
    0xfb, 0xc0, 0x78, 0x3c, 0x7, 0x83, 0xc0, 0xd8,
    0x3c, 0x1d, 0x83, 0xc3, 0x98, 0x3c, 0x71, 0x83,
    0xce, 0x18, 0x3d, 0xc1, 0x83, 0xc0, 0x18, 0x3c,
    0xf, 0x83, 0xc0, 0x61, 0xfc, 0x0, 0xe,

    /* U+95EE "问" */
    0x30, 0x0, 0x7, 0x3f, 0xfc, 0x60, 0x1, 0x80,
    0x0, 0x3c, 0x0, 0x7, 0x80, 0x0, 0xf0, 0x0,
    0x1e, 0x3f, 0xe3, 0xc6, 0xc, 0x78, 0xc1, 0x8f,
    0x18, 0x31, 0xe3, 0x6, 0x3c, 0x60, 0xc7, 0x8c,
    0x18, 0xf1, 0xff, 0x1e, 0x0, 0x3, 0xc0, 0x0,
    0x78, 0x0, 0xf, 0x0, 0x1, 0xe0, 0x0, 0xfc,
    0x0, 0x1c,

    /* U+95F2 "闲" */
    0x0, 0x0, 0x6, 0x0, 0x0, 0xe7, 0xff, 0x8c,
    0xff, 0xf0, 0x0, 0x7, 0x80, 0xc0, 0xf0, 0x18,
    0x1e, 0x3, 0x3, 0xcf, 0xff, 0x79, 0xff, 0xef,
    0x3, 0x81, 0xe0, 0xf0, 0x3c, 0x1e, 0xc7, 0x86,
    0xdc, 0xf1, 0xd9, 0x9e, 0x73, 0x1b, 0xdc, 0x63,
    0x7b, 0xc, 0xf, 0x1, 0x81, 0xe0, 0x30, 0x3c,
    0x0, 0x1e, 0x0, 0x2, 0x0,

    /* U+95F4 "间" */
    0x10, 0x0, 0x3, 0x80, 0x0, 0x18, 0xff, 0xf1,
    0xc0, 0x3, 0x8, 0x0, 0x3c, 0x0, 0x3, 0xc0,
    0x0, 0x3c, 0x7f, 0xe3, 0xc6, 0x6, 0x3c, 0x60,
    0x63, 0xc6, 0x6, 0x3c, 0x7f, 0xe3, 0xc6, 0x6,
    0x3c, 0x60, 0x63, 0xc6, 0x6, 0x3c, 0x60, 0x63,
    0xc7, 0xfe, 0x3c, 0x0, 0x3, 0xc0, 0x0, 0x3c,
    0x0, 0x3, 0xc0, 0x0, 0xfc, 0x0, 0xe,

    /* U+95F8 "闸" */
    0x30, 0x0, 0x3, 0x8f, 0xff, 0x10, 0x0, 0x30,
    0x0, 0x3, 0xc0, 0x0, 0x3c, 0xff, 0xf3, 0xcc,
    0x63, 0x3c, 0xc6, 0x33, 0xcc, 0x63, 0x3c, 0xff,
    0xf3, 0xcc, 0x63, 0x3c, 0xc6, 0x33, 0xcc, 0x63,
    0x3c, 0xff, 0xf3, 0xc0, 0x60, 0x3c, 0x6, 0x3,
    0xc0, 0x60, 0x3c, 0x6, 0x3, 0xc0, 0x60, 0x3c,
    0x0, 0xf, 0xc0, 0x0, 0xe0,

    /* U+95FB "闻" */
    0x20, 0x0, 0x3, 0x1f, 0xff, 0x18, 0x0, 0x30,
    0x0, 0x3, 0xc0, 0x0, 0x3c, 0x0, 0x3, 0xdf,
    0xff, 0x3c, 0x60, 0xc3, 0xc6, 0xc, 0x3c, 0x7f,
    0xc3, 0xc6, 0xc, 0x3c, 0x60, 0xc3, 0xc7, 0xfc,
    0x3c, 0x60, 0xc3, 0xc6, 0xc, 0x3c, 0x60, 0xdb,
    0xdf, 0xfe, 0x3d, 0x0, 0xc3, 0xc0, 0xc, 0x3c,
    0x0, 0xdf, 0xc0, 0x0, 0xe0,

    /* U+961F "队" */
    0x0, 0xc, 0x7, 0xf8, 0x60, 0x30, 0xc3, 0x1,
    0x8e, 0x18, 0xc, 0x60, 0xc0, 0x63, 0x6, 0x3,
    0x30, 0x30, 0x19, 0x81, 0x80, 0xcc, 0xe, 0x6,
    0x30, 0x70, 0x31, 0xc6, 0x81, 0x86, 0x36, 0xc,
    0x31, 0xb0, 0x61, 0x98, 0xc3, 0x1c, 0xc6, 0x1b,
    0xcc, 0x18, 0xcc, 0x60, 0xe6, 0x6, 0x3, 0x30,
    0x60, 0xd, 0x8e, 0x0, 0x3c, 0x20, 0x0, 0x0,

    /* U+9632 "防" */
    0x0, 0x4, 0x0, 0x0, 0x30, 0x3f, 0xc1, 0xc1,
    0x84, 0x4, 0xc, 0x60, 0x0, 0x63, 0xff, 0xff,
    0x10, 0xc0, 0x19, 0x86, 0x0, 0xcc, 0x30, 0x6,
    0x41, 0x80, 0x33, 0xf, 0xf9, 0x88, 0x60, 0xcc,
    0x63, 0x6, 0x61, 0x18, 0x33, 0xd, 0xc1, 0x98,
    0xcc, 0xc, 0xde, 0x60, 0x66, 0x6, 0x3, 0x30,
    0x70, 0x31, 0x83, 0x1f, 0x8c, 0x30, 0x7c, 0x61,
    0x82, 0x0,

    /* U+9634 "阴" */
    0xff, 0x3f, 0xfc, 0x33, 0x3, 0xc3, 0x30, 0x3c,
    0x23, 0x3, 0xc6, 0x30, 0x3c, 0x63, 0x3, 0xc4,
    0x3f, 0xfc, 0xc3, 0x3, 0xc6, 0x30, 0x3c, 0x63,
    0x3, 0xc3, 0x3f, 0xfc, 0x33, 0xff, 0xc3, 0x30,
    0x3c, 0x32, 0x3, 0xcf, 0x60, 0x3c, 0xc6, 0x3,
    0xc0, 0xc0, 0x3c, 0xc, 0x3, 0xc1, 0x81, 0xfc,
    0x10, 0xe,

    /* U+9635 "阵" */
    0x0, 0x0, 0x0, 0x0, 0xe0, 0x3f, 0x6, 0x1,
    0x98, 0x30, 0xc, 0xdf, 0xff, 0x64, 0x18, 0x3,
    0x20, 0x80, 0x1b, 0xc, 0x0, 0xd0, 0x66, 0x6,
    0xc6, 0x30, 0x32, 0x71, 0x81, 0x9b, 0xff, 0xcc,
    0x40, 0x60, 0x63, 0x3, 0x3, 0x18, 0x18, 0x1b,
    0x80, 0xc0, 0xd9, 0xff, 0xfe, 0x0, 0x30, 0x30,
    0x1, 0x81, 0x80, 0xc, 0xc, 0x0, 0x60, 0x60,
    0x3, 0x0,

    /* U+9636 "阶" */
    0x0, 0x0, 0x0, 0x0, 0x30, 0xf, 0xe0, 0xc0,
    0x31, 0x86, 0x80, 0xc6, 0x1b, 0x3, 0x10, 0xc6,
    0xc, 0xc3, 0x1c, 0x33, 0x18, 0x38, 0xcc, 0xc0,
    0x7b, 0x27, 0x0, 0xec, 0xdb, 0x19, 0x33, 0xc,
    0x60, 0xc6, 0x31, 0x83, 0x18, 0xc6, 0xc, 0x63,
    0x18, 0x31, 0x8c, 0x60, 0xde, 0x21, 0x83, 0x71,
    0x86, 0xc, 0x6, 0x18, 0x30, 0x30, 0x60, 0xc1,
    0xc1, 0x83, 0x6, 0x6, 0x0,

    /* U+963B "阻" */
    0xfe, 0x0, 0x7, 0xf7, 0xfe, 0x33, 0x30, 0x31,
    0x99, 0x81, 0x8c, 0xcc, 0xc, 0x64, 0x60, 0x63,
    0x63, 0x3, 0x1b, 0x1f, 0xf8, 0xc8, 0xc0, 0xc6,
    0x66, 0x6, 0x31, 0xb0, 0x31, 0x8d, 0x81, 0x8c,
    0x6c, 0xc, 0x63, 0x7f, 0xe3, 0x7b, 0x3, 0x1b,
    0x18, 0x18, 0xc0, 0xc0, 0xc6, 0x6, 0x6, 0x30,
    0x30, 0x31, 0x87, 0xff, 0xfc, 0x3f, 0xff, 0x80,

    /* U+9645 "际" */
    0xfe, 0x7f, 0xe6, 0x30, 0x0, 0x33, 0x0, 0x1,
    0x98, 0x0, 0xc, 0xc0, 0x0, 0x66, 0x0, 0x3,
    0x67, 0xff, 0xf9, 0x0, 0xc0, 0xcc, 0x6, 0x6,
    0x20, 0x30, 0x31, 0x99, 0xb1, 0x8c, 0xcd, 0xcc,
    0x6c, 0x66, 0x7f, 0x63, 0x3b, 0x73, 0x18, 0xd8,
    0x30, 0xc7, 0xc3, 0x86, 0x1e, 0x8, 0x30, 0x30,
    0x7, 0x81, 0x80, 0x38, 0x0,

    /* U+964D "降" */
    0x0, 0x0, 0x0, 0x0, 0xc0, 0x3f, 0x8c, 0x1,
    0x8c, 0x7f, 0xcc, 0xc7, 0xc, 0x66, 0x38, 0xe3,
    0x23, 0x6e, 0x19, 0x11, 0xe0, 0xd8, 0xf, 0x6,
    0xc1, 0xfe, 0x33, 0x7d, 0x9f, 0x99, 0xc, 0xc,
    0x67, 0xfe, 0x63, 0x3, 0x3, 0x18, 0x18, 0x1b,
    0xd8, 0xc0, 0xdd, 0x86, 0x6, 0xf, 0xff, 0xf0,
    0x1, 0x81, 0x80, 0xc, 0xc, 0x0, 0x60, 0x60,
    0x3, 0x0,

    /* U+9650 "限" */
    0xfe, 0x7f, 0xe3, 0x19, 0x81, 0x8c, 0x66, 0x6,
    0x33, 0x1f, 0xf8, 0xcc, 0x60, 0x63, 0x71, 0x81,
    0x8d, 0x86, 0x6, 0x32, 0x1f, 0xf8, 0xcc, 0x66,
    0x3, 0x19, 0x98, 0x8c, 0x66, 0x67, 0x31, 0x98,
    0xb8, 0xc6, 0x63, 0x83, 0x79, 0x8c, 0xd, 0xc6,
    0x18, 0x30, 0x19, 0x70, 0xc0, 0x6c, 0xe3, 0x1,
    0xf1, 0xec, 0xf, 0x3, 0xb0, 0x10, 0x4,

    /* U+9664 "除" */
    0x0, 0x0, 0x0, 0x0, 0xe0, 0x3f, 0x87, 0x1,
    0x8c, 0x6c, 0xc, 0x43, 0x30, 0x66, 0x31, 0xc3,
    0x31, 0x7, 0x19, 0x18, 0x1e, 0xd9, 0xff, 0xbe,
    0x48, 0x60, 0x33, 0x3, 0x1, 0x8c, 0x18, 0xc,
    0x7f, 0xfe, 0x63, 0x6, 0x3, 0x38, 0x30, 0x1b,
    0x99, 0x90, 0xd8, 0xcc, 0xc6, 0xc, 0x63, 0x30,
    0x43, 0x1d, 0x86, 0x18, 0x6c, 0x3, 0xc0, 0x60,
    0x1c, 0x0,

    /* U+9669 "险" */
    0x0, 0xc, 0x7, 0xf0, 0xe0, 0x33, 0xd, 0x81,
    0x98, 0x66, 0xc, 0xc6, 0x30, 0x64, 0x70, 0xe3,
    0x67, 0x3, 0x9b, 0x7f, 0xef, 0xdb, 0x0, 0x16,
    0x60, 0x0, 0x33, 0x6, 0x31, 0x89, 0x31, 0x8c,
    0x6c, 0x8c, 0x63, 0x66, 0x43, 0x79, 0x36, 0x1b,
    0x89, 0xb0, 0xd0, 0x61, 0x6, 0x0, 0x8, 0x30,
    0x0, 0xc1, 0x87, 0xff, 0xec, 0x0, 0x0, 0x0,

    /* U+968F "随" */
    0x0, 0x0, 0x0, 0x0, 0xc, 0x3f, 0x0, 0xc1,
    0x99, 0x6, 0xc, 0xd9, 0xff, 0xe6, 0xe3, 0x3,
    0x23, 0x30, 0x1b, 0x1b, 0x80, 0xd8, 0x1f, 0xf6,
    0xc0, 0xe1, 0xb2, 0xf3, 0xd, 0x99, 0x9f, 0xec,
    0x4c, 0xc3, 0x63, 0x66, 0x1b, 0x1b, 0x3f, 0xdb,
    0xd9, 0x86, 0xdc, 0xcc, 0x36, 0x6, 0x63, 0xb0,
    0x33, 0x19, 0x83, 0xc0, 0xc, 0x13, 0x80, 0x61,
    0x1, 0xfc,

    /* U+9690 "隐" */
    0x0, 0x1c, 0x0, 0x0, 0xe0, 0xf, 0xe3, 0xfc,
    0x31, 0x18, 0x60, 0xcc, 0xc1, 0x3, 0x37, 0xff,
    0xcc, 0x80, 0x3, 0x32, 0x0, 0xc, 0xd8, 0x0,
    0x33, 0x31, 0xff, 0xcc, 0xc0, 0x3, 0x31, 0x80,
    0xc, 0xc6, 0x7f, 0xf3, 0x18, 0x0, 0xd, 0xe0,
    0x60, 0x37, 0x40, 0x8c, 0xc1, 0xb3, 0x3b, 0x6,
    0xc8, 0x6c, 0x33, 0xc, 0xf0, 0xcc, 0x32, 0xc0,
    0x3f, 0x80,

    /* U+969C "障" */
    0x0, 0x4, 0x0, 0x0, 0x30, 0x3f, 0x81, 0x1,
    0x8d, 0xff, 0xec, 0x41, 0x18, 0x62, 0x18, 0xc3,
    0x30, 0xc6, 0x19, 0xbf, 0xff, 0xc8, 0x0, 0x6,
    0xc0, 0x0, 0x33, 0x3f, 0xf9, 0x8d, 0x80, 0xcc,
    0x6f, 0xfe, 0x61, 0x60, 0x33, 0xb, 0x1, 0x9b,
    0xdf, 0xfc, 0xcc, 0x6, 0x6, 0x0, 0x30, 0x30,
    0x7f, 0xff, 0x80, 0xc, 0xc, 0x0, 0x60, 0x60,
    0x3, 0x0,

    /* U+96C6 "集" */
    0x6, 0x18, 0x0, 0x38, 0x70, 0x0, 0xc0, 0x80,
    0x7, 0xff, 0xfe, 0x38, 0x18, 0x1, 0xe0, 0x60,
    0x7, 0xff, 0xfe, 0x36, 0x6, 0x0, 0x58, 0x18,
    0x0, 0x7f, 0xff, 0x81, 0x81, 0x80, 0x7, 0xff,
    0xfc, 0x18, 0x0, 0x0, 0x60, 0xc0, 0x0, 0x3,
    0x0, 0x1f, 0xff, 0xfe, 0x1, 0xb6, 0x0, 0x1c,
    0xce, 0x1, 0xe3, 0xf, 0x9e, 0xc, 0xe, 0x40,
    0x30, 0x0,

    /* U+96E8 "雨" */
    0xff, 0xff, 0xff, 0xff, 0xff, 0xc0, 0xc, 0x0,
    0x0, 0x60, 0x0, 0x3, 0x0, 0x1f, 0xff, 0xfc,
    0xc0, 0xc0, 0x66, 0x46, 0x43, 0x33, 0x37, 0x19,
    0x9d, 0x9c, 0xcc, 0x4c, 0x26, 0x60, 0x60, 0x33,
    0x3, 0x1, 0x9b, 0x19, 0x8c, 0xce, 0xce, 0x66,
    0x26, 0x13, 0x30, 0x30, 0x19, 0x81, 0x80, 0xcc,
    0xc, 0x1e, 0x60, 0x60, 0xe0,

    /* U+96EA "雪" */
    0x7f, 0xff, 0xe0, 0x3, 0x0, 0x0, 0x18, 0x1,
    0xff, 0xff, 0xfc, 0x6, 0x1, 0xe0, 0x30, 0xf,
    0x7d, 0xbe, 0x60, 0xc, 0x0, 0x1f, 0x6f, 0xc0,
    0x0, 0x0, 0x0, 0x0, 0x0, 0x0, 0x0, 0x7,
    0xff, 0xfe, 0x0, 0x0, 0x30, 0x0, 0x1, 0x87,
    0xff, 0xfc, 0x0, 0x0, 0x60, 0x0, 0x3, 0x1f,
    0xff, 0xf8, 0x0, 0x0, 0xc0,

    /* U+96F6 "零" */
    0x1f, 0xff, 0xe0, 0x0, 0xc0, 0x0, 0x3, 0x0,
    0x1f, 0xff, 0xfe, 0x60, 0x30, 0x19, 0xbc, 0xdf,
    0x66, 0x3, 0x1, 0x80, 0xc, 0x0, 0xf, 0x27,
    0xc0, 0x1, 0xc0, 0x0, 0xf, 0x80, 0x0, 0x63,
    0x80, 0x7, 0x67, 0x80, 0x70, 0xc7, 0xc7, 0x82,
    0x7, 0x83, 0xff, 0xc2, 0x0, 0x6, 0x0, 0x6,
    0x30, 0x0, 0x1f, 0x80, 0x0, 0xf, 0x80, 0x0,
    0xe, 0x0,

    /* U+96F7 "雷" */
    0x3f, 0xff, 0xf0, 0x1, 0x80, 0x0, 0xc, 0x1,
    0xff, 0xff, 0xfc, 0x3, 0x1, 0xe0, 0x18, 0xf,
    0x7c, 0xdf, 0x60, 0x6, 0x0, 0x0, 0x30, 0x0,
    0xf9, 0xbe, 0x0, 0x0, 0x0, 0x7f, 0xff, 0xc3,
    0x3, 0x6, 0x18, 0x18, 0x30, 0xc0, 0xc1, 0x87,
    0xff, 0xfc, 0x30, 0x30, 0x61, 0x81, 0x83, 0xc,
    0xc, 0x18, 0x7f, 0xff, 0xc3, 0x0, 0x6, 0x0,

    /* U+96FE "雾" */
    0x3f, 0xff, 0xf0, 0x1, 0x80, 0x0, 0xc, 0x0,
    0xff, 0xff, 0xf6, 0x3, 0x1, 0xb7, 0x9b, 0xcd,
    0x80, 0xc0, 0x63, 0xe6, 0xf8, 0x3, 0x0, 0x0,
    0x38, 0x0, 0x3, 0xff, 0xe0, 0x37, 0xe, 0x1,
    0xf, 0xe0, 0x0, 0x7e, 0x1, 0xfe, 0x3f, 0xec,
    0xc, 0x3, 0x1f, 0xff, 0xc0, 0x6, 0x6, 0x0,
    0xe0, 0x20, 0x7e, 0xf, 0x1, 0x80, 0x70, 0x0,

    /* U+9700 "需" */
    0x3f, 0xff, 0xe0, 0x1, 0x0, 0x0, 0x8, 0x1,
    0xff, 0xff, 0xfc, 0x2, 0x1, 0xe0, 0x10, 0xf,
    0x7c, 0x9e, 0x60, 0x4, 0x0, 0x0, 0x20, 0x0,
    0xf9, 0x3c, 0x0, 0x0, 0x1, 0xff, 0xff, 0xf0,
    0x6, 0x0, 0x0, 0x30, 0x0, 0xff, 0xff, 0x84,
    0x31, 0x8c, 0x21, 0x8c, 0x61, 0xc, 0x63, 0x8,
    0x63, 0x18, 0x43, 0x19, 0xc2, 0x0, 0xc, 0x0,

    /* U+9732 "露" */
    0x3f, 0xff, 0xc0, 0x3, 0x0, 0x3f, 0xff, 0xfd,
    0x80, 0xc0, 0x6d, 0xf6, 0xf3, 0x0, 0x30, 0x0,
    0x7d, 0xbc, 0x0, 0x2, 0x0, 0x7f, 0x10, 0x3,
    0xf9, 0xfe, 0x10, 0x4c, 0x70, 0x82, 0xd3, 0x7,
    0xf4, 0x70, 0x6, 0x7, 0xc0, 0x31, 0xe7, 0xed,
    0xee, 0x6, 0x4c, 0x1f, 0xc2, 0x64, 0x86, 0x3f,
    0xe7, 0xf1, 0x80, 0x21, 0x80,

    /* U+973E "霾" */
    0x10, 0x0, 0x0, 0xff, 0xff, 0x80, 0x4, 0x0,
    0xff, 0xff, 0xf6, 0x1, 0x1, 0xb0, 0x8, 0xd,
    0xbe, 0x4f, 0x60, 0x2, 0x0, 0xf, 0x93, 0xc0,
    0x18, 0x0, 0x3, 0xc7, 0xfc, 0xe6, 0x22, 0x61,
    0x9d, 0xff, 0x7, 0xc8, 0x98, 0x7e, 0x44, 0xce,
    0x73, 0xfe, 0x1e, 0xc1, 0x1, 0xce, 0xff, 0xc1,
    0xb0, 0x40, 0x39, 0x82, 0x3, 0x7b, 0xff, 0x81,
    0x80, 0x0,

    /* U+9752 "青" */
    0x0, 0x60, 0x0, 0x3, 0x0, 0x1f, 0xff, 0xf8,
    0x0, 0xc0, 0x0, 0x6, 0x0, 0x1f, 0xff, 0xe0,
    0x1, 0x80, 0x1f, 0xff, 0xff, 0x0, 0x0, 0x0,
    0x0, 0x0, 0x7, 0xff, 0xf0, 0x30, 0x1, 0x81,
    0x80, 0xc, 0xf, 0xff, 0xe0, 0x60, 0x3, 0x3,
    0x0, 0x18, 0x18, 0x0, 0xc0, 0xff, 0xfe, 0x6,
    0x0, 0x30, 0x30, 0xf, 0x81, 0x80, 0x38, 0x0,

    /* U+9759 "静" */
    0x0, 0x4, 0x0, 0x18, 0xc, 0x0, 0x30, 0x18,
    0x7, 0xfe, 0x7f, 0x0, 0xc0, 0x86, 0x1, 0x83,
    0x8, 0x1f, 0xfc, 0x30, 0x6, 0x1f, 0xfc, 0xc,
    0xf, 0xf9, 0xff, 0x83, 0x30, 0x0, 0x6, 0x63,
    0xfe, 0xff, 0xf6, 0xc, 0x19, 0x8c, 0x18, 0x33,
    0x1f, 0xf0, 0x66, 0x30, 0x6f, 0xfc, 0x60, 0xc1,
    0x98, 0xff, 0x83, 0x1, 0x83, 0x6, 0x3, 0x6,
    0xc, 0x6, 0x3c, 0xf8, 0xc, 0x70, 0xe0, 0x0,

    /* U+975E "非" */
    0x1, 0x8c, 0x0, 0xc, 0x60, 0x0, 0x63, 0x0,
    0x3, 0x18, 0x7, 0xf8, 0xff, 0x80, 0xc6, 0x0,
    0x6, 0x30, 0x0, 0x31, 0x80, 0x1, 0x8c, 0x3,
    0xfc, 0x7f, 0x80, 0x63, 0x0, 0x3, 0x18, 0x0,
    0x18, 0xc0, 0x0, 0xc6, 0x0, 0x6, 0x30, 0x1f,
    0xf1, 0xff, 0x1, 0x8c, 0x0, 0xc, 0x60, 0x0,
    0x63, 0x0, 0x3, 0x18, 0x0, 0x18, 0xc0, 0x0,

    /* U+9760 "靠" */
    0x4, 0x30, 0x0, 0x61, 0x80, 0x7, 0xff, 0xf8,
    0x60, 0x60, 0x0, 0x3, 0x0, 0x7f, 0xff, 0xfc,
    0x0, 0x0, 0x1, 0xff, 0xfc, 0xc, 0x0, 0x60,
    0x60, 0x3, 0x3, 0xff, 0xf8, 0x1, 0x98, 0x0,
    0xc, 0xc0, 0x3f, 0xe7, 0xfc, 0x3, 0x30, 0x7,
    0xf9, 0xfe, 0x0, 0xcc, 0x0, 0x6, 0x60, 0x3f,
    0xf3, 0xfe, 0x1, 0x98, 0x0, 0xc, 0xc0, 0x0,

    /* U+9762 "面" */
    0xff, 0xff, 0xf8, 0x3, 0x0, 0x0, 0x30, 0x0,
    0x1, 0x80, 0x0, 0xc, 0x0, 0x1f, 0xff, 0xf0,
    0xc4, 0x11, 0x86, 0x20, 0x8c, 0x31, 0x4, 0x61,
    0x8f, 0xe3, 0xc, 0x41, 0x18, 0x62, 0x8, 0xc3,
    0x10, 0x46, 0x18, 0xfe, 0x30, 0xc4, 0x11, 0x86,
    0x20, 0x8c, 0x31, 0x4, 0x61, 0xff, 0xff, 0xc,
    0x0, 0x18, 0x60, 0x0, 0xc0,

    /* U+97F3 "音" */
    0x0, 0x60, 0x0, 0x3, 0x0, 0x0, 0x18, 0x0,
    0xff, 0xff, 0xc0, 0x0, 0x0, 0x3, 0x1, 0x80,
    0x18, 0x1c, 0x0, 0x60, 0xc0, 0x3, 0x6, 0x7,
    0xff, 0xff, 0xc0, 0x0, 0x0, 0x0, 0x0, 0x1,
    0xff, 0xfc, 0xc, 0x0, 0x60, 0x60, 0x3, 0x3,
    0x0, 0x18, 0x1f, 0xff, 0xc0, 0xc0, 0x6, 0x6,
    0x0, 0x30, 0x30, 0x1, 0x81, 0xff, 0xfc, 0xc,
    0x0, 0x60,

    /* U+9875 "页" */
    0xff, 0xff, 0xff, 0xff, 0xff, 0x0, 0x60, 0x0,
    0x6, 0x0, 0x0, 0x60, 0x1, 0xff, 0xf8, 0x18,
    0x1, 0x81, 0x80, 0x18, 0x18, 0x61, 0x81, 0x86,
    0x18, 0x18, 0x41, 0x81, 0x8c, 0x18, 0x18, 0xc1,
    0x81, 0x8c, 0x18, 0x19, 0xc8, 0x0, 0x19, 0xe0,
    0x7, 0x7, 0x1, 0xe0, 0x1c, 0xf8, 0x0, 0xe6,
    0x0, 0x6,

    /* U+9876 "顶" */
    0x0, 0xff, 0xff, 0xf7, 0xff, 0xc6, 0x1, 0x80,
    0x30, 0xc, 0x1, 0x87, 0xff, 0xc, 0x30, 0x18,
    0x61, 0x80, 0xc3, 0xc, 0xc6, 0x18, 0x66, 0x30,
    0xc3, 0x31, 0x86, 0x19, 0x8c, 0x30, 0xcc, 0x61,
    0x86, 0x63, 0xc, 0x33, 0x18, 0x60, 0x32, 0x3,
    0x1, 0xb8, 0xf8, 0x38, 0xe3, 0x87, 0x83, 0x80,
    0x78, 0xe, 0x1, 0x0, 0x20,

    /* U+9879 "项" */
    0x0, 0x7f, 0xff, 0xfc, 0xc, 0x1, 0x80, 0x30,
    0x6, 0x0, 0xc0, 0x18, 0x2, 0x0, 0x61, 0xff,
    0xc1, 0x86, 0x1, 0x6, 0x18, 0x4, 0x18, 0x63,
    0x10, 0x61, 0x8c, 0x41, 0x86, 0x31, 0x6, 0x18,
    0xc4, 0x1f, 0x63, 0x11, 0xf9, 0x8c, 0x47, 0x6,
    0x61, 0x0, 0x1, 0xb0, 0x0, 0xc, 0xe0, 0x0,
    0xe1, 0xc0, 0xf, 0x1, 0xc0, 0x70, 0x2, 0x0,
    0x0, 0x0,

    /* U+987A "顺" */
    0x30, 0xdf, 0xfc, 0xc3, 0x6, 0x3, 0x6c, 0x18,
    0xd, 0xb0, 0x60, 0x36, 0xdf, 0xf8, 0xdb, 0x60,
    0x63, 0x6d, 0x81, 0x8d, 0xb6, 0x66, 0x36, 0xd9,
    0x98, 0xdb, 0x66, 0x63, 0x6d, 0x99, 0x8d, 0xb6,
    0x66, 0x36, 0xd9, 0x98, 0xdb, 0x66, 0x63, 0x6d,
    0x99, 0x99, 0xb0, 0xc8, 0x66, 0xc7, 0x39, 0x83,
    0x38, 0x7c, 0x1, 0xc0, 0xc0, 0x2, 0x0,

    /* U+987B "须" */
    0x0, 0x0, 0x0, 0x33, 0xff, 0xf1, 0x80, 0x60,
    0xe, 0x1, 0x80, 0x70, 0x6, 0x3, 0x81, 0xff,
    0xc0, 0x66, 0x3, 0x3, 0x98, 0xc, 0x1c, 0x63,
    0x30, 0xe1, 0x8c, 0xc7, 0x6, 0x33, 0x38, 0x18,
    0x8c, 0x47, 0x66, 0x30, 0x19, 0x98, 0xc0, 0xc6,
    0x63, 0x7, 0x3, 0xa0, 0x38, 0xd, 0xe3, 0xc0,
    0xe1, 0xce, 0x1f, 0x3, 0xc0, 0xf8, 0x2, 0x0,
    0x80, 0x0,

    /* U+9891 "频" */
    0x3, 0x0, 0x0, 0x66, 0x3f, 0xf8, 0xcc, 0x2,
    0x1, 0x9f, 0x4, 0x3, 0x30, 0x18, 0x6, 0x60,
    0xff, 0x8c, 0xc1, 0x2, 0x3f, 0xfa, 0x4, 0x0,
    0x4, 0xc8, 0x6, 0x9, 0x90, 0xec, 0x93, 0x21,
    0x99, 0xa6, 0x43, 0x36, 0x4c, 0x8c, 0x6c, 0x99,
    0x18, 0xf1, 0x32, 0x1, 0xc2, 0x44, 0x3, 0x81,
    0x80, 0xe, 0x6, 0x60, 0x70, 0x1c, 0xe7, 0xc0,
    0x70, 0x62, 0x1, 0xc0, 0x40,

    /* U+9897 "颗" */
    0x7f, 0xdf, 0xfb, 0x36, 0xc, 0x19, 0xb0, 0x40,
    0xff, 0x82, 0x6, 0x6c, 0xff, 0x33, 0x64, 0x19,
    0x9b, 0x20, 0xcf, 0xf9, 0x36, 0x6, 0x9, 0xb0,
    0x30, 0x4d, 0xbf, 0xfa, 0x6c, 0x1c, 0x12, 0x61,
    0xf8, 0x93, 0xf, 0x65, 0x99, 0xdb, 0xd, 0x1c,
    0xc0, 0xdc, 0x46, 0xe, 0x70, 0x31, 0xe1, 0xc1,
    0x86, 0x6,

    /* U+9898 "题" */
    0x7f, 0xff, 0xf9, 0x83, 0xc, 0x6, 0xc, 0x30,
    0x1f, 0xf0, 0xc0, 0x60, 0xdf, 0xf1, 0x83, 0x40,
    0xc7, 0xfd, 0x13, 0x0, 0x4, 0x4c, 0x0, 0x11,
    0x33, 0xff, 0xcc, 0xc0, 0x61, 0x33, 0x1, 0x84,
    0xcc, 0x66, 0x13, 0x31, 0x9f, 0x5c, 0x6, 0x60,
    0x6e, 0x19, 0x83, 0x1c, 0xfe, 0x3c, 0x33, 0x78,
    0x60, 0xc, 0x7c, 0x0, 0xe0, 0x1f, 0xfe,

    /* U+989C "颜" */
    0x2, 0x0, 0x0, 0x6, 0x1f, 0xf8, 0xc, 0x3f,
    0xf1, 0xff, 0x4, 0x0, 0x88, 0x8, 0x1, 0x99,
    0xff, 0x2, 0x63, 0xfe, 0x1f, 0xf6, 0x4, 0x30,
    0x8c, 0xc8, 0x63, 0x99, 0x90, 0xcc, 0x33, 0x21,
    0xf2, 0x66, 0x43, 0x4e, 0xcc, 0x86, 0x31, 0x99,
    0xc, 0xc3, 0x22, 0x17, 0x16, 0xc4, 0x20, 0x61,
    0xa0, 0xc1, 0x86, 0x61, 0x8e, 0x1c, 0xe3, 0x78,
    0xf0, 0x60, 0x43, 0x80, 0x60, 0x0, 0x0, 0x0,

    /* U+98CE "风" */
    0x1f, 0xff, 0xc0, 0x60, 0x3, 0x1, 0x80, 0xc,
    0x6, 0x0, 0x30, 0x19, 0xc, 0xc0, 0x66, 0x33,
    0x1, 0x8c, 0x8c, 0x6, 0x36, 0x30, 0x18, 0x78,
    0xc0, 0x60, 0xc3, 0x1, 0x83, 0xc, 0x6, 0x1e,
    0x30, 0x18, 0x78, 0xc0, 0x43, 0x33, 0x3, 0x18,
    0xcc, 0xd, 0xc1, 0xba, 0x32, 0x4, 0x6d, 0x80,
    0x1, 0xf6, 0x0, 0x3, 0x90, 0x0, 0xe,

    /* U+997F "饿" */
    0x10, 0x1, 0x80, 0x70, 0x16, 0x1, 0x87, 0xfb,
    0x6, 0x1e, 0x66, 0x3f, 0x19, 0x98, 0xcc, 0x66,
    0x6, 0x31, 0x98, 0x19, 0x9f, 0xfe, 0x40, 0x19,
    0x80, 0x60, 0x66, 0x1, 0x81, 0x99, 0x86, 0x7,
    0xe4, 0x18, 0x7e, 0xf0, 0x63, 0xe3, 0xc1, 0x89,
    0x8e, 0x6, 0x86, 0x38, 0x1b, 0x19, 0xe0, 0x78,
    0x6e, 0xd1, 0xc1, 0xb3, 0xc6, 0x1e, 0x7, 0x10,
    0x60, 0x8,

    /* U+9996 "首" */
    0x0, 0x0, 0x0, 0x70, 0x18, 0x1, 0x81, 0xc0,
    0x6, 0xc, 0x0, 0x20, 0x40, 0x7f, 0xff, 0xfc,
    0x1, 0x80, 0x0, 0xc, 0x0, 0x0, 0xc0, 0x0,
    0x7f, 0xfc, 0x2, 0x0, 0x60, 0x10, 0x3, 0x0,
    0x80, 0x18, 0x7, 0xff, 0xc0, 0x20, 0x6, 0x1,
    0x0, 0x30, 0xf, 0xff, 0x80, 0x40, 0xc, 0x2,
    0x0, 0x60, 0x10, 0x3, 0x0, 0xff, 0xf8, 0x4,
    0x0, 0xc0,

    /* U+9A6C "马" */
    0x7f, 0xff, 0x87, 0xff, 0xf8, 0x0, 0x3, 0x0,
    0xe0, 0x30, 0xe, 0x3, 0x0, 0xc0, 0x30, 0xc,
    0x3, 0x0, 0xc0, 0x30, 0xc, 0x3, 0x0, 0xff,
    0xff, 0x0, 0x0, 0x30, 0x0, 0x3, 0x0, 0x0,
    0x30, 0x0, 0x3, 0xff, 0xff, 0x30, 0x0, 0x3,
    0x0, 0x0, 0x70, 0x0, 0x7, 0x0, 0x7, 0xe0,
    0x0, 0x7c,

    /* U+9A71 "驱" */
    0xff, 0x3f, 0xf8, 0xc, 0xc0, 0x0, 0x33, 0x0,
    0x18, 0xcc, 0x8, 0x63, 0x34, 0x31, 0x8c, 0xd8,
    0xc6, 0x33, 0x36, 0x18, 0xcc, 0xf8, 0x63, 0x31,
    0xe1, 0x8c, 0xc3, 0x7, 0xfb, 0xe, 0x0, 0x2c,
    0x6c, 0x0, 0xb3, 0x30, 0x12, 0xcc, 0x6f, 0xcb,
    0x61, 0x38, 0x2c, 0x0, 0x1, 0xb0, 0x0, 0x6,
    0xc0, 0x0, 0xfb, 0xff, 0xc1, 0xc0, 0x0,

    /* U+9A7B "驻" */
    0x0, 0x3, 0x80, 0x0, 0x6, 0x3, 0xf8, 0x18,
    0x0, 0x60, 0x0, 0x1, 0xbf, 0xfc, 0xc6, 0x6,
    0x3, 0x18, 0x18, 0xc, 0x60, 0x60, 0x31, 0x1,
    0x80, 0xc4, 0x6, 0x3, 0x10, 0x18, 0xf, 0xf7,
    0xfe, 0x0, 0xc1, 0x80, 0x3, 0x6, 0x0, 0xc,
    0x18, 0x1f, 0xa0, 0x60, 0xfc, 0x81, 0x81, 0x2,
    0x6, 0x0, 0x18, 0x18, 0x0, 0x60, 0x60, 0x7,
    0xbf, 0xfc, 0x18, 0x0, 0x0,

    /* U+9A8C "验" */
    0x0, 0x3, 0x0, 0x0, 0x6, 0x1, 0xfc, 0x1e,
    0x0, 0x18, 0x36, 0x0, 0x30, 0xc6, 0x6, 0x63,
    0x6, 0xc, 0xce, 0x7, 0x19, 0xff, 0xf7, 0x33,
    0x20, 0x0, 0x64, 0x0, 0x0, 0xc8, 0xc, 0x41,
    0xfc, 0x98, 0xc0, 0x19, 0x91, 0x0, 0x33, 0x26,
    0x0, 0x62, 0x6c, 0x3e, 0xc4, 0xd8, 0x79, 0x8c,
    0x20, 0x3, 0x0, 0xc0, 0x6, 0x1, 0x80, 0x7d,
    0xff, 0xe0, 0xf0, 0x0, 0x0,

    /* U+9AD8 "高" */
    0x0, 0x60, 0x0, 0x3, 0x80, 0x3f, 0xff, 0xfe,
    0x0, 0x0, 0x0, 0x0, 0x0, 0x7, 0xff, 0xc0,
    0x30, 0x6, 0x1, 0x80, 0x30, 0xf, 0xff, 0x80,
    0x0, 0x0, 0x0, 0x0, 0x0, 0xff, 0xff, 0xf6,
    0x0, 0x1, 0x30, 0x0, 0x9, 0x8f, 0xf8, 0x4c,
    0x40, 0x42, 0x62, 0x2, 0x13, 0x1f, 0xf0, 0x98,
    0x0, 0x4, 0xc0, 0x1, 0xe6, 0x0, 0x7, 0x0,

    /* U+9EC4 "黄" */
    0x1, 0x83, 0x0, 0x6, 0xc, 0x3, 0xff, 0xff,
    0x80, 0x60, 0xc0, 0x1, 0x83, 0x0, 0x6, 0xc,
    0xf, 0xff, 0xff, 0xc0, 0xc, 0x0, 0x0, 0x30,
    0x0, 0x7f, 0xff, 0x81, 0x83, 0x6, 0x6, 0xc,
    0x18, 0x1f, 0xff, 0xe0, 0x60, 0xc1, 0x81, 0x83,
    0x6, 0x7, 0xff, 0xf8, 0x1, 0x1, 0x0, 0x1e,
    0xf, 0x0, 0xe0, 0xf, 0x1e, 0x0, 0xf, 0x20,
    0x0, 0x8,

    /* U+9ED1 "黑" */
    0x3f, 0xff, 0xf0, 0xc0, 0xc0, 0xc3, 0x3, 0x3,
    0xc, 0xcc, 0xcc, 0x33, 0x33, 0x30, 0xce, 0xd8,
    0xc3, 0x3, 0x3, 0xf, 0xff, 0xfc, 0x0, 0x30,
    0x0, 0x0, 0xc0, 0x0, 0x3, 0x0, 0xf, 0xff,
    0xfc, 0x0, 0x30, 0x0, 0x0, 0xc0, 0x0, 0x3,
    0x0, 0x3f, 0xff, 0xff, 0x0, 0x0, 0x0, 0xc6,
    0x30, 0xc6, 0x18, 0x63, 0x18, 0x61, 0x86, 0xc1,
    0x86, 0x19, 0x0, 0x0, 0x0,

    /* U+9ED8 "默" */
    0x7f, 0xf1, 0x81, 0x98, 0xc7, 0x87, 0x6f, 0x1b,
    0x1f, 0xac, 0x66, 0x6f, 0xb1, 0x81, 0x98, 0xff,
    0xf7, 0xff, 0xff, 0xc1, 0x80, 0x60, 0x6, 0x1,
    0x81, 0xff, 0x86, 0x0, 0x60, 0x1c, 0x1, 0x8c,
    0xf0, 0x7f, 0xf3, 0x41, 0xe0, 0x89, 0x80, 0x12,
    0x62, 0x1a, 0x69, 0xc, 0x69, 0xac, 0x19, 0x32,
    0x60, 0x64, 0x3, 0x0, 0xc0, 0xc, 0x2,

    /* U+FF01 "！" */
    0xff, 0xff, 0xfc, 0xf, 0xc0,

    /* U+FF08 "（" */
    0x6, 0x1c, 0x71, 0xc3, 0xc, 0x18, 0x60, 0xc1,
    0x83, 0x6, 0xc, 0xc, 0x18, 0x18, 0x38, 0x38,
    0x38, 0x30,

    /* U+FF09 "）" */
    0xc1, 0xc1, 0xc1, 0xc1, 0x81, 0x83, 0x3, 0x6,
    0xc, 0x18, 0x30, 0x61, 0x83, 0xc, 0x38, 0x63,
    0x82, 0x0,

    /* U+FF0C "，" */
    0xff, 0xf3, 0x36, 0x40,

    /* U+FF1A "：" */
    0xff, 0x80, 0x3f, 0xe0,

    /* U+FF1B "；" */
    0xff, 0x80, 0x3f, 0xed, 0xe0,

    /* U+FF1F "？" */
    0x8, 0x3f, 0x19, 0xd8, 0x6c, 0x30, 0x18, 0xc,
    0xc, 0xc, 0x4, 0x6, 0x3, 0x1, 0x0, 0x0,
    0x0, 0x70, 0x38, 0x0,

    /* U+FFE5 "￥" */
    0xc0, 0xc, 0xc0, 0x30, 0xc0, 0xc0, 0xc3, 0x80,
    0xce, 0x0, 0xd8, 0x1, 0xe0, 0x1, 0x80, 0x7f,
    0xf8, 0x6, 0x0, 0xc, 0x3, 0xff, 0xc0, 0x30,
    0x0, 0x60, 0x0, 0xc0, 0x1, 0x80
};


/*---------------------
 *  GLYPH DESCRIPTION
 *--------------------*/

static const lv_font_fmt_txt_glyph_dsc_t glyph_dsc[] = {
    {.bitmap_index = 0, .adv_w = 0, .box_w = 0, .box_h = 0, .ofs_x = 0, .ofs_y = 0} /* id = 0 reserved */,
    {.bitmap_index = 0, .adv_w = 192, .box_w = 1, .box_h = 1, .ofs_x = 0, .ofs_y = 0},
    {.bitmap_index = 1, .adv_w = 192, .box_w = 2, .box_h = 17, .ofs_x = 4, .ofs_y = 0},
    {.bitmap_index = 6, .adv_w = 192, .box_w = 6, .box_h = 5, .ofs_x = 3, .ofs_y = 11},
    {.bitmap_index = 10, .adv_w = 192, .box_w = 11, .box_h = 16, .ofs_x = 1, .ofs_y = 0},
    {.bitmap_index = 32, .adv_w = 192, .box_w = 9, .box_h = 21, .ofs_x = 1, .ofs_y = -3},
    {.bitmap_index = 56, .adv_w = 192, .box_w = 11, .box_h = 16, .ofs_x = 1, .ofs_y = 0},
    {.bitmap_index = 78, .adv_w = 192, .box_w = 11, .box_h = 16, .ofs_x = 1, .ofs_y = 0},
    {.bitmap_index = 100, .adv_w = 192, .box_w = 2, .box_h = 5, .ofs_x = 4, .ofs_y = 11},
    {.bitmap_index = 102, .adv_w = 192, .box_w = 6, .box_h = 20, .ofs_x = 5, .ofs_y = -2},
    {.bitmap_index = 117, .adv_w = 192, .box_w = 6, .box_h = 20, .ofs_x = 1, .ofs_y = -2},
    {.bitmap_index = 132, .adv_w = 192, .box_w = 12, .box_h = 11, .ofs_x = 0, .ofs_y = 5},
    {.bitmap_index = 149, .adv_w = 192, .box_w = 11, .box_h = 10, .ofs_x = 1, .ofs_y = 3},
    {.bitmap_index = 163, .adv_w = 192, .box_w = 2, .box_h = 4, .ofs_x = 2, .ofs_y = -3},
    {.bitmap_index = 164, .adv_w = 192, .box_w = 11, .box_h = 1, .ofs_x = 1, .ofs_y = 8},
    {.bitmap_index = 166, .adv_w = 192, .box_w = 2, .box_h = 1, .ofs_x = 2, .ofs_y = 0},
    {.bitmap_index = 167, .adv_w = 192, .box_w = 11, .box_h = 18, .ofs_x = 0, .ofs_y = -1},
    {.bitmap_index = 192, .adv_w = 192, .box_w = 10, .box_h = 17, .ofs_x = 1, .ofs_y = -1},
    {.bitmap_index = 214, .adv_w = 192, .box_w = 5, .box_h = 16, .ofs_x = 2, .ofs_y = 0},
    {.bitmap_index = 224, .adv_w = 192, .box_w = 9, .box_h = 16, .ofs_x = 1, .ofs_y = 0},
    {.bitmap_index = 242, .adv_w = 192, .box_w = 10, .box_h = 16, .ofs_x = 1, .ofs_y = 0},
    {.bitmap_index = 262, .adv_w = 192, .box_w = 11, .box_h = 16, .ofs_x = 1, .ofs_y = 0},
    {.bitmap_index = 284, .adv_w = 192, .box_w = 10, .box_h = 16, .ofs_x = 1, .ofs_y = 0},
    {.bitmap_index = 304, .adv_w = 192, .box_w = 10, .box_h = 16, .ofs_x = 1, .ofs_y = 0},
    {.bitmap_index = 324, .adv_w = 192, .box_w = 10, .box_h = 16, .ofs_x = 1, .ofs_y = 0},
    {.bitmap_index = 344, .adv_w = 192, .box_w = 10, .box_h = 16, .ofs_x = 1, .ofs_y = 0},
    {.bitmap_index = 364, .adv_w = 192, .box_w = 10, .box_h = 16, .ofs_x = 1, .ofs_y = 0},
    {.bitmap_index = 384, .adv_w = 192, .box_w = 2, .box_h = 11, .ofs_x = 5, .ofs_y = 0},
    {.bitmap_index = 387, .adv_w = 192, .box_w = 2, .box_h = 14, .ofs_x = 5, .ofs_y = -3},
    {.bitmap_index = 391, .adv_w = 192, .box_w = 10, .box_h = 17, .ofs_x = 1, .ofs_y = 0},
    {.bitmap_index = 413, .adv_w = 192, .box_w = 11, .box_h = 7, .ofs_x = 1, .ofs_y = 5},
    {.bitmap_index = 423, .adv_w = 192, .box_w = 10, .box_h = 17, .ofs_x = 1, .ofs_y = 0},
    {.bitmap_index = 445, .adv_w = 192, .box_w = 9, .box_h = 16, .ofs_x = 1, .ofs_y = 0},
    {.bitmap_index = 463, .adv_w = 192, .box_w = 11, .box_h = 16, .ofs_x = 1, .ofs_y = 0},
    {.bitmap_index = 485, .adv_w = 192, .box_w = 12, .box_h = 16, .ofs_x = 0, .ofs_y = 0},
    {.bitmap_index = 509, .adv_w = 192, .box_w = 10, .box_h = 16, .ofs_x = 1, .ofs_y = 0},
    {.bitmap_index = 529, .adv_w = 192, .box_w = 10, .box_h = 16, .ofs_x = 1, .ofs_y = 0},
    {.bitmap_index = 549, .adv_w = 192, .box_w = 10, .box_h = 16, .ofs_x = 1, .ofs_y = 0},
    {.bitmap_index = 569, .adv_w = 192, .box_w = 10, .box_h = 16, .ofs_x = 1, .ofs_y = 0},
    {.bitmap_index = 589, .adv_w = 192, .box_w = 10, .box_h = 16, .ofs_x = 1, .ofs_y = 0},
    {.bitmap_index = 609, .adv_w = 192, .box_w = 10, .box_h = 16, .ofs_x = 1, .ofs_y = 0},
    {.bitmap_index = 629, .adv_w = 192, .box_w = 10, .box_h = 16, .ofs_x = 1, .ofs_y = 0},
    {.bitmap_index = 649, .adv_w = 192, .box_w = 2, .box_h = 16, .ofs_x = 5, .ofs_y = 0},
    {.bitmap_index = 653, .adv_w = 192, .box_w = 9, .box_h = 16, .ofs_x = 1, .ofs_y = 0},
    {.bitmap_index = 671, .adv_w = 192, .box_w = 10, .box_h = 16, .ofs_x = 1, .ofs_y = 0},
    {.bitmap_index = 691, .adv_w = 192, .box_w = 10, .box_h = 16, .ofs_x = 1, .ofs_y = 0},
    {.bitmap_index = 711, .adv_w = 192, .box_w = 10, .box_h = 16, .ofs_x = 1, .ofs_y = 0},
    {.bitmap_index = 731, .adv_w = 192, .box_w = 10, .box_h = 16, .ofs_x = 1, .ofs_y = 0},
    {.bitmap_index = 751, .adv_w = 192, .box_w = 10, .box_h = 16, .ofs_x = 1, .ofs_y = 0},
    {.bitmap_index = 771, .adv_w = 192, .box_w = 10, .box_h = 16, .ofs_x = 1, .ofs_y = 0},
    {.bitmap_index = 791, .adv_w = 192, .box_w = 10, .box_h = 17, .ofs_x = 1, .ofs_y = -1},
    {.bitmap_index = 813, .adv_w = 192, .box_w = 10, .box_h = 16, .ofs_x = 1, .ofs_y = 0},
    {.bitmap_index = 833, .adv_w = 192, .box_w = 10, .box_h = 16, .ofs_x = 1, .ofs_y = 0},
    {.bitmap_index = 853, .adv_w = 192, .box_w = 10, .box_h = 16, .ofs_x = 1, .ofs_y = 0},
    {.bitmap_index = 873, .adv_w = 192, .box_w = 10, .box_h = 16, .ofs_x = 1, .ofs_y = 0},
    {.bitmap_index = 893, .adv_w = 192, .box_w = 11, .box_h = 16, .ofs_x = 0, .ofs_y = 0},
    {.bitmap_index = 915, .adv_w = 192, .box_w = 12, .box_h = 16, .ofs_x = 0, .ofs_y = 0},
    {.bitmap_index = 939, .adv_w = 192, .box_w = 11, .box_h = 16, .ofs_x = 0, .ofs_y = 0},
    {.bitmap_index = 961, .adv_w = 192, .box_w = 10, .box_h = 16, .ofs_x = 1, .ofs_y = 0},
    {.bitmap_index = 981, .adv_w = 192, .box_w = 10, .box_h = 16, .ofs_x = 1, .ofs_y = 0},
    {.bitmap_index = 1001, .adv_w = 192, .box_w = 6, .box_h = 20, .ofs_x = 5, .ofs_y = -2},
    {.bitmap_index = 1016, .adv_w = 192, .box_w = 10, .box_h = 19, .ofs_x = 1, .ofs_y = -2},
    {.bitmap_index = 1040, .adv_w = 192, .box_w = 6, .box_h = 20, .ofs_x = 1, .ofs_y = -2},
    {.bitmap_index = 1055, .adv_w = 192, .box_w = 9, .box_h = 4, .ofs_x = 1, .ofs_y = 15},
    {.bitmap_index = 1060, .adv_w = 192, .box_w = 12, .box_h = 1, .ofs_x = 0, .ofs_y = -3},
    {.bitmap_index = 1062, .adv_w = 192, .box_w = 6, .box_h = 5, .ofs_x = 3, .ofs_y = 15},
    {.bitmap_index = 1066, .adv_w = 192, .box_w = 10, .box_h = 11, .ofs_x = 1, .ofs_y = 0},
    {.bitmap_index = 1080, .adv_w = 192, .box_w = 9, .box_h = 16, .ofs_x = 1, .ofs_y = 0},
    {.bitmap_index = 1098, .adv_w = 192, .box_w = 10, .box_h = 11, .ofs_x = 1, .ofs_y = 0},
    {.bitmap_index = 1112, .adv_w = 192, .box_w = 10, .box_h = 16, .ofs_x = 1, .ofs_y = 0},
    {.bitmap_index = 1132, .adv_w = 192, .box_w = 10, .box_h = 11, .ofs_x = 1, .ofs_y = 0},
    {.bitmap_index = 1146, .adv_w = 192, .box_w = 10, .box_h = 16, .ofs_x = 1, .ofs_y = 0},
    {.bitmap_index = 1166, .adv_w = 192, .box_w = 10, .box_h = 14, .ofs_x = 1, .ofs_y = -3},
    {.bitmap_index = 1184, .adv_w = 192, .box_w = 9, .box_h = 16, .ofs_x = 1, .ofs_y = 0},
    {.bitmap_index = 1202, .adv_w = 192, .box_w = 2, .box_h = 16, .ofs_x = 5, .ofs_y = 0},
    {.bitmap_index = 1206, .adv_w = 192, .box_w = 7, .box_h = 19, .ofs_x = 2, .ofs_y = -3},
    {.bitmap_index = 1223, .adv_w = 192, .box_w = 10, .box_h = 16, .ofs_x = 1, .ofs_y = 0},
    {.bitmap_index = 1243, .adv_w = 192, .box_w = 2, .box_h = 16, .ofs_x = 5, .ofs_y = 0},
    {.bitmap_index = 1247, .adv_w = 192, .box_w = 12, .box_h = 11, .ofs_x = 1, .ofs_y = 0},
    {.bitmap_index = 1264, .adv_w = 192, .box_w = 9, .box_h = 11, .ofs_x = 1, .ofs_y = 0},
    {.bitmap_index = 1277, .adv_w = 192, .box_w = 10, .box_h = 11, .ofs_x = 1, .ofs_y = 0},
    {.bitmap_index = 1291, .adv_w = 192, .box_w = 9, .box_h = 14, .ofs_x = 1, .ofs_y = -3},
    {.bitmap_index = 1307, .adv_w = 192, .box_w = 10, .box_h = 14, .ofs_x = 1, .ofs_y = -3},
    {.bitmap_index = 1325, .adv_w = 192, .box_w = 7, .box_h = 11, .ofs_x = 2, .ofs_y = 0},
    {.bitmap_index = 1335, .adv_w = 192, .box_w = 9, .box_h = 11, .ofs_x = 1, .ofs_y = 0},
    {.bitmap_index = 1348, .adv_w = 192, .box_w = 10, .box_h = 14, .ofs_x = 1, .ofs_y = 0},
    {.bitmap_index = 1366, .adv_w = 192, .box_w = 9, .box_h = 11, .ofs_x = 1, .ofs_y = 0},
    {.bitmap_index = 1379, .adv_w = 192, .box_w = 10, .box_h = 11, .ofs_x = 1, .ofs_y = 0},
    {.bitmap_index = 1393, .adv_w = 192, .box_w = 12, .box_h = 11, .ofs_x = 0, .ofs_y = 0},
    {.bitmap_index = 1410, .adv_w = 192, .box_w = 10, .box_h = 11, .ofs_x = 1, .ofs_y = 0},
    {.bitmap_index = 1424, .adv_w = 192, .box_w = 10, .box_h = 14, .ofs_x = 1, .ofs_y = -3},
    {.bitmap_index = 1442, .adv_w = 192, .box_w = 9, .box_h = 11, .ofs_x = 1, .ofs_y = 0},
    {.bitmap_index = 1455, .adv_w = 192, .box_w = 5, .box_h = 21, .ofs_x = 5, .ofs_y = -2},
    {.bitmap_index = 1469, .adv_w = 192, .box_w = 2, .box_h = 24, .ofs_x = 5, .ofs_y = -3},
    {.bitmap_index = 1475, .adv_w = 192, .box_w = 5, .box_h = 21, .ofs_x = 1, .ofs_y = -2},
    {.bitmap_index = 1489, .adv_w = 192, .box_w = 10, .box_h = 4, .ofs_x = 1, .ofs_y = 16},
    {.bitmap_index = 1494, .adv_w = 384, .box_w = 10, .box_h = 19, .ofs_x = 7, .ofs_y = 0},
    {.bitmap_index = 1518, .adv_w = 384, .box_w = 6, .box_h = 5, .ofs_x = 3, .ofs_y = 12},
    {.bitmap_index = 1522, .adv_w = 384, .box_w = 16, .box_h = 17, .ofs_x = 4, .ofs_y = 2},
    {.bitmap_index = 1556, .adv_w = 384, .box_w = 4, .box_h = 3, .ofs_x = 10, .ofs_y = 8},
    {.bitmap_index = 1558, .adv_w = 384, .box_w = 15, .box_h = 15, .ofs_x = 4, .ofs_y = 1},
    {.bitmap_index = 1587, .adv_w = 384, .box_w = 16, .box_h = 16, .ofs_x = 4, .ofs_y = 0},
    {.bitmap_index = 1619, .adv_w = 384, .box_w = 24, .box_h = 1, .ofs_x = 0, .ofs_y = 8},
    {.bitmap_index = 1622, .adv_w = 384, .box_w = 3, .box_h = 7, .ofs_x = 19, .ofs_y = 12},
    {.bitmap_index = 1625, .adv_w = 384, .box_w = 4, .box_h = 7, .ofs_x = 1, .ofs_y = 12},
    {.bitmap_index = 1629, .adv_w = 384, .box_w = 8, .box_h = 7, .ofs_x = 13, .ofs_y = 12},
    {.bitmap_index = 1636, .adv_w = 384, .box_w = 9, .box_h = 7, .ofs_x = 1, .ofs_y = 12},
    {.bitmap_index = 1644, .adv_w = 384, .box_w = 19, .box_h = 3, .ofs_x = 2, .ofs_y = 8},
    {.bitmap_index = 1652, .adv_w = 384, .box_w = 21, .box_h = 20, .ofs_x = 2, .ofs_y = -1},
    {.bitmap_index = 1705, .adv_w = 384, .box_w = 5, .box_h = 8, .ofs_x = 4, .ofs_y = 10},
    {.bitmap_index = 1710, .adv_w = 384, .box_w = 8, .box_h = 9, .ofs_x = 2, .ofs_y = 10},
    {.bitmap_index = 1719, .adv_w = 384, .box_w = 19, .box_h = 18, .ofs_x = 2, .ofs_y = 1},
    {.bitmap_index = 1762, .adv_w = 384, .box_w = 15, .box_h = 16, .ofs_x = 4, .ofs_y = 0},
    {.bitmap_index = 1792, .adv_w = 384, .box_w = 21, .box_h = 19, .ofs_x = 1, .ofs_y = 0},
    {.bitmap_index = 1842, .adv_w = 384, .box_w = 19, .box_h = 15, .ofs_x = 3, .ofs_y = 1},
    {.bitmap_index = 1878, .adv_w = 384, .box_w = 15, .box_h = 19, .ofs_x = 4, .ofs_y = -2},
    {.bitmap_index = 1914, .adv_w = 384, .box_w = 20, .box_h = 15, .ofs_x = 1, .ofs_y = 1},
    {.bitmap_index = 1952, .adv_w = 384, .box_w = 15, .box_h = 19, .ofs_x = 4, .ofs_y = 0},
    {.bitmap_index = 1988, .adv_w = 384, .box_w = 12, .box_h = 18, .ofs_x = 7, .ofs_y = 0},
    {.bitmap_index = 2015, .adv_w = 384, .box_w = 20, .box_h = 10, .ofs_x = 2, .ofs_y = 4},
    {.bitmap_index = 2040, .adv_w = 384, .box_w = 19, .box_h = 11, .ofs_x = 2, .ofs_y = 3},
    {.bitmap_index = 2067, .adv_w = 384, .box_w = 18, .box_h = 18, .ofs_x = 3, .ofs_y = 0},
    {.bitmap_index = 2108, .adv_w = 384, .box_w = 18, .box_h = 18, .ofs_x = 3, .ofs_y = 0},
    {.bitmap_index = 2149, .adv_w = 384, .box_w = 22, .box_h = 22, .ofs_x = 1, .ofs_y = -2},
    {.bitmap_index = 2210, .adv_w = 384, .box_w = 22, .box_h = 22, .ofs_x = 1, .ofs_y = -2},
    {.bitmap_index = 2271, .adv_w = 384, .box_w = 22, .box_h = 22, .ofs_x = 1, .ofs_y = -2},
    {.bitmap_index = 2332, .adv_w = 384, .box_w = 22, .box_h = 22, .ofs_x = 1, .ofs_y = -2},
    {.bitmap_index = 2393, .adv_w = 384, .box_w = 22, .box_h = 22, .ofs_x = 1, .ofs_y = -2},
    {.bitmap_index = 2454, .adv_w = 384, .box_w = 22, .box_h = 22, .ofs_x = 1, .ofs_y = -2},
    {.bitmap_index = 2515, .adv_w = 384, .box_w = 22, .box_h = 22, .ofs_x = 1, .ofs_y = -2},
    {.bitmap_index = 2576, .adv_w = 384, .box_w = 22, .box_h = 22, .ofs_x = 1, .ofs_y = -2},
    {.bitmap_index = 2637, .adv_w = 384, .box_w = 22, .box_h = 22, .ofs_x = 1, .ofs_y = -2},
    {.bitmap_index = 2698, .adv_w = 384, .box_w = 22, .box_h = 22, .ofs_x = 1, .ofs_y = -2},
    {.bitmap_index = 2759, .adv_w = 384, .box_w = 20, .box_h = 19, .ofs_x = 2, .ofs_y = -1},
    {.bitmap_index = 2807, .adv_w = 384, .box_w = 19, .box_h = 19, .ofs_x = 2, .ofs_y = -1},
    {.bitmap_index = 2853, .adv_w = 384, .box_w = 20, .box_h = 18, .ofs_x = 2, .ofs_y = 0},
    {.bitmap_index = 2898, .adv_w = 384, .box_w = 18, .box_h = 16, .ofs_x = 3, .ofs_y = 2},
    {.bitmap_index = 2934, .adv_w = 384, .box_w = 22, .box_h = 22, .ofs_x = 1, .ofs_y = -2},
    {.bitmap_index = 2995, .adv_w = 384, .box_w = 21, .box_h = 22, .ofs_x = 1, .ofs_y = -2},
    {.bitmap_index = 3053, .adv_w = 384, .box_w = 22, .box_h = 21, .ofs_x = 1, .ofs_y = -2},
    {.bitmap_index = 3111, .adv_w = 384, .box_w = 22, .box_h = 21, .ofs_x = 1, .ofs_y = -2},
    {.bitmap_index = 3169, .adv_w = 384, .box_w = 22, .box_h = 21, .ofs_x = 1, .ofs_y = -2},
    {.bitmap_index = 3227, .adv_w = 384, .box_w = 1, .box_h = 1, .ofs_x = 0, .ofs_y = 0},
    {.bitmap_index = 3228, .adv_w = 384, .box_w = 6, .box_h = 7, .ofs_x = 3, .ofs_y = -1},
    {.bitmap_index = 3234, .adv_w = 384, .box_w = 6, .box_h = 6, .ofs_x = 3, .ofs_y = 0},
    {.bitmap_index = 3239, .adv_w = 384, .box_w = 8, .box_h = 9, .ofs_x = 8, .ofs_y = 4},
    {.bitmap_index = 3248, .adv_w = 384, .box_w = 16, .box_h = 17, .ofs_x = 4, .ofs_y = 0},
    {.bitmap_index = 3282, .adv_w = 384, .box_w = 18, .box_h = 19, .ofs_x = 3, .ofs_y = -1},
    {.bitmap_index = 3325, .adv_w = 384, .box_w = 19, .box_h = 19, .ofs_x = 2, .ofs_y = -1},
    {.bitmap_index = 3371, .adv_w = 384, .box_w = 8, .box_h = 22, .ofs_x = 12, .ofs_y = -2},
    {.bitmap_index = 3393, .adv_w = 384, .box_w = 8, .box_h = 22, .ofs_x = 4, .ofs_y = -2},
    {.bitmap_index = 3415, .adv_w = 384, .box_w = 10, .box_h = 23, .ofs_x = 12, .ofs_y = -3},
    {.bitmap_index = 3444, .adv_w = 384, .box_w = 10, .box_h = 23, .ofs_x = 2, .ofs_y = -3},
    {.bitmap_index = 3473, .adv_w = 384, .box_w = 8, .box_h = 20, .ofs_x = 12, .ofs_y = 0},
    {.bitmap_index = 3493, .adv_w = 384, .box_w = 8, .box_h = 20, .ofs_x = 4, .ofs_y = -2},
    {.bitmap_index = 3513, .adv_w = 384, .box_w = 8, .box_h = 20, .ofs_x = 12, .ofs_y = 0},
    {.bitmap_index = 3533, .adv_w = 384, .box_w = 8, .box_h = 20, .ofs_x = 4, .ofs_y = -2},
    {.bitmap_index = 3553, .adv_w = 384, .box_w = 9, .box_h = 20, .ofs_x = 12, .ofs_y = -1},
    {.bitmap_index = 3576, .adv_w = 384, .box_w = 9, .box_h = 20, .ofs_x = 3, .ofs_y = -1},
    {.bitmap_index = 3599, .adv_w = 384, .box_w = 21, .box_h = 20, .ofs_x = 1, .ofs_y = -2},
    {.bitmap_index = 3652, .adv_w = 384, .box_w = 20, .box_h = 18, .ofs_x = 2, .ofs_y = 0},
    {.bitmap_index = 3697, .adv_w = 384, .box_w = 7, .box_h = 23, .ofs_x = 12, .ofs_y = -3},
    {.bitmap_index = 3718, .adv_w = 384, .box_w = 6, .box_h = 23, .ofs_x = 6, .ofs_y = -3},
    {.bitmap_index = 3736, .adv_w = 384, .box_w = 10, .box_h = 21, .ofs_x = 11, .ofs_y = -2},
    {.bitmap_index = 3763, .adv_w = 384, .box_w = 10, .box_h = 20, .ofs_x = 3, .ofs_y = -1},
    {.bitmap_index = 3788, .adv_w = 384, .box_w = 8, .box_h = 9, .ofs_x = 14, .ofs_y = 10},
    {.bitmap_index = 3797, .adv_w = 384, .box_w = 8, .box_h = 9, .ofs_x = 2, .ofs_y = 10},
    {.bitmap_index = 3806, .adv_w = 384, .box_w = 3, .box_h = 21, .ofs_x = 11, .ofs_y = -2},
    {.bitmap_index = 3814, .adv_w = 384, .box_w = 12, .box_h = 21, .ofs_x = 7, .ofs_y = -2},
    {.bitmap_index = 3846, .adv_w = 384, .box_w = 17, .box_h = 21, .ofs_x = 4, .ofs_y = -2},
    {.bitmap_index = 3891, .adv_w = 384, .box_w = 15, .box_h = 20, .ofs_x = 4, .ofs_y = -1},
    {.bitmap_index = 3929, .adv_w = 384, .box_w = 17, .box_h = 21, .ofs_x = 4, .ofs_y = -2},
    {.bitmap_index = 3974, .adv_w = 384, .box_w = 22, .box_h = 7, .ofs_x = 1, .ofs_y = 12},
    {.bitmap_index = 3994, .adv_w = 384, .box_w = 22, .box_h = 9, .ofs_x = 1, .ofs_y = 9},
    {.bitmap_index = 4019, .adv_w = 384, .box_w = 22, .box_h = 14, .ofs_x = 1, .ofs_y = 5},
    {.bitmap_index = 4058, .adv_w = 384, .box_w = 18, .box_h = 21, .ofs_x = 3, .ofs_y = -2},
    {.bitmap_index = 4106, .adv_w = 384, .box_w = 19, .box_h = 19, .ofs_x = 3, .ofs_y = -1},
    {.bitmap_index = 4152, .adv_w = 384, .box_w = 17, .box_h = 20, .ofs_x = 4, .ofs_y = -1},
    {.bitmap_index = 4195, .adv_w = 384, .box_w = 21, .box_h = 2, .ofs_x = 1, .ofs_y = 8},
    {.bitmap_index = 4201, .adv_w = 384, .box_w = 22, .box_h = 19, .ofs_x = 1, .ofs_y = -1},
    {.bitmap_index = 4254, .adv_w = 384, .box_w = 21, .box_h = 19, .ofs_x = 1, .ofs_y = -2},
    {.bitmap_index = 4304, .adv_w = 384, .box_w = 21, .box_h = 18, .ofs_x = 1, .ofs_y = -1},
    {.bitmap_index = 4352, .adv_w = 384, .box_w = 22, .box_h = 20, .ofs_x = 1, .ofs_y = -1},
    {.bitmap_index = 4407, .adv_w = 384, .box_w = 21, .box_h = 20, .ofs_x = 1, .ofs_y = -2},
    {.bitmap_index = 4460, .adv_w = 384, .box_w = 21, .box_h = 21, .ofs_x = 1, .ofs_y = -2},
    {.bitmap_index = 4516, .adv_w = 384, .box_w = 20, .box_h = 22, .ofs_x = 2, .ofs_y = -3},
    {.bitmap_index = 4571, .adv_w = 384, .box_w = 21, .box_h = 23, .ofs_x = 1, .ofs_y = -3},
    {.bitmap_index = 4632, .adv_w = 384, .box_w = 22, .box_h = 19, .ofs_x = 1, .ofs_y = -1},
    {.bitmap_index = 4685, .adv_w = 384, .box_w = 21, .box_h = 21, .ofs_x = 1, .ofs_y = -2},
    {.bitmap_index = 4741, .adv_w = 384, .box_w = 21, .box_h = 20, .ofs_x = 1, .ofs_y = -1},
    {.bitmap_index = 4794, .adv_w = 384, .box_w = 22, .box_h = 21, .ofs_x = 1, .ofs_y = -2},
    {.bitmap_index = 4852, .adv_w = 384, .box_w = 21, .box_h = 20, .ofs_x = 1, .ofs_y = -2},
    {.bitmap_index = 4905, .adv_w = 384, .box_w = 20, .box_h = 20, .ofs_x = 1, .ofs_y = -2},
    {.bitmap_index = 4955, .adv_w = 384, .box_w = 22, .box_h = 22, .ofs_x = 1, .ofs_y = -2},
    {.bitmap_index = 5016, .adv_w = 384, .box_w = 18, .box_h = 21, .ofs_x = 3, .ofs_y = -2},
    {.bitmap_index = 5064, .adv_w = 384, .box_w = 18, .box_h = 21, .ofs_x = 3, .ofs_y = -2},
    {.bitmap_index = 5112, .adv_w = 384, .box_w = 21, .box_h = 21, .ofs_x = 1, .ofs_y = -2},
    {.bitmap_index = 5168, .adv_w = 384, .box_w = 22, .box_h = 20, .ofs_x = 1, .ofs_y = -1},
    {.bitmap_index = 5223, .adv_w = 384, .box_w = 22, .box_h = 20, .ofs_x = 1, .ofs_y = -1},
    {.bitmap_index = 5278, .adv_w = 384, .box_w = 22, .box_h = 21, .ofs_x = 1, .ofs_y = -2},
    {.bitmap_index = 5336, .adv_w = 384, .box_w = 22, .box_h = 22, .ofs_x = 1, .ofs_y = -2},
    {.bitmap_index = 5397, .adv_w = 384, .box_w = 21, .box_h = 23, .ofs_x = 2, .ofs_y = -3},
    {.bitmap_index = 5458, .adv_w = 384, .box_w = 21, .box_h = 20, .ofs_x = 2, .ofs_y = -1},
    {.bitmap_index = 5511, .adv_w = 384, .box_w = 20, .box_h = 21, .ofs_x = 2, .ofs_y = -2},
    {.bitmap_index = 5564, .adv_w = 384, .box_w = 22, .box_h = 21, .ofs_x = 2, .ofs_y = -2},
    {.bitmap_index = 5622, .adv_w = 384, .box_w = 18, .box_h = 21, .ofs_x = 3, .ofs_y = -3},
    {.bitmap_index = 5670, .adv_w = 384, .box_w = 21, .box_h = 22, .ofs_x = 2, .ofs_y = -2},
    {.bitmap_index = 5728, .adv_w = 384, .box_w = 21, .box_h = 21, .ofs_x = 2, .ofs_y = -2},
    {.bitmap_index = 5784, .adv_w = 384, .box_w = 21, .box_h = 16, .ofs_x = 1, .ofs_y = 0},
    {.bitmap_index = 5826, .adv_w = 384, .box_w = 22, .box_h = 20, .ofs_x = 1, .ofs_y = -2},
    {.bitmap_index = 5881, .adv_w = 384, .box_w = 21, .box_h = 19, .ofs_x = 1, .ofs_y = -1},
    {.bitmap_index = 5931, .adv_w = 384, .box_w = 21, .box_h = 18, .ofs_x = 1, .ofs_y = -1},
    {.bitmap_index = 5979, .adv_w = 384, .box_w = 21, .box_h = 18, .ofs_x = 2, .ofs_y = -1},
    {.bitmap_index = 6027, .adv_w = 384, .box_w = 21, .box_h = 20, .ofs_x = 2, .ofs_y = -1},
    {.bitmap_index = 6080, .adv_w = 384, .box_w = 21, .box_h = 22, .ofs_x = 1, .ofs_y = -2},
    {.bitmap_index = 6138, .adv_w = 384, .box_w = 22, .box_h = 21, .ofs_x = 1, .ofs_y = -2},
    {.bitmap_index = 6196, .adv_w = 384, .box_w = 22, .box_h = 22, .ofs_x = 1, .ofs_y = -2},
    {.bitmap_index = 6257, .adv_w = 384, .box_w = 21, .box_h = 22, .ofs_x = 2, .ofs_y = -3},
    {.bitmap_index = 6315, .adv_w = 384, .box_w = 21, .box_h = 22, .ofs_x = 2, .ofs_y = -3},
    {.bitmap_index = 6373, .adv_w = 384, .box_w = 21, .box_h = 21, .ofs_x = 2, .ofs_y = -2},
    {.bitmap_index = 6429, .adv_w = 384, .box_w = 22, .box_h = 22, .ofs_x = 1, .ofs_y = -2},
    {.bitmap_index = 6490, .adv_w = 384, .box_w = 22, .box_h = 22, .ofs_x = 1, .ofs_y = -2},
    {.bitmap_index = 6551, .adv_w = 384, .box_w = 22, .box_h = 21, .ofs_x = 1, .ofs_y = -2},
    {.bitmap_index = 6609, .adv_w = 384, .box_w = 22, .box_h = 22, .ofs_x = 1, .ofs_y = -2},
    {.bitmap_index = 6670, .adv_w = 384, .box_w = 22, .box_h = 21, .ofs_x = 1, .ofs_y = -2},
    {.bitmap_index = 6728, .adv_w = 384, .box_w = 22, .box_h = 21, .ofs_x = 1, .ofs_y = -2},
    {.bitmap_index = 6786, .adv_w = 384, .box_w = 22, .box_h = 22, .ofs_x = 0, .ofs_y = -2},
    {.bitmap_index = 6847, .adv_w = 384, .box_w = 23, .box_h = 23, .ofs_x = 0, .ofs_y = -3},
    {.bitmap_index = 6914, .adv_w = 384, .box_w = 21, .box_h = 22, .ofs_x = 2, .ofs_y = -3},
    {.bitmap_index = 6972, .adv_w = 384, .box_w = 21, .box_h = 21, .ofs_x = 1, .ofs_y = -2},
    {.bitmap_index = 7028, .adv_w = 384, .box_w = 22, .box_h = 22, .ofs_x = 0, .ofs_y = -2},
    {.bitmap_index = 7089, .adv_w = 384, .box_w = 22, .box_h = 21, .ofs_x = 1, .ofs_y = -2},
    {.bitmap_index = 7147, .adv_w = 384, .box_w = 22, .box_h = 22, .ofs_x = 1, .ofs_y = -2},
    {.bitmap_index = 7208, .adv_w = 384, .box_w = 22, .box_h = 22, .ofs_x = 1, .ofs_y = -2},
    {.bitmap_index = 7269, .adv_w = 384, .box_w = 23, .box_h = 22, .ofs_x = 0, .ofs_y = -2},
    {.bitmap_index = 7333, .adv_w = 384, .box_w = 23, .box_h = 21, .ofs_x = 0, .ofs_y = -2},
    {.bitmap_index = 7394, .adv_w = 384, .box_w = 22, .box_h = 23, .ofs_x = 0, .ofs_y = -3},
    {.bitmap_index = 7458, .adv_w = 384, .box_w = 22, .box_h = 21, .ofs_x = 1, .ofs_y = -2},
    {.bitmap_index = 7516, .adv_w = 384, .box_w = 23, .box_h = 21, .ofs_x = 0, .ofs_y = -2},
    {.bitmap_index = 7577, .adv_w = 384, .box_w = 22, .box_h = 21, .ofs_x = 0, .ofs_y = -2},
    {.bitmap_index = 7635, .adv_w = 384, .box_w = 23, .box_h = 21, .ofs_x = 1, .ofs_y = -2},
    {.bitmap_index = 7696, .adv_w = 384, .box_w = 23, .box_h = 21, .ofs_x = 1, .ofs_y = -2},
    {.bitmap_index = 7757, .adv_w = 384, .box_w = 22, .box_h = 21, .ofs_x = 1, .ofs_y = -2},
    {.bitmap_index = 7815, .adv_w = 384, .box_w = 23, .box_h = 22, .ofs_x = 1, .ofs_y = -2},
    {.bitmap_index = 7879, .adv_w = 384, .box_w = 22, .box_h = 21, .ofs_x = 1, .ofs_y = -2},
    {.bitmap_index = 7937, .adv_w = 384, .box_w = 22, .box_h = 21, .ofs_x = 1, .ofs_y = -2},
    {.bitmap_index = 7995, .adv_w = 384, .box_w = 21, .box_h = 22, .ofs_x = 1, .ofs_y = -2},
    {.bitmap_index = 8053, .adv_w = 384, .box_w = 21, .box_h = 21, .ofs_x = 1, .ofs_y = -2},
    {.bitmap_index = 8109, .adv_w = 384, .box_w = 22, .box_h = 22, .ofs_x = 0, .ofs_y = -2},
    {.bitmap_index = 8170, .adv_w = 384, .box_w = 22, .box_h = 21, .ofs_x = 0, .ofs_y = -2},
    {.bitmap_index = 8228, .adv_w = 384, .box_w = 22, .box_h = 22, .ofs_x = 1, .ofs_y = -2},
    {.bitmap_index = 8289, .adv_w = 384, .box_w = 22, .box_h = 21, .ofs_x = 1, .ofs_y = -2},
    {.bitmap_index = 8347, .adv_w = 384, .box_w = 22, .box_h = 21, .ofs_x = 0, .ofs_y = -2},
    {.bitmap_index = 8405, .adv_w = 384, .box_w = 23, .box_h = 22, .ofs_x = 1, .ofs_y = -2},
    {.bitmap_index = 8469, .adv_w = 384, .box_w = 22, .box_h = 22, .ofs_x = 1, .ofs_y = -2},
    {.bitmap_index = 8530, .adv_w = 384, .box_w = 23, .box_h = 21, .ofs_x = 1, .ofs_y = -2},
    {.bitmap_index = 8591, .adv_w = 384, .box_w = 22, .box_h = 21, .ofs_x = 1, .ofs_y = -2},
    {.bitmap_index = 8649, .adv_w = 384, .box_w = 23, .box_h = 21, .ofs_x = 1, .ofs_y = -2},
    {.bitmap_index = 8710, .adv_w = 384, .box_w = 22, .box_h = 21, .ofs_x = 1, .ofs_y = -2},
    {.bitmap_index = 8768, .adv_w = 384, .box_w = 22, .box_h = 21, .ofs_x = 1, .ofs_y = -2},
    {.bitmap_index = 8826, .adv_w = 384, .box_w = 22, .box_h = 21, .ofs_x = 1, .ofs_y = -2},
    {.bitmap_index = 8884, .adv_w = 384, .box_w = 22, .box_h = 23, .ofs_x = 1, .ofs_y = -3},
    {.bitmap_index = 8948, .adv_w = 384, .box_w = 22, .box_h = 21, .ofs_x = 0, .ofs_y = -2},
    {.bitmap_index = 9006, .adv_w = 384, .box_w = 21, .box_h = 21, .ofs_x = 2, .ofs_y = -3},
    {.bitmap_index = 9062, .adv_w = 384, .box_w = 22, .box_h = 20, .ofs_x = 1, .ofs_y = -2},
    {.bitmap_index = 9117, .adv_w = 384, .box_w = 22, .box_h = 22, .ofs_x = 1, .ofs_y = -3},
    {.bitmap_index = 9178, .adv_w = 384, .box_w = 22, .box_h = 21, .ofs_x = 1, .ofs_y = -2},
    {.bitmap_index = 9236, .adv_w = 384, .box_w = 23, .box_h = 21, .ofs_x = 0, .ofs_y = -2},
    {.bitmap_index = 9297, .adv_w = 384, .box_w = 22, .box_h = 22, .ofs_x = 1, .ofs_y = -2},
    {.bitmap_index = 9358, .adv_w = 384, .box_w = 22, .box_h = 21, .ofs_x = 1, .ofs_y = -2},
    {.bitmap_index = 9416, .adv_w = 384, .box_w = 22, .box_h = 22, .ofs_x = 1, .ofs_y = -2},
    {.bitmap_index = 9477, .adv_w = 384, .box_w = 22, .box_h = 21, .ofs_x = 1, .ofs_y = -2},
    {.bitmap_index = 9535, .adv_w = 384, .box_w = 22, .box_h = 22, .ofs_x = 1, .ofs_y = -2},
    {.bitmap_index = 9596, .adv_w = 384, .box_w = 21, .box_h = 21, .ofs_x = 2, .ofs_y = -2},
    {.bitmap_index = 9652, .adv_w = 384, .box_w = 21, .box_h = 20, .ofs_x = 2, .ofs_y = -1},
    {.bitmap_index = 9705, .adv_w = 384, .box_w = 21, .box_h = 21, .ofs_x = 2, .ofs_y = -2},
    {.bitmap_index = 9761, .adv_w = 384, .box_w = 22, .box_h = 21, .ofs_x = 1, .ofs_y = -2},
    {.bitmap_index = 9819, .adv_w = 384, .box_w = 21, .box_h = 20, .ofs_x = 1, .ofs_y = -2},
    {.bitmap_index = 9872, .adv_w = 384, .box_w = 22, .box_h = 21, .ofs_x = 1, .ofs_y = -2},
    {.bitmap_index = 9930, .adv_w = 384, .box_w = 19, .box_h = 21, .ofs_x = 3, .ofs_y = -2},
    {.bitmap_index = 9980, .adv_w = 384, .box_w = 23, .box_h = 20, .ofs_x = 1, .ofs_y = -2},
    {.bitmap_index = 10038, .adv_w = 384, .box_w = 23, .box_h = 20, .ofs_x = 0, .ofs_y = -2},
    {.bitmap_index = 10096, .adv_w = 384, .box_w = 20, .box_h = 20, .ofs_x = 2, .ofs_y = -2},
    {.bitmap_index = 10146, .adv_w = 384, .box_w = 22, .box_h = 22, .ofs_x = 1, .ofs_y = -2},
    {.bitmap_index = 10207, .adv_w = 384, .box_w = 22, .box_h = 21, .ofs_x = 0, .ofs_y = -2},
    {.bitmap_index = 10265, .adv_w = 384, .box_w = 22, .box_h = 21, .ofs_x = 1, .ofs_y = -2},
    {.bitmap_index = 10323, .adv_w = 384, .box_w = 22, .box_h = 22, .ofs_x = 1, .ofs_y = -2},
    {.bitmap_index = 10384, .adv_w = 384, .box_w = 22, .box_h = 22, .ofs_x = 1, .ofs_y = -2},
    {.bitmap_index = 10445, .adv_w = 384, .box_w = 22, .box_h = 21, .ofs_x = 1, .ofs_y = -2},
    {.bitmap_index = 10503, .adv_w = 384, .box_w = 21, .box_h = 22, .ofs_x = 1, .ofs_y = -2},
    {.bitmap_index = 10561, .adv_w = 384, .box_w = 23, .box_h = 22, .ofs_x = 0, .ofs_y = -3},
    {.bitmap_index = 10625, .adv_w = 384, .box_w = 23, .box_h = 21, .ofs_x = 0, .ofs_y = -2},
    {.bitmap_index = 10686, .adv_w = 384, .box_w = 23, .box_h = 20, .ofs_x = 0, .ofs_y = -2},
    {.bitmap_index = 10744, .adv_w = 384, .box_w = 19, .box_h = 21, .ofs_x = 3, .ofs_y = -2},
    {.bitmap_index = 10794, .adv_w = 384, .box_w = 22, .box_h = 21, .ofs_x = 1, .ofs_y = -2},
    {.bitmap_index = 10852, .adv_w = 384, .box_w = 19, .box_h = 20, .ofs_x = 3, .ofs_y = -2},
    {.bitmap_index = 10900, .adv_w = 384, .box_w = 22, .box_h = 21, .ofs_x = 1, .ofs_y = -2},
    {.bitmap_index = 10958, .adv_w = 384, .box_w = 21, .box_h = 21, .ofs_x = 1, .ofs_y = -2},
    {.bitmap_index = 11014, .adv_w = 384, .box_w = 21, .box_h = 22, .ofs_x = 1, .ofs_y = -3},
    {.bitmap_index = 11072, .adv_w = 384, .box_w = 20, .box_h = 22, .ofs_x = 1, .ofs_y = -2},
    {.bitmap_index = 11127, .adv_w = 384, .box_w = 21, .box_h = 22, .ofs_x = 1, .ofs_y = -2},
    {.bitmap_index = 11185, .adv_w = 384, .box_w = 22, .box_h = 21, .ofs_x = 0, .ofs_y = -2},
    {.bitmap_index = 11243, .adv_w = 384, .box_w = 22, .box_h = 22, .ofs_x = 1, .ofs_y = -3},
    {.bitmap_index = 11304, .adv_w = 384, .box_w = 21, .box_h = 21, .ofs_x = 0, .ofs_y = -2},
    {.bitmap_index = 11360, .adv_w = 384, .box_w = 21, .box_h = 22, .ofs_x = 1, .ofs_y = -2},
    {.bitmap_index = 11418, .adv_w = 384, .box_w = 20, .box_h = 21, .ofs_x = 2, .ofs_y = -2},
    {.bitmap_index = 11471, .adv_w = 384, .box_w = 21, .box_h = 21, .ofs_x = 1, .ofs_y = -2},
    {.bitmap_index = 11527, .adv_w = 384, .box_w = 22, .box_h = 22, .ofs_x = 0, .ofs_y = -2},
    {.bitmap_index = 11588, .adv_w = 384, .box_w = 22, .box_h = 22, .ofs_x = 1, .ofs_y = -2},
    {.bitmap_index = 11649, .adv_w = 384, .box_w = 22, .box_h = 22, .ofs_x = 1, .ofs_y = -2},
    {.bitmap_index = 11710, .adv_w = 384, .box_w = 21, .box_h = 21, .ofs_x = 1, .ofs_y = -2},
    {.bitmap_index = 11766, .adv_w = 384, .box_w = 22, .box_h = 21, .ofs_x = 0, .ofs_y = -2},
    {.bitmap_index = 11824, .adv_w = 384, .box_w = 21, .box_h = 22, .ofs_x = 1, .ofs_y = -2},
    {.bitmap_index = 11882, .adv_w = 384, .box_w = 20, .box_h = 23, .ofs_x = 1, .ofs_y = -3},
    {.bitmap_index = 11940, .adv_w = 384, .box_w = 22, .box_h = 22, .ofs_x = 1, .ofs_y = -2},
    {.bitmap_index = 12001, .adv_w = 384, .box_w = 20, .box_h = 21, .ofs_x = 1, .ofs_y = -2},
    {.bitmap_index = 12054, .adv_w = 384, .box_w = 22, .box_h = 22, .ofs_x = 1, .ofs_y = -2},
    {.bitmap_index = 12115, .adv_w = 384, .box_w = 21, .box_h = 21, .ofs_x = 1, .ofs_y = -2},
    {.bitmap_index = 12171, .adv_w = 384, .box_w = 23, .box_h = 21, .ofs_x = 0, .ofs_y = -2},
    {.bitmap_index = 12232, .adv_w = 384, .box_w = 22, .box_h = 21, .ofs_x = 1, .ofs_y = -2},
    {.bitmap_index = 12290, .adv_w = 384, .box_w = 22, .box_h = 21, .ofs_x = 1, .ofs_y = -2},
    {.bitmap_index = 12348, .adv_w = 384, .box_w = 22, .box_h = 21, .ofs_x = 1, .ofs_y = -2},
    {.bitmap_index = 12406, .adv_w = 384, .box_w = 20, .box_h = 20, .ofs_x = 2, .ofs_y = -2},
    {.bitmap_index = 12456, .adv_w = 384, .box_w = 22, .box_h = 21, .ofs_x = 1, .ofs_y = -2},
    {.bitmap_index = 12514, .adv_w = 384, .box_w = 21, .box_h = 21, .ofs_x = 2, .ofs_y = -2},
    {.bitmap_index = 12570, .adv_w = 384, .box_w = 22, .box_h = 21, .ofs_x = 1, .ofs_y = -2},
    {.bitmap_index = 12628, .adv_w = 384, .box_w = 23, .box_h = 21, .ofs_x = 1, .ofs_y = -2},
    {.bitmap_index = 12689, .adv_w = 384, .box_w = 21, .box_h = 21, .ofs_x = 2, .ofs_y = -2},
    {.bitmap_index = 12745, .adv_w = 384, .box_w = 21, .box_h = 22, .ofs_x = 2, .ofs_y = -2},
    {.bitmap_index = 12803, .adv_w = 384, .box_w = 20, .box_h = 21, .ofs_x = 3, .ofs_y = -2},
    {.bitmap_index = 12856, .adv_w = 384, .box_w = 22, .box_h = 21, .ofs_x = 1, .ofs_y = -2},
    {.bitmap_index = 12914, .adv_w = 384, .box_w = 22, .box_h = 19, .ofs_x = 1, .ofs_y = -1},
    {.bitmap_index = 12967, .adv_w = 384, .box_w = 20, .box_h = 20, .ofs_x = 2, .ofs_y = -2},
    {.bitmap_index = 13017, .adv_w = 384, .box_w = 20, .box_h = 20, .ofs_x = 2, .ofs_y = -2},
    {.bitmap_index = 13067, .adv_w = 384, .box_w = 22, .box_h = 20, .ofs_x = 1, .ofs_y = -2},
    {.bitmap_index = 13122, .adv_w = 384, .box_w = 21, .box_h = 20, .ofs_x = 1, .ofs_y = -2},
    {.bitmap_index = 13175, .adv_w = 384, .box_w = 22, .box_h = 20, .ofs_x = 0, .ofs_y = -2},
    {.bitmap_index = 13230, .adv_w = 384, .box_w = 22, .box_h = 20, .ofs_x = 1, .ofs_y = -2},
    {.bitmap_index = 13285, .adv_w = 384, .box_w = 22, .box_h = 22, .ofs_x = 1, .ofs_y = -2},
    {.bitmap_index = 13346, .adv_w = 384, .box_w = 22, .box_h = 22, .ofs_x = 1, .ofs_y = -2},
    {.bitmap_index = 13407, .adv_w = 384, .box_w = 22, .box_h = 20, .ofs_x = 1, .ofs_y = -2},
    {.bitmap_index = 13462, .adv_w = 384, .box_w = 23, .box_h = 20, .ofs_x = 1, .ofs_y = -2},
    {.bitmap_index = 13520, .adv_w = 384, .box_w = 22, .box_h = 20, .ofs_x = 1, .ofs_y = -2},
    {.bitmap_index = 13575, .adv_w = 384, .box_w = 21, .box_h = 20, .ofs_x = 1, .ofs_y = -2},
    {.bitmap_index = 13628, .adv_w = 384, .box_w = 21, .box_h = 21, .ofs_x = 1, .ofs_y = -2},
    {.bitmap_index = 13684, .adv_w = 384, .box_w = 22, .box_h = 20, .ofs_x = 1, .ofs_y = -2},
    {.bitmap_index = 13739, .adv_w = 384, .box_w = 21, .box_h = 21, .ofs_x = 1, .ofs_y = -2},
    {.bitmap_index = 13795, .adv_w = 384, .box_w = 17, .box_h = 18, .ofs_x = 4, .ofs_y = -2},
    {.bitmap_index = 13834, .adv_w = 384, .box_w = 21, .box_h = 22, .ofs_x = 1, .ofs_y = -2},
    {.bitmap_index = 13892, .adv_w = 384, .box_w = 20, .box_h = 20, .ofs_x = 2, .ofs_y = -2},
    {.bitmap_index = 13942, .adv_w = 384, .box_w = 21, .box_h = 21, .ofs_x = 2, .ofs_y = -3},
    {.bitmap_index = 13998, .adv_w = 384, .box_w = 22, .box_h = 19, .ofs_x = 1, .ofs_y = -2},
    {.bitmap_index = 14051, .adv_w = 384, .box_w = 21, .box_h = 22, .ofs_x = 2, .ofs_y = -2},
    {.bitmap_index = 14109, .adv_w = 384, .box_w = 22, .box_h = 23, .ofs_x = 1, .ofs_y = -3},
    {.bitmap_index = 14173, .adv_w = 384, .box_w = 22, .box_h = 21, .ofs_x = 0, .ofs_y = -2},
    {.bitmap_index = 14231, .adv_w = 384, .box_w = 22, .box_h = 21, .ofs_x = 1, .ofs_y = -2},
    {.bitmap_index = 14289, .adv_w = 384, .box_w = 21, .box_h = 20, .ofs_x = 1, .ofs_y = -2},
    {.bitmap_index = 14342, .adv_w = 384, .box_w = 22, .box_h = 21, .ofs_x = 2, .ofs_y = -2},
    {.bitmap_index = 14400, .adv_w = 384, .box_w = 22, .box_h = 21, .ofs_x = 1, .ofs_y = -2},
    {.bitmap_index = 14458, .adv_w = 384, .box_w = 22, .box_h = 21, .ofs_x = 1, .ofs_y = -2},
    {.bitmap_index = 14516, .adv_w = 384, .box_w = 19, .box_h = 21, .ofs_x = 2, .ofs_y = -2},
    {.bitmap_index = 14566, .adv_w = 384, .box_w = 20, .box_h = 21, .ofs_x = 1, .ofs_y = -2},
    {.bitmap_index = 14619, .adv_w = 384, .box_w = 22, .box_h = 21, .ofs_x = 1, .ofs_y = -2},
    {.bitmap_index = 14677, .adv_w = 384, .box_w = 19, .box_h = 21, .ofs_x = 3, .ofs_y = -2},
    {.bitmap_index = 14727, .adv_w = 384, .box_w = 22, .box_h = 20, .ofs_x = 1, .ofs_y = -2},
    {.bitmap_index = 14782, .adv_w = 384, .box_w = 22, .box_h = 20, .ofs_x = 1, .ofs_y = -2},
    {.bitmap_index = 14837, .adv_w = 384, .box_w = 22, .box_h = 22, .ofs_x = 1, .ofs_y = -2},
    {.bitmap_index = 14898, .adv_w = 384, .box_w = 21, .box_h = 21, .ofs_x = 2, .ofs_y = -2},
    {.bitmap_index = 14954, .adv_w = 384, .box_w = 20, .box_h = 21, .ofs_x = 0, .ofs_y = -2},
    {.bitmap_index = 15007, .adv_w = 384, .box_w = 21, .box_h = 21, .ofs_x = 1, .ofs_y = -2},
    {.bitmap_index = 15063, .adv_w = 384, .box_w = 21, .box_h = 20, .ofs_x = 2, .ofs_y = -2},
    {.bitmap_index = 15116, .adv_w = 384, .box_w = 20, .box_h = 20, .ofs_x = 1, .ofs_y = -2},
    {.bitmap_index = 15166, .adv_w = 384, .box_w = 22, .box_h = 21, .ofs_x = 1, .ofs_y = -2},
    {.bitmap_index = 15224, .adv_w = 384, .box_w = 21, .box_h = 20, .ofs_x = 1, .ofs_y = -2},
    {.bitmap_index = 15277, .adv_w = 384, .box_w = 20, .box_h = 21, .ofs_x = 2, .ofs_y = -2},
    {.bitmap_index = 15330, .adv_w = 384, .box_w = 22, .box_h = 21, .ofs_x = 2, .ofs_y = -2},
    {.bitmap_index = 15388, .adv_w = 384, .box_w = 22, .box_h = 22, .ofs_x = 2, .ofs_y = -2},
    {.bitmap_index = 15449, .adv_w = 384, .box_w = 21, .box_h = 21, .ofs_x = 2, .ofs_y = -2},
    {.bitmap_index = 15505, .adv_w = 384, .box_w = 22, .box_h = 21, .ofs_x = 1, .ofs_y = -2},
    {.bitmap_index = 15563, .adv_w = 384, .box_w = 22, .box_h = 21, .ofs_x = 1, .ofs_y = -2},
    {.bitmap_index = 15621, .adv_w = 384, .box_w = 19, .box_h = 20, .ofs_x = 2, .ofs_y = -2},
    {.bitmap_index = 15669, .adv_w = 384, .box_w = 19, .box_h = 19, .ofs_x = 3, .ofs_y = -1},
    {.bitmap_index = 15715, .adv_w = 384, .box_w = 19, .box_h = 20, .ofs_x = 2, .ofs_y = -2},
    {.bitmap_index = 15763, .adv_w = 384, .box_w = 20, .box_h = 21, .ofs_x = 2, .ofs_y = -2},
    {.bitmap_index = 15816, .adv_w = 384, .box_w = 19, .box_h = 20, .ofs_x = 2, .ofs_y = -2},
    {.bitmap_index = 15864, .adv_w = 384, .box_w = 19, .box_h = 20, .ofs_x = 2, .ofs_y = -2},
    {.bitmap_index = 15912, .adv_w = 384, .box_w = 19, .box_h = 20, .ofs_x = 2, .ofs_y = -2},
    {.bitmap_index = 15960, .adv_w = 384, .box_w = 22, .box_h = 21, .ofs_x = 0, .ofs_y = -2},
    {.bitmap_index = 16018, .adv_w = 384, .box_w = 22, .box_h = 20, .ofs_x = 1, .ofs_y = -1},
    {.bitmap_index = 16073, .adv_w = 384, .box_w = 22, .box_h = 21, .ofs_x = 0, .ofs_y = -2},
    {.bitmap_index = 16131, .adv_w = 384, .box_w = 22, .box_h = 20, .ofs_x = 1, .ofs_y = -1},
    {.bitmap_index = 16186, .adv_w = 384, .box_w = 22, .box_h = 21, .ofs_x = 1, .ofs_y = -2},
    {.bitmap_index = 16244, .adv_w = 384, .box_w = 22, .box_h = 20, .ofs_x = 1, .ofs_y = -1},
    {.bitmap_index = 16299, .adv_w = 384, .box_w = 22, .box_h = 21, .ofs_x = 1, .ofs_y = -2},
    {.bitmap_index = 16357, .adv_w = 384, .box_w = 22, .box_h = 19, .ofs_x = 1, .ofs_y = -1},
    {.bitmap_index = 16410, .adv_w = 384, .box_w = 22, .box_h = 21, .ofs_x = 1, .ofs_y = -2},
    {.bitmap_index = 16468, .adv_w = 384, .box_w = 23, .box_h = 21, .ofs_x = 0, .ofs_y = -2},
    {.bitmap_index = 16529, .adv_w = 384, .box_w = 22, .box_h = 22, .ofs_x = 1, .ofs_y = -2},
    {.bitmap_index = 16590, .adv_w = 384, .box_w = 21, .box_h = 21, .ofs_x = 2, .ofs_y = -2},
    {.bitmap_index = 16646, .adv_w = 384, .box_w = 22, .box_h = 22, .ofs_x = 1, .ofs_y = -2},
    {.bitmap_index = 16707, .adv_w = 384, .box_w = 23, .box_h = 22, .ofs_x = 0, .ofs_y = -2},
    {.bitmap_index = 16771, .adv_w = 384, .box_w = 22, .box_h = 21, .ofs_x = 0, .ofs_y = -2},
    {.bitmap_index = 16829, .adv_w = 384, .box_w = 22, .box_h = 21, .ofs_x = 0, .ofs_y = -2},
    {.bitmap_index = 16887, .adv_w = 384, .box_w = 21, .box_h = 21, .ofs_x = 2, .ofs_y = -2},
    {.bitmap_index = 16943, .adv_w = 384, .box_w = 22, .box_h = 21, .ofs_x = 1, .ofs_y = -2},
    {.bitmap_index = 17001, .adv_w = 384, .box_w = 22, .box_h = 22, .ofs_x = 1, .ofs_y = -2},
    {.bitmap_index = 17062, .adv_w = 384, .box_w = 21, .box_h = 21, .ofs_x = 1, .ofs_y = -2},
    {.bitmap_index = 17118, .adv_w = 384, .box_w = 22, .box_h = 21, .ofs_x = 1, .ofs_y = -2},
    {.bitmap_index = 17176, .adv_w = 384, .box_w = 22, .box_h = 21, .ofs_x = 1, .ofs_y = -2},
    {.bitmap_index = 17234, .adv_w = 384, .box_w = 20, .box_h = 23, .ofs_x = 2, .ofs_y = -3},
    {.bitmap_index = 17292, .adv_w = 384, .box_w = 21, .box_h = 22, .ofs_x = 1, .ofs_y = -2},
    {.bitmap_index = 17350, .adv_w = 384, .box_w = 22, .box_h = 22, .ofs_x = 1, .ofs_y = -2},
    {.bitmap_index = 17411, .adv_w = 384, .box_w = 22, .box_h = 20, .ofs_x = 1, .ofs_y = -2},
    {.bitmap_index = 17466, .adv_w = 384, .box_w = 22, .box_h = 21, .ofs_x = 0, .ofs_y = -2},
    {.bitmap_index = 17524, .adv_w = 384, .box_w = 21, .box_h = 21, .ofs_x = 2, .ofs_y = -2},
    {.bitmap_index = 17580, .adv_w = 384, .box_w = 21, .box_h = 22, .ofs_x = 2, .ofs_y = -3},
    {.bitmap_index = 17638, .adv_w = 384, .box_w = 22, .box_h = 22, .ofs_x = 1, .ofs_y = -2},
    {.bitmap_index = 17699, .adv_w = 384, .box_w = 23, .box_h = 21, .ofs_x = 1, .ofs_y = -2},
    {.bitmap_index = 17760, .adv_w = 384, .box_w = 22, .box_h = 21, .ofs_x = 1, .ofs_y = -2},
    {.bitmap_index = 17818, .adv_w = 384, .box_w = 21, .box_h = 21, .ofs_x = 0, .ofs_y = -2},
    {.bitmap_index = 17874, .adv_w = 384, .box_w = 22, .box_h = 22, .ofs_x = 1, .ofs_y = -2},
    {.bitmap_index = 17935, .adv_w = 384, .box_w = 22, .box_h = 20, .ofs_x = 1, .ofs_y = -2},
    {.bitmap_index = 17990, .adv_w = 384, .box_w = 21, .box_h = 21, .ofs_x = 2, .ofs_y = -2},
    {.bitmap_index = 18046, .adv_w = 384, .box_w = 21, .box_h = 21, .ofs_x = 2, .ofs_y = -2},
    {.bitmap_index = 18102, .adv_w = 384, .box_w = 22, .box_h = 21, .ofs_x = 1, .ofs_y = -2},
    {.bitmap_index = 18160, .adv_w = 384, .box_w = 19, .box_h = 21, .ofs_x = 2, .ofs_y = -1},
    {.bitmap_index = 18210, .adv_w = 384, .box_w = 20, .box_h = 22, .ofs_x = 2, .ofs_y = -2},
    {.bitmap_index = 18265, .adv_w = 384, .box_w = 21, .box_h = 22, .ofs_x = 2, .ofs_y = -2},
    {.bitmap_index = 18323, .adv_w = 384, .box_w = 22, .box_h = 23, .ofs_x = 2, .ofs_y = -3},
    {.bitmap_index = 18387, .adv_w = 384, .box_w = 22, .box_h = 22, .ofs_x = 1, .ofs_y = -2},
    {.bitmap_index = 18448, .adv_w = 384, .box_w = 21, .box_h = 21, .ofs_x = 2, .ofs_y = -2},
    {.bitmap_index = 18504, .adv_w = 384, .box_w = 21, .box_h = 22, .ofs_x = 1, .ofs_y = -3},
    {.bitmap_index = 18562, .adv_w = 384, .box_w = 22, .box_h = 21, .ofs_x = 1, .ofs_y = -2},
    {.bitmap_index = 18620, .adv_w = 384, .box_w = 22, .box_h = 22, .ofs_x = 1, .ofs_y = -2},
    {.bitmap_index = 18681, .adv_w = 384, .box_w = 23, .box_h = 22, .ofs_x = 1, .ofs_y = -2},
    {.bitmap_index = 18745, .adv_w = 384, .box_w = 22, .box_h = 23, .ofs_x = 2, .ofs_y = -3},
    {.bitmap_index = 18809, .adv_w = 384, .box_w = 22, .box_h = 23, .ofs_x = 1, .ofs_y = -3},
    {.bitmap_index = 18873, .adv_w = 384, .box_w = 21, .box_h = 21, .ofs_x = 1, .ofs_y = -2},
    {.bitmap_index = 18929, .adv_w = 384, .box_w = 22, .box_h = 22, .ofs_x = 1, .ofs_y = -2},
    {.bitmap_index = 18990, .adv_w = 384, .box_w = 20, .box_h = 21, .ofs_x = 2, .ofs_y = -2},
    {.bitmap_index = 19043, .adv_w = 384, .box_w = 22, .box_h = 22, .ofs_x = 1, .ofs_y = -3},
    {.bitmap_index = 19104, .adv_w = 384, .box_w = 21, .box_h = 21, .ofs_x = 2, .ofs_y = -2},
    {.bitmap_index = 19160, .adv_w = 384, .box_w = 22, .box_h = 22, .ofs_x = 1, .ofs_y = -2},
    {.bitmap_index = 19221, .adv_w = 384, .box_w = 22, .box_h = 21, .ofs_x = 1, .ofs_y = -2},
    {.bitmap_index = 19279, .adv_w = 384, .box_w = 22, .box_h = 22, .ofs_x = 1, .ofs_y = -2},
    {.bitmap_index = 19340, .adv_w = 384, .box_w = 20, .box_h = 21, .ofs_x = 2, .ofs_y = -2},
    {.bitmap_index = 19393, .adv_w = 384, .box_w = 22, .box_h = 21, .ofs_x = 1, .ofs_y = -2},
    {.bitmap_index = 19451, .adv_w = 384, .box_w = 22, .box_h = 21, .ofs_x = 1, .ofs_y = -2},
    {.bitmap_index = 19509, .adv_w = 384, .box_w = 23, .box_h = 22, .ofs_x = 1, .ofs_y = -3},
    {.bitmap_index = 19573, .adv_w = 384, .box_w = 19, .box_h = 21, .ofs_x = 2, .ofs_y = -2},
    {.bitmap_index = 19623, .adv_w = 384, .box_w = 22, .box_h = 22, .ofs_x = 1, .ofs_y = -2},
    {.bitmap_index = 19684, .adv_w = 384, .box_w = 23, .box_h = 21, .ofs_x = 1, .ofs_y = -3},
    {.bitmap_index = 19745, .adv_w = 384, .box_w = 22, .box_h = 20, .ofs_x = 1, .ofs_y = -2},
    {.bitmap_index = 19800, .adv_w = 384, .box_w = 22, .box_h = 22, .ofs_x = 1, .ofs_y = -3},
    {.bitmap_index = 19861, .adv_w = 384, .box_w = 22, .box_h = 21, .ofs_x = 1, .ofs_y = -2},
    {.bitmap_index = 19919, .adv_w = 384, .box_w = 21, .box_h = 21, .ofs_x = 1, .ofs_y = -2},
    {.bitmap_index = 19975, .adv_w = 384, .box_w = 22, .box_h = 21, .ofs_x = 1, .ofs_y = -2},
    {.bitmap_index = 20033, .adv_w = 384, .box_w = 22, .box_h = 21, .ofs_x = 1, .ofs_y = -2},
    {.bitmap_index = 20091, .adv_w = 384, .box_w = 20, .box_h = 23, .ofs_x = 1, .ofs_y = -3},
    {.bitmap_index = 20149, .adv_w = 384, .box_w = 22, .box_h = 21, .ofs_x = 1, .ofs_y = -2},
    {.bitmap_index = 20207, .adv_w = 384, .box_w = 22, .box_h = 19, .ofs_x = 1, .ofs_y = -1},
    {.bitmap_index = 20260, .adv_w = 384, .box_w = 22, .box_h = 21, .ofs_x = 1, .ofs_y = -2},
    {.bitmap_index = 20318, .adv_w = 384, .box_w = 22, .box_h = 22, .ofs_x = 0, .ofs_y = -2},
    {.bitmap_index = 20379, .adv_w = 384, .box_w = 20, .box_h = 20, .ofs_x = 2, .ofs_y = -2},
    {.bitmap_index = 20429, .adv_w = 384, .box_w = 20, .box_h = 20, .ofs_x = 2, .ofs_y = -2},
    {.bitmap_index = 20479, .adv_w = 384, .box_w = 22, .box_h = 22, .ofs_x = 1, .ofs_y = -2},
    {.bitmap_index = 20540, .adv_w = 384, .box_w = 21, .box_h = 21, .ofs_x = 2, .ofs_y = -2},
    {.bitmap_index = 20596, .adv_w = 384, .box_w = 22, .box_h = 21, .ofs_x = 1, .ofs_y = -2},
    {.bitmap_index = 20654, .adv_w = 384, .box_w = 21, .box_h = 22, .ofs_x = 2, .ofs_y = -2},
    {.bitmap_index = 20712, .adv_w = 384, .box_w = 20, .box_h = 21, .ofs_x = 2, .ofs_y = -2},
    {.bitmap_index = 20765, .adv_w = 384, .box_w = 22, .box_h = 22, .ofs_x = 1, .ofs_y = -2},
    {.bitmap_index = 20826, .adv_w = 384, .box_w = 23, .box_h = 20, .ofs_x = 0, .ofs_y = -2},
    {.bitmap_index = 20884, .adv_w = 384, .box_w = 23, .box_h = 21, .ofs_x = 0, .ofs_y = -2},
    {.bitmap_index = 20945, .adv_w = 384, .box_w = 20, .box_h = 20, .ofs_x = 2, .ofs_y = -2},
    {.bitmap_index = 20995, .adv_w = 384, .box_w = 22, .box_h = 20, .ofs_x = 1, .ofs_y = -2},
    {.bitmap_index = 21050, .adv_w = 384, .box_w = 22, .box_h = 22, .ofs_x = 1, .ofs_y = -2},
    {.bitmap_index = 21111, .adv_w = 384, .box_w = 21, .box_h = 22, .ofs_x = 1, .ofs_y = -2},
    {.bitmap_index = 21169, .adv_w = 384, .box_w = 21, .box_h = 22, .ofs_x = 1, .ofs_y = -2},
    {.bitmap_index = 21227, .adv_w = 384, .box_w = 22, .box_h = 21, .ofs_x = 1, .ofs_y = -2},
    {.bitmap_index = 21285, .adv_w = 384, .box_w = 22, .box_h = 22, .ofs_x = 1, .ofs_y = -2},
    {.bitmap_index = 21346, .adv_w = 384, .box_w = 22, .box_h = 22, .ofs_x = 1, .ofs_y = -2},
    {.bitmap_index = 21407, .adv_w = 384, .box_w = 23, .box_h = 22, .ofs_x = 1, .ofs_y = -2},
    {.bitmap_index = 21471, .adv_w = 384, .box_w = 22, .box_h = 20, .ofs_x = 1, .ofs_y = -2},
    {.bitmap_index = 21526, .adv_w = 384, .box_w = 21, .box_h = 21, .ofs_x = 1, .ofs_y = -2},
    {.bitmap_index = 21582, .adv_w = 384, .box_w = 22, .box_h = 21, .ofs_x = 1, .ofs_y = -2},
    {.bitmap_index = 21640, .adv_w = 384, .box_w = 22, .box_h = 22, .ofs_x = 1, .ofs_y = -2},
    {.bitmap_index = 21701, .adv_w = 384, .box_w = 17, .box_h = 21, .ofs_x = 3, .ofs_y = -2},
    {.bitmap_index = 21746, .adv_w = 384, .box_w = 22, .box_h = 21, .ofs_x = 2, .ofs_y = -2},
    {.bitmap_index = 21804, .adv_w = 384, .box_w = 23, .box_h = 20, .ofs_x = 1, .ofs_y = -1},
    {.bitmap_index = 21862, .adv_w = 384, .box_w = 23, .box_h = 21, .ofs_x = 0, .ofs_y = -2},
    {.bitmap_index = 21923, .adv_w = 384, .box_w = 20, .box_h = 20, .ofs_x = 2, .ofs_y = -2},
    {.bitmap_index = 21973, .adv_w = 384, .box_w = 22, .box_h = 22, .ofs_x = 1, .ofs_y = -2},
    {.bitmap_index = 22034, .adv_w = 384, .box_w = 22, .box_h = 20, .ofs_x = 2, .ofs_y = -2},
    {.bitmap_index = 22089, .adv_w = 384, .box_w = 21, .box_h = 21, .ofs_x = 1, .ofs_y = -2},
    {.bitmap_index = 22145, .adv_w = 384, .box_w = 19, .box_h = 21, .ofs_x = 2, .ofs_y = -2},
    {.bitmap_index = 22195, .adv_w = 384, .box_w = 22, .box_h = 20, .ofs_x = 1, .ofs_y = -2},
    {.bitmap_index = 22250, .adv_w = 384, .box_w = 22, .box_h = 21, .ofs_x = 1, .ofs_y = -2},
    {.bitmap_index = 22308, .adv_w = 384, .box_w = 22, .box_h = 23, .ofs_x = 1, .ofs_y = -3},
    {.bitmap_index = 22372, .adv_w = 384, .box_w = 22, .box_h = 21, .ofs_x = 1, .ofs_y = -2},
    {.bitmap_index = 22430, .adv_w = 384, .box_w = 22, .box_h = 21, .ofs_x = 1, .ofs_y = -2},
    {.bitmap_index = 22488, .adv_w = 384, .box_w = 23, .box_h = 22, .ofs_x = 1, .ofs_y = -2},
    {.bitmap_index = 22552, .adv_w = 384, .box_w = 23, .box_h = 21, .ofs_x = 1, .ofs_y = -2},
    {.bitmap_index = 22613, .adv_w = 384, .box_w = 22, .box_h = 22, .ofs_x = 1, .ofs_y = -2},
    {.bitmap_index = 22674, .adv_w = 384, .box_w = 22, .box_h = 21, .ofs_x = 1, .ofs_y = -2},
    {.bitmap_index = 22732, .adv_w = 384, .box_w = 22, .box_h = 22, .ofs_x = 1, .ofs_y = -2},
    {.bitmap_index = 22793, .adv_w = 384, .box_w = 22, .box_h = 21, .ofs_x = 1, .ofs_y = -2},
    {.bitmap_index = 22851, .adv_w = 384, .box_w = 22, .box_h = 21, .ofs_x = 1, .ofs_y = -1},
    {.bitmap_index = 22909, .adv_w = 384, .box_w = 22, .box_h = 21, .ofs_x = 1, .ofs_y = -2},
    {.bitmap_index = 22967, .adv_w = 384, .box_w = 22, .box_h = 21, .ofs_x = 1, .ofs_y = -2},
    {.bitmap_index = 23025, .adv_w = 384, .box_w = 22, .box_h = 21, .ofs_x = 1, .ofs_y = -2},
    {.bitmap_index = 23083, .adv_w = 384, .box_w = 21, .box_h = 22, .ofs_x = 2, .ofs_y = -2},
    {.bitmap_index = 23141, .adv_w = 384, .box_w = 22, .box_h = 21, .ofs_x = 1, .ofs_y = -2},
    {.bitmap_index = 23199, .adv_w = 384, .box_w = 22, .box_h = 21, .ofs_x = 1, .ofs_y = -2},
    {.bitmap_index = 23257, .adv_w = 384, .box_w = 21, .box_h = 21, .ofs_x = 1, .ofs_y = -2},
    {.bitmap_index = 23313, .adv_w = 384, .box_w = 21, .box_h = 21, .ofs_x = 1, .ofs_y = -2},
    {.bitmap_index = 23369, .adv_w = 384, .box_w = 22, .box_h = 22, .ofs_x = 0, .ofs_y = -2},
    {.bitmap_index = 23430, .adv_w = 384, .box_w = 22, .box_h = 22, .ofs_x = 1, .ofs_y = -2},
    {.bitmap_index = 23491, .adv_w = 384, .box_w = 22, .box_h = 21, .ofs_x = 1, .ofs_y = -2},
    {.bitmap_index = 23549, .adv_w = 384, .box_w = 22, .box_h = 22, .ofs_x = 1, .ofs_y = -2},
    {.bitmap_index = 23610, .adv_w = 384, .box_w = 22, .box_h = 21, .ofs_x = 1, .ofs_y = -2},
    {.bitmap_index = 23668, .adv_w = 384, .box_w = 22, .box_h = 21, .ofs_x = 1, .ofs_y = -2},
    {.bitmap_index = 23726, .adv_w = 384, .box_w = 23, .box_h = 22, .ofs_x = 0, .ofs_y = -2},
    {.bitmap_index = 23790, .adv_w = 384, .box_w = 21, .box_h = 21, .ofs_x = 1, .ofs_y = -2},
    {.bitmap_index = 23846, .adv_w = 384, .box_w = 22, .box_h = 22, .ofs_x = 1, .ofs_y = -3},
    {.bitmap_index = 23907, .adv_w = 384, .box_w = 23, .box_h = 22, .ofs_x = 0, .ofs_y = -2},
    {.bitmap_index = 23971, .adv_w = 384, .box_w = 22, .box_h = 21, .ofs_x = 1, .ofs_y = -2},
    {.bitmap_index = 24029, .adv_w = 384, .box_w = 21, .box_h = 21, .ofs_x = 2, .ofs_y = -2},
    {.bitmap_index = 24085, .adv_w = 384, .box_w = 22, .box_h = 22, .ofs_x = 1, .ofs_y = -3},
    {.bitmap_index = 24146, .adv_w = 384, .box_w = 21, .box_h = 22, .ofs_x = 1, .ofs_y = -2},
    {.bitmap_index = 24204, .adv_w = 384, .box_w = 21, .box_h = 20, .ofs_x = 1, .ofs_y = -2},
    {.bitmap_index = 24257, .adv_w = 384, .box_w = 22, .box_h = 21, .ofs_x = 1, .ofs_y = -2},
    {.bitmap_index = 24315, .adv_w = 384, .box_w = 21, .box_h = 21, .ofs_x = 2, .ofs_y = -2},
    {.bitmap_index = 24371, .adv_w = 384, .box_w = 22, .box_h = 22, .ofs_x = 1, .ofs_y = -2},
    {.bitmap_index = 24432, .adv_w = 384, .box_w = 23, .box_h = 22, .ofs_x = 0, .ofs_y = -2},
    {.bitmap_index = 24496, .adv_w = 384, .box_w = 22, .box_h = 21, .ofs_x = 1, .ofs_y = -2},
    {.bitmap_index = 24554, .adv_w = 384, .box_w = 21, .box_h = 22, .ofs_x = 1, .ofs_y = -2},
    {.bitmap_index = 24612, .adv_w = 384, .box_w = 23, .box_h = 22, .ofs_x = 1, .ofs_y = -3},
    {.bitmap_index = 24676, .adv_w = 384, .box_w = 22, .box_h = 22, .ofs_x = 1, .ofs_y = -2},
    {.bitmap_index = 24737, .adv_w = 384, .box_w = 22, .box_h = 21, .ofs_x = 1, .ofs_y = -3},
    {.bitmap_index = 24795, .adv_w = 384, .box_w = 23, .box_h = 21, .ofs_x = 1, .ofs_y = -2},
    {.bitmap_index = 24856, .adv_w = 384, .box_w = 22, .box_h = 22, .ofs_x = 0, .ofs_y = -2},
    {.bitmap_index = 24917, .adv_w = 384, .box_w = 22, .box_h = 22, .ofs_x = 1, .ofs_y = -2},
    {.bitmap_index = 24978, .adv_w = 384, .box_w = 23, .box_h = 23, .ofs_x = 0, .ofs_y = -3},
    {.bitmap_index = 25045, .adv_w = 384, .box_w = 23, .box_h = 22, .ofs_x = 0, .ofs_y = -2},
    {.bitmap_index = 25109, .adv_w = 384, .box_w = 21, .box_h = 22, .ofs_x = 1, .ofs_y = -2},
    {.bitmap_index = 25167, .adv_w = 384, .box_w = 24, .box_h = 22, .ofs_x = 0, .ofs_y = -2},
    {.bitmap_index = 25233, .adv_w = 384, .box_w = 22, .box_h = 22, .ofs_x = 1, .ofs_y = -2},
    {.bitmap_index = 25294, .adv_w = 384, .box_w = 22, .box_h = 21, .ofs_x = 1, .ofs_y = -2},
    {.bitmap_index = 25352, .adv_w = 384, .box_w = 22, .box_h = 21, .ofs_x = 1, .ofs_y = -2},
    {.bitmap_index = 25410, .adv_w = 384, .box_w = 22, .box_h = 22, .ofs_x = 0, .ofs_y = -2},
    {.bitmap_index = 25471, .adv_w = 384, .box_w = 22, .box_h = 22, .ofs_x = 1, .ofs_y = -2},
    {.bitmap_index = 25532, .adv_w = 384, .box_w = 22, .box_h = 21, .ofs_x = 1, .ofs_y = -2},
    {.bitmap_index = 25590, .adv_w = 384, .box_w = 22, .box_h = 22, .ofs_x = 1, .ofs_y = -2},
    {.bitmap_index = 25651, .adv_w = 384, .box_w = 22, .box_h = 21, .ofs_x = 1, .ofs_y = -2},
    {.bitmap_index = 25709, .adv_w = 384, .box_w = 23, .box_h = 21, .ofs_x = 0, .ofs_y = -2},
    {.bitmap_index = 25770, .adv_w = 384, .box_w = 23, .box_h = 21, .ofs_x = 1, .ofs_y = -2},
    {.bitmap_index = 25831, .adv_w = 384, .box_w = 22, .box_h = 21, .ofs_x = 1, .ofs_y = -2},
    {.bitmap_index = 25889, .adv_w = 384, .box_w = 22, .box_h = 21, .ofs_x = 1, .ofs_y = -2},
    {.bitmap_index = 25947, .adv_w = 384, .box_w = 23, .box_h = 22, .ofs_x = 0, .ofs_y = -2},
    {.bitmap_index = 26011, .adv_w = 384, .box_w = 22, .box_h = 21, .ofs_x = 1, .ofs_y = -2},
    {.bitmap_index = 26069, .adv_w = 384, .box_w = 23, .box_h = 21, .ofs_x = 0, .ofs_y = -2},
    {.bitmap_index = 26130, .adv_w = 384, .box_w = 22, .box_h = 21, .ofs_x = 1, .ofs_y = -2},
    {.bitmap_index = 26188, .adv_w = 384, .box_w = 22, .box_h = 21, .ofs_x = 1, .ofs_y = -2},
    {.bitmap_index = 26246, .adv_w = 384, .box_w = 23, .box_h = 21, .ofs_x = 0, .ofs_y = -2},
    {.bitmap_index = 26307, .adv_w = 384, .box_w = 22, .box_h = 21, .ofs_x = 1, .ofs_y = -2},
    {.bitmap_index = 26365, .adv_w = 384, .box_w = 23, .box_h = 21, .ofs_x = 0, .ofs_y = -2},
    {.bitmap_index = 26426, .adv_w = 384, .box_w = 22, .box_h = 22, .ofs_x = 1, .ofs_y = -2},
    {.bitmap_index = 26487, .adv_w = 384, .box_w = 22, .box_h = 23, .ofs_x = 1, .ofs_y = -3},
    {.bitmap_index = 26551, .adv_w = 384, .box_w = 23, .box_h = 22, .ofs_x = 0, .ofs_y = -3},
    {.bitmap_index = 26615, .adv_w = 384, .box_w = 22, .box_h = 21, .ofs_x = 1, .ofs_y = -2},
    {.bitmap_index = 26673, .adv_w = 384, .box_w = 22, .box_h = 22, .ofs_x = 1, .ofs_y = -3},
    {.bitmap_index = 26734, .adv_w = 384, .box_w = 23, .box_h = 21, .ofs_x = 0, .ofs_y = -2},
    {.bitmap_index = 26795, .adv_w = 384, .box_w = 23, .box_h = 21, .ofs_x = 0, .ofs_y = -2},
    {.bitmap_index = 26856, .adv_w = 384, .box_w = 23, .box_h = 22, .ofs_x = 0, .ofs_y = -3},
    {.bitmap_index = 26920, .adv_w = 384, .box_w = 22, .box_h = 21, .ofs_x = 1, .ofs_y = -2},
    {.bitmap_index = 26978, .adv_w = 384, .box_w = 24, .box_h = 21, .ofs_x = 0, .ofs_y = -2},
    {.bitmap_index = 27041, .adv_w = 384, .box_w = 22, .box_h = 22, .ofs_x = 1, .ofs_y = -2},
    {.bitmap_index = 27102, .adv_w = 384, .box_w = 21, .box_h = 20, .ofs_x = 2, .ofs_y = -2},
    {.bitmap_index = 27155, .adv_w = 384, .box_w = 22, .box_h = 21, .ofs_x = 1, .ofs_y = -2},
    {.bitmap_index = 27213, .adv_w = 384, .box_w = 22, .box_h = 21, .ofs_x = 2, .ofs_y = -2},
    {.bitmap_index = 27271, .adv_w = 384, .box_w = 23, .box_h = 21, .ofs_x = 0, .ofs_y = -2},
    {.bitmap_index = 27332, .adv_w = 384, .box_w = 23, .box_h = 22, .ofs_x = 1, .ofs_y = -2},
    {.bitmap_index = 27396, .adv_w = 384, .box_w = 23, .box_h = 21, .ofs_x = 1, .ofs_y = -2},
    {.bitmap_index = 27457, .adv_w = 384, .box_w = 22, .box_h = 21, .ofs_x = 0, .ofs_y = -2},
    {.bitmap_index = 27515, .adv_w = 384, .box_w = 22, .box_h = 22, .ofs_x = 1, .ofs_y = -2},
    {.bitmap_index = 27576, .adv_w = 384, .box_w = 21, .box_h = 22, .ofs_x = 1, .ofs_y = -2},
    {.bitmap_index = 27634, .adv_w = 384, .box_w = 23, .box_h = 21, .ofs_x = 0, .ofs_y = -2},
    {.bitmap_index = 27695, .adv_w = 384, .box_w = 22, .box_h = 21, .ofs_x = 1, .ofs_y = -2},
    {.bitmap_index = 27753, .adv_w = 384, .box_w = 21, .box_h = 21, .ofs_x = 1, .ofs_y = -2},
    {.bitmap_index = 27809, .adv_w = 384, .box_w = 21, .box_h = 21, .ofs_x = 2, .ofs_y = -2},
    {.bitmap_index = 27865, .adv_w = 384, .box_w = 22, .box_h = 22, .ofs_x = 1, .ofs_y = -2},
    {.bitmap_index = 27926, .adv_w = 384, .box_w = 21, .box_h = 21, .ofs_x = 1, .ofs_y = -2},
    {.bitmap_index = 27982, .adv_w = 384, .box_w = 22, .box_h = 19, .ofs_x = 1, .ofs_y = -2},
    {.bitmap_index = 28035, .adv_w = 384, .box_w = 15, .box_h = 20, .ofs_x = 5, .ofs_y = -2},
    {.bitmap_index = 28073, .adv_w = 384, .box_w = 22, .box_h = 19, .ofs_x = 1, .ofs_y = -1},
    {.bitmap_index = 28126, .adv_w = 384, .box_w = 19, .box_h = 19, .ofs_x = 3, .ofs_y = -2},
    {.bitmap_index = 28172, .adv_w = 384, .box_w = 21, .box_h = 21, .ofs_x = 1, .ofs_y = -2},
    {.bitmap_index = 28228, .adv_w = 384, .box_w = 21, .box_h = 21, .ofs_x = 2, .ofs_y = -2},
    {.bitmap_index = 28284, .adv_w = 384, .box_w = 20, .box_h = 21, .ofs_x = 2, .ofs_y = -2},
    {.bitmap_index = 28337, .adv_w = 384, .box_w = 20, .box_h = 21, .ofs_x = 2, .ofs_y = -2},
    {.bitmap_index = 28390, .adv_w = 384, .box_w = 21, .box_h = 20, .ofs_x = 1, .ofs_y = -2},
    {.bitmap_index = 28443, .adv_w = 384, .box_w = 22, .box_h = 22, .ofs_x = 1, .ofs_y = -3},
    {.bitmap_index = 28504, .adv_w = 384, .box_w = 22, .box_h = 21, .ofs_x = 1, .ofs_y = -2},
    {.bitmap_index = 28562, .adv_w = 384, .box_w = 22, .box_h = 22, .ofs_x = 1, .ofs_y = -3},
    {.bitmap_index = 28623, .adv_w = 384, .box_w = 21, .box_h = 20, .ofs_x = 1, .ofs_y = -2},
    {.bitmap_index = 28676, .adv_w = 384, .box_w = 23, .box_h = 21, .ofs_x = 0, .ofs_y = -2},
    {.bitmap_index = 28737, .adv_w = 384, .box_w = 21, .box_h = 21, .ofs_x = 1, .ofs_y = -2},
    {.bitmap_index = 28793, .adv_w = 384, .box_w = 22, .box_h = 21, .ofs_x = 1, .ofs_y = -2},
    {.bitmap_index = 28851, .adv_w = 384, .box_w = 22, .box_h = 21, .ofs_x = 1, .ofs_y = -2},
    {.bitmap_index = 28909, .adv_w = 384, .box_w = 20, .box_h = 22, .ofs_x = 2, .ofs_y = -2},
    {.bitmap_index = 28964, .adv_w = 384, .box_w = 21, .box_h = 22, .ofs_x = 2, .ofs_y = -3},
    {.bitmap_index = 29022, .adv_w = 384, .box_w = 21, .box_h = 22, .ofs_x = 2, .ofs_y = -2},
    {.bitmap_index = 29080, .adv_w = 384, .box_w = 23, .box_h = 21, .ofs_x = 0, .ofs_y = -2},
    {.bitmap_index = 29141, .adv_w = 384, .box_w = 20, .box_h = 21, .ofs_x = 2, .ofs_y = -2},
    {.bitmap_index = 29194, .adv_w = 384, .box_w = 21, .box_h = 20, .ofs_x = 1, .ofs_y = -2},
    {.bitmap_index = 29247, .adv_w = 384, .box_w = 23, .box_h = 21, .ofs_x = 0, .ofs_y = -2},
    {.bitmap_index = 29308, .adv_w = 384, .box_w = 22, .box_h = 20, .ofs_x = 1, .ofs_y = -2},
    {.bitmap_index = 29363, .adv_w = 384, .box_w = 19, .box_h = 20, .ofs_x = 1, .ofs_y = -2},
    {.bitmap_index = 29411, .adv_w = 384, .box_w = 21, .box_h = 21, .ofs_x = 1, .ofs_y = -2},
    {.bitmap_index = 29467, .adv_w = 384, .box_w = 22, .box_h = 21, .ofs_x = 0, .ofs_y = -2},
    {.bitmap_index = 29525, .adv_w = 384, .box_w = 23, .box_h = 21, .ofs_x = 1, .ofs_y = -2},
    {.bitmap_index = 29586, .adv_w = 384, .box_w = 22, .box_h = 21, .ofs_x = 1, .ofs_y = -2},
    {.bitmap_index = 29644, .adv_w = 384, .box_w = 22, .box_h = 21, .ofs_x = 1, .ofs_y = -2},
    {.bitmap_index = 29702, .adv_w = 384, .box_w = 22, .box_h = 21, .ofs_x = 1, .ofs_y = -2},
    {.bitmap_index = 29760, .adv_w = 384, .box_w = 22, .box_h = 21, .ofs_x = 1, .ofs_y = -2},
    {.bitmap_index = 29818, .adv_w = 384, .box_w = 22, .box_h = 21, .ofs_x = 2, .ofs_y = -2},
    {.bitmap_index = 29876, .adv_w = 384, .box_w = 22, .box_h = 21, .ofs_x = 1, .ofs_y = -2},
    {.bitmap_index = 29934, .adv_w = 384, .box_w = 22, .box_h = 21, .ofs_x = 1, .ofs_y = -2},
    {.bitmap_index = 29992, .adv_w = 384, .box_w = 22, .box_h = 21, .ofs_x = 1, .ofs_y = -2},
    {.bitmap_index = 30050, .adv_w = 384, .box_w = 22, .box_h = 21, .ofs_x = 1, .ofs_y = -2},
    {.bitmap_index = 30108, .adv_w = 384, .box_w = 23, .box_h = 22, .ofs_x = 1, .ofs_y = -3},
    {.bitmap_index = 30172, .adv_w = 384, .box_w = 22, .box_h = 21, .ofs_x = 1, .ofs_y = -2},
    {.bitmap_index = 30230, .adv_w = 384, .box_w = 23, .box_h = 21, .ofs_x = 0, .ofs_y = -2},
    {.bitmap_index = 30291, .adv_w = 384, .box_w = 22, .box_h = 21, .ofs_x = 1, .ofs_y = -2},
    {.bitmap_index = 30349, .adv_w = 384, .box_w = 22, .box_h = 22, .ofs_x = 1, .ofs_y = -2},
    {.bitmap_index = 30410, .adv_w = 384, .box_w = 22, .box_h = 21, .ofs_x = 1, .ofs_y = -2},
    {.bitmap_index = 30468, .adv_w = 384, .box_w = 22, .box_h = 21, .ofs_x = 1, .ofs_y = -2},
    {.bitmap_index = 30526, .adv_w = 384, .box_w = 22, .box_h = 21, .ofs_x = 1, .ofs_y = -2},
    {.bitmap_index = 30584, .adv_w = 384, .box_w = 22, .box_h = 21, .ofs_x = 1, .ofs_y = -2},
    {.bitmap_index = 30642, .adv_w = 384, .box_w = 23, .box_h = 21, .ofs_x = 1, .ofs_y = -2},
    {.bitmap_index = 30703, .adv_w = 384, .box_w = 22, .box_h = 21, .ofs_x = 1, .ofs_y = -2},
    {.bitmap_index = 30761, .adv_w = 384, .box_w = 22, .box_h = 21, .ofs_x = 1, .ofs_y = -2},
    {.bitmap_index = 30819, .adv_w = 384, .box_w = 23, .box_h = 21, .ofs_x = 1, .ofs_y = -2},
    {.bitmap_index = 30880, .adv_w = 384, .box_w = 22, .box_h = 22, .ofs_x = 1, .ofs_y = -2},
    {.bitmap_index = 30941, .adv_w = 384, .box_w = 22, .box_h = 21, .ofs_x = 1, .ofs_y = -2},
    {.bitmap_index = 30999, .adv_w = 384, .box_w = 22, .box_h = 21, .ofs_x = 1, .ofs_y = -2},
    {.bitmap_index = 31057, .adv_w = 384, .box_w = 22, .box_h = 21, .ofs_x = 1, .ofs_y = -2},
    {.bitmap_index = 31115, .adv_w = 384, .box_w = 23, .box_h = 21, .ofs_x = 0, .ofs_y = -2},
    {.bitmap_index = 31176, .adv_w = 384, .box_w = 23, .box_h = 22, .ofs_x = 0, .ofs_y = -2},
    {.bitmap_index = 31240, .adv_w = 384, .box_w = 21, .box_h = 21, .ofs_x = 1, .ofs_y = -2},
    {.bitmap_index = 31296, .adv_w = 384, .box_w = 21, .box_h = 21, .ofs_x = 0, .ofs_y = -2},
    {.bitmap_index = 31352, .adv_w = 384, .box_w = 23, .box_h = 21, .ofs_x = 1, .ofs_y = -2},
    {.bitmap_index = 31413, .adv_w = 384, .box_w = 22, .box_h = 21, .ofs_x = 1, .ofs_y = -2},
    {.bitmap_index = 31471, .adv_w = 384, .box_w = 21, .box_h = 21, .ofs_x = 1, .ofs_y = -2},
    {.bitmap_index = 31527, .adv_w = 384, .box_w = 23, .box_h = 21, .ofs_x = 0, .ofs_y = -2},
    {.bitmap_index = 31588, .adv_w = 384, .box_w = 22, .box_h = 21, .ofs_x = 1, .ofs_y = -2},
    {.bitmap_index = 31646, .adv_w = 384, .box_w = 22, .box_h = 21, .ofs_x = 1, .ofs_y = -2},
    {.bitmap_index = 31704, .adv_w = 384, .box_w = 22, .box_h = 21, .ofs_x = 2, .ofs_y = -2},
    {.bitmap_index = 31762, .adv_w = 384, .box_w = 22, .box_h = 22, .ofs_x = 1, .ofs_y = -2},
    {.bitmap_index = 31823, .adv_w = 384, .box_w = 22, .box_h = 20, .ofs_x = 1, .ofs_y = -1},
    {.bitmap_index = 31878, .adv_w = 384, .box_w = 22, .box_h = 18, .ofs_x = 1, .ofs_y = -1},
    {.bitmap_index = 31928, .adv_w = 384, .box_w = 22, .box_h = 21, .ofs_x = 1, .ofs_y = -2},
    {.bitmap_index = 31986, .adv_w = 384, .box_w = 22, .box_h = 21, .ofs_x = 1, .ofs_y = -2},
    {.bitmap_index = 32044, .adv_w = 384, .box_w = 22, .box_h = 19, .ofs_x = 1, .ofs_y = -2},
    {.bitmap_index = 32097, .adv_w = 384, .box_w = 23, .box_h = 22, .ofs_x = 0, .ofs_y = -3},
    {.bitmap_index = 32161, .adv_w = 384, .box_w = 22, .box_h = 21, .ofs_x = 1, .ofs_y = -2},
    {.bitmap_index = 32219, .adv_w = 384, .box_w = 23, .box_h = 21, .ofs_x = 1, .ofs_y = -2},
    {.bitmap_index = 32280, .adv_w = 384, .box_w = 22, .box_h = 21, .ofs_x = 1, .ofs_y = -2},
    {.bitmap_index = 32338, .adv_w = 384, .box_w = 21, .box_h = 20, .ofs_x = 2, .ofs_y = -1},
    {.bitmap_index = 32391, .adv_w = 384, .box_w = 22, .box_h = 20, .ofs_x = 1, .ofs_y = -2},
    {.bitmap_index = 32446, .adv_w = 384, .box_w = 21, .box_h = 21, .ofs_x = 1, .ofs_y = -2},
    {.bitmap_index = 32502, .adv_w = 384, .box_w = 22, .box_h = 22, .ofs_x = 1, .ofs_y = -2},
    {.bitmap_index = 32563, .adv_w = 384, .box_w = 22, .box_h = 21, .ofs_x = 1, .ofs_y = -2},
    {.bitmap_index = 32621, .adv_w = 384, .box_w = 22, .box_h = 22, .ofs_x = 2, .ofs_y = -2},
    {.bitmap_index = 32682, .adv_w = 384, .box_w = 22, .box_h = 20, .ofs_x = 1, .ofs_y = -1},
    {.bitmap_index = 32737, .adv_w = 384, .box_w = 22, .box_h = 21, .ofs_x = 1, .ofs_y = -2},
    {.bitmap_index = 32795, .adv_w = 384, .box_w = 21, .box_h = 21, .ofs_x = 2, .ofs_y = -2},
    {.bitmap_index = 32851, .adv_w = 384, .box_w = 22, .box_h = 21, .ofs_x = 1, .ofs_y = -2},
    {.bitmap_index = 32909, .adv_w = 384, .box_w = 22, .box_h = 20, .ofs_x = 1, .ofs_y = -2},
    {.bitmap_index = 32964, .adv_w = 384, .box_w = 22, .box_h = 21, .ofs_x = 1, .ofs_y = -2},
    {.bitmap_index = 33022, .adv_w = 384, .box_w = 23, .box_h = 21, .ofs_x = 1, .ofs_y = -2},
    {.bitmap_index = 33083, .adv_w = 384, .box_w = 22, .box_h = 23, .ofs_x = 1, .ofs_y = -3},
    {.bitmap_index = 33147, .adv_w = 384, .box_w = 22, .box_h = 21, .ofs_x = 1, .ofs_y = -2},
    {.bitmap_index = 33205, .adv_w = 384, .box_w = 22, .box_h = 22, .ofs_x = 1, .ofs_y = -3},
    {.bitmap_index = 33266, .adv_w = 384, .box_w = 22, .box_h = 23, .ofs_x = 1, .ofs_y = -3},
    {.bitmap_index = 33330, .adv_w = 384, .box_w = 21, .box_h = 21, .ofs_x = 1, .ofs_y = -2},
    {.bitmap_index = 33386, .adv_w = 384, .box_w = 22, .box_h = 22, .ofs_x = 0, .ofs_y = -2},
    {.bitmap_index = 33447, .adv_w = 384, .box_w = 22, .box_h = 21, .ofs_x = 1, .ofs_y = -2},
    {.bitmap_index = 33505, .adv_w = 384, .box_w = 22, .box_h = 22, .ofs_x = 0, .ofs_y = -3},
    {.bitmap_index = 33566, .adv_w = 384, .box_w = 22, .box_h = 21, .ofs_x = 1, .ofs_y = -2},
    {.bitmap_index = 33624, .adv_w = 384, .box_w = 22, .box_h = 21, .ofs_x = 1, .ofs_y = -2},
    {.bitmap_index = 33682, .adv_w = 384, .box_w = 22, .box_h = 21, .ofs_x = 1, .ofs_y = -2},
    {.bitmap_index = 33740, .adv_w = 384, .box_w = 22, .box_h = 22, .ofs_x = 1, .ofs_y = -2},
    {.bitmap_index = 33801, .adv_w = 384, .box_w = 22, .box_h = 22, .ofs_x = 1, .ofs_y = -3},
    {.bitmap_index = 33862, .adv_w = 384, .box_w = 22, .box_h = 20, .ofs_x = 0, .ofs_y = -2},
    {.bitmap_index = 33917, .adv_w = 384, .box_w = 22, .box_h = 22, .ofs_x = 1, .ofs_y = -3},
    {.bitmap_index = 33978, .adv_w = 384, .box_w = 23, .box_h = 22, .ofs_x = 1, .ofs_y = -3},
    {.bitmap_index = 34042, .adv_w = 384, .box_w = 22, .box_h = 22, .ofs_x = 1, .ofs_y = -2},
    {.bitmap_index = 34103, .adv_w = 384, .box_w = 23, .box_h = 21, .ofs_x = 0, .ofs_y = -2},
    {.bitmap_index = 34164, .adv_w = 384, .box_w = 23, .box_h = 22, .ofs_x = 1, .ofs_y = -2},
    {.bitmap_index = 34228, .adv_w = 384, .box_w = 22, .box_h = 21, .ofs_x = 1, .ofs_y = -2},
    {.bitmap_index = 34286, .adv_w = 384, .box_w = 22, .box_h = 21, .ofs_x = 1, .ofs_y = -2},
    {.bitmap_index = 34344, .adv_w = 384, .box_w = 22, .box_h = 21, .ofs_x = 0, .ofs_y = -2},
    {.bitmap_index = 34402, .adv_w = 384, .box_w = 22, .box_h = 20, .ofs_x = 1, .ofs_y = -2},
    {.bitmap_index = 34457, .adv_w = 384, .box_w = 23, .box_h = 22, .ofs_x = 0, .ofs_y = -2},
    {.bitmap_index = 34521, .adv_w = 384, .box_w = 22, .box_h = 22, .ofs_x = 1, .ofs_y = -2},
    {.bitmap_index = 34582, .adv_w = 384, .box_w = 21, .box_h = 21, .ofs_x = 1, .ofs_y = -2},
    {.bitmap_index = 34638, .adv_w = 384, .box_w = 22, .box_h = 22, .ofs_x = 1, .ofs_y = -2},
    {.bitmap_index = 34699, .adv_w = 384, .box_w = 22, .box_h = 21, .ofs_x = 1, .ofs_y = -2},
    {.bitmap_index = 34757, .adv_w = 384, .box_w = 22, .box_h = 22, .ofs_x = 0, .ofs_y = -2},
    {.bitmap_index = 34818, .adv_w = 384, .box_w = 22, .box_h = 21, .ofs_x = 1, .ofs_y = -2},
    {.bitmap_index = 34876, .adv_w = 384, .box_w = 21, .box_h = 21, .ofs_x = 1, .ofs_y = -3},
    {.bitmap_index = 34932, .adv_w = 384, .box_w = 23, .box_h = 22, .ofs_x = 0, .ofs_y = -3},
    {.bitmap_index = 34996, .adv_w = 384, .box_w = 22, .box_h = 21, .ofs_x = 1, .ofs_y = -2},
    {.bitmap_index = 35054, .adv_w = 384, .box_w = 21, .box_h = 22, .ofs_x = 1, .ofs_y = -2},
    {.bitmap_index = 35112, .adv_w = 384, .box_w = 22, .box_h = 22, .ofs_x = 1, .ofs_y = -3},
    {.bitmap_index = 35173, .adv_w = 384, .box_w = 21, .box_h = 20, .ofs_x = 1, .ofs_y = -2},
    {.bitmap_index = 35226, .adv_w = 384, .box_w = 23, .box_h = 21, .ofs_x = 0, .ofs_y = -2},
    {.bitmap_index = 35287, .adv_w = 384, .box_w = 22, .box_h = 22, .ofs_x = 1, .ofs_y = -2},
    {.bitmap_index = 35348, .adv_w = 384, .box_w = 22, .box_h = 22, .ofs_x = 1, .ofs_y = -2},
    {.bitmap_index = 35409, .adv_w = 384, .box_w = 22, .box_h = 21, .ofs_x = 1, .ofs_y = -2},
    {.bitmap_index = 35467, .adv_w = 384, .box_w = 23, .box_h = 22, .ofs_x = 0, .ofs_y = -2},
    {.bitmap_index = 35531, .adv_w = 384, .box_w = 22, .box_h = 21, .ofs_x = 1, .ofs_y = -2},
    {.bitmap_index = 35589, .adv_w = 384, .box_w = 23, .box_h = 20, .ofs_x = 1, .ofs_y = -2},
    {.bitmap_index = 35647, .adv_w = 384, .box_w = 23, .box_h = 20, .ofs_x = 0, .ofs_y = -2},
    {.bitmap_index = 35705, .adv_w = 384, .box_w = 22, .box_h = 20, .ofs_x = 1, .ofs_y = -2},
    {.bitmap_index = 35760, .adv_w = 384, .box_w = 21, .box_h = 21, .ofs_x = 1, .ofs_y = -1},
    {.bitmap_index = 35816, .adv_w = 384, .box_w = 20, .box_h = 20, .ofs_x = 1, .ofs_y = -2},
    {.bitmap_index = 35866, .adv_w = 384, .box_w = 19, .box_h = 21, .ofs_x = 3, .ofs_y = -2},
    {.bitmap_index = 35916, .adv_w = 384, .box_w = 18, .box_h = 22, .ofs_x = 3, .ofs_y = -2},
    {.bitmap_index = 35966, .adv_w = 384, .box_w = 20, .box_h = 21, .ofs_x = 3, .ofs_y = -2},
    {.bitmap_index = 36019, .adv_w = 384, .box_w = 20, .box_h = 20, .ofs_x = 2, .ofs_y = -2},
    {.bitmap_index = 36069, .adv_w = 384, .box_w = 23, .box_h = 21, .ofs_x = 1, .ofs_y = -2},
    {.bitmap_index = 36130, .adv_w = 384, .box_w = 21, .box_h = 21, .ofs_x = 1, .ofs_y = -2},
    {.bitmap_index = 36186, .adv_w = 384, .box_w = 21, .box_h = 22, .ofs_x = 1, .ofs_y = -2},
    {.bitmap_index = 36244, .adv_w = 384, .box_w = 17, .box_h = 21, .ofs_x = 4, .ofs_y = -2},
    {.bitmap_index = 36289, .adv_w = 384, .box_w = 21, .box_h = 20, .ofs_x = 1, .ofs_y = -2},
    {.bitmap_index = 36342, .adv_w = 384, .box_w = 20, .box_h = 22, .ofs_x = 2, .ofs_y = -2},
    {.bitmap_index = 36397, .adv_w = 384, .box_w = 23, .box_h = 21, .ofs_x = 0, .ofs_y = -2},
    {.bitmap_index = 36458, .adv_w = 384, .box_w = 23, .box_h = 21, .ofs_x = 1, .ofs_y = -2},
    {.bitmap_index = 36519, .adv_w = 384, .box_w = 23, .box_h = 21, .ofs_x = 1, .ofs_y = -2},
    {.bitmap_index = 36580, .adv_w = 384, .box_w = 16, .box_h = 20, .ofs_x = 4, .ofs_y = -2},
    {.bitmap_index = 36620, .adv_w = 384, .box_w = 22, .box_h = 20, .ofs_x = 1, .ofs_y = -1},
    {.bitmap_index = 36675, .adv_w = 384, .box_w = 22, .box_h = 21, .ofs_x = 1, .ofs_y = -2},
    {.bitmap_index = 36733, .adv_w = 384, .box_w = 22, .box_h = 21, .ofs_x = 1, .ofs_y = -2},
    {.bitmap_index = 36791, .adv_w = 384, .box_w = 22, .box_h = 21, .ofs_x = 1, .ofs_y = -2},
    {.bitmap_index = 36849, .adv_w = 384, .box_w = 22, .box_h = 22, .ofs_x = 1, .ofs_y = -3},
    {.bitmap_index = 36910, .adv_w = 384, .box_w = 22, .box_h = 21, .ofs_x = 1, .ofs_y = -2},
    {.bitmap_index = 36968, .adv_w = 384, .box_w = 21, .box_h = 22, .ofs_x = 2, .ofs_y = -2},
    {.bitmap_index = 37026, .adv_w = 384, .box_w = 21, .box_h = 21, .ofs_x = 1, .ofs_y = -2},
    {.bitmap_index = 37082, .adv_w = 384, .box_w = 23, .box_h = 22, .ofs_x = 1, .ofs_y = -2},
    {.bitmap_index = 37146, .adv_w = 384, .box_w = 22, .box_h = 22, .ofs_x = 1, .ofs_y = -3},
    {.bitmap_index = 37207, .adv_w = 384, .box_w = 22, .box_h = 21, .ofs_x = 0, .ofs_y = -2},
    {.bitmap_index = 37265, .adv_w = 384, .box_w = 23, .box_h = 23, .ofs_x = 1, .ofs_y = -3},
    {.bitmap_index = 37332, .adv_w = 384, .box_w = 22, .box_h = 21, .ofs_x = 1, .ofs_y = -2},
    {.bitmap_index = 37390, .adv_w = 384, .box_w = 21, .box_h = 22, .ofs_x = 1, .ofs_y = -2},
    {.bitmap_index = 37448, .adv_w = 384, .box_w = 23, .box_h = 22, .ofs_x = 1, .ofs_y = -2},
    {.bitmap_index = 37512, .adv_w = 384, .box_w = 22, .box_h = 21, .ofs_x = 1, .ofs_y = -2},
    {.bitmap_index = 37570, .adv_w = 384, .box_w = 20, .box_h = 20, .ofs_x = 2, .ofs_y = -2},
    {.bitmap_index = 37620, .adv_w = 384, .box_w = 22, .box_h = 21, .ofs_x = 1, .ofs_y = -2},
    {.bitmap_index = 37678, .adv_w = 384, .box_w = 21, .box_h = 21, .ofs_x = 2, .ofs_y = -2},
    {.bitmap_index = 37734, .adv_w = 384, .box_w = 22, .box_h = 21, .ofs_x = 1, .ofs_y = -2},
    {.bitmap_index = 37792, .adv_w = 384, .box_w = 23, .box_h = 22, .ofs_x = 0, .ofs_y = -2},
    {.bitmap_index = 37856, .adv_w = 384, .box_w = 21, .box_h = 22, .ofs_x = 1, .ofs_y = -2},
    {.bitmap_index = 37914, .adv_w = 384, .box_w = 23, .box_h = 22, .ofs_x = 0, .ofs_y = -2},
    {.bitmap_index = 37978, .adv_w = 384, .box_w = 22, .box_h = 21, .ofs_x = 1, .ofs_y = -2},
    {.bitmap_index = 38036, .adv_w = 384, .box_w = 22, .box_h = 23, .ofs_x = 1, .ofs_y = -3},
    {.bitmap_index = 38100, .adv_w = 384, .box_w = 22, .box_h = 21, .ofs_x = 1, .ofs_y = -2},
    {.bitmap_index = 38158, .adv_w = 384, .box_w = 22, .box_h = 21, .ofs_x = 1, .ofs_y = -2},
    {.bitmap_index = 38216, .adv_w = 384, .box_w = 22, .box_h = 21, .ofs_x = 1, .ofs_y = -2},
    {.bitmap_index = 38274, .adv_w = 384, .box_w = 21, .box_h = 22, .ofs_x = 1, .ofs_y = -2},
    {.bitmap_index = 38332, .adv_w = 384, .box_w = 20, .box_h = 21, .ofs_x = 2, .ofs_y = -2},
    {.bitmap_index = 38385, .adv_w = 384, .box_w = 20, .box_h = 22, .ofs_x = 2, .ofs_y = -2},
    {.bitmap_index = 38440, .adv_w = 384, .box_w = 21, .box_h = 21, .ofs_x = 2, .ofs_y = -2},
    {.bitmap_index = 38496, .adv_w = 384, .box_w = 21, .box_h = 20, .ofs_x = 2, .ofs_y = -1},
    {.bitmap_index = 38549, .adv_w = 384, .box_w = 22, .box_h = 21, .ofs_x = 1, .ofs_y = -2},
    {.bitmap_index = 38607, .adv_w = 384, .box_w = 22, .box_h = 21, .ofs_x = 1, .ofs_y = -2},
    {.bitmap_index = 38665, .adv_w = 384, .box_w = 22, .box_h = 22, .ofs_x = 0, .ofs_y = -2},
    {.bitmap_index = 38726, .adv_w = 384, .box_w = 23, .box_h = 21, .ofs_x = 1, .ofs_y = -2},
    {.bitmap_index = 38787, .adv_w = 384, .box_w = 21, .box_h = 21, .ofs_x = 1, .ofs_y = -2},
    {.bitmap_index = 38843, .adv_w = 384, .box_w = 22, .box_h = 22, .ofs_x = 1, .ofs_y = -2},
    {.bitmap_index = 38904, .adv_w = 384, .box_w = 23, .box_h = 22, .ofs_x = 0, .ofs_y = -2},
    {.bitmap_index = 38968, .adv_w = 384, .box_w = 23, .box_h = 21, .ofs_x = 1, .ofs_y = -2},
    {.bitmap_index = 39029, .adv_w = 384, .box_w = 23, .box_h = 22, .ofs_x = 0, .ofs_y = -2},
    {.bitmap_index = 39093, .adv_w = 384, .box_w = 22, .box_h = 21, .ofs_x = 1, .ofs_y = -2},
    {.bitmap_index = 39151, .adv_w = 384, .box_w = 22, .box_h = 21, .ofs_x = 1, .ofs_y = -2},
    {.bitmap_index = 39209, .adv_w = 384, .box_w = 22, .box_h = 21, .ofs_x = 1, .ofs_y = -2},
    {.bitmap_index = 39267, .adv_w = 384, .box_w = 22, .box_h = 21, .ofs_x = 1, .ofs_y = -2},
    {.bitmap_index = 39325, .adv_w = 384, .box_w = 21, .box_h = 21, .ofs_x = 2, .ofs_y = -2},
    {.bitmap_index = 39381, .adv_w = 384, .box_w = 23, .box_h = 21, .ofs_x = 0, .ofs_y = -2},
    {.bitmap_index = 39442, .adv_w = 384, .box_w = 23, .box_h = 21, .ofs_x = 0, .ofs_y = -2},
    {.bitmap_index = 39503, .adv_w = 384, .box_w = 21, .box_h = 23, .ofs_x = 2, .ofs_y = -3},
    {.bitmap_index = 39564, .adv_w = 384, .box_w = 20, .box_h = 21, .ofs_x = 2, .ofs_y = -2},
    {.bitmap_index = 39617, .adv_w = 384, .box_w = 20, .box_h = 22, .ofs_x = 2, .ofs_y = -3},
    {.bitmap_index = 39672, .adv_w = 384, .box_w = 22, .box_h = 21, .ofs_x = 2, .ofs_y = -2},
    {.bitmap_index = 39730, .adv_w = 384, .box_w = 21, .box_h = 21, .ofs_x = 1, .ofs_y = -2},
    {.bitmap_index = 39786, .adv_w = 384, .box_w = 22, .box_h = 22, .ofs_x = 1, .ofs_y = -3},
    {.bitmap_index = 39847, .adv_w = 384, .box_w = 21, .box_h = 20, .ofs_x = 1, .ofs_y = -1},
    {.bitmap_index = 39900, .adv_w = 384, .box_w = 20, .box_h = 21, .ofs_x = 2, .ofs_y = -2},
    {.bitmap_index = 39953, .adv_w = 384, .box_w = 23, .box_h = 21, .ofs_x = 1, .ofs_y = -2},
    {.bitmap_index = 40014, .adv_w = 384, .box_w = 23, .box_h = 21, .ofs_x = 1, .ofs_y = -2},
    {.bitmap_index = 40075, .adv_w = 384, .box_w = 22, .box_h = 22, .ofs_x = 2, .ofs_y = -2},
    {.bitmap_index = 40136, .adv_w = 384, .box_w = 23, .box_h = 22, .ofs_x = 1, .ofs_y = -3},
    {.bitmap_index = 40200, .adv_w = 384, .box_w = 22, .box_h = 21, .ofs_x = 1, .ofs_y = -2},
    {.bitmap_index = 40258, .adv_w = 384, .box_w = 21, .box_h = 22, .ofs_x = 1, .ofs_y = -2},
    {.bitmap_index = 40316, .adv_w = 384, .box_w = 22, .box_h = 21, .ofs_x = 1, .ofs_y = -2},
    {.bitmap_index = 40374, .adv_w = 384, .box_w = 22, .box_h = 20, .ofs_x = 1, .ofs_y = -2},
    {.bitmap_index = 40429, .adv_w = 384, .box_w = 22, .box_h = 21, .ofs_x = 1, .ofs_y = -2},
    {.bitmap_index = 40487, .adv_w = 384, .box_w = 22, .box_h = 21, .ofs_x = 1, .ofs_y = -2},
    {.bitmap_index = 40545, .adv_w = 384, .box_w = 23, .box_h = 21, .ofs_x = 1, .ofs_y = -2},
    {.bitmap_index = 40606, .adv_w = 384, .box_w = 22, .box_h = 22, .ofs_x = 1, .ofs_y = -2},
    {.bitmap_index = 40667, .adv_w = 384, .box_w = 23, .box_h = 21, .ofs_x = 0, .ofs_y = -2},
    {.bitmap_index = 40728, .adv_w = 384, .box_w = 22, .box_h = 22, .ofs_x = 1, .ofs_y = -2},
    {.bitmap_index = 40789, .adv_w = 384, .box_w = 23, .box_h = 23, .ofs_x = 0, .ofs_y = -3},
    {.bitmap_index = 40856, .adv_w = 384, .box_w = 23, .box_h = 20, .ofs_x = 0, .ofs_y = -2},
    {.bitmap_index = 40914, .adv_w = 384, .box_w = 22, .box_h = 21, .ofs_x = 1, .ofs_y = -2},
    {.bitmap_index = 40972, .adv_w = 384, .box_w = 23, .box_h = 21, .ofs_x = 1, .ofs_y = -2},
    {.bitmap_index = 41033, .adv_w = 384, .box_w = 22, .box_h = 21, .ofs_x = 0, .ofs_y = -2},
    {.bitmap_index = 41091, .adv_w = 384, .box_w = 22, .box_h = 21, .ofs_x = 1, .ofs_y = -2},
    {.bitmap_index = 41149, .adv_w = 384, .box_w = 22, .box_h = 21, .ofs_x = 0, .ofs_y = -2},
    {.bitmap_index = 41207, .adv_w = 384, .box_w = 22, .box_h = 22, .ofs_x = 1, .ofs_y = -2},
    {.bitmap_index = 41268, .adv_w = 384, .box_w = 21, .box_h = 22, .ofs_x = 1, .ofs_y = -2},
    {.bitmap_index = 41326, .adv_w = 384, .box_w = 22, .box_h = 22, .ofs_x = 1, .ofs_y = -2},
    {.bitmap_index = 41387, .adv_w = 384, .box_w = 20, .box_h = 20, .ofs_x = 2, .ofs_y = -2},
    {.bitmap_index = 41437, .adv_w = 384, .box_w = 22, .box_h = 21, .ofs_x = 1, .ofs_y = -2},
    {.bitmap_index = 41495, .adv_w = 384, .box_w = 22, .box_h = 19, .ofs_x = 1, .ofs_y = -1},
    {.bitmap_index = 41548, .adv_w = 384, .box_w = 22, .box_h = 22, .ofs_x = 1, .ofs_y = -2},
    {.bitmap_index = 41609, .adv_w = 384, .box_w = 22, .box_h = 22, .ofs_x = 1, .ofs_y = -2},
    {.bitmap_index = 41670, .adv_w = 384, .box_w = 21, .box_h = 21, .ofs_x = 2, .ofs_y = -2},
    {.bitmap_index = 41726, .adv_w = 384, .box_w = 21, .box_h = 21, .ofs_x = 1, .ofs_y = -3},
    {.bitmap_index = 41782, .adv_w = 384, .box_w = 22, .box_h = 21, .ofs_x = 1, .ofs_y = -2},
    {.bitmap_index = 41840, .adv_w = 384, .box_w = 22, .box_h = 21, .ofs_x = 1, .ofs_y = -2},
    {.bitmap_index = 41898, .adv_w = 384, .box_w = 22, .box_h = 21, .ofs_x = 1, .ofs_y = -2},
    {.bitmap_index = 41956, .adv_w = 384, .box_w = 21, .box_h = 21, .ofs_x = 2, .ofs_y = -2},
    {.bitmap_index = 42012, .adv_w = 384, .box_w = 22, .box_h = 22, .ofs_x = 1, .ofs_y = -3},
    {.bitmap_index = 42073, .adv_w = 384, .box_w = 22, .box_h = 21, .ofs_x = 0, .ofs_y = -2},
    {.bitmap_index = 42131, .adv_w = 384, .box_w = 21, .box_h = 21, .ofs_x = 1, .ofs_y = -2},
    {.bitmap_index = 42187, .adv_w = 384, .box_w = 16, .box_h = 22, .ofs_x = 4, .ofs_y = -2},
    {.bitmap_index = 42231, .adv_w = 384, .box_w = 20, .box_h = 18, .ofs_x = 2, .ofs_y = -1},
    {.bitmap_index = 42276, .adv_w = 384, .box_w = 22, .box_h = 22, .ofs_x = 1, .ofs_y = -2},
    {.bitmap_index = 42337, .adv_w = 384, .box_w = 23, .box_h = 21, .ofs_x = 0, .ofs_y = -2},
    {.bitmap_index = 42398, .adv_w = 384, .box_w = 19, .box_h = 21, .ofs_x = 4, .ofs_y = -2},
    {.bitmap_index = 42448, .adv_w = 384, .box_w = 22, .box_h = 21, .ofs_x = 2, .ofs_y = -2},
    {.bitmap_index = 42506, .adv_w = 384, .box_w = 21, .box_h = 21, .ofs_x = 1, .ofs_y = -2},
    {.bitmap_index = 42562, .adv_w = 384, .box_w = 21, .box_h = 20, .ofs_x = 1, .ofs_y = -1},
    {.bitmap_index = 42615, .adv_w = 384, .box_w = 22, .box_h = 21, .ofs_x = 1, .ofs_y = -2},
    {.bitmap_index = 42673, .adv_w = 384, .box_w = 22, .box_h = 21, .ofs_x = 1, .ofs_y = -2},
    {.bitmap_index = 42731, .adv_w = 384, .box_w = 22, .box_h = 21, .ofs_x = 1, .ofs_y = -2},
    {.bitmap_index = 42789, .adv_w = 384, .box_w = 20, .box_h = 21, .ofs_x = 2, .ofs_y = -2},
    {.bitmap_index = 42842, .adv_w = 384, .box_w = 22, .box_h = 21, .ofs_x = 1, .ofs_y = -2},
    {.bitmap_index = 42900, .adv_w = 384, .box_w = 23, .box_h = 21, .ofs_x = 0, .ofs_y = -2},
    {.bitmap_index = 42961, .adv_w = 384, .box_w = 22, .box_h = 22, .ofs_x = 1, .ofs_y = -3},
    {.bitmap_index = 43022, .adv_w = 384, .box_w = 22, .box_h = 21, .ofs_x = 1, .ofs_y = -2},
    {.bitmap_index = 43080, .adv_w = 384, .box_w = 22, .box_h = 23, .ofs_x = 0, .ofs_y = -3},
    {.bitmap_index = 43144, .adv_w = 384, .box_w = 22, .box_h = 22, .ofs_x = 1, .ofs_y = -2},
    {.bitmap_index = 43205, .adv_w = 384, .box_w = 22, .box_h = 22, .ofs_x = 1, .ofs_y = -2},
    {.bitmap_index = 43266, .adv_w = 384, .box_w = 22, .box_h = 21, .ofs_x = 1, .ofs_y = -2},
    {.bitmap_index = 43324, .adv_w = 384, .box_w = 23, .box_h = 22, .ofs_x = 1, .ofs_y = -2},
    {.bitmap_index = 43388, .adv_w = 384, .box_w = 23, .box_h = 22, .ofs_x = 0, .ofs_y = -2},
    {.bitmap_index = 43452, .adv_w = 384, .box_w = 22, .box_h = 22, .ofs_x = 1, .ofs_y = -2},
    {.bitmap_index = 43513, .adv_w = 384, .box_w = 21, .box_h = 21, .ofs_x = 1, .ofs_y = -2},
    {.bitmap_index = 43569, .adv_w = 384, .box_w = 23, .box_h = 21, .ofs_x = 0, .ofs_y = -2},
    {.bitmap_index = 43630, .adv_w = 384, .box_w = 21, .box_h = 20, .ofs_x = 2, .ofs_y = -2},
    {.bitmap_index = 43683, .adv_w = 384, .box_w = 22, .box_h = 21, .ofs_x = 1, .ofs_y = -2},
    {.bitmap_index = 43741, .adv_w = 384, .box_w = 22, .box_h = 21, .ofs_x = 0, .ofs_y = -2},
    {.bitmap_index = 43799, .adv_w = 384, .box_w = 23, .box_h = 19, .ofs_x = 1, .ofs_y = -2},
    {.bitmap_index = 43854, .adv_w = 384, .box_w = 23, .box_h = 22, .ofs_x = 0, .ofs_y = -2},
    {.bitmap_index = 43918, .adv_w = 384, .box_w = 23, .box_h = 21, .ofs_x = 0, .ofs_y = -2},
    {.bitmap_index = 43979, .adv_w = 384, .box_w = 23, .box_h = 22, .ofs_x = 1, .ofs_y = -3},
    {.bitmap_index = 44043, .adv_w = 384, .box_w = 19, .box_h = 22, .ofs_x = 2, .ofs_y = -2},
    {.bitmap_index = 44096, .adv_w = 384, .box_w = 22, .box_h = 22, .ofs_x = 0, .ofs_y = -2},
    {.bitmap_index = 44157, .adv_w = 384, .box_w = 23, .box_h = 22, .ofs_x = 1, .ofs_y = -2},
    {.bitmap_index = 44221, .adv_w = 384, .box_w = 22, .box_h = 22, .ofs_x = 1, .ofs_y = -2},
    {.bitmap_index = 44282, .adv_w = 384, .box_w = 22, .box_h = 21, .ofs_x = 1, .ofs_y = -2},
    {.bitmap_index = 44340, .adv_w = 384, .box_w = 21, .box_h = 21, .ofs_x = 1, .ofs_y = -2},
    {.bitmap_index = 44396, .adv_w = 384, .box_w = 21, .box_h = 20, .ofs_x = 2, .ofs_y = -1},
    {.bitmap_index = 44449, .adv_w = 384, .box_w = 22, .box_h = 20, .ofs_x = 1, .ofs_y = -2},
    {.bitmap_index = 44504, .adv_w = 384, .box_w = 22, .box_h = 21, .ofs_x = 1, .ofs_y = -2},
    {.bitmap_index = 44562, .adv_w = 384, .box_w = 22, .box_h = 21, .ofs_x = 1, .ofs_y = -2},
    {.bitmap_index = 44620, .adv_w = 384, .box_w = 22, .box_h = 21, .ofs_x = 1, .ofs_y = -2},
    {.bitmap_index = 44678, .adv_w = 384, .box_w = 22, .box_h = 22, .ofs_x = 1, .ofs_y = -2},
    {.bitmap_index = 44739, .adv_w = 384, .box_w = 22, .box_h = 21, .ofs_x = 1, .ofs_y = -2},
    {.bitmap_index = 44797, .adv_w = 384, .box_w = 23, .box_h = 22, .ofs_x = 1, .ofs_y = -2},
    {.bitmap_index = 44861, .adv_w = 384, .box_w = 22, .box_h = 22, .ofs_x = 1, .ofs_y = -2},
    {.bitmap_index = 44922, .adv_w = 384, .box_w = 23, .box_h = 22, .ofs_x = 1, .ofs_y = -2},
    {.bitmap_index = 44986, .adv_w = 384, .box_w = 22, .box_h = 21, .ofs_x = 1, .ofs_y = -2},
    {.bitmap_index = 45044, .adv_w = 384, .box_w = 22, .box_h = 21, .ofs_x = 1, .ofs_y = -2},
    {.bitmap_index = 45102, .adv_w = 384, .box_w = 22, .box_h = 22, .ofs_x = 1, .ofs_y = -2},
    {.bitmap_index = 45163, .adv_w = 384, .box_w = 23, .box_h = 23, .ofs_x = 1, .ofs_y = -3},
    {.bitmap_index = 45230, .adv_w = 384, .box_w = 22, .box_h = 22, .ofs_x = 1, .ofs_y = -2},
    {.bitmap_index = 45291, .adv_w = 384, .box_w = 22, .box_h = 21, .ofs_x = 1, .ofs_y = -2},
    {.bitmap_index = 45349, .adv_w = 384, .box_w = 23, .box_h = 22, .ofs_x = 1, .ofs_y = -3},
    {.bitmap_index = 45413, .adv_w = 384, .box_w = 23, .box_h = 21, .ofs_x = 1, .ofs_y = -2},
    {.bitmap_index = 45474, .adv_w = 384, .box_w = 22, .box_h = 22, .ofs_x = 1, .ofs_y = -2},
    {.bitmap_index = 45535, .adv_w = 384, .box_w = 23, .box_h = 21, .ofs_x = 1, .ofs_y = -2},
    {.bitmap_index = 45596, .adv_w = 384, .box_w = 21, .box_h = 20, .ofs_x = 1, .ofs_y = -2},
    {.bitmap_index = 45649, .adv_w = 384, .box_w = 21, .box_h = 19, .ofs_x = 1, .ofs_y = -1},
    {.bitmap_index = 45699, .adv_w = 384, .box_w = 22, .box_h = 21, .ofs_x = 1, .ofs_y = -2},
    {.bitmap_index = 45757, .adv_w = 384, .box_w = 23, .box_h = 22, .ofs_x = 1, .ofs_y = -3},
    {.bitmap_index = 45821, .adv_w = 384, .box_w = 22, .box_h = 22, .ofs_x = 1, .ofs_y = -2},
    {.bitmap_index = 45882, .adv_w = 384, .box_w = 21, .box_h = 22, .ofs_x = 1, .ofs_y = -3},
    {.bitmap_index = 45940, .adv_w = 384, .box_w = 23, .box_h = 21, .ofs_x = 0, .ofs_y = -2},
    {.bitmap_index = 46001, .adv_w = 384, .box_w = 22, .box_h = 21, .ofs_x = 1, .ofs_y = -2},
    {.bitmap_index = 46059, .adv_w = 384, .box_w = 22, .box_h = 21, .ofs_x = 1, .ofs_y = -2},
    {.bitmap_index = 46117, .adv_w = 384, .box_w = 22, .box_h = 21, .ofs_x = 1, .ofs_y = -2},
    {.bitmap_index = 46175, .adv_w = 384, .box_w = 22, .box_h = 21, .ofs_x = 1, .ofs_y = -2},
    {.bitmap_index = 46233, .adv_w = 384, .box_w = 22, .box_h = 21, .ofs_x = 0, .ofs_y = -2},
    {.bitmap_index = 46291, .adv_w = 384, .box_w = 21, .box_h = 21, .ofs_x = 1, .ofs_y = -2},
    {.bitmap_index = 46347, .adv_w = 384, .box_w = 22, .box_h = 21, .ofs_x = 1, .ofs_y = -2},
    {.bitmap_index = 46405, .adv_w = 384, .box_w = 22, .box_h = 22, .ofs_x = 1, .ofs_y = -3},
    {.bitmap_index = 46466, .adv_w = 384, .box_w = 22, .box_h = 21, .ofs_x = 1, .ofs_y = -2},
    {.bitmap_index = 46524, .adv_w = 384, .box_w = 23, .box_h = 21, .ofs_x = 1, .ofs_y = -2},
    {.bitmap_index = 46585, .adv_w = 384, .box_w = 21, .box_h = 21, .ofs_x = 2, .ofs_y = -2},
    {.bitmap_index = 46641, .adv_w = 384, .box_w = 23, .box_h = 21, .ofs_x = 0, .ofs_y = -2},
    {.bitmap_index = 46702, .adv_w = 384, .box_w = 23, .box_h = 22, .ofs_x = 0, .ofs_y = -2},
    {.bitmap_index = 46766, .adv_w = 384, .box_w = 22, .box_h = 20, .ofs_x = 1, .ofs_y = -2},
    {.bitmap_index = 46821, .adv_w = 384, .box_w = 23, .box_h = 20, .ofs_x = 0, .ofs_y = -2},
    {.bitmap_index = 46879, .adv_w = 384, .box_w = 23, .box_h = 22, .ofs_x = 0, .ofs_y = -2},
    {.bitmap_index = 46943, .adv_w = 384, .box_w = 23, .box_h = 22, .ofs_x = 1, .ofs_y = -3},
    {.bitmap_index = 47007, .adv_w = 384, .box_w = 22, .box_h = 21, .ofs_x = 1, .ofs_y = -2},
    {.bitmap_index = 47065, .adv_w = 384, .box_w = 22, .box_h = 23, .ofs_x = 2, .ofs_y = -3},
    {.bitmap_index = 47129, .adv_w = 384, .box_w = 22, .box_h = 22, .ofs_x = 1, .ofs_y = -2},
    {.bitmap_index = 47190, .adv_w = 384, .box_w = 22, .box_h = 22, .ofs_x = 1, .ofs_y = -2},
    {.bitmap_index = 47251, .adv_w = 384, .box_w = 21, .box_h = 21, .ofs_x = 2, .ofs_y = -2},
    {.bitmap_index = 47307, .adv_w = 384, .box_w = 22, .box_h = 21, .ofs_x = 1, .ofs_y = -2},
    {.bitmap_index = 47365, .adv_w = 384, .box_w = 22, .box_h = 21, .ofs_x = 1, .ofs_y = -2},
    {.bitmap_index = 47423, .adv_w = 384, .box_w = 22, .box_h = 22, .ofs_x = 1, .ofs_y = -2},
    {.bitmap_index = 47484, .adv_w = 384, .box_w = 23, .box_h = 22, .ofs_x = 1, .ofs_y = -2},
    {.bitmap_index = 47548, .adv_w = 384, .box_w = 22, .box_h = 21, .ofs_x = 1, .ofs_y = -2},
    {.bitmap_index = 47606, .adv_w = 384, .box_w = 22, .box_h = 21, .ofs_x = 1, .ofs_y = -2},
    {.bitmap_index = 47664, .adv_w = 384, .box_w = 23, .box_h = 22, .ofs_x = 1, .ofs_y = -2},
    {.bitmap_index = 47728, .adv_w = 384, .box_w = 21, .box_h = 20, .ofs_x = 1, .ofs_y = -2},
    {.bitmap_index = 47781, .adv_w = 384, .box_w = 22, .box_h = 21, .ofs_x = 1, .ofs_y = -2},
    {.bitmap_index = 47839, .adv_w = 384, .box_w = 22, .box_h = 21, .ofs_x = 1, .ofs_y = -2},
    {.bitmap_index = 47897, .adv_w = 384, .box_w = 22, .box_h = 20, .ofs_x = 1, .ofs_y = -2},
    {.bitmap_index = 47952, .adv_w = 384, .box_w = 22, .box_h = 22, .ofs_x = 1, .ofs_y = -2},
    {.bitmap_index = 48013, .adv_w = 384, .box_w = 22, .box_h = 21, .ofs_x = 1, .ofs_y = -2},
    {.bitmap_index = 48071, .adv_w = 384, .box_w = 22, .box_h = 20, .ofs_x = 1, .ofs_y = -2},
    {.bitmap_index = 48126, .adv_w = 384, .box_w = 22, .box_h = 21, .ofs_x = 1, .ofs_y = -2},
    {.bitmap_index = 48184, .adv_w = 384, .box_w = 22, .box_h = 21, .ofs_x = 1, .ofs_y = -2},
    {.bitmap_index = 48242, .adv_w = 384, .box_w = 23, .box_h = 21, .ofs_x = 1, .ofs_y = -2},
    {.bitmap_index = 48303, .adv_w = 384, .box_w = 23, .box_h = 21, .ofs_x = 1, .ofs_y = -2},
    {.bitmap_index = 48364, .adv_w = 384, .box_w = 21, .box_h = 21, .ofs_x = 1, .ofs_y = -2},
    {.bitmap_index = 48420, .adv_w = 384, .box_w = 21, .box_h = 21, .ofs_x = 1, .ofs_y = -2},
    {.bitmap_index = 48476, .adv_w = 384, .box_w = 22, .box_h = 22, .ofs_x = 1, .ofs_y = -2},
    {.bitmap_index = 48537, .adv_w = 384, .box_w = 21, .box_h = 22, .ofs_x = 1, .ofs_y = -2},
    {.bitmap_index = 48595, .adv_w = 384, .box_w = 23, .box_h = 21, .ofs_x = 1, .ofs_y = -2},
    {.bitmap_index = 48656, .adv_w = 384, .box_w = 22, .box_h = 20, .ofs_x = 1, .ofs_y = -2},
    {.bitmap_index = 48711, .adv_w = 384, .box_w = 22, .box_h = 22, .ofs_x = 1, .ofs_y = -2},
    {.bitmap_index = 48772, .adv_w = 384, .box_w = 23, .box_h = 22, .ofs_x = 0, .ofs_y = -2},
    {.bitmap_index = 48836, .adv_w = 384, .box_w = 23, .box_h = 21, .ofs_x = 0, .ofs_y = -2},
    {.bitmap_index = 48897, .adv_w = 384, .box_w = 23, .box_h = 21, .ofs_x = 1, .ofs_y = -2},
    {.bitmap_index = 48958, .adv_w = 384, .box_w = 23, .box_h = 22, .ofs_x = 0, .ofs_y = -2},
    {.bitmap_index = 49022, .adv_w = 384, .box_w = 21, .box_h = 20, .ofs_x = 2, .ofs_y = -2},
    {.bitmap_index = 49075, .adv_w = 384, .box_w = 22, .box_h = 22, .ofs_x = 1, .ofs_y = -2},
    {.bitmap_index = 49136, .adv_w = 384, .box_w = 22, .box_h = 22, .ofs_x = 1, .ofs_y = -2},
    {.bitmap_index = 49197, .adv_w = 384, .box_w = 23, .box_h = 22, .ofs_x = 0, .ofs_y = -2},
    {.bitmap_index = 49261, .adv_w = 384, .box_w = 23, .box_h = 22, .ofs_x = 0, .ofs_y = -2},
    {.bitmap_index = 49325, .adv_w = 384, .box_w = 22, .box_h = 21, .ofs_x = 1, .ofs_y = -2},
    {.bitmap_index = 49383, .adv_w = 384, .box_w = 21, .box_h = 21, .ofs_x = 2, .ofs_y = -2},
    {.bitmap_index = 49439, .adv_w = 384, .box_w = 22, .box_h = 21, .ofs_x = 1, .ofs_y = -2},
    {.bitmap_index = 49497, .adv_w = 384, .box_w = 23, .box_h = 20, .ofs_x = 0, .ofs_y = -2},
    {.bitmap_index = 49555, .adv_w = 384, .box_w = 22, .box_h = 21, .ofs_x = 1, .ofs_y = -2},
    {.bitmap_index = 49613, .adv_w = 384, .box_w = 23, .box_h = 21, .ofs_x = 0, .ofs_y = -2},
    {.bitmap_index = 49674, .adv_w = 384, .box_w = 21, .box_h = 19, .ofs_x = 2, .ofs_y = -1},
    {.bitmap_index = 49724, .adv_w = 384, .box_w = 21, .box_h = 21, .ofs_x = 2, .ofs_y = -2},
    {.bitmap_index = 49780, .adv_w = 384, .box_w = 22, .box_h = 20, .ofs_x = 1, .ofs_y = -2},
    {.bitmap_index = 49835, .adv_w = 384, .box_w = 21, .box_h = 21, .ofs_x = 1, .ofs_y = -2},
    {.bitmap_index = 49891, .adv_w = 384, .box_w = 22, .box_h = 21, .ofs_x = 0, .ofs_y = -2},
    {.bitmap_index = 49949, .adv_w = 384, .box_w = 22, .box_h = 21, .ofs_x = 1, .ofs_y = -2},
    {.bitmap_index = 50007, .adv_w = 384, .box_w = 21, .box_h = 21, .ofs_x = 1, .ofs_y = -2},
    {.bitmap_index = 50063, .adv_w = 384, .box_w = 22, .box_h = 21, .ofs_x = 0, .ofs_y = -2},
    {.bitmap_index = 50121, .adv_w = 384, .box_w = 22, .box_h = 22, .ofs_x = 0, .ofs_y = -2},
    {.bitmap_index = 50182, .adv_w = 384, .box_w = 22, .box_h = 21, .ofs_x = 1, .ofs_y = -2},
    {.bitmap_index = 50240, .adv_w = 384, .box_w = 22, .box_h = 21, .ofs_x = 1, .ofs_y = -2},
    {.bitmap_index = 50298, .adv_w = 384, .box_w = 23, .box_h = 21, .ofs_x = 1, .ofs_y = -2},
    {.bitmap_index = 50359, .adv_w = 384, .box_w = 23, .box_h = 22, .ofs_x = 0, .ofs_y = -2},
    {.bitmap_index = 50423, .adv_w = 384, .box_w = 23, .box_h = 21, .ofs_x = 0, .ofs_y = -2},
    {.bitmap_index = 50484, .adv_w = 384, .box_w = 23, .box_h = 21, .ofs_x = 0, .ofs_y = -2},
    {.bitmap_index = 50545, .adv_w = 384, .box_w = 21, .box_h = 22, .ofs_x = 1, .ofs_y = -2},
    {.bitmap_index = 50603, .adv_w = 384, .box_w = 19, .box_h = 22, .ofs_x = 2, .ofs_y = -2},
    {.bitmap_index = 50656, .adv_w = 384, .box_w = 20, .box_h = 22, .ofs_x = 2, .ofs_y = -2},
    {.bitmap_index = 50711, .adv_w = 384, .box_w = 19, .box_h = 21, .ofs_x = 2, .ofs_y = -2},
    {.bitmap_index = 50761, .adv_w = 384, .box_w = 19, .box_h = 22, .ofs_x = 2, .ofs_y = -2},
    {.bitmap_index = 50814, .adv_w = 384, .box_w = 20, .box_h = 22, .ofs_x = 2, .ofs_y = -2},
    {.bitmap_index = 50869, .adv_w = 384, .box_w = 20, .box_h = 21, .ofs_x = 2, .ofs_y = -2},
    {.bitmap_index = 50922, .adv_w = 384, .box_w = 20, .box_h = 21, .ofs_x = 2, .ofs_y = -2},
    {.bitmap_index = 50975, .adv_w = 384, .box_w = 21, .box_h = 21, .ofs_x = 2, .ofs_y = -2},
    {.bitmap_index = 51031, .adv_w = 384, .box_w = 21, .box_h = 22, .ofs_x = 2, .ofs_y = -2},
    {.bitmap_index = 51089, .adv_w = 384, .box_w = 20, .box_h = 20, .ofs_x = 2, .ofs_y = -2},
    {.bitmap_index = 51139, .adv_w = 384, .box_w = 21, .box_h = 22, .ofs_x = 2, .ofs_y = -2},
    {.bitmap_index = 51197, .adv_w = 384, .box_w = 22, .box_h = 22, .ofs_x = 2, .ofs_y = -2},
    {.bitmap_index = 51258, .adv_w = 384, .box_w = 21, .box_h = 21, .ofs_x = 2, .ofs_y = -2},
    {.bitmap_index = 51314, .adv_w = 384, .box_w = 21, .box_h = 20, .ofs_x = 2, .ofs_y = -2},
    {.bitmap_index = 51367, .adv_w = 384, .box_w = 21, .box_h = 22, .ofs_x = 2, .ofs_y = -2},
    {.bitmap_index = 51425, .adv_w = 384, .box_w = 22, .box_h = 20, .ofs_x = 2, .ofs_y = -2},
    {.bitmap_index = 51480, .adv_w = 384, .box_w = 21, .box_h = 22, .ofs_x = 2, .ofs_y = -2},
    {.bitmap_index = 51538, .adv_w = 384, .box_w = 21, .box_h = 21, .ofs_x = 2, .ofs_y = -2},
    {.bitmap_index = 51594, .adv_w = 384, .box_w = 21, .box_h = 22, .ofs_x = 1, .ofs_y = -2},
    {.bitmap_index = 51652, .adv_w = 384, .box_w = 22, .box_h = 21, .ofs_x = 2, .ofs_y = -2},
    {.bitmap_index = 51710, .adv_w = 384, .box_w = 21, .box_h = 22, .ofs_x = 1, .ofs_y = -2},
    {.bitmap_index = 51768, .adv_w = 384, .box_w = 22, .box_h = 21, .ofs_x = 1, .ofs_y = -2},
    {.bitmap_index = 51826, .adv_w = 384, .box_w = 21, .box_h = 20, .ofs_x = 1, .ofs_y = -2},
    {.bitmap_index = 51879, .adv_w = 384, .box_w = 21, .box_h = 20, .ofs_x = 2, .ofs_y = -2},
    {.bitmap_index = 51932, .adv_w = 384, .box_w = 22, .box_h = 21, .ofs_x = 1, .ofs_y = -2},
    {.bitmap_index = 51990, .adv_w = 384, .box_w = 21, .box_h = 21, .ofs_x = 1, .ofs_y = -2},
    {.bitmap_index = 52046, .adv_w = 384, .box_w = 21, .box_h = 21, .ofs_x = 1, .ofs_y = -2},
    {.bitmap_index = 52102, .adv_w = 384, .box_w = 21, .box_h = 21, .ofs_x = 2, .ofs_y = -2},
    {.bitmap_index = 52158, .adv_w = 384, .box_w = 21, .box_h = 20, .ofs_x = 2, .ofs_y = -2},
    {.bitmap_index = 52211, .adv_w = 384, .box_w = 21, .box_h = 22, .ofs_x = 1, .ofs_y = -2},
    {.bitmap_index = 52269, .adv_w = 384, .box_w = 21, .box_h = 21, .ofs_x = 2, .ofs_y = -2},
    {.bitmap_index = 52325, .adv_w = 384, .box_w = 23, .box_h = 22, .ofs_x = 1, .ofs_y = -2},
    {.bitmap_index = 52389, .adv_w = 384, .box_w = 21, .box_h = 21, .ofs_x = 1, .ofs_y = -2},
    {.bitmap_index = 52445, .adv_w = 384, .box_w = 21, .box_h = 21, .ofs_x = 1, .ofs_y = -2},
    {.bitmap_index = 52501, .adv_w = 384, .box_w = 21, .box_h = 20, .ofs_x = 1, .ofs_y = -2},
    {.bitmap_index = 52554, .adv_w = 384, .box_w = 21, .box_h = 22, .ofs_x = 2, .ofs_y = -2},
    {.bitmap_index = 52612, .adv_w = 384, .box_w = 20, .box_h = 20, .ofs_x = 2, .ofs_y = -2},
    {.bitmap_index = 52662, .adv_w = 384, .box_w = 21, .box_h = 20, .ofs_x = 1, .ofs_y = -2},
    {.bitmap_index = 52715, .adv_w = 384, .box_w = 22, .box_h = 21, .ofs_x = 1, .ofs_y = -3},
    {.bitmap_index = 52773, .adv_w = 384, .box_w = 22, .box_h = 20, .ofs_x = 0, .ofs_y = -2},
    {.bitmap_index = 52828, .adv_w = 384, .box_w = 22, .box_h = 21, .ofs_x = 1, .ofs_y = -2},
    {.bitmap_index = 52886, .adv_w = 384, .box_w = 23, .box_h = 21, .ofs_x = 1, .ofs_y = -2},
    {.bitmap_index = 52947, .adv_w = 384, .box_w = 21, .box_h = 19, .ofs_x = 1, .ofs_y = -2},
    {.bitmap_index = 52997, .adv_w = 384, .box_w = 22, .box_h = 20, .ofs_x = 1, .ofs_y = -2},
    {.bitmap_index = 53052, .adv_w = 384, .box_w = 23, .box_h = 22, .ofs_x = 0, .ofs_y = -3},
    {.bitmap_index = 53116, .adv_w = 384, .box_w = 22, .box_h = 20, .ofs_x = 1, .ofs_y = -2},
    {.bitmap_index = 53171, .adv_w = 384, .box_w = 22, .box_h = 21, .ofs_x = 0, .ofs_y = -2},
    {.bitmap_index = 53229, .adv_w = 384, .box_w = 21, .box_h = 22, .ofs_x = 1, .ofs_y = -2},
    {.bitmap_index = 53287, .adv_w = 384, .box_w = 20, .box_h = 20, .ofs_x = 2, .ofs_y = -2},
    {.bitmap_index = 53337, .adv_w = 384, .box_w = 22, .box_h = 20, .ofs_x = 1, .ofs_y = -2},
    {.bitmap_index = 53392, .adv_w = 384, .box_w = 22, .box_h = 22, .ofs_x = 0, .ofs_y = -3},
    {.bitmap_index = 53453, .adv_w = 384, .box_w = 23, .box_h = 21, .ofs_x = 0, .ofs_y = -2},
    {.bitmap_index = 53514, .adv_w = 384, .box_w = 21, .box_h = 21, .ofs_x = 1, .ofs_y = -2},
    {.bitmap_index = 53570, .adv_w = 384, .box_w = 22, .box_h = 21, .ofs_x = 1, .ofs_y = -2},
    {.bitmap_index = 53628, .adv_w = 384, .box_w = 22, .box_h = 22, .ofs_x = 1, .ofs_y = -3},
    {.bitmap_index = 53689, .adv_w = 384, .box_w = 22, .box_h = 20, .ofs_x = 1, .ofs_y = -2},
    {.bitmap_index = 53744, .adv_w = 384, .box_w = 2, .box_h = 17, .ofs_x = 6, .ofs_y = 0},
    {.bitmap_index = 53749, .adv_w = 384, .box_w = 7, .box_h = 20, .ofs_x = 14, .ofs_y = -1},
    {.bitmap_index = 53767, .adv_w = 384, .box_w = 7, .box_h = 20, .ofs_x = 3, .ofs_y = -1},
    {.bitmap_index = 53785, .adv_w = 384, .box_w = 4, .box_h = 7, .ofs_x = 3, .ofs_y = -4},
    {.bitmap_index = 53789, .adv_w = 384, .box_w = 3, .box_h = 9, .ofs_x = 5, .ofs_y = 0},
    {.bitmap_index = 53793, .adv_w = 384, .box_w = 3, .box_h = 13, .ofs_x = 4, .ofs_y = -4},
    {.bitmap_index = 53798, .adv_w = 384, .box_w = 9, .box_h = 17, .ofs_x = 3, .ofs_y = 0},
    {.bitmap_index = 53818, .adv_w = 384, .box_w = 15, .box_h = 16, .ofs_x = 5, .ofs_y = 1}
};

/*---------------------
 *  CHARACTER MAPPING
 *--------------------*/

static const uint16_t unicode_list_1[] = {
    0x0, 0x9, 0xa, 0x10, 0x30, 0x50, 0x1f6d, 0x1f71,
    0x1f72, 0x1f75, 0x1f76, 0x1f7f, 0x1f89, 0x1f8b, 0x1f8c, 0x1f94,
    0x2005, 0x205c, 0x20e9, 0x20ea, 0x20eb, 0x20ec, 0x2173, 0x2177,
    0x21a1, 0x21bd, 0x21be, 0x23b9, 0x23ba, 0x23bb, 0x23bc, 0x23bd,
    0x23be, 0x23bf, 0x23c0, 0x23c1, 0x23c2, 0x24f9, 0x24fa, 0x250b,
    0x2515, 0x251f, 0x2524, 0x2528, 0x255e, 0x255f, 0x2f59, 0x2f5a,
    0x2f5b, 0x2f5c
};

static const uint16_t unicode_list_3[] = {
    0x0, 0x1, 0x4, 0x5, 0x6, 0x7, 0x8, 0x9,
    0xa, 0xb, 0xc, 0x21, 0x25, 0x1de3, 0x1de6, 0x1dea,
    0x1dec, 0x1ded, 0x1dee, 0x1df0, 0x1df1, 0x1df6, 0x1df7, 0x1dff,
    0x1e00, 0x1e05, 0x1e07, 0x1e08, 0x1e0d, 0x1e10, 0x1e15, 0x1e1d,
    0x1e1e, 0x1e2b, 0x1e2c, 0x1e2e, 0x1e40, 0x1e42, 0x1e49, 0x1e54,
    0x1e69, 0x1e6c, 0x1e6e, 0x1e6f, 0x1e71, 0x1e74, 0x1e75, 0x1e77,
    0x1e7e, 0x1e87, 0x1e8a, 0x1e8e, 0x1e8f, 0x1e91, 0x1e9d, 0x1ea2,
    0x1ea3, 0x1ea8, 0x1eb0, 0x1eb1, 0x1eb9, 0x1ec6, 0x1ec7, 0x1ec8,
    0x1ecf, 0x1ed9, 0x1ede, 0x1ee0, 0x1ef4, 0x1efb, 0x1efd, 0x1f03,
    0x1f29, 0x1f30, 0x1f32, 0x1f36, 0x1f38, 0x1f3c, 0x1f3f, 0x1f43,
    0x1f62, 0x1f6e, 0x1f7e, 0x1f80, 0x1f8a, 0x1fa2, 0x1fc0, 0x1fc4,
    0x1fd1, 0x1ff0, 0x1ffc, 0x201f, 0x202a, 0x203d, 0x203f, 0x208b,
    0x20b2, 0x2122, 0x2124, 0x2126, 0x2128, 0x212b, 0x212c, 0x2130,
    0x2148, 0x214b, 0x214e, 0x214f, 0x2150, 0x2154, 0x2156, 0x2159,
    0x215a, 0x215b, 0x2168, 0x216f, 0x2170, 0x217c, 0x218f, 0x2195,
    0x2196, 0x219a, 0x21a3, 0x21a9, 0x21ac, 0x21b2, 0x21b4, 0x21c3,
    0x21dd, 0x21de, 0x21e0, 0x21e9, 0x21ea, 0x21fa, 0x21fc, 0x21fe,
    0x2200, 0x2203, 0x2207, 0x220e, 0x2213, 0x2219, 0x221a, 0x221e,
    0x2230, 0x224a, 0x224c, 0x224d, 0x227e, 0x2282, 0x2283, 0x2284,
    0x228b, 0x22a2, 0x22e8, 0x22f9, 0x22fa, 0x231d, 0x2324, 0x2326,
    0x232d, 0x2332, 0x2338, 0x233a, 0x2343, 0x2344, 0x234e, 0x2353,
    0x2356, 0x2365, 0x2369, 0x236e, 0x2382, 0x239e, 0x23a5, 0x23ab,
    0x23ad, 0x23af, 0x23b0, 0x23b4, 0x23b9, 0x23bb, 0x23c6, 0x23c8,
    0x23c9, 0x23cd, 0x23d2, 0x23d3, 0x23d5, 0x23d6, 0x23d9, 0x23da,
    0x23e6, 0x23e7, 0x23eb, 0x23ef, 0x23f0, 0x23f1, 0x23f4, 0x2401,
    0x2409, 0x240e, 0x240f, 0x2412, 0x242d, 0x243b, 0x244b, 0x2460,
    0x246f, 0x24b0, 0x24cd, 0x2507, 0x2512, 0x257b, 0x264b, 0x26be,
    0x26c1, 0x26c3, 0x26dd, 0x26e0, 0x26e1, 0x26e9, 0x270b, 0x2713,
    0x271d, 0x2723, 0x2732, 0x2733, 0x273a, 0x2765, 0x276e, 0x27c2,
    0x27e9, 0x2841, 0x284e, 0x2866, 0x2881, 0x28d3, 0x28d6, 0x28e7,
    0x28ea, 0x28f0, 0x28f2, 0x28f9, 0x28fd, 0x2902, 0x290a, 0x290c,
    0x290d, 0x2914, 0x2917, 0x293a, 0x295c, 0x2960, 0x2965, 0x29ae,
    0x2b33, 0x2b3a, 0x2b3b, 0x2b46, 0x2b66, 0x2b6b, 0x2b6c, 0x2b6f,
    0x2b7d, 0x2b80, 0x2b81, 0x2b85, 0x2b99, 0x2b9c, 0x2ba0, 0x2ba7,
    0x2ba9, 0x2bc4, 0x2bdb, 0x2bdc, 0x2bdf, 0x2be4, 0x2be7, 0x2be9,
    0x2bf2, 0x2bf4, 0x2bf7, 0x2bf9, 0x2bfd, 0x2c14, 0x2c1d, 0x2c20,
    0x2c21, 0x2c23, 0x2c25, 0x2c32, 0x2c41, 0x2d0c, 0x2d2f, 0x2dc8,
    0x2dc9, 0x2dd1, 0x2dd4, 0x2dd5, 0x2de6, 0x2e09, 0x2e0a, 0x2e11,
    0x2e1b, 0x2e20, 0x2e25, 0x2e38, 0x2e55, 0x2e56, 0x2e57, 0x2e59,
    0x2e72, 0x2e77, 0x2e78, 0x2e89, 0x2edd, 0x2ee3, 0x2ee5, 0x2ee6,
    0x2ef2, 0x2ef8, 0x2f03, 0x2f0a, 0x2f12, 0x2f14, 0x2f1c, 0x2f1d,
    0x2f35, 0x2f36, 0x2f38, 0x2f45, 0x2f54, 0x2f63, 0x2f67, 0x2f68,
    0x2f6b, 0x2f6e, 0x2f7a, 0x2f8d, 0x2fa6, 0x2fa8, 0x2fa9, 0x2fba,
    0x2fce, 0x2fe0, 0x2fe4, 0x300a, 0x301e, 0x3035, 0x3045, 0x3052,
    0x308f, 0x30d6, 0x30f2, 0x3102, 0x3145, 0x31b5, 0x31f2, 0x31f3,
    0x31f4, 0x31f9, 0x320d, 0x321a, 0x3223, 0x322e, 0x3230, 0x3236,
    0x324a, 0x324c, 0x324e, 0x325c, 0x3261, 0x3262, 0x326d, 0x3274,
    0x3279, 0x327a, 0x3285, 0x3287, 0x3288, 0x328f, 0x32a0, 0x32a9,
    0x32b0, 0x32e2, 0x32e4, 0x32e5, 0x32ea, 0x32ec, 0x3307, 0x330d,
    0x3338, 0x3345, 0x3351, 0x336c, 0x3375, 0x3385, 0x3388, 0x338a,
    0x338b, 0x33b2, 0x33b3, 0x33f6, 0x33ff, 0x3429, 0x342d, 0x345b,
    0x3474, 0x3481, 0x34b0, 0x34b1, 0x3512, 0x3519, 0x351c, 0x3521,
    0x352b, 0x3546, 0x3553, 0x3557, 0x356a, 0x357c, 0x357f, 0x3588,
    0x3590, 0x3593, 0x359c, 0x35c3, 0x35c8, 0x35c9, 0x35ca, 0x35cc,
    0x35d9, 0x35f1, 0x35f6, 0x3602, 0x3603, 0x3608, 0x3612, 0x3621,
    0x3651, 0x3652, 0x3653, 0x3657, 0x3665, 0x3679, 0x367a, 0x3697,
    0x36d5, 0x36d7, 0x36e2, 0x36e3, 0x36eb, 0x36ec, 0x3702, 0x370d,
    0x370e, 0x370f, 0x371d, 0x373f, 0x3742, 0x3744, 0x3748, 0x3761,
    0x3762, 0x3764, 0x3767, 0x3773, 0x377f, 0x3799, 0x37a7, 0x37b6,
    0x37c8, 0x37ea, 0x37eb, 0x37f2, 0x37f4, 0x3804, 0x381a, 0x381b,
    0x381c, 0x381f, 0x3829, 0x382b, 0x382f, 0x3846, 0x38a3, 0x38d8,
    0x39e0, 0x3a04, 0x3a0d, 0x3b04, 0x3b05, 0x3b21, 0x3b45, 0x3b46,
    0x3b47, 0x3b48, 0x3b5e, 0x3b6e, 0x3b98, 0x3ba4, 0x3bb2, 0x3bb7,
    0x3bbe, 0x3bce, 0x3bf7, 0x3c17, 0x3c1b, 0x3c25, 0x3c43, 0x3c84,
    0x3ca2, 0x3ca7, 0x3cb8, 0x3cc5, 0x3ccb, 0x3d1e, 0x3d24, 0x3d28,
    0x3d2e, 0x3d32, 0x3d6b, 0x3dbb, 0x3dd4, 0x3de8, 0x3e0c, 0x3e15,
    0x3e1b, 0x3e62, 0x3e66, 0x3e73, 0x3e85, 0x3eb4, 0x3ebd, 0x3ec4,
    0x3ec7, 0x3ef2, 0x4050, 0x4053, 0x4071, 0x409c, 0x40ca, 0x40d0,
    0x40ed, 0x4119, 0x414a, 0x4167, 0x4219, 0x422a, 0x422b, 0x423c,
    0x425c, 0x4299, 0x42ba, 0x42c3, 0x42cf, 0x436a, 0x4392, 0x4393,
    0x43e9, 0x4502, 0x450b, 0x4514, 0x4516, 0x4518, 0x451e, 0x452f,
    0x453c, 0x4548, 0x4660, 0x4661, 0x4667, 0x46b4, 0x46b9, 0x46bb,
    0x46d1, 0x46d7, 0x46e4, 0x46ee, 0x4702, 0x4703, 0x4723, 0x47c5,
    0x47c8, 0x47cc, 0x47d1, 0x47e4, 0x4817, 0x484f, 0x4851, 0x4871,
    0x4893, 0x491d, 0x4921, 0x499e, 0x49a4, 0x49ae, 0x49b0, 0x49b5,
    0x49d3, 0x49de, 0x49ee, 0x49f0, 0x4a5d, 0x4a64, 0x4a67, 0x4a7a,
    0x4a80, 0x4aae, 0x4ab9, 0x4abc, 0x4ad2, 0x4b09, 0x4b0f, 0x4b2c,
    0x4b37, 0x4b39, 0x4b3e, 0x4b61, 0x4b63, 0x4b7a, 0x4b84, 0x4c5e,
    0x4c7a, 0x4cc2, 0x4cde, 0x4d03, 0x4d05, 0x4d0a, 0x4d0e, 0x4e24,
    0x4e85, 0x4e89, 0x4e8a, 0x4e92, 0x4e98, 0x4ea2, 0x4ea7, 0x4ea9,
    0x4eab, 0x4eb2, 0x4eb4, 0x4eb6, 0x4ebb, 0x4ebc, 0x4ebf, 0x4ec0,
    0x4ec2, 0x4eca, 0x4ecd, 0x4ed0, 0x4ed7, 0x4ee2, 0x4ef6, 0x4ef9,
    0x4f0c, 0x4f1d, 0x4f34, 0x4f4c, 0x4f51, 0x4fe4, 0x4fe6, 0x4fe8,
    0x4fef, 0x4ffa, 0x5037, 0x50af, 0x50e0, 0x50f2, 0x50fd, 0x5133,
    0x51cd, 0x51d6, 0x51d7, 0x520d, 0x5252, 0x5255, 0x5265, 0x5292,
    0x5294, 0x52c8, 0x5333, 0x539a, 0x5420, 0x54c0, 0x5520, 0x55b2,
    0x563d, 0x56aa, 0x582f, 0x5848, 0x584b, 0x588e, 0x58a4, 0x58a8,
    0x58b8, 0x5962, 0x5964, 0x5969, 0x59a4, 0x59a7, 0x59a9, 0x59ab,
    0x59b5, 0x59c6, 0x59c9, 0x5b49, 0x5b84, 0x5b87, 0x5b8c, 0x5b93,
    0x5b9b, 0x5b9d, 0x5ba1, 0x5ba2, 0x5ba4, 0x5bac, 0x5bad, 0x5bb4,
    0x5bb8, 0x5bc0, 0x5bc5, 0x5bc8, 0x5bc9, 0x5bd2, 0x5bd7, 0x5bda,
    0x5bde, 0x5be4, 0x5be6, 0x5c29, 0x5c44, 0x5c6f, 0x5d02, 0x5d06,
    0x5d08, 0x5d09, 0x5d0d, 0x5d17, 0x5d18, 0x5d1c, 0x5d27, 0x5d39,
    0x5d53, 0x5d5a, 0x5d68, 0x5d96, 0x5da6, 0x5db4, 0x5dc0, 0x5dc2,
    0x5dd2, 0x5dd6, 0x5e0c, 0x5e8e, 0x5f51, 0x5f52, 0x5f5e, 0x5f60,
    0x5f74, 0x5f76, 0x5f8b, 0x5f9c, 0x5faa, 0x5fb1, 0x5fb3, 0x5fb4,
    0x5fb7, 0x5fbb, 0x5fbc, 0x5fbe, 0x5fbf, 0x5fc1, 0x5fd0, 0x5fd3,
    0x5fe3, 0x5fe4, 0x5fe5, 0x5fe9, 0x5fec, 0x5ff2, 0x5ff3, 0x5ff5,
    0x5ff7, 0x5ffd, 0x6002, 0x601e, 0x602a, 0x6030, 0x6036, 0x6051,
    0x6062, 0x6086, 0x60cb, 0x60e0, 0x6130, 0x6175, 0x61ad, 0x61af,
    0x61b0, 0x61b1, 0x61b2, 0x646b, 0x6480, 0x6482, 0x6491, 0x64dd,
    0x64e1, 0x64e3, 0x64e4, 0x64f3, 0x64fc, 0x6511, 0x6562, 0x65cb,
    0x65d0, 0x65d1, 0x65d5, 0x65d7, 0x65db, 0x65de, 0x6602, 0x6615,
    0x6617, 0x6618, 0x6619, 0x661e, 0x6628, 0x6630, 0x6633, 0x6647,
    0x664c, 0x6672, 0x6673, 0x667f, 0x66a9, 0x66cb, 0x66cd, 0x66d9,
    0x66da, 0x66e1, 0x66e3, 0x6715, 0x6721, 0x6735, 0x673c, 0x6741,
    0x6743, 0x6745, 0x67d6, 0x6858, 0x6859, 0x685c, 0x685d, 0x685e,
    0x6874, 0x687a, 0x687b, 0x687f, 0x68b1, 0x6962, 0x6979, 0x6a4f,
    0x6a54, 0x6a5e, 0x6a6f, 0x6abb, 0x6ea7, 0x6eb4, 0x6ebb, 0xcee4,
    0xceeb, 0xceec, 0xceef, 0xcefd, 0xcefe, 0xcf02, 0xcfc8
};

/*Collect the unicode lists and glyph_id offsets*/
static const lv_font_fmt_txt_cmap_t cmaps[] =
{
    {
        .range_start = 32, .range_length = 95, .glyph_id_start = 1,
        .unicode_list = NULL, .glyph_id_ofs_list = NULL, .list_length = 0, .type = LV_FONT_FMT_TXT_CMAP_FORMAT0_TINY
    },
    {
        .range_start = 167, .range_length = 12125, .glyph_id_start = 96,
        .unicode_list = unicode_list_1, .glyph_id_ofs_list = NULL, .list_length = 50, .type = LV_FONT_FMT_TXT_CMAP_SPARSE_TINY
    },
    {
        .range_start = 12293, .range_length = 19, .glyph_id_start = 146,
        .unicode_list = NULL, .glyph_id_ofs_list = NULL, .list_length = 0, .type = LV_FONT_FMT_TXT_CMAP_FORMAT0_TINY
    },
    {
        .range_start = 12317, .range_length = 53193, .glyph_id_start = 165,
        .unicode_list = unicode_list_3, .glyph_id_ofs_list = NULL, .list_length = 879, .type = LV_FONT_FMT_TXT_CMAP_SPARSE_TINY
    }
};



/*--------------------
 *  ALL CUSTOM DATA
 *--------------------*/

#if LVGL_VERSION_MAJOR == 8
/*Store all the custom data of the font*/
static  lv_font_fmt_txt_glyph_cache_t cache;
#endif

#if LVGL_VERSION_MAJOR >= 8
static const lv_font_fmt_txt_dsc_t font_dsc = {
#else
static lv_font_fmt_txt_dsc_t font_dsc = {
#endif
    .glyph_bitmap = glyph_bitmap,
    .glyph_dsc = glyph_dsc,
    .cmaps = cmaps,
    .kern_dsc = NULL,
    .kern_scale = 0,
    .cmap_num = 4,
    .bpp = 1,
    .kern_classes = 0,
    .bitmap_format = 0,
#if LVGL_VERSION_MAJOR == 8
    .cache = &cache
#endif
};



/*-----------------
 *  PUBLIC FONT
 *----------------*/

/*Initialize a public general font descriptor*/
#if LVGL_VERSION_MAJOR >= 8
const lv_font_t font_zh_24 = {
#else
lv_font_t font_zh_24 = {
#endif
    .get_glyph_dsc = lv_font_get_glyph_dsc_fmt_txt,    /*Function pointer to get glyph's data*/
    .get_glyph_bitmap = lv_font_get_bitmap_fmt_txt,    /*Function pointer to get glyph's bitmap*/
    .line_height = 25,          /*The maximum line height required by the font*/
    .base_line = 4,             /*Baseline measured from the bottom of the line*/
#if !(LVGL_VERSION_MAJOR == 6 && LVGL_VERSION_MINOR == 0)
    .subpx = LV_FONT_SUBPX_NONE,
#endif
#if LV_VERSION_CHECK(7, 4, 0) || LVGL_VERSION_MAJOR >= 8
    .underline_position = -2,
    .underline_thickness = 1,
#endif
    .dsc = &font_dsc,          /*The custom font data. Will be accessed by `get_glyph_bitmap/dsc` */
#if LV_VERSION_CHECK(8, 2, 0) || LVGL_VERSION_MAJOR >= 9
    .fallback = NULL,
#endif
    .user_data = NULL,
};



#endif /*#if FONT_ZH_24*/

